DATAFLOW,AUDST,COM_CSUR_RN,COSO_MER_RN,FREQ,REPYEAREND,REPYEARSTART,UNIT_MULT,TIME_PERIOD,UNIT_MEASURE,OBS_VALUE
RBI:CSURYCOM_F_RN(1.0),N_A,CCS1,N_A,F,2006,2005,0,2006-03-31,INR,20497730000000
RBI:CSURYCOM_F_RN(1.0),N_A,CCS11,N_A,F,2006,2005,0,2006-03-31,INR,3646400000000
RBI:CSURYCOM_F_RN(1.0),N_A,CCS12,N_A,F,2006,2005,0,2006-03-31,INR,16851330000000
RBI:CSURYCOM_F_RN(1.0),N_A,CCS1201,N_A,F,2006,2005,0,2006-03-31,INR,7583100000000
RBI:CSURYCOM_F_RN(1.0),N_A,CCS12011,N_A,F,2006,2005,0,2006-03-31,INR,444990000000
RBI:CSURYCOM_F_RN(1.0),N_A,CCS1202,N_A,F,2006,2005,0,2006-03-31,INR,9268230000000
RBI:CSURYCOM_F_RN(1.0),N_A,CCS2,N_A,F,2006,2005,0,2006-03-31,INR,831440000000
RBI:CSURYCOM_F_RN(1.0),N_A,CCS1,N_A,F,2007,2006,0,2006-09-15,INR,21864180000000
RBI:CSURYCOM_F_RN(1.0),N_A,CCS11,N_A,F,2007,2006,0,2006-09-15,INR,3383420000000
RBI:CSURYCOM_F_RN(1.0),N_A,CCS12,N_A,F,2007,2006,0,2006-09-15,INR,18480760000000
RBI:CSURYCOM_F_RN(1.0),N_A,CCS1201,N_A,F,2007,2006,0,2006-09-15,INR,8316340000000
RBI:CSURYCOM_F_RN(1.0),N_A,CCS12011,N_A,F,2007,2006,0,2006-09-15,INR,634080000000
RBI:CSURYCOM_F_RN(1.0),N_A,CCS1202,N_A,F,2007,2006,0,2006-09-15,INR,10164420000000
RBI:CSURYCOM_F_RN(1.0),N_A,CCS2,N_A,F,2007,2006,0,2006-09-15,INR,844320000000
RBI:CSURYCOM_F_RN(1.0),N_A,CCS1,N_A,F,2008,2007,0,2007-08-31,INR,27134280000000
RBI:CSURYCOM_F_RN(1.0),N_A,CCS11,N_A,F,2008,2007,0,2007-08-31,INR,3938930000000
RBI:CSURYCOM_F_RN(1.0),N_A,CCS12,N_A,F,2008,2007,0,2007-08-31,INR,23195350000000
RBI:CSURYCOM_F_RN(1.0),N_A,CCS1201,N_A,F,2008,2007,0,2007-08-31,INR,10437910000000
RBI:CSURYCOM_F_RN(1.0),N_A,CCS12011,N_A,F,2008,2007,0,2007-08-31,INR,1242380000000
RBI:CSURYCOM_F_RN(1.0),N_A,CCS1202,N_A,F,2008,2007,0,2007-08-31,INR,12757440000000
RBI:CSURYCOM_F_RN(1.0),N_A,CCS2,N_A,F,2008,2007,0,2007-08-31,INR,887790000000
RBI:CSURYCOM_F_RN(1.0),N_A,CCS1,N_A,F,2008,2007,0,2008-02-15,INR,29791830000000
RBI:CSURYCOM_F_RN(1.0),N_A,CCS11,N_A,F,2008,2007,0,2008-02-15,INR,4327370000000
RBI:CSURYCOM_F_RN(1.0),N_A,CCS12,N_A,F,2008,2007,0,2008-02-15,INR,25464460000000
RBI:CSURYCOM_F_RN(1.0),N_A,CCS1201,N_A,F,2008,2007,0,2008-02-15,INR,11459010000000
RBI:CSURYCOM_F_RN(1.0),N_A,CCS12011,N_A,F,2008,2007,0,2008-02-15,INR,1476420000000
RBI:CSURYCOM_F_RN(1.0),N_A,CCS1202,N_A,F,2008,2007,0,2008-02-15,INR,14005450000000
RBI:CSURYCOM_F_RN(1.0),N_A,CCS2,N_A,F,2008,2007,0,2008-02-15,INR,1044880000000
RBI:CSURYCOM_F_RN(1.0),N_A,CCS1,N_A,F,2008,2007,0,2008-02-29,INR,30310960000000
RBI:CSURYCOM_F_RN(1.0),N_A,CCS11,N_A,F,2008,2007,0,2008-02-29,INR,4597690000000
RBI:CSURYCOM_F_RN(1.0),N_A,CCS12,N_A,F,2008,2007,0,2008-02-29,INR,25713260000000
RBI:CSURYCOM_F_RN(1.0),N_A,CCS1201,N_A,F,2008,2007,0,2008-02-29,INR,11570970000000
RBI:CSURYCOM_F_RN(1.0),N_A,CCS12011,N_A,F,2008,2007,0,2008-02-29,INR,1484120000000
RBI:CSURYCOM_F_RN(1.0),N_A,CCS1202,N_A,F,2008,2007,0,2008-02-29,INR,14142300000000
RBI:CSURYCOM_F_RN(1.0),N_A,CCS2,N_A,F,2008,2007,0,2008-02-29,INR,1091730000000
RBI:CSURYCOM_F_RN(1.0),N_A,CCS1,N_A,F,2009,2008,0,2008-08-15,INR,32742740000000
RBI:CSURYCOM_F_RN(1.0),N_A,CCS11,N_A,F,2009,2008,0,2008-08-15,INR,4436110000000
RBI:CSURYCOM_F_RN(1.0),N_A,CCS12,N_A,F,2009,2008,0,2008-08-15,INR,28306630000000
RBI:CSURYCOM_F_RN(1.0),N_A,CCS1201,N_A,F,2009,2008,0,2008-08-15,INR,12737990000000
RBI:CSURYCOM_F_RN(1.0),N_A,CCS12011,N_A,F,2009,2008,0,2008-08-15,INR,1708430000000
RBI:CSURYCOM_F_RN(1.0),N_A,CCS1202,N_A,F,2009,2008,0,2008-08-15,INR,15568650000000
RBI:CSURYCOM_F_RN(1.0),N_A,CCS2,N_A,F,2009,2008,0,2008-08-15,INR,1009240000000
RBI:CSURYCOM_F_RN(1.0),N_A,CCS1,N_A,F,2010,2009,0,2009-07-31,INR,40018490000000
RBI:CSURYCOM_F_RN(1.0),N_A,CCS11,N_A,F,2010,2009,0,2009-07-31,INR,5281710000000
RBI:CSURYCOM_F_RN(1.0),N_A,CCS12,N_A,F,2010,2009,0,2009-07-31,INR,34736780000000
RBI:CSURYCOM_F_RN(1.0),N_A,CCS1201,N_A,F,2010,2009,0,2009-07-31,INR,15631550000000
RBI:CSURYCOM_F_RN(1.0),N_A,CCS12011,N_A,F,2010,2009,0,2009-07-31,INR,2421050000000
RBI:CSURYCOM_F_RN(1.0),N_A,CCS1202,N_A,F,2010,2009,0,2009-07-31,INR,19105230000000
RBI:CSURYCOM_F_RN(1.0),N_A,CCS2,N_A,F,2010,2009,0,2009-07-31,INR,1027990000000
RBI:CSURYCOM_F_RN(1.0),N_A,CCS1,N_A,F,2010,2009,0,2010-01-15,INR,41803410000000
RBI:CSURYCOM_F_RN(1.0),N_A,CCS11,N_A,F,2010,2009,0,2010-01-15,INR,5398940000000
RBI:CSURYCOM_F_RN(1.0),N_A,CCS12,N_A,F,2010,2009,0,2010-01-15,INR,36404470000000
RBI:CSURYCOM_F_RN(1.0),N_A,CCS1201,N_A,F,2010,2009,0,2010-01-15,INR,16382010000000
RBI:CSURYCOM_F_RN(1.0),N_A,CCS12011,N_A,F,2010,2009,0,2010-01-15,INR,2665510000000
RBI:CSURYCOM_F_RN(1.0),N_A,CCS1202,N_A,F,2010,2009,0,2010-01-15,INR,20022460000000
RBI:CSURYCOM_F_RN(1.0),N_A,CCS2,N_A,F,2010,2009,0,2010-01-15,INR,1017670000000
RBI:CSURYCOM_F_RN(1.0),N_A,CCS1,N_A,F,2011,2010,0,2010-12-31,INR,49175690000000
RBI:CSURYCOM_F_RN(1.0),N_A,CCS11,N_A,F,2011,2010,0,2010-12-31,INR,6444350000000
RBI:CSURYCOM_F_RN(1.0),N_A,CCS12,N_A,F,2011,2010,0,2010-12-31,INR,42731340000000
RBI:CSURYCOM_F_RN(1.0),N_A,CCS1201,N_A,F,2011,2010,0,2010-12-31,INR,19229100000000
RBI:CSURYCOM_F_RN(1.0),N_A,CCS12011,N_A,F,2011,2010,0,2010-12-31,INR,3676380000000
RBI:CSURYCOM_F_RN(1.0),N_A,CCS1202,N_A,F,2011,2010,0,2010-12-31,INR,23502240000000
RBI:CSURYCOM_F_RN(1.0),N_A,CCS2,N_A,F,2011,2010,0,2010-12-31,INR,1168930000000
RBI:CSURYCOM_F_RN(1.0),N_A,CCS1,N_A,F,2012,2011,0,2011-07-15,INR,53495610000000
RBI:CSURYCOM_F_RN(1.0),N_A,CCS11,N_A,F,2012,2011,0,2011-07-15,INR,5454070000000
RBI:CSURYCOM_F_RN(1.0),N_A,CCS12,N_A,F,2012,2011,0,2011-07-15,INR,48041540000000
RBI:CSURYCOM_F_RN(1.0),N_A,CCS1201,N_A,F,2012,2011,0,2011-07-15,INR,21618690000000
RBI:CSURYCOM_F_RN(1.0),N_A,CCS12011,N_A,F,2012,2011,0,2011-07-15,INR,4112790000000
RBI:CSURYCOM_F_RN(1.0),N_A,CCS1202,N_A,F,2012,2011,0,2011-07-15,INR,26422850000000
RBI:CSURYCOM_F_RN(1.0),N_A,CCS2,N_A,F,2012,2011,0,2011-07-15,INR,1479560000000
RBI:CSURYCOM_F_RN(1.0),N_A,CCS1,N_A,F,2013,2012,0,2012-06-15,INR,60383130000000
RBI:CSURYCOM_F_RN(1.0),N_A,CCS11,N_A,F,2013,2012,0,2012-06-15,INR,5881530000000
RBI:CSURYCOM_F_RN(1.0),N_A,CCS12,N_A,F,2013,2012,0,2012-06-15,INR,54501600000000
RBI:CSURYCOM_F_RN(1.0),N_A,CCS1201,N_A,F,2013,2012,0,2012-06-15,INR,24525720000000
RBI:CSURYCOM_F_RN(1.0),N_A,CCS12011,N_A,F,2013,2012,0,2012-06-15,INR,4192820000000
RBI:CSURYCOM_F_RN(1.0),N_A,CCS1202,N_A,F,2013,2012,0,2012-06-15,INR,29975880000000
RBI:CSURYCOM_F_RN(1.0),N_A,CCS2,N_A,F,2013,2012,0,2012-06-15,INR,2022120000000
RBI:CSURYCOM_F_RN(1.0),N_A,CCS1,N_A,F,2013,2012,0,2012-11-30,INR,63585920000000
RBI:CSURYCOM_F_RN(1.0),N_A,CCS11,N_A,F,2013,2012,0,2012-11-30,INR,6225700000000
RBI:CSURYCOM_F_RN(1.0),N_A,CCS12,N_A,F,2013,2012,0,2012-11-30,INR,57360220000000
RBI:CSURYCOM_F_RN(1.0),N_A,CCS1201,N_A,F,2013,2012,0,2012-11-30,INR,25812100000000
RBI:CSURYCOM_F_RN(1.0),N_A,CCS12011,N_A,F,2013,2012,0,2012-11-30,INR,3101220000000
RBI:CSURYCOM_F_RN(1.0),N_A,CCS1202,N_A,F,2013,2012,0,2012-11-30,INR,31548120000000
RBI:CSURYCOM_F_RN(1.0),N_A,CCS2,N_A,F,2013,2012,0,2012-11-30,INR,2017720000000
RBI:CSURYCOM_F_RN(1.0),N_A,CCS1,N_A,F,2014,2013,0,2013-05-31,INR,68620889900000
RBI:CSURYCOM_F_RN(1.0),N_A,CCS11,N_A,F,2014,2013,0,2013-05-31,INR,6550613800000
RBI:CSURYCOM_F_RN(1.0),N_A,CCS12,N_A,F,2014,2013,0,2013-05-31,INR,62070276100000
RBI:CSURYCOM_F_RN(1.0),N_A,CCS1201,N_A,F,2014,2013,0,2013-05-31,INR,27931624245000.004
RBI:CSURYCOM_F_RN(1.0),N_A,CCS12011,N_A,F,2014,2013,0,2013-05-31,INR,3562419910000
RBI:CSURYCOM_F_RN(1.0),N_A,CCS1202,N_A,F,2014,2013,0,2013-05-31,INR,34138651855000
RBI:CSURYCOM_F_RN(1.0),N_A,CCS2,N_A,F,2014,2013,0,2013-05-31,INR,2163844400000
RBI:CSURYCOM_F_RN(1.0),N_A,CCS1,N_A,F,2014,2013,0,2013-11-15,INR,71756807800000
RBI:CSURYCOM_F_RN(1.0),N_A,CCS11,N_A,F,2014,2013,0,2013-11-15,INR,6483186600000
RBI:CSURYCOM_F_RN(1.0),N_A,CCS12,N_A,F,2014,2013,0,2013-11-15,INR,65273621200000
RBI:CSURYCOM_F_RN(1.0),N_A,CCS1201,N_A,F,2014,2013,0,2013-11-15,INR,29373129540000
RBI:CSURYCOM_F_RN(1.0),N_A,CCS12011,N_A,F,2014,2013,0,2013-11-15,INR,3258643600000
RBI:CSURYCOM_F_RN(1.0),N_A,CCS1202,N_A,F,2014,2013,0,2013-11-15,INR,35900491660000
RBI:CSURYCOM_F_RN(1.0),N_A,CCS2,N_A,F,2014,2013,0,2013-11-15,INR,2567928500000
RBI:CSURYCOM_F_RN(1.0),N_A,CCS1,N_A,F,2015,2014,0,2014-10-31,INR,79615054990000
RBI:CSURYCOM_F_RN(1.0),N_A,CCS11,N_A,F,2015,2014,0,2014-10-31,INR,7480355500000
RBI:CSURYCOM_F_RN(1.0),N_A,CCS12,N_A,F,2015,2014,0,2014-10-31,INR,72134699490000
RBI:CSURYCOM_F_RN(1.0),N_A,CCS1201,N_A,F,2015,2014,0,2014-10-31,INR,32460614770000
RBI:CSURYCOM_F_RN(1.0),N_A,CCS12011,N_A,F,2015,2014,0,2014-10-31,INR,2727012260000
RBI:CSURYCOM_F_RN(1.0),N_A,CCS1202,N_A,F,2015,2014,0,2014-10-31,INR,39674084720000
RBI:CSURYCOM_F_RN(1.0),N_A,CCS2,N_A,F,2015,2014,0,2014-10-31,INR,1854179900000
RBI:CSURYCOM_F_RN(1.0),N_A,CCS1,N_A,F,2016,2015,0,2015-05-15,INR,84053777300000
RBI:CSURYCOM_F_RN(1.0),N_A,CCS11,N_A,F,2016,2015,0,2015-05-15,INR,7788504300000.001
RBI:CSURYCOM_F_RN(1.0),N_A,CCS12,N_A,F,2016,2015,0,2015-05-15,INR,76265273000000
RBI:CSURYCOM_F_RN(1.0),N_A,CCS1201,N_A,F,2016,2015,0,2015-05-15,INR,34319372850000
RBI:CSURYCOM_F_RN(1.0),N_A,CCS12011,N_A,F,2016,2015,0,2015-05-15,INR,2657268930000
RBI:CSURYCOM_F_RN(1.0),N_A,CCS1202,N_A,F,2016,2015,0,2015-05-15,INR,41945900150000
RBI:CSURYCOM_F_RN(1.0),N_A,CCS2,N_A,F,2016,2015,0,2015-05-15,INR,2324594500000
RBI:CSURYCOM_F_RN(1.0),N_A,CCS1,N_A,F,2017,2016,0,2016-04-15,INR,91888990350000
RBI:CSURYCOM_F_RN(1.0),N_A,CCS11,N_A,F,2017,2016,0,2016-04-15,INR,9057606800000
RBI:CSURYCOM_F_RN(1.0),N_A,CCS12,N_A,F,2017,2016,0,2016-04-15,INR,82831383550000
RBI:CSURYCOM_F_RN(1.0),N_A,CCS1201,N_A,F,2017,2016,0,2016-04-15,INR,37274122597000
RBI:CSURYCOM_F_RN(1.0),N_A,CCS12011,N_A,F,2017,2016,0,2016-04-15,INR,2393405950000
RBI:CSURYCOM_F_RN(1.0),N_A,CCS1202,N_A,F,2017,2016,0,2016-04-15,INR,45557260952000
RBI:CSURYCOM_F_RN(1.0),N_A,CCS2,N_A,F,2017,2016,0,2016-04-15,INR,2983572199999.9995
RBI:CSURYCOM_F_RN(1.0),N_A,CCS1,N_A,F,2017,2016,0,2016-09-30,INR,98043990910000
RBI:CSURYCOM_F_RN(1.0),N_A,CCS11,N_A,F,2017,2016,0,2016-09-30,INR,10465772400000
RBI:CSURYCOM_F_RN(1.0),N_A,CCS12,N_A,F,2017,2016,0,2016-09-30,INR,87578218510000
RBI:CSURYCOM_F_RN(1.0),N_A,CCS1201,N_A,F,2017,2016,0,2016-09-30,INR,39410198329000
RBI:CSURYCOM_F_RN(1.0),N_A,CCS12011,N_A,F,2017,2016,0,2016-09-30,INR,1864133310000
RBI:CSURYCOM_F_RN(1.0),N_A,CCS1202,N_A,F,2017,2016,0,2016-09-30,INR,48168020180000
RBI:CSURYCOM_F_RN(1.0),N_A,CCS2,N_A,F,2017,2016,0,2016-09-30,INR,2948523900000
RBI:CSURYCOM_F_RN(1.0),N_A,CCS1,N_A,F,2017,2016,0,2017-03-31,INR,106200258287000
RBI:CSURYCOM_F_RN(1.0),N_A,CCS11,N_A,F,2017,2016,0,2017-03-31,INR,12814392802000
RBI:CSURYCOM_F_RN(1.0),N_A,CCS12,N_A,F,2017,2016,0,2017-03-31,INR,93385865485000
RBI:CSURYCOM_F_RN(1.0),N_A,CCS1201,N_A,F,2017,2016,0,2017-03-31,INR,42023639468000
RBI:CSURYCOM_F_RN(1.0),N_A,CCS12011,N_A,F,2017,2016,0,2017-03-31,INR,1570571650000
RBI:CSURYCOM_F_RN(1.0),N_A,CCS1202,N_A,F,2017,2016,0,2017-03-31,INR,51362226017000.01
RBI:CSURYCOM_F_RN(1.0),N_A,CCS2,N_A,F,2017,2016,0,2017-03-31,INR,3163200299000
RBI:CSURYCOM_F_RN(1.0),N_A,CCS1,N_A,F,2018,2017,0,2017-09-15,INR,105225543051000
RBI:CSURYCOM_F_RN(1.0),N_A,CCS11,N_A,F,2018,2017,0,2017-09-15,INR,11154630873000
RBI:CSURYCOM_F_RN(1.0),N_A,CCS12,N_A,F,2018,2017,0,2017-09-15,INR,94070912178000
RBI:CSURYCOM_F_RN(1.0),N_A,CCS1201,N_A,F,2018,2017,0,2017-09-15,INR,42331910480000.01
RBI:CSURYCOM_F_RN(1.0),N_A,CCS12011,N_A,F,2018,2017,0,2017-09-15,INR,1156702290000
RBI:CSURYCOM_F_RN(1.0),N_A,CCS1202,N_A,F,2018,2017,0,2017-09-15,INR,51739001698000
RBI:CSURYCOM_F_RN(1.0),N_A,CCS2,N_A,F,2018,2017,0,2017-09-15,INR,2931940808000
RBI:CSURYCOM_F_RN(1.0),N_A,CCS1,N_A,F,2019,2018,0,2018-08-31,INR,114829909940000.02
RBI:CSURYCOM_F_RN(1.0),N_A,CCS11,N_A,F,2019,2018,0,2018-08-31,INR,12290343695000
RBI:CSURYCOM_F_RN(1.0),N_A,CCS12,N_A,F,2019,2018,0,2018-08-31,INR,102539566246000
RBI:CSURYCOM_F_RN(1.0),N_A,CCS1201,N_A,F,2019,2018,0,2018-08-31,INR,46142804811000.01
RBI:CSURYCOM_F_RN(1.0),N_A,CCS12011,N_A,F,2019,2018,0,2018-08-31,INR,1688560400000
RBI:CSURYCOM_F_RN(1.0),N_A,CCS1202,N_A,F,2019,2018,0,2018-08-31,INR,56396761435000
RBI:CSURYCOM_F_RN(1.0),N_A,CCS2,N_A,F,2019,2018,0,2018-08-31,INR,3623195066000
RBI:CSURYCOM_F_RN(1.0),N_A,CCS1,N_A,F,2019,2018,0,2019-02-15,INR,119640476564000
RBI:CSURYCOM_F_RN(1.0),N_A,CCS11,N_A,F,2019,2018,0,2019-02-15,INR,12877156007000
RBI:CSURYCOM_F_RN(1.0),N_A,CCS12,N_A,F,2019,2018,0,2019-02-15,INR,106763320557000
RBI:CSURYCOM_F_RN(1.0),N_A,CCS1201,N_A,F,2019,2018,0,2019-02-15,INR,48043494250000
RBI:CSURYCOM_F_RN(1.0),N_A,CCS12011,N_A,F,2019,2018,0,2019-02-15,INR,2173060240000
RBI:CSURYCOM_F_RN(1.0),N_A,CCS1202,N_A,F,2019,2018,0,2019-02-15,INR,58719826306000
RBI:CSURYCOM_F_RN(1.0),N_A,CCS2,N_A,F,2019,2018,0,2019-02-15,INR,3611526574999.9995
RBI:CSURYCOM_F_RN(1.0),N_A,CCS1,N_A,F,2019,2018,0,2019-03-15,INR,120715280774000
RBI:CSURYCOM_F_RN(1.0),N_A,CCS11,N_A,F,2019,2018,0,2019-03-15,INR,12909676852000
RBI:CSURYCOM_F_RN(1.0),N_A,CCS12,N_A,F,2019,2018,0,2019-03-15,INR,107805603923000
RBI:CSURYCOM_F_RN(1.0),N_A,CCS1201,N_A,F,2019,2018,0,2019-03-15,INR,48512521765000
RBI:CSURYCOM_F_RN(1.0),N_A,CCS12011,N_A,F,2019,2018,0,2019-03-15,INR,2552638090000
RBI:CSURYCOM_F_RN(1.0),N_A,CCS1202,N_A,F,2019,2018,0,2019-03-15,INR,59293082156999.99
RBI:CSURYCOM_F_RN(1.0),N_A,CCS2,N_A,F,2019,2018,0,2019-03-15,INR,3734306033000
RBI:CSURYCOM_F_RN(1.0),N_A,CCS1,N_A,F,2020,2019,0,2020-01-31,INR,131462700605000
RBI:CSURYCOM_F_RN(1.0),N_A,CCS11,N_A,F,2020,2019,0,2020-01-31,INR,14310112588000
RBI:CSURYCOM_F_RN(1.0),N_A,CCS12,N_A,F,2020,2019,0,2020-01-31,INR,117152588017000
RBI:CSURYCOM_F_RN(1.0),N_A,CCS1201,N_A,F,2020,2019,0,2020-01-31,INR,52718664607999.99
RBI:CSURYCOM_F_RN(1.0),N_A,CCS12011,N_A,F,2020,2019,0,2020-01-31,INR,1769591874000
RBI:CSURYCOM_F_RN(1.0),N_A,CCS1202,N_A,F,2020,2019,0,2020-01-31,INR,64433923409000
RBI:CSURYCOM_F_RN(1.0),N_A,CCS2,N_A,F,2020,2019,0,2020-01-31,INR,3113025678000
RBI:CSURYCOM_F_RN(1.0),N_A,CCS1,N_A,F,2021,2020,0,2020-07-31,INR,139885192927000
RBI:CSURYCOM_F_RN(1.0),N_A,CCS11,N_A,F,2021,2020,0,2020-07-31,INR,15280340000000
RBI:CSURYCOM_F_RN(1.0),N_A,CCS12,N_A,F,2021,2020,0,2020-07-31,INR,124604852927000
RBI:CSURYCOM_F_RN(1.0),N_A,CCS1201,N_A,F,2021,2020,0,2020-07-31,INR,56072183817000
RBI:CSURYCOM_F_RN(1.0),N_A,CCS12011,N_A,F,2021,2020,0,2020-07-31,INR,1065261823000
RBI:CSURYCOM_F_RN(1.0),N_A,CCS1202,N_A,F,2021,2020,0,2020-07-31,INR,68532669110000
RBI:CSURYCOM_F_RN(1.0),N_A,CCS2,N_A,F,2021,2020,0,2020-07-31,INR,2739770000000
RBI:CSURYCOM_F_RN(1.0),N_A,CCS1,N_A,F,2021,2020,0,2021-01-15,INR,144608776131000
RBI:CSURYCOM_F_RN(1.0),N_A,CCS11,N_A,F,2021,2020,0,2021-01-15,INR,15738189150000
RBI:CSURYCOM_F_RN(1.0),N_A,CCS12,N_A,F,2021,2020,0,2021-01-15,INR,128870586981000
RBI:CSURYCOM_F_RN(1.0),N_A,CCS1201,N_A,F,2021,2020,0,2021-01-15,INR,57991764141000
RBI:CSURYCOM_F_RN(1.0),N_A,CCS12011,N_A,F,2021,2020,0,2021-01-15,INR,682873985000
RBI:CSURYCOM_F_RN(1.0),N_A,CCS1202,N_A,F,2021,2020,0,2021-01-15,INR,70878822839000
RBI:CSURYCOM_F_RN(1.0),N_A,CCS2,N_A,F,2021,2020,0,2021-01-15,INR,2437103172000
RBI:CSURYCOM_F_RN(1.0),N_A,CCS1,N_A,F,2022,2021,0,2021-12-31,INR,161012312900000
RBI:CSURYCOM_F_RN(1.0),N_A,CCS11,N_A,F,2022,2021,0,2021-12-31,INR,20666505178000
RBI:CSURYCOM_F_RN(1.0),N_A,CCS12,N_A,F,2022,2021,0,2021-12-31,INR,140345807666000
RBI:CSURYCOM_F_RN(1.0),N_A,CCS1201,N_A,F,2022,2021,0,2021-12-31,INR,63155613470000
RBI:CSURYCOM_F_RN(1.0),N_A,CCS12011,N_A,F,2022,2021,0,2021-12-31,INR,848939886000
RBI:CSURYCOM_F_RN(1.0),N_A,CCS1202,N_A,F,2022,2021,0,2021-12-31,INR,77190194240000
RBI:CSURYCOM_F_RN(1.0),N_A,CCS2,N_A,F,2022,2021,0,2021-12-31,INR,2699711120000
RBI:CSURYCOM_F_RN(1.0),N_A,CCS1,N_A,F,2023,2022,0,2022-07-15,INR,166796419100000
RBI:CSURYCOM_F_RN(1.0),N_A,CCS11,N_A,F,2023,2022,0,2022-07-15,INR,19558483660000
RBI:CSURYCOM_F_RN(1.0),N_A,CCS12,N_A,F,2023,2022,0,2022-07-15,INR,147237935400000
RBI:CSURYCOM_F_RN(1.0),N_A,CCS1201,N_A,F,2023,2022,0,2022-07-15,INR,66257070939999.99
RBI:CSURYCOM_F_RN(1.0),N_A,CCS12011,N_A,F,2023,2022,0,2022-07-15,INR,2273657088000
RBI:CSURYCOM_F_RN(1.0),N_A,CCS1202,N_A,F,2023,2022,0,2022-07-15,INR,80980864480000
RBI:CSURYCOM_F_RN(1.0),N_A,CCS2,N_A,F,2023,2022,0,2022-07-15,INR,3313351655000
RBI:CSURYCOM_F_RN(1.0),N_A,CCS1,N_A,F,2024,2023,0,2023-06-30,INR,189807233900000
RBI:CSURYCOM_F_RN(1.0),N_A,CCS11,N_A,F,2024,2023,0,2023-06-30,INR,24489212980000
RBI:CSURYCOM_F_RN(1.0),N_A,CCS12,N_A,F,2024,2023,0,2023-06-30,INR,165318020900000
RBI:CSURYCOM_F_RN(1.0),N_A,CCS1201,N_A,F,2024,2023,0,2023-06-30,INR,74393109400000
RBI:CSURYCOM_F_RN(1.0),N_A,CCS12011,N_A,F,2024,2023,0,2023-06-30,INR,2888269856000
RBI:CSURYCOM_F_RN(1.0),N_A,CCS1202,N_A,F,2024,2023,0,2023-06-30,INR,90924911480000
RBI:CSURYCOM_F_RN(1.0),N_A,CCS2,N_A,F,2024,2023,0,2023-06-30,INR,4750041398000
RBI:CSURYCOM_F_RN(1.0),N_A,CCS1,N_A,F,2024,2023,0,2023-12-15,INR,194722285400000
RBI:CSURYCOM_F_RN(1.0),N_A,CCS11,N_A,F,2024,2023,0,2023-12-15,INR,23195033410000
RBI:CSURYCOM_F_RN(1.0),N_A,CCS12,N_A,F,2024,2023,0,2023-12-15,INR,171527252000000
RBI:CSURYCOM_F_RN(1.0),N_A,CCS1201,N_A,F,2024,2023,0,2023-12-15,INR,77187263410000
RBI:CSURYCOM_F_RN(1.0),N_A,CCS12011,N_A,F,2024,2023,0,2023-12-15,INR,3362898533000
RBI:CSURYCOM_F_RN(1.0),N_A,CCS1202,N_A,F,2024,2023,0,2023-12-15,INR,94339988610000
RBI:CSURYCOM_F_RN(1.0),N_A,CCS2,N_A,F,2024,2023,0,2023-12-15,INR,7619919356000
RBI:CSURYCOM_F_RN(1.0),N_A,N_A,CCS12_IM,F,2024,2023,0,2023-12-15,INR,172766956700000
RBI:CSURYCOM_F_RN(1.0),N_A,N_A,CCS1_IM,F,2024,2023,0,2023-12-15,INR,195961990100000
RBI:CSURYCOM_F_RN(1.0),N_A,CCS1,N_A,F,2025,2024,0,2024-05-31,INR,207591805200000
RBI:CSURYCOM_F_RN(1.0),N_A,CCS11,N_A,F,2025,2024,0,2024-05-31,INR,25064929060000
RBI:CSURYCOM_F_RN(1.0),N_A,CCS12,N_A,F,2025,2024,0,2024-05-31,INR,182526876100000
RBI:CSURYCOM_F_RN(1.0),N_A,CCS1201,N_A,F,2025,2024,0,2024-05-31,INR,82137094240000
RBI:CSURYCOM_F_RN(1.0),N_A,CCS12011,N_A,F,2025,2024,0,2024-05-31,INR,3642738162000
RBI:CSURYCOM_F_RN(1.0),N_A,CCS1202,N_A,F,2025,2024,0,2024-05-31,INR,100389781900000
RBI:CSURYCOM_F_RN(1.0),N_A,CCS2,N_A,F,2025,2024,0,2024-05-31,INR,7389252221000
RBI:CSURYCOM_F_RN(1.0),N_A,N_A,CCS12_IM,F,2025,2024,0,2024-05-31,INR,183478664400000
RBI:CSURYCOM_F_RN(1.0),N_A,N_A,CCS1_IM,F,2025,2024,0,2024-05-31,INR,208543593500000
RBI:CSURYCOM_F_RN(1.0),N_A,CCS1,N_A,F,2025,2024,0,2024-11-15,INR,215096927400000
RBI:CSURYCOM_F_RN(1.0),N_A,CCS11,N_A,F,2025,2024,0,2024-11-15,INR,25155575750000
RBI:CSURYCOM_F_RN(1.0),N_A,CCS12,N_A,F,2025,2024,0,2024-11-15,INR,189941351700000
RBI:CSURYCOM_F_RN(1.0),N_A,CCS1201,N_A,F,2025,2024,0,2024-11-15,INR,85473608250000
RBI:CSURYCOM_F_RN(1.0),N_A,CCS12011,N_A,F,2025,2024,0,2024-11-15,INR,4888109081000
RBI:CSURYCOM_F_RN(1.0),N_A,CCS1202,N_A,F,2025,2024,0,2024-11-15,INR,104467743400000
RBI:CSURYCOM_F_RN(1.0),N_A,CCS2,N_A,F,2025,2024,0,2024-11-15,INR,9173633715000
RBI:CSURYCOM_F_RN(1.0),N_A,N_A,CCS12_IM,F,2025,2024,0,2024-11-15,INR,189941351650000
RBI:CSURYCOM_F_RN(1.0),N_A,N_A,CCS1_IM,F,2025,2024,0,2024-11-15,INR,215799253150000
RBI:CSURYCOM_F_RN(1.0),N_A,CCS11,N_A,F,2026,2025,0,2025-10-31,INR,31009471780000
RBI:CSURYCOM_F_RN(1.0),N_A,CCS1201,N_A,F,2026,2025,0,2025-10-31,INR,93435920460000
RBI:CSURYCOM_F_RN(1.0),N_A,CCS12011,N_A,F,2026,2025,0,2025-10-31,INR,4706247986000
RBI:CSURYCOM_F_RN(1.0),N_A,CCS1202,N_A,F,2026,2025,0,2025-10-31,INR,114199458300000
RBI:CSURYCOM_F_RN(1.0),N_A,CCS2,N_A,F,2026,2025,0,2025-10-31,INR,8462405186000
RBI:CSURYCOM_F_RN(1.0),N_A,N_A,CCS12_IM,F,2026,2025,0,2025-10-31,INR,207635378800000
RBI:CSURYCOM_F_RN(1.0),N_A,N_A,CCS1_IM,F,2026,2025,0,2025-10-31,INR,238644850600000
RBI:CSURYCOM_F_RN(1.0),N_A,CCS11,N_A,F,2026,2025,0,2025-12-15,INR,29199524770000
RBI:CSURYCOM_F_RN(1.0),N_A,CCS1201,N_A,F,2026,2025,0,2025-12-15,INR,94001222230000
RBI:CSURYCOM_F_RN(1.0),N_A,CCS12011,N_A,F,2026,2025,0,2025-12-15,INR,5544111838000
RBI:CSURYCOM_F_RN(1.0),N_A,CCS1202,N_A,F,2026,2025,0,2025-12-15,INR,114890382700000
RBI:CSURYCOM_F_RN(1.0),N_A,CCS2,N_A,F,2026,2025,0,2025-12-15,INR,8422919468000
RBI:CSURYCOM_F_RN(1.0),N_A,N_A,CCS12_IM,F,2026,2025,0,2025-12-15,INR,208891604930000
RBI:CSURYCOM_F_RN(1.0),N_A,N_A,CCS1_IM,F,2026,2025,0,2025-12-15,INR,238091129700000
RBI:CSURYCOM_F_RN(1.0),N_A,CCS11,N_A,F,2026,2025,0,2025-12-31,INR,32747220180000
RBI:CSURYCOM_F_RN(1.0),N_A,CCS1201,N_A,F,2026,2025,0,2025-12-31,INR,95680422320000
RBI:CSURYCOM_F_RN(1.0),N_A,CCS12011,N_A,F,2026,2025,0,2025-12-31,INR,5726776127000.001
RBI:CSURYCOM_F_RN(1.0),N_A,CCS1202,N_A,F,2026,2025,0,2025-12-31,INR,116942738400000
RBI:CSURYCOM_F_RN(1.0),N_A,CCS2,N_A,F,2026,2025,0,2025-12-31,INR,8255784072000
RBI:CSURYCOM_F_RN(1.0),N_A,N_A,CCS12_IM,F,2026,2025,0,2025-12-31,INR,212623160720000
RBI:CSURYCOM_F_RN(1.0),N_A,N_A,CCS1_IM,F,2026,2025,0,2025-12-31,INR,245370380900000
RBI:CSURYCOM_F_RN(1.0),N_A,CCS11,N_A,F,2026,2025,0,2026-01-31,INR,31414148700000
RBI:CSURYCOM_F_RN(1.0),N_A,CCS1201,N_A,F,2026,2025,0,2026-01-31,INR,96411499920000
RBI:CSURYCOM_F_RN(1.0),N_A,CCS12011,N_A,F,2026,2025,0,2026-01-31,INR,5870985536000
RBI:CSURYCOM_F_RN(1.0),N_A,CCS1202,N_A,F,2026,2025,0,2026-01-31,INR,117836277700000
RBI:CSURYCOM_F_RN(1.0),N_A,CCS2,N_A,F,2026,2025,0,2026-01-31,INR,9160898002000
RBI:CSURYCOM_F_RN(1.0),N_A,N_A,CCS12_IM,F,2026,2025,0,2026-01-31,INR,214247777600000.03
RBI:CSURYCOM_F_RN(1.0),N_A,N_A,CCS1_IM,F,2026,2025,0,2026-01-31,INR,245661926300000
