DATAFLOW,AUDST,COMPONTS_F_RN,COSO_MER_RN,FREQ,REPYEAREND,REPYEARSTART,UNIT_MULT,TIME_PERIOD,UNIT_MEASURE,OBS_VALUE
RBI:MSC_F_RN(1.0),N_A,CF16,N_A,F,2026,2025,0,2026-03-15,INR,1218793506000
RBI:MSC_F_RN(1.0),N_A,N_A,N_A,F,2026,2025,0,2026-03-15,INR,529792695500000
RBI:MSC_F_RN(1.0),N_A,CF15,N_A,F,2026,2025,0,2026-03-15,INR,32331090110000
RBI:MSC_F_RN(1.0),N_A,CF1,N_A,F,2026,2025,0,2026-03-15,INR,40526594090000
RBI:MSC_F_RN(1.0),N_A,CF15,N_A,F,2026,2025,0,2026-02-28,INR,33705735170000
RBI:MSC_F_RN(1.0),N_A,CF1,N_A,F,2026,2025,0,2026-02-28,INR,39863340880000
RBI:MSC_F_RN(1.0),N_A,N_A,N_A,F,2026,2025,0,2026-02-28,INR,531218570700000
RBI:MSC_F_RN(1.0),N_A,CF16,N_A,F,2026,2025,0,2026-02-28,INR,1179224306000
RBI:MSC_F_RN(1.0),N_A,CF1,N_A,F,2026,2025,0,2026-02-15,INR,39591789590000
RBI:MSC_F_RN(1.0),N_A,N_A,N_A,F,2026,2025,0,2026-02-15,INR,524616077800000
RBI:MSC_F_RN(1.0),N_A,CF15,N_A,F,2026,2025,0,2026-02-15,INR,31691706370000
RBI:MSC_F_RN(1.0),N_A,CF16,N_A,F,2026,2025,0,2026-02-15,INR,1195220824000
RBI:MSC_F_RN(1.0),N_A,CF15,N_A,F,2026,2025,0,2026-01-31,INR,32888006960000
RBI:MSC_F_RN(1.0),N_A,CF16,N_A,F,2026,2025,0,2026-01-31,INR,1172669424000
RBI:MSC_F_RN(1.0),N_A,N_A,N_A,F,2026,2025,0,2026-01-31,INR,524942358300000
RBI:MSC_F_RN(1.0),N_A,CF1,N_A,F,2026,2025,0,2026-01-31,INR,39067750840000
RBI:MSC_F_RN(1.0),N_A,CF15,N_A,F,2026,2025,0,2026-01-15,INR,31376580350000
RBI:MSC_F_RN(1.0),N_A,N_A,N_A,F,2026,2025,0,2026-01-15,INR,518611990400000
RBI:MSC_F_RN(1.0),N_A,CF1,N_A,F,2026,2025,0,2026-01-15,INR,38899347400000
RBI:MSC_F_RN(1.0),N_A,CF16,N_A,F,2026,2025,0,2026-01-15,INR,1165788024000
RBI:MSC_F_RN(1.0),N_A,CF16,N_A,F,2026,2025,0,2025-12-31,INR,1149985832000
RBI:MSC_F_RN(1.0),N_A,N_A,N_A,F,2026,2025,0,2025-12-31,INR,522310712200000
RBI:MSC_F_RN(1.0),N_A,CF15,N_A,F,2026,2025,0,2025-12-31,INR,34226575560000
RBI:MSC_F_RN(1.0),N_A,CF1,N_A,F,2026,2025,0,2025-12-31,INR,38283605330000
RBI:MSC_F_RN(1.0),N_A,CF1,N_A,F,2026,2025,0,2025-12-15,INR,38204756280000
RBI:MSC_F_RN(1.0),N_A,CF15,N_A,F,2026,2025,0,2025-12-15,INR,30655407560000
RBI:MSC_F_RN(1.0),N_A,CF16,N_A,F,2026,2025,0,2025-12-15,INR,1145821194000
RBI:MSC_F_RN(1.0),N_A,N_A,N_A,F,2026,2025,0,2025-12-15,INR,511160816600000
RBI:MSC_F_RN(1.0),N_A,N_A,N_A,F,2026,2025,0,2025-10-31,INR,509134831300000
RBI:MSC_F_RN(1.0),N_A,CF1,N_A,F,2026,2025,0,2025-10-31,INR,37205452980000
RBI:MSC_F_RN(1.0),N_A,CF16,N_A,F,2026,2025,0,2025-10-31,INR,1151694227000
RBI:MSC_F_RN(1.0),N_A,CF15,N_A,F,2026,2025,0,2025-10-31,INR,32458146280000
RBI:MSC_F_RN(1.0),N_A,CF16,N_A,F,2025,2024,0,2025-03-31,INR,1133065600000
RBI:MSC_F_RN(1.0),N_A,CF5,N_A,F,2025,2024,0,2025-03-31,INR,272271425700000
RBI:MSC_F_RN(1.0),N_A,CF1,N_A,F,2025,2024,0,2025-03-31,INR,36307514720000
RBI:MSC_F_RN(1.0),N_A,N_A,N_A,F,2025,2024,0,2025-03-31,INR,479890975400000
RBI:MSC_F_RN(1.0),N_A,CF4,N_A,F,2025,2024,0,2025-03-31,INR,206430618700000
RBI:MSC_F_RN(1.0),N_A,CF15,N_A,F,2025,2024,0,2025-03-31,INR,28400226690000
RBI:MSC_F_RN(1.0),N_A,CF1,N_A,F,2025,2024,0,2024-11-15,INR,34558816270000
RBI:MSC_F_RN(1.0),N_A,CF16,N_A,F,2025,2024,0,2024-11-15,INR,977706578700
RBI:MSC_F_RN(1.0),N_A,CF15,N_A,F,2025,2024,0,2024-11-15,INR,26574449150000
RBI:MSC_F_RN(1.0),N_A,N_A,N_A,F,2025,2024,0,2024-11-15,INR,465137722800000
RBI:MSC_F_RN(1.0),N_A,CF4,N_A,F,2025,2024,0,2024-11-15,INR,200811049700000
RBI:MSC_F_RN(1.0),N_A,CF5,N_A,F,2025,2024,0,2024-11-15,INR,262922021700000
RBI:MSC_F_RN(1.0),N_A,CF1,N_A,F,2025,2024,0,2024-05-31,INR,34687991230000
RBI:MSC_F_RN(1.0),N_A,N_A,N_A,F,2025,2024,0,2024-05-31,INR,450087505900000
RBI:MSC_F_RN(1.0),N_A,CF15,N_A,F,2025,2024,0,2024-05-31,INR,26514682530000
RBI:MSC_F_RN(1.0),N_A,CF16,N_A,F,2025,2024,0,2024-05-31,INR,911687322100
RBI:MSC_F_RN(1.0),N_A,CF5,N_A,F,2025,2024,0,2024-05-31,INR,255149145200000
RBI:MSC_F_RN(1.0),N_A,CF4,N_A,F,2025,2024,0,2024-05-31,INR,193034784100000
RBI:MSC_F_RN(1.0),N_A,CF1,N_A,F,2024,2023,0,2024-03-31,INR,34102758670000
RBI:MSC_F_RN(1.0),N_A,CF15,N_A,F,2024,2023,0,2024-03-31,INR,25868881190000
RBI:MSC_F_RN(1.0),N_A,CF5,N_A,F,2024,2023,0,2024-03-31,INR,248316179700000
RBI:MSC_F_RN(1.0),N_A,CF4,N_A,F,2024,2023,0,2024-03-31,INR,187399177400000
RBI:MSC_F_RN(1.0),N_A,CF16,N_A,F,2024,2023,0,2024-03-31,INR,945362405500
RBI:MSC_F_RN(1.0),N_A,N_A,N_A,F,2024,2023,0,2024-03-31,INR,437880206700000
RBI:MSC_F_RN(1.0),N_A,CF5,N_A,F,2024,2023,0,2023-12-15,INR,239683406800000
RBI:MSC_F_RN(1.0),N_A,CF16,N_A,F,2024,2023,0,2023-12-15,INR,750952415700
RBI:MSC_F_RN(1.0),N_A,N_A,N_A,F,2024,2023,0,2023-12-15,INR,423756439400000
RBI:MSC_F_RN(1.0),N_A,CF1,N_A,F,2024,2023,0,2023-12-15,INR,32716411140000
RBI:MSC_F_RN(1.0),N_A,CF15,N_A,F,2024,2023,0,2023-12-15,INR,24622419970000
RBI:MSC_F_RN(1.0),N_A,CF4,N_A,F,2024,2023,0,2023-12-15,INR,181593623200000
RBI:MSC_F_RN(1.0),N_A,CF4,N_A,F,2024,2023,0,2023-06-30,INR,175212133200000
RBI:MSC_F_RN(1.0),N_A,CF16,N_A,F,2024,2023,0,2023-06-30,INR,786801995900
RBI:MSC_F_RN(1.0),N_A,CF5,N_A,F,2024,2023,0,2023-06-30,INR,234247480100000
RBI:MSC_F_RN(1.0),N_A,CF15,N_A,F,2024,2023,0,2023-06-30,INR,25902461930000
RBI:MSC_F_RN(1.0),N_A,CF1,N_A,F,2024,2023,0,2023-06-30,INR,32346082990000
RBI:MSC_F_RN(1.0),N_A,CF5,N_A,F,2023,2022,0,2023-03-31,INR,223437603200000
RBI:MSC_F_RN(1.0),N_A,CF15,N_A,F,2023,2022,0,2023-03-31,INR,23205975450000
RBI:MSC_F_RN(1.0),N_A,CF1,N_A,F,2023,2022,0,2023-03-31,INR,32764358980000
RBI:MSC_F_RN(1.0),N_A,CF16,N_A,F,2023,2022,0,2023-03-31,INR,777611708000
RBI:MSC_F_RN(1.0),N_A,CF4,N_A,F,2023,2022,0,2023-03-31,INR,166689657100000
RBI:MSC_F_RN(1.0),N_A,CF5,N_A,F,2023,2022,0,2022-07-15,INR,209108960200000
RBI:MSC_F_RN(1.0),N_A,CF4,N_A,F,2023,2022,0,2022-07-15,INR,156534887200000
RBI:MSC_F_RN(1.0),N_A,CF16,N_A,F,2023,2022,0,2022-07-15,INR,571923300900
RBI:MSC_F_RN(1.0),N_A,CF15,N_A,F,2023,2022,0,2022-07-15,INR,20950807420000
RBI:MSC_F_RN(1.0),N_A,CF1,N_A,F,2023,2022,0,2022-07-15,INR,31051342250000
RBI:MSC_F_RN(1.0),N_A,CF16,N_A,F,2022,2021,0,2022-03-31,INR,584441050500
RBI:MSC_F_RN(1.0),N_A,CF5,N_A,F,2022,2021,0,2022-03-31,INR,204937291900000
RBI:MSC_F_RN(1.0),N_A,CF15,N_A,F,2022,2021,0,2022-03-31,INR,22129917040000
RBI:MSC_F_RN(1.0),N_A,CF1,N_A,F,2022,2021,0,2022-03-31,INR,30356888230000
RBI:MSC_F_RN(1.0),N_A,CF4,N_A,F,2022,2021,0,2022-03-31,INR,151866045500000
RBI:MSC_F_RN(1.0),N_A,CF1,N_A,F,2022,2021,0,2021-12-31,INR,28811151300000
RBI:MSC_F_RN(1.0),N_A,CF15,N_A,F,2022,2021,0,2021-12-31,INR,22060524130000
RBI:MSC_F_RN(1.0),N_A,CF5,N_A,F,2022,2021,0,2021-12-31,INR,201140363400000
RBI:MSC_F_RN(1.0),N_A,CF16,N_A,F,2022,2021,0,2021-12-31,INR,510454050500
RBI:MSC_F_RN(1.0),N_A,CF4,N_A,F,2022,2021,0,2021-12-31,INR,149758234000000
RBI:MSC_F_RN(1.0),N_A,CF4,N_A,F,2021,2020,0,2021-03-31,INR,140502784010000
RBI:MSC_F_RN(1.0),N_A,CF15,N_A,F,2021,2020,0,2021-03-31,INR,19951201090000
RBI:MSC_F_RN(1.0),N_A,CF1,N_A,F,2021,2020,0,2021-03-31,INR,27518284540000
RBI:MSC_F_RN(1.0),N_A,CF16,N_A,F,2021,2020,0,2021-03-31,INR,473507880000
RBI:MSC_F_RN(1.0),N_A,CF5,N_A,F,2021,2020,0,2021-03-31,INR,188445777530000
RBI:MSC_F_RN(1.0),N_A,CF16,N_A,F,2021,2020,0,2021-01-15,INR,425913471999.99994
RBI:MSC_F_RN(1.0),N_A,CF5,N_A,F,2021,2020,0,2021-01-15,INR,182397306328000.03
RBI:MSC_F_RN(1.0),N_A,CF1,N_A,F,2021,2020,0,2021-01-15,INR,27170227176000
RBI:MSC_F_RN(1.0),N_A,CF15,N_A,F,2021,2020,0,2021-01-15,INR,16961843150000
RBI:MSC_F_RN(1.0),N_A,CF4,N_A,F,2021,2020,0,2021-01-15,INR,137839322530000
RBI:MSC_F_RN(1.0),N_A,CF15,N_A,F,2021,2020,0,2020-07-31,INR,16487974053000
RBI:MSC_F_RN(1.0),N_A,CF5,N_A,F,2021,2020,0,2020-07-31,INR,176258030429000
RBI:MSC_F_RN(1.0),N_A,CF16,N_A,F,2021,2020,0,2020-07-31,INR,397065731000
RBI:MSC_F_RN(1.0),N_A,CF1,N_A,F,2021,2020,0,2020-07-31,INR,25762934988000
RBI:MSC_F_RN(1.0),N_A,CF4,N_A,F,2021,2020,0,2020-07-31,INR,133610055657000
RBI:MSC_F_RN(1.0),N_A,CF4,N_A,F,2020,2019,0,2020-03-31,INR,126740155771000
RBI:MSC_F_RN(1.0),N_A,CF1,N_A,F,2020,2019,0,2020-03-31,INR,23497483748000
RBI:MSC_F_RN(1.0),N_A,CF5,N_A,F,2020,2019,0,2020-03-31,INR,167999634542144.97
RBI:MSC_F_RN(1.0),N_A,CF15,N_A,F,2020,2019,0,2020-03-31,INR,17376923307000
RBI:MSC_F_RN(1.0),N_A,CF16,N_A,F,2020,2019,0,2020-03-31,INR,385071717000
RBI:MSC_F_RN(1.0),N_A,CF4,N_A,F,2020,2019,0,2020-01-31,INR,126168092928000
RBI:MSC_F_RN(1.0),N_A,CF16,N_A,F,2020,2019,0,2020-01-31,INR,338559717000
RBI:MSC_F_RN(1.0),N_A,CF5,N_A,F,2020,2019,0,2020-01-31,INR,164186245011000
RBI:MSC_F_RN(1.0),N_A,CF1,N_A,F,2020,2019,0,2020-01-31,INR,22187762015000
RBI:MSC_F_RN(1.0),N_A,CF15,N_A,F,2020,2019,0,2020-01-31,INR,15491830351000
RBI:MSC_F_RN(1.0),N_A,CF15,N_A,F,2019,2018,0,2019-03-31,INR,16265123643000
RBI:MSC_F_RN(1.0),N_A,CF4,N_A,F,2019,2018,0,2019-03-31,INR,117216032965000
RBI:MSC_F_RN(1.0),N_A,CF16,N_A,F,2019,2018,0,2019-03-31,INR,317419179000
RBI:MSC_F_RN(1.0),N_A,CF5,N_A,F,2019,2018,0,2019-03-31,INR,154320668561000
RBI:MSC_F_RN(1.0),N_A,CF1,N_A,F,2019,2018,0,2019-03-31,INR,20522092774000
RBI:MSC_F_RN(1.0),N_A,CF16,N_A,F,2019,2018,0,2019-03-15,INR,277629179000
RBI:MSC_F_RN(1.0),N_A,CF4,N_A,F,2019,2018,0,2019-03-15,INR,115906731927000
RBI:MSC_F_RN(1.0),N_A,CF5,N_A,F,2019,2018,0,2019-03-15,INR,150870877944000
RBI:MSC_F_RN(1.0),N_A,CF15,N_A,F,2019,2018,0,2019-03-15,INR,14048634026000
RBI:MSC_F_RN(1.0),N_A,CF1,N_A,F,2019,2018,0,2019-03-15,INR,20637882813000
RBI:MSC_F_RN(1.0),N_A,CF15,N_A,F,2019,2018,0,2019-02-15,INR,14012650970999.998
RBI:MSC_F_RN(1.0),N_A,CF1,N_A,F,2019,2018,0,2019-02-15,INR,20294506697000
RBI:MSC_F_RN(1.0),N_A,CF4,N_A,F,2019,2018,0,2019-02-15,INR,114829006291000
RBI:MSC_F_RN(1.0),N_A,CF16,N_A,F,2019,2018,0,2019-02-15,INR,262019179000
RBI:MSC_F_RN(1.0),N_A,CF5,N_A,F,2019,2018,0,2019-02-15,INR,149398183138000
RBI:MSC_F_RN(1.0),N_A,CF4,N_A,F,2019,2018,0,2018-08-31,INR,110578501505000
RBI:MSC_F_RN(1.0),N_A,CF1,N_A,F,2019,2018,0,2018-08-31,INR,18468438637000
RBI:MSC_F_RN(1.0),N_A,CF5,N_A,F,2019,2018,0,2018-08-31,INR,142714079311000
RBI:MSC_F_RN(1.0),N_A,CF16,N_A,F,2019,2018,0,2018-08-31,INR,246704143000
RBI:MSC_F_RN(1.0),N_A,CF15,N_A,F,2019,2018,0,2018-08-31,INR,13420435026000
RBI:MSC_F_RN(1.0),N_A,CF16,N_A,F,2018,2017,0,2018-03-31,INR,239066479546.68
RBI:MSC_F_RN(1.0),N_A,CF4,N_A,F,2018,2017,0,2018-03-31,INR,106952551951620
RBI:MSC_F_RN(1.0),N_A,CF1,N_A,F,2018,2017,0,2018-03-31,INR,17597123160523.6
RBI:MSC_F_RN(1.0),N_A,CF5,N_A,F,2018,2017,0,2018-03-31,INR,139625865001470
RBI:MSC_F_RN(1.0),N_A,CF15,N_A,F,2018,2017,0,2018-03-31,INR,14837123409780
RBI:MSC_F_RN(1.0),N_A,CF4,N_A,F,2018,2017,0,2017-09-15,INR,101714165966000
RBI:MSC_F_RN(1.0),N_A,CF15,N_A,F,2018,2017,0,2017-09-15,INR,12289422336000
RBI:MSC_F_RN(1.0),N_A,CF16,N_A,F,2018,2017,0,2017-09-15,INR,185698024000
RBI:MSC_F_RN(1.0),N_A,CF1,N_A,F,2018,2017,0,2017-09-15,INR,15048038936000
RBI:MSC_F_RN(1.0),N_A,CF5,N_A,F,2018,2017,0,2017-09-15,INR,129237325261000
RBI:MSC_F_RN(1.0),N_A,CF5,N_A,F,2017,2016,0,2017-03-31,INR,127919399288000
RBI:MSC_F_RN(1.0),N_A,CF15,N_A,F,2017,2016,0,2017-03-31,INR,13967414246000
RBI:MSC_F_RN(1.0),N_A,CF4,N_A,F,2017,2016,0,2017-03-31,INR,101099830979000
RBI:MSC_F_RN(1.0),N_A,CF16,N_A,F,2017,2016,0,2017-03-31,INR,210911155000
RBI:MSC_F_RN(1.0),N_A,CF1,N_A,F,2017,2016,0,2017-03-31,INR,12641242908000
RBI:MSC_F_RN(1.0),N_A,CF1,N_A,F,2017,2016,0,2016-09-30,INR,16564778921000
RBI:MSC_F_RN(1.0),N_A,CF5,N_A,F,2017,2016,0,2016-09-30,INR,124899935089000
RBI:MSC_F_RN(1.0),N_A,CF15,N_A,F,2017,2016,0,2016-09-30,INR,11534714195000
RBI:MSC_F_RN(1.0),N_A,CF16,N_A,F,2017,2016,0,2016-09-30,INR,186011155000
RBI:MSC_F_RN(1.0),N_A,CF4,N_A,F,2017,2016,0,2016-09-30,INR,96614430818000
RBI:MSC_F_RN(1.0),N_A,CF4,N_A,F,2017,2016,0,2016-04-15,INR,91720577312000
RBI:MSC_F_RN(1.0),N_A,CF16,N_A,F,2017,2016,0,2016-04-15,INR,138926648000
RBI:MSC_F_RN(1.0),N_A,CF15,N_A,F,2017,2016,0,2016-04-15,INR,10078414851000
RBI:MSC_F_RN(1.0),N_A,CF5,N_A,F,2017,2016,0,2016-04-15,INR,118470886610000
RBI:MSC_F_RN(1.0),N_A,CF1,N_A,F,2017,2016,0,2016-04-15,INR,16532967797999.998
RBI:MSC_F_RN(1.0),N_A,CF4,N_A,F,2016,2015,0,2016-03-31,INR,90150767973000
RBI:MSC_F_RN(1.0),N_A,CF16,N_A,F,2016,2015,0,2016-03-31,INR,154506648000
RBI:MSC_F_RN(1.0),N_A,CF15,N_A,F,2016,2015,0,2016-03-31,INR,9898337486000
RBI:MSC_F_RN(1.0),N_A,CF1,N_A,F,2016,2015,0,2016-03-31,INR,15972538844000
RBI:MSC_F_RN(1.0),N_A,CF5,N_A,F,2016,2015,0,2016-03-31,INR,116176150952000
RBI:MSC_F_RN(1.0),N_A,CF5,N_A,F,2016,2015,0,2015-05-15,INR,107807916822000
RBI:MSC_F_RN(1.0),N_A,CF4,N_A,F,2016,2015,0,2015-05-15,INR,84303782331000
RBI:MSC_F_RN(1.0),N_A,CF16,N_A,F,2016,2015,0,2015-05-15,INR,97849638000
RBI:MSC_F_RN(1.0),N_A,CF1,N_A,F,2016,2015,0,2015-05-15,INR,14619275165000
RBI:MSC_F_RN(1.0),N_A,CF15,N_A,F,2016,2015,0,2015-05-15,INR,8787009689000
RBI:MSC_F_RN(1.0),N_A,CF15,N_A,F,2015,2014,0,2015-03-31,INR,8916322821000
RBI:MSC_F_RN(1.0),N_A,CF16,N_A,F,2015,2014,0,2015-03-31,INR,145899918000
RBI:MSC_F_RN(1.0),N_A,CF1,N_A,F,2015,2014,0,2015-03-31,INR,13861815568000
RBI:MSC_F_RN(1.0),N_A,CF4,N_A,F,2015,2014,0,2015-03-31,INR,82577639522000
RBI:MSC_F_RN(1.0),N_A,CF5,N_A,F,2015,2014,0,2015-03-31,INR,105501677829000
RBI:MSC_F_RN(1.0),N_A,CF4,N_A,F,2015,2014,0,2014-10-31,INR,79709201113000
RBI:MSC_F_RN(1.0),N_A,CF16,N_A,F,2015,2014,0,2014-10-31,INR,80659482000
RBI:MSC_F_RN(1.0),N_A,CF1,N_A,F,2015,2014,0,2014-10-31,INR,13005174524999.998
RBI:MSC_F_RN(1.0),N_A,CF15,N_A,F,2015,2014,0,2014-10-31,INR,8407222502000
RBI:MSC_F_RN(1.0),N_A,CF5,N_A,F,2015,2014,0,2014-10-31,INR,101202257622000
RBI:MSC_F_RN(1.0),N_A,CF5,N_A,F,2014,2013,0,2014-03-31,INR,95173861740479.98
RBI:MSC_F_RN(1.0),N_A,CF16,N_A,F,2014,2013,0,2014-03-31,INR,19651191480
RBI:MSC_F_RN(1.0),N_A,CF4,N_A,F,2014,2013,0,2014-03-31,INR,74576242202000
RBI:MSC_F_RN(1.0),N_A,CF1,N_A,F,2014,2013,0,2014-03-31,INR,12458193039000
RBI:MSC_F_RN(1.0),N_A,CF15,N_A,F,2014,2013,0,2014-03-31,INR,8119775307999.999
RBI:MSC_F_RN(1.0),N_A,CF16,N_A,F,2014,2013,0,2013-11-15,INR,39871962000
RBI:MSC_F_RN(1.0),N_A,CF15,N_A,F,2014,2013,0,2013-11-15,INR,7339124875000
RBI:MSC_F_RN(1.0),N_A,CF4,N_A,F,2014,2013,0,2013-11-15,INR,71430399542000
RBI:MSC_F_RN(1.0),N_A,CF5,N_A,F,2014,2013,0,2013-11-15,INR,91091720704000
RBI:MSC_F_RN(1.0),N_A,CF1,N_A,F,2014,2013,0,2013-11-15,INR,12282324325000.002
RBI:MSC_F_RN(1.0),N_A,CF1,N_A,F,2014,2013,0,2013-05-31,INR,11763614420000
RBI:MSC_F_RN(1.0),N_A,CF16,N_A,F,2014,2013,0,2013-05-31,INR,43569945000
RBI:MSC_F_RN(1.0),N_A,CF4,N_A,F,2014,2013,0,2013-05-31,INR,67044890982000
RBI:MSC_F_RN(1.0),N_A,CF5,N_A,F,2014,2013,0,2013-05-31,INR,86276789730999.98
RBI:MSC_F_RN(1.0),N_A,CF15,N_A,F,2014,2013,0,2013-05-31,INR,7424714384000
RBI:MSC_F_RN(1.0),N_A,CF4,N_A,F,2013,2012,0,2013-03-31,INR,64922925566999.99
RBI:MSC_F_RN(1.0),N_A,CF1,N_A,F,2013,2012,0,2013-03-31,INR,11410608359000
RBI:MSC_F_RN(1.0),N_A,CF15,N_A,F,2013,2012,0,2013-03-31,INR,7532252960000
RBI:MSC_F_RN(1.0),N_A,CF16,N_A,F,2013,2012,0,2013-03-31,INR,32399953000
RBI:MSC_F_RN(1.0),N_A,CF5,N_A,F,2013,2012,0,2013-03-31,INR,83898186839000
RBI:MSC_F_RN(1.0),N_A,CF15,N_A,F,2013,2012,0,2012-11-30,INR,7051110476000.001
RBI:MSC_F_RN(1.0),N_A,CF16,N_A,F,2013,2012,0,2012-11-30,INR,23750674000
RBI:MSC_F_RN(1.0),N_A,CF4,N_A,F,2013,2012,0,2012-11-30,INR,61983614407000
RBI:MSC_F_RN(1.0),N_A,CF5,N_A,F,2013,2012,0,2012-11-30,INR,79931520174000
RBI:MSC_F_RN(1.0),N_A,CF1,N_A,F,2013,2012,0,2012-11-30,INR,10873044617000.002
RBI:MSC_F_RN(1.0),N_A,CF1,N_A,F,2013,2012,0,2012-06-15,INR,10903868725999.998
RBI:MSC_F_RN(1.0),N_A,CF15,N_A,F,2013,2012,0,2012-06-15,INR,6734342652000
RBI:MSC_F_RN(1.0),N_A,CF4,N_A,F,2013,2012,0,2012-06-15,INR,58943836983000
RBI:MSC_F_RN(1.0),N_A,CF16,N_A,F,2013,2012,0,2012-06-15,INR,14672319000
RBI:MSC_F_RN(1.0),N_A,CF5,N_A,F,2013,2012,0,2012-06-15,INR,76596720700000
RBI:MSC_F_RN(1.0),N_A,CF15,N_A,F,2012,2011,0,2012-03-31,INR,7109021344000
RBI:MSC_F_RN(1.0),N_A,CF16,N_A,F,2012,2011,0,2012-03-31,INR,28223567000
RBI:MSC_F_RN(1.0),N_A,CF5,N_A,F,2012,2011,0,2012-03-31,INR,73848310000000
RBI:MSC_F_RN(1.0),N_A,CF1,N_A,F,2012,2011,0,2012-03-31,INR,10236697979000
RBI:MSC_F_RN(1.0),N_A,CF4,N_A,F,2012,2011,0,2012-03-31,INR,56474374462000
RBI:MSC_F_RN(1.0),N_A,CF16,N_A,F,2012,2011,0,2011-07-15,INR,11902999000
RBI:MSC_F_RN(1.0),N_A,CF5,N_A,F,2012,2011,0,2011-07-15,INR,67628990300000
RBI:MSC_F_RN(1.0),N_A,CF1,N_A,F,2012,2011,0,2011-07-15,INR,9517543260000
RBI:MSC_F_RN(1.0),N_A,CF15,N_A,F,2012,2011,0,2011-07-15,INR,6241664443000
RBI:MSC_F_RN(1.0),N_A,CF4,N_A,F,2012,2011,0,2011-07-15,INR,51857879590000
RBI:MSC_F_RN(1.0),N_A,CF15,N_A,F,2011,2010,0,2011-03-31,INR,7228562630000
RBI:MSC_F_RN(1.0),N_A,CF16,N_A,F,2011,2010,0,2011-03-31,INR,36527399000
RBI:MSC_F_RN(1.0),N_A,CF4,N_A,F,2011,2010,0,2011-03-31,INR,48657706774000.01
RBI:MSC_F_RN(1.0),N_A,CF5,N_A,F,2011,2010,0,2011-03-31,INR,65041160500000
RBI:MSC_F_RN(1.0),N_A,CF1,N_A,F,2011,2010,0,2011-03-31,INR,9118363652900
RBI:MSC_F_RN(1.0),N_A,CF1,N_A,F,2011,2010,0,2010-12-31,INR,8686663508000
RBI:MSC_F_RN(1.0),N_A,CF16,N_A,F,2011,2010,0,2010-12-31,INR,35709642000
RBI:MSC_F_RN(1.0),N_A,CF15,N_A,F,2011,2010,0,2010-12-31,INR,7195358669000
RBI:MSC_F_RN(1.0),N_A,CF5,N_A,F,2011,2010,0,2010-12-31,INR,62251805500000
RBI:MSC_F_RN(1.0),N_A,CF4,N_A,F,2011,2010,0,2010-12-31,INR,46334073718000
RBI:MSC_F_RN(1.0),N_A,CF5,N_A,F,2010,2009,0,2010-03-31,INR,56026983099999.99
RBI:MSC_F_RN(1.0),N_A,CF16,N_A,F,2010,2009,0,2010-03-31,INR,38060009000
RBI:MSC_F_RN(1.0),N_A,CF15,N_A,F,2010,2009,0,2010-03-31,INR,7179697034000
RBI:MSC_F_RN(1.0),N_A,CF1,N_A,F,2010,2009,0,2010-03-31,INR,7674924976000
RBI:MSC_F_RN(1.0),N_A,CF4,N_A,F,2010,2009,0,2010-03-31,INR,41134301111000
RBI:MSC_F_RN(1.0),N_A,CF16,N_A,F,2010,2009,0,2010-01-15,INR,37699509000
RBI:MSC_F_RN(1.0),N_A,CF1,N_A,F,2010,2009,0,2010-01-15,INR,7487837067000
RBI:MSC_F_RN(1.0),N_A,CF5,N_A,F,2010,2009,0,2010-01-15,INR,53184223200000
RBI:MSC_F_RN(1.0),N_A,CF4,N_A,F,2010,2009,0,2010-01-15,INR,39635281425000
RBI:MSC_F_RN(1.0),N_A,CF15,N_A,F,2010,2009,0,2010-01-15,INR,6023405243000
RBI:MSC_F_RN(1.0),N_A,CF16,N_A,F,2010,2009,0,2009-07-31,INR,42156316000
RBI:MSC_F_RN(1.0),N_A,CF15,N_A,F,2010,2009,0,2009-07-31,INR,5861451334000.001
RBI:MSC_F_RN(1.0),N_A,CF4,N_A,F,2010,2009,0,2009-07-31,INR,37823742471000
RBI:MSC_F_RN(1.0),N_A,CF5,N_A,F,2010,2009,0,2009-07-31,INR,50486981100000
RBI:MSC_F_RN(1.0),N_A,CF1,N_A,F,2010,2009,0,2009-07-31,INR,6759630978000
RBI:MSC_F_RN(1.0),N_A,CF4,N_A,F,2009,2008,0,2009-03-31,INR,35351046053000
RBI:MSC_F_RN(1.0),N_A,CF16,N_A,F,2009,2008,0,2009-03-31,INR,55330239000
RBI:MSC_F_RN(1.0),N_A,CF5,N_A,F,2009,2008,0,2009-03-31,INR,47947751200000
RBI:MSC_F_RN(1.0),N_A,CF1,N_A,F,2009,2008,0,2009-03-31,INR,6654496695000
RBI:MSC_F_RN(1.0),N_A,CF15,N_A,F,2009,2008,0,2009-03-31,INR,5886878243000
RBI:MSC_F_RN(1.0),N_A,CF1,N_A,F,2009,2008,0,2008-08-15,INR,5975604358360
RBI:MSC_F_RN(1.0),N_A,CF5,N_A,F,2009,2008,0,2008-08-15,INR,41831424900000
RBI:MSC_F_RN(1.0),N_A,CF15,N_A,F,2009,2008,0,2008-08-15,INR,4965376657710
RBI:MSC_F_RN(1.0),N_A,CF4,N_A,F,2009,2008,0,2008-08-15,INR,30841093853230
RBI:MSC_F_RN(1.0),N_A,CF16,N_A,F,2009,2008,0,2008-08-15,INR,49349993000.00001
RBI:MSC_F_RN(1.0),N_A,CF4,N_A,F,2008,2007,0,2008-03-31,INR,28620455619690
RBI:MSC_F_RN(1.0),N_A,CF16,N_A,F,2008,2007,0,2008-03-31,INR,90268482000
RBI:MSC_F_RN(1.0),N_A,CF15,N_A,F,2008,2007,0,2008-03-31,INR,5783723275679.999
RBI:MSC_F_RN(1.0),N_A,CF5,N_A,F,2008,2007,0,2008-03-31,INR,40178552200000
RBI:MSC_F_RN(1.0),N_A,CF1,N_A,F,2008,2007,0,2008-03-31,INR,5684104863800
RBI:MSC_F_RN(1.0),N_A,CF16,N_A,F,2008,2007,0,2008-02-29,INR,49815682000
RBI:MSC_F_RN(1.0),N_A,CF5,N_A,F,2008,2007,0,2008-02-29,INR,38818758700000
RBI:MSC_F_RN(1.0),N_A,CF4,N_A,F,2008,2007,0,2008-02-29,INR,28134082391300
RBI:MSC_F_RN(1.0),N_A,CF15,N_A,F,2008,2007,0,2008-02-29,INR,5091377787460
RBI:MSC_F_RN(1.0),N_A,CF1,N_A,F,2008,2007,0,2008-02-29,INR,5543482868400
RBI:MSC_F_RN(1.0),N_A,CF5,N_A,F,2008,2007,0,2008-02-15,INR,38267184200000
RBI:MSC_F_RN(1.0),N_A,CF1,N_A,F,2008,2007,0,2008-02-15,INR,5550206807370
RBI:MSC_F_RN(1.0),N_A,CF15,N_A,F,2008,2007,0,2008-02-15,INR,4806347769200
RBI:MSC_F_RN(1.0),N_A,CF16,N_A,F,2008,2007,0,2008-02-15,INR,46844467000.00001
RBI:MSC_F_RN(1.0),N_A,CF4,N_A,F,2008,2007,0,2008-02-15,INR,27863785191000
RBI:MSC_F_RN(1.0),N_A,CF16,N_A,F,2008,2007,0,2007-08-31,INR,50113573000
RBI:MSC_F_RN(1.0),N_A,CF4,N_A,F,2008,2007,0,2007-08-31,INR,25538814517490.004
RBI:MSC_F_RN(1.0),N_A,CF15,N_A,F,2008,2007,0,2007-08-31,INR,4403851959890
RBI:MSC_F_RN(1.0),N_A,CF5,N_A,F,2008,2007,0,2007-08-31,INR,34858150200000
RBI:MSC_F_RN(1.0),N_A,CF1,N_A,F,2008,2007,0,2007-08-31,INR,4865370162500
RBI:MSC_F_RN(1.0),N_A,CF15,N_A,F,2007,2006,0,2007-03-31,INR,4776042010770
RBI:MSC_F_RN(1.0),N_A,CF4,N_A,F,2007,2006,0,2007-03-31,INR,23421128351410
RBI:MSC_F_RN(1.0),N_A,CF1,N_A,F,2007,2006,0,2007-03-31,INR,4828544686070
RBI:MSC_F_RN(1.0),N_A,CF5,N_A,F,2007,2006,0,2007-03-31,INR,33100383200000
RBI:MSC_F_RN(1.0),N_A,CF16,N_A,F,2007,2006,0,2007-03-31,INR,74668156000
RBI:MSC_F_RN(1.0),N_A,CF5,N_A,F,2007,2006,0,2006-09-15,INR,29019010400000
RBI:MSC_F_RN(1.0),N_A,CF4,N_A,F,2007,2006,0,2006-09-15,INR,20767580801250
RBI:MSC_F_RN(1.0),N_A,CF1,N_A,F,2007,2006,0,2006-09-15,INR,4375280682840
RBI:MSC_F_RN(1.0),N_A,CF15,N_A,F,2007,2006,0,2006-09-15,INR,3821774242300
RBI:MSC_F_RN(1.0),N_A,CF16,N_A,F,2007,2006,0,2006-09-15,INR,54374630000
RBI:MSC_F_RN(1.0),N_A,CF15,N_A,F,2006,2005,0,2006-03-31,INR,4074227002390.0005
RBI:MSC_F_RN(1.0),N_A,CF4,N_A,F,2006,2005,0,2006-03-31,INR,18931037577810
RBI:MSC_F_RN(1.0),N_A,CF16,N_A,F,2006,2005,0,2006-03-31,INR,68428262000.00001
RBI:MSC_F_RN(1.0),N_A,CF5,N_A,F,2006,2005,0,2006-03-31,INR,27194932000000
RBI:MSC_F_RN(1.0),N_A,CF1,N_A,F,2006,2005,0,2006-03-31,INR,4121239197740
