DATAFLOW,ASET_ITEMS_RN,AUDST,FREQ,REPYEAREND,REPYEARSTART,UNIT_MULT,TIME_PERIOD,UNIT_MEASURE,OBS_VALUE
RBI:RBI_ASSET_A_RN(1.0),A2,N_A,AFY,2025,2024,0,2025-03-31,INR,36878265000000.01
RBI:RBI_ASSET_A_RN(1.0),AI03,N_A,AFY,2025,2024,0,2025-03-31,INR,3287600000
RBI:RBI_ASSET_A_RN(1.0),AI071,N_A,AFY,2025,2024,0,2025-03-31,INR,0.0
RBI:RBI_ASSET_A_RN(1.0),AI074,N_A,AFY,2025,2024,0,2025-03-31,INR,0.0
RBI:RBI_ASSET_A_RN(1.0),AI08,N_A,AFY,2025,2024,0,2025-03-31,INR,0.0
RBI:RBI_ASSET_A_RN(1.0),AI073,N_A,AFY,2025,2024,0,2025-03-31,INR,2536630000000
RBI:RBI_ASSET_A_RN(1.0),A1,N_A,AFY,2025,2024,0,2025-03-31,INR,39375948900000
RBI:RBI_ASSET_A_RN(1.0),AI01,N_A,AFY,2025,2024,0,2025-03-31,INR,2365370000000
RBI:RBI_ASSET_A_RN(1.0),AI072,N_A,AFY,2025,2024,0,2025-03-31,INR,326880900000
RBI:RBI_ASSET_A_RN(1.0),AI082,N_A,AFY,2025,2024,0,2025-03-31,INR,0.0
RBI:RBI_ASSET_A_RN(1.0),AI02,N_A,AFY,2025,2024,0,2025-03-31,INR,34509607400000.004
RBI:RBI_ASSET_A_RN(1.0),AI07,N_A,AFY,2025,2024,0,2025-03-31,INR,4347102400000
RBI:RBI_ASSET_A_RN(1.0),AI05,N_A,AFY,2025,2024,0,2025-03-31,INR,112600000
RBI:RBI_ASSET_A_RN(1.0),AI11,N_A,AFY,2025,2024,0,2025-03-31,INR,5096638600000
RBI:RBI_ASSET_A_RN(1.0),AI076,N_A,AFY,2025,2024,0,2025-03-31,INR,0.0
RBI:RBI_ASSET_A_RN(1.0),AI10,N_A,AFY,2025,2024,0,2025-03-31,INR,15606374300000
RBI:RBI_ASSET_A_RN(1.0),AI1101,N_A,AFY,2025,2024,0,2025-03-31,INR,4316248000000
RBI:RBI_ASSET_A_RN(1.0),AI06,N_A,AFY,2025,2024,0,2025-03-31,INR,14325721000000
RBI:RBI_ASSET_A_RN(1.0),AI1102,N_A,AFY,2025,2024,0,2025-03-31,INR,780390600000
RBI:RBI_ASSET_A_RN(1.0),AI081,N_A,AFY,2025,2024,0,2025-03-31,INR,0.0
RBI:RBI_ASSET_A_RN(1.0),AI078,N_A,AFY,2025,2024,0,2025-03-31,INR,1483591500000
RBI:RBI_ASSET_A_RN(1.0),AI04,N_A,AFY,2025,2024,0,2025-03-31,INR,0.0
RBI:RBI_ASSET_A_RN(1.0),AI081,N_A,AFY,2024,2023,0,2024-03-31,INR,0.0
RBI:RBI_ASSET_A_RN(1.0),A1,N_A,AFY,2024,2023,0,2024-03-31,INR,35696637100000
RBI:RBI_ASSET_A_RN(1.0),AI06,N_A,AFY,2024,2023,0,2024-03-31,INR,14890814200000
RBI:RBI_ASSET_A_RN(1.0),AI071,N_A,AFY,2024,2023,0,2024-03-31,INR,0.0
RBI:RBI_ASSET_A_RN(1.0),AI07,N_A,AFY,2024,2023,0,2024-03-31,INR,3755934900000
RBI:RBI_ASSET_A_RN(1.0),AI1101,N_A,AFY,2024,2023,0,2024-03-31,INR,2747142700000
RBI:RBI_ASSET_A_RN(1.0),AI078,N_A,AFY,2024,2023,0,2024-03-31,INR,1756525500000
RBI:RBI_ASSET_A_RN(1.0),AI073,N_A,AFY,2024,2023,0,2024-03-31,INR,1933410000000
RBI:RBI_ASSET_A_RN(1.0),AI1102,N_A,AFY,2024,2023,0,2024-03-31,INR,648318300000
RBI:RBI_ASSET_A_RN(1.0),AI082,N_A,AFY,2024,2023,0,2024-03-31,INR,0.0
RBI:RBI_ASSET_A_RN(1.0),AI10,N_A,AFY,2024,2023,0,2024-03-31,INR,13654325700000
RBI:RBI_ASSET_A_RN(1.0),A2,N_A,AFY,2024,2023,0,2024-03-31,INR,34780395000000
RBI:RBI_ASSET_A_RN(1.0),AI074,N_A,AFY,2024,2023,0,2024-03-31,INR,0.0
RBI:RBI_ASSET_A_RN(1.0),AI04,N_A,AFY,2024,2023,0,2024-03-31,INR,0.0
RBI:RBI_ASSET_A_RN(1.0),AI03,N_A,AFY,2024,2023,0,2024-03-31,INR,4585400000
RBI:RBI_ASSET_A_RN(1.0),AI072,N_A,AFY,2024,2023,0,2024-03-31,INR,65999399999.99999
RBI:RBI_ASSET_A_RN(1.0),AI076,N_A,AFY,2024,2023,0,2024-03-31,INR,0.0
RBI:RBI_ASSET_A_RN(1.0),AI11,N_A,AFY,2024,2023,0,2024-03-31,INR,3395461000000
RBI:RBI_ASSET_A_RN(1.0),AI02,N_A,AFY,2024,2023,0,2024-03-31,INR,33129760500000
RBI:RBI_ASSET_A_RN(1.0),AI05,N_A,AFY,2024,2023,0,2024-03-31,INR,101300000
RBI:RBI_ASSET_A_RN(1.0),AI08,N_A,AFY,2024,2023,0,2024-03-31,INR,0.0
RBI:RBI_ASSET_A_RN(1.0),AI01,N_A,AFY,2024,2023,0,2024-03-31,INR,1646049100000
RBI:RBI_ASSET_A_RN(1.0),AI073,N_A,AFY,2023,2022,0,2023-03-31,INR,1127313400000
RBI:RBI_ASSET_A_RN(1.0),AI07,N_A,AFY,2023,2022,0,2023-03-31,INR,2888135300000
RBI:RBI_ASSET_A_RN(1.0),AI072,N_A,AFY,2023,2022,0,2023-03-31,INR,7917200000
RBI:RBI_ASSET_A_RN(1.0),AI076,N_A,AFY,2023,2022,0,2023-03-31,INR,0.0
RBI:RBI_ASSET_A_RN(1.0),AI02,N_A,AFY,2023,2022,0,2023-03-31,INR,32072017799999.996
RBI:RBI_ASSET_A_RN(1.0),A2,N_A,AFY,2023,2022,0,2023-03-31,INR,33482446699999.996
RBI:RBI_ASSET_A_RN(1.0),A1,N_A,AFY,2023,2022,0,2023-03-31,INR,29965115700000
RBI:RBI_ASSET_A_RN(1.0),AI082,N_A,AFY,2023,2022,0,2023-03-31,INR,0.0
RBI:RBI_ASSET_A_RN(1.0),AI071,N_A,AFY,2023,2022,0,2023-03-31,INR,486770000000
RBI:RBI_ASSET_A_RN(1.0),AI11,N_A,AFY,2023,2022,0,2023-03-31,INR,2902087900000
RBI:RBI_ASSET_A_RN(1.0),AI078,N_A,AFY,2023,2022,0,2023-03-31,INR,1266134700000
RBI:RBI_ASSET_A_RN(1.0),AI05,N_A,AFY,2023,2022,0,2023-03-31,INR,95000000
RBI:RBI_ASSET_A_RN(1.0),AI03,N_A,AFY,2023,2022,0,2023-03-31,INR,2772900000
RBI:RBI_ASSET_A_RN(1.0),AI04,N_A,AFY,2023,2022,0,2023-03-31,INR,0.0
RBI:RBI_ASSET_A_RN(1.0),AI06,N_A,AFY,2023,2022,0,2023-03-31,INR,10089932600000
RBI:RBI_ASSET_A_RN(1.0),AI081,N_A,AFY,2023,2022,0,2023-03-31,INR,0.0
RBI:RBI_ASSET_A_RN(1.0),AI074,N_A,AFY,2023,2022,0,2023-03-31,INR,0.0
RBI:RBI_ASSET_A_RN(1.0),AI1102,N_A,AFY,2023,2022,0,2023-03-31,INR,594747900000
RBI:RBI_ASSET_A_RN(1.0),AI1101,N_A,AFY,2023,2022,0,2023-03-31,INR,2307340000000
RBI:RBI_ASSET_A_RN(1.0),AI10,N_A,AFY,2023,2022,0,2023-03-31,INR,14084864900000
RBI:RBI_ASSET_A_RN(1.0),AI08,N_A,AFY,2023,2022,0,2023-03-31,INR,0.0
RBI:RBI_ASSET_A_RN(1.0),AI01,N_A,AFY,2023,2022,0,2023-03-31,INR,1407656000000
RBI:RBI_ASSET_A_RN(1.0),AI081,N_A,AFY,2022,2021,0,2022-03-31,INR,0.0
RBI:RBI_ASSET_A_RN(1.0),AI01,N_A,AFY,2022,2021,0,2022-03-31,INR,1253489800000
RBI:RBI_ASSET_A_RN(1.0),AI02,N_A,AFY,2022,2021,0,2022-03-31,INR,29798632900000
RBI:RBI_ASSET_A_RN(1.0),AI05,N_A,AFY,2022,2021,0,2022-03-31,INR,171300000
RBI:RBI_ASSET_A_RN(1.0),AI03,N_A,AFY,2022,2021,0,2022-03-31,INR,5082900000
RBI:RBI_ASSET_A_RN(1.0),AI076,N_A,AFY,2022,2021,0,2022-03-31,INR,230101000000
RBI:RBI_ASSET_A_RN(1.0),AI082,N_A,AFY,2022,2021,0,2022-03-31,INR,0.0
RBI:RBI_ASSET_A_RN(1.0),AI08,N_A,AFY,2022,2021,0,2022-03-31,INR,0.0
RBI:RBI_ASSET_A_RN(1.0),A1,N_A,AFY,2022,2021,0,2022-03-31,INR,30845817100000
RBI:RBI_ASSET_A_RN(1.0),AI1102,N_A,AFY,2022,2021,0,2022-03-31,INR,469004200000
RBI:RBI_ASSET_A_RN(1.0),AI072,N_A,AFY,2022,2021,0,2022-03-31,INR,16665600000
RBI:RBI_ASSET_A_RN(1.0),A2,N_A,AFY,2022,2021,0,2022-03-31,INR,31057205600000
RBI:RBI_ASSET_A_RN(1.0),AI04,N_A,AFY,2022,2021,0,2022-03-31,INR,0.0
RBI:RBI_ASSET_A_RN(1.0),AI06,N_A,AFY,2022,2021,0,2022-03-31,INR,11411277500000
RBI:RBI_ASSET_A_RN(1.0),AI10,N_A,AFY,2022,2021,0,2022-03-31,INR,14908795600000
RBI:RBI_ASSET_A_RN(1.0),AI071,N_A,AFY,2022,2021,0,2022-03-31,INR,0.0
RBI:RBI_ASSET_A_RN(1.0),AI078,N_A,AFY,2022,2021,0,2022-03-31,INR,897504400000
RBI:RBI_ASSET_A_RN(1.0),AI1101,N_A,AFY,2022,2021,0,2022-03-31,INR,1968640000000
RBI:RBI_ASSET_A_RN(1.0),AI11,N_A,AFY,2022,2021,0,2022-03-31,INR,2437644200000
RBI:RBI_ASSET_A_RN(1.0),AI073,N_A,AFY,2022,2021,0,2022-03-31,INR,943657500000
RBI:RBI_ASSET_A_RN(1.0),AI07,N_A,AFY,2022,2021,0,2022-03-31,INR,2087928500000
RBI:RBI_ASSET_A_RN(1.0),AI074,N_A,AFY,2022,2021,0,2022-03-31,INR,0.0
RBI:RBI_ASSET_A_RN(1.0),AI076,N_A,AFY,2021,2020,0,2021-03-31,INR,254255600000
RBI:RBI_ASSET_A_RN(1.0),A2,N_A,AFY,2021,2020,0,2021-03-31,INR,28268626700000
RBI:RBI_ASSET_A_RN(1.0),AI073,N_A,AFY,2021,2020,0,2021-03-31,INR,902521799999.9999
RBI:RBI_ASSET_A_RN(1.0),AI08,N_A,AFY,2021,2020,0,2021-03-31,INR,0.0
RBI:RBI_ASSET_A_RN(1.0),AI072,N_A,AFY,2021,2020,0,2021-03-31,INR,33827900000
RBI:RBI_ASSET_A_RN(1.0),A1,N_A,AFY,2021,2020,0,2021-03-31,INR,28808064600000
RBI:RBI_ASSET_A_RN(1.0),AI082,N_A,AFY,2021,2020,0,2021-03-31,INR,0.0
RBI:RBI_ASSET_A_RN(1.0),AI03,N_A,AFY,2021,2020,0,2021-03-31,INR,7434000000
RBI:RBI_ASSET_A_RN(1.0),AI07,N_A,AFY,2021,2020,0,2021-03-31,INR,1351189100000
RBI:RBI_ASSET_A_RN(1.0),AI05,N_A,AFY,2021,2020,0,2021-03-31,INR,120200000
RBI:RBI_ASSET_A_RN(1.0),AI071,N_A,AFY,2021,2020,0,2021-03-31,INR,0.0
RBI:RBI_ASSET_A_RN(1.0),AI10,N_A,AFY,2021,2020,0,2021-03-31,INR,13351375000000
RBI:RBI_ASSET_A_RN(1.0),AI074,N_A,AFY,2021,2020,0,2021-03-31,INR,0.0
RBI:RBI_ASSET_A_RN(1.0),AI1101,N_A,AFY,2021,2020,0,2021-03-31,INR,1435830000000
RBI:RBI_ASSET_A_RN(1.0),AI11,N_A,AFY,2021,2020,0,2021-03-31,INR,1805976200000
RBI:RBI_ASSET_A_RN(1.0),AI01,N_A,AFY,2021,2020,0,2021-03-31,INR,1041401300000
RBI:RBI_ASSET_A_RN(1.0),AI02,N_A,AFY,2021,2020,0,2021-03-31,INR,27219791400000
RBI:RBI_ASSET_A_RN(1.0),AI04,N_A,AFY,2021,2020,0,2021-03-31,INR,0.0
RBI:RBI_ASSET_A_RN(1.0),AI06,N_A,AFY,2021,2020,0,2021-03-31,INR,12299404100000
RBI:RBI_ASSET_A_RN(1.0),AI078,N_A,AFY,2021,2020,0,2021-03-31,INR,160583800000
RBI:RBI_ASSET_A_RN(1.0),AI081,N_A,AFY,2021,2020,0,2021-03-31,INR,0.0
RBI:RBI_ASSET_A_RN(1.0),AI1102,N_A,AFY,2021,2020,0,2021-03-31,INR,370146200000
RBI:RBI_ASSET_A_RN(1.0),AI078,N_A,AFY,2020,2019,0,2020-03-31,INR,98830000000
RBI:RBI_ASSET_A_RN(1.0),AI01,N_A,AFY,2020,2019,0,2020-03-31,INR,1131460000000
RBI:RBI_ASSET_A_RN(1.0),A2,N_A,AFY,2020,2019,0,2020-03-31,INR,26355750000000
RBI:RBI_ASSET_A_RN(1.0),AI11,N_A,AFY,2020,2019,0,2020-03-31,INR,1796070000000
RBI:RBI_ASSET_A_RN(1.0),AI082,N_A,AFY,2020,2019,0,2020-03-31,INR,0.0
RBI:RBI_ASSET_A_RN(1.0),AI073,N_A,AFY,2020,2019,0,2020-03-31,INR,2855770000000
RBI:RBI_ASSET_A_RN(1.0),AI1101,N_A,AFY,2020,2019,0,2020-03-31,INR,1428750000000
RBI:RBI_ASSET_A_RN(1.0),AI06,N_A,AFY,2020,2019,0,2020-03-31,INR,10234000000000
RBI:RBI_ASSET_A_RN(1.0),AI1102,N_A,AFY,2020,2019,0,2020-03-31,INR,367320000000
RBI:RBI_ASSET_A_RN(1.0),AI081,N_A,AFY,2020,2019,0,2020-03-31,INR,0.0
RBI:RBI_ASSET_A_RN(1.0),AI074,N_A,AFY,2020,2019,0,2020-03-31,INR,0.0
RBI:RBI_ASSET_A_RN(1.0),AI07,N_A,AFY,2020,2019,0,2020-03-31,INR,3222070000000
RBI:RBI_ASSET_A_RN(1.0),AI05,N_A,AFY,2020,2019,0,2020-03-31,INR,130000000
RBI:RBI_ASSET_A_RN(1.0),AI072,N_A,AFY,2020,2019,0,2020-03-31,INR,46240000000
RBI:RBI_ASSET_A_RN(1.0),AI076,N_A,AFY,2020,2019,0,2020-03-31,INR,221230000000
RBI:RBI_ASSET_A_RN(1.0),AI071,N_A,AFY,2020,2019,0,2020-03-31,INR,0.0
RBI:RBI_ASSET_A_RN(1.0),AI08,N_A,AFY,2020,2019,0,2020-03-31,INR,0.0
RBI:RBI_ASSET_A_RN(1.0),AI10,N_A,AFY,2020,2019,0,2020-03-31,INR,11739910000000
RBI:RBI_ASSET_A_RN(1.0),AI03,N_A,AFY,2020,2019,0,2020-03-31,INR,7850000000
RBI:RBI_ASSET_A_RN(1.0),AI04,N_A,AFY,2020,2019,0,2020-03-31,INR,0.0
RBI:RBI_ASSET_A_RN(1.0),AI02,N_A,AFY,2020,2019,0,2020-03-31,INR,25216440000000
RBI:RBI_ASSET_A_RN(1.0),A1,N_A,AFY,2020,2019,0,2020-03-31,INR,26992180000000
RBI:RBI_ASSET_A_RN(1.0),AI076,N_A,AFY,2019,2018,0,2019-03-31,INR,0.0
RBI:RBI_ASSET_A_RN(1.0),AI078,N_A,AFY,2019,2018,0,2019-03-31,INR,67900000000
RBI:RBI_ASSET_A_RN(1.0),AI072,N_A,AFY,2019,2018,0,2019-03-31,INR,26660000000
RBI:RBI_ASSET_A_RN(1.0),AI074,N_A,AFY,2019,2018,0,2019-03-31,INR,0.0
RBI:RBI_ASSET_A_RN(1.0),AI11,N_A,AFY,2019,2018,0,2019-03-31,INR,1526180000000
RBI:RBI_ASSET_A_RN(1.0),AI10,N_A,AFY,2019,2018,0,2019-03-31,INR,9918410000000
RBI:RBI_ASSET_A_RN(1.0),AI081,N_A,AFY,2019,2018,0,2019-03-31,INR,0.0
RBI:RBI_ASSET_A_RN(1.0),AI01,N_A,AFY,2019,2018,0,2019-03-31,INR,792040000000
RBI:RBI_ASSET_A_RN(1.0),AI03,N_A,AFY,2019,2018,0,2019-03-31,INR,8280000000
RBI:RBI_ASSET_A_RN(1.0),AI04,N_A,AFY,2019,2018,0,2019-03-31,INR,0.0
RBI:RBI_ASSET_A_RN(1.0),A1,N_A,AFY,2019,2018,0,2019-03-31,INR,19341080000000
RBI:RBI_ASSET_A_RN(1.0),AI07,N_A,AFY,2019,2018,0,2019-03-31,INR,931870000000
RBI:RBI_ASSET_A_RN(1.0),AI1101,N_A,AFY,2019,2018,0,2019-03-31,INR,882980000000
RBI:RBI_ASSET_A_RN(1.0),AI06,N_A,AFY,2019,2018,0,2019-03-31,INR,6964530000000
RBI:RBI_ASSET_A_RN(1.0),A2,N_A,AFY,2019,2018,0,2019-03-31,INR,21687970000000
RBI:RBI_ASSET_A_RN(1.0),AI02,N_A,AFY,2019,2018,0,2019-03-31,INR,20887650000000
RBI:RBI_ASSET_A_RN(1.0),AI071,N_A,AFY,2019,2018,0,2019-03-31,INR,265310000000
RBI:RBI_ASSET_A_RN(1.0),AI05,N_A,AFY,2019,2018,0,2019-03-31,INR,90000000
RBI:RBI_ASSET_A_RN(1.0),AI073,N_A,AFY,2019,2018,0,2019-03-31,INR,572000000000
RBI:RBI_ASSET_A_RN(1.0),AI08,N_A,AFY,2019,2018,0,2019-03-31,INR,0.0
RBI:RBI_ASSET_A_RN(1.0),AI1102,N_A,AFY,2019,2018,0,2019-03-31,INR,643200000000
RBI:RBI_ASSET_A_RN(1.0),AI082,N_A,AFY,2019,2018,0,2019-03-31,INR,0.0
RBI:RBI_ASSET_A_RN(1.0),AI071,N_A,AFY,2018,2017,0,2018-03-31,INR,554350000000
RBI:RBI_ASSET_A_RN(1.0),AI081,N_A,AFY,2018,2017,0,2018-03-31,INR,0.0
RBI:RBI_ASSET_A_RN(1.0),AI04,N_A,AFY,2018,2017,0,2018-03-31,INR,0.0
RBI:RBI_ASSET_A_RN(1.0),AI06,N_A,AFY,2018,2017,0,2018-03-31,INR,7983890000000
RBI:RBI_ASSET_A_RN(1.0),AI10,N_A,AFY,2018,2017,0,2018-03-31,INR,6331150000000
RBI:RBI_ASSET_A_RN(1.0),AI074,N_A,AFY,2018,2017,0,2018-03-31,INR,0.0
RBI:RBI_ASSET_A_RN(1.0),AI1102,N_A,AFY,2018,2017,0,2018-03-31,INR,405920000000
RBI:RBI_ASSET_A_RN(1.0),AI01,N_A,AFY,2018,2017,0,2018-03-31,INR,743490000000
RBI:RBI_ASSET_A_RN(1.0),AI11,N_A,AFY,2018,2017,0,2018-03-31,INR,1102660000000
RBI:RBI_ASSET_A_RN(1.0),AI1101,N_A,AFY,2018,2017,0,2018-03-31,INR,696740000000
RBI:RBI_ASSET_A_RN(1.0),AI02,N_A,AFY,2018,2017,0,2018-03-31,INR,18366850000000
RBI:RBI_ASSET_A_RN(1.0),AI073,N_A,AFY,2018,2017,0,2018-03-31,INR,1006900000000
RBI:RBI_ASSET_A_RN(1.0),AI08,N_A,AFY,2018,2017,0,2018-03-31,INR,0.0
RBI:RBI_ASSET_A_RN(1.0),AI082,N_A,AFY,2018,2017,0,2018-03-31,INR,0.0
RBI:RBI_ASSET_A_RN(1.0),AI076,N_A,AFY,2018,2017,0,2018-03-31,INR,0.0
RBI:RBI_ASSET_A_RN(1.0),A1,N_A,AFY,2018,2017,0,2018-03-31,INR,17056340000000
RBI:RBI_ASSET_A_RN(1.0),A2,N_A,AFY,2018,2017,0,2018-03-31,INR,19119600000000
RBI:RBI_ASSET_A_RN(1.0),AI05,N_A,AFY,2018,2017,0,2018-03-31,INR,90000000
RBI:RBI_ASSET_A_RN(1.0),AI07,N_A,AFY,2018,2017,0,2018-03-31,INR,1638550000000
RBI:RBI_ASSET_A_RN(1.0),AI078,N_A,AFY,2018,2017,0,2018-03-31,INR,62370000000
RBI:RBI_ASSET_A_RN(1.0),AI03,N_A,AFY,2018,2017,0,2018-03-31,INR,9260000000
RBI:RBI_ASSET_A_RN(1.0),AI072,N_A,AFY,2018,2017,0,2018-03-31,INR,14930000000
RBI:RBI_ASSET_A_RN(1.0),AI08,N_A,AFY,2017,2016,0,2017-03-31,INR,0.0
RBI:RBI_ASSET_A_RN(1.0),AI10,N_A,AFY,2017,2016,0,2017-03-31,INR,7528110000000
RBI:RBI_ASSET_A_RN(1.0),AI071,N_A,AFY,2017,2016,0,2017-03-31,INR,0.0
RBI:RBI_ASSET_A_RN(1.0),AI04,N_A,AFY,2017,2016,0,2017-03-31,INR,0.0
RBI:RBI_ASSET_A_RN(1.0),AI073,N_A,AFY,2017,2016,0,2017-03-31,INR,218100000000
RBI:RBI_ASSET_A_RN(1.0),AI1101,N_A,AFY,2017,2016,0,2017-03-31,INR,613190000000
RBI:RBI_ASSET_A_RN(1.0),AI11,N_A,AFY,2017,2016,0,2017-03-31,INR,738260000000
RBI:RBI_ASSET_A_RN(1.0),AI081,N_A,AFY,2017,2016,0,2017-03-31,INR,0.0
RBI:RBI_ASSET_A_RN(1.0),AI082,N_A,AFY,2017,2016,0,2017-03-31,INR,0.0
RBI:RBI_ASSET_A_RN(1.0),A2,N_A,AFY,2017,2016,0,2017-03-31,INR,13101930000000
RBI:RBI_ASSET_A_RN(1.0),AI02,N_A,AFY,2017,2016,0,2017-03-31,INR,12422350000000
RBI:RBI_ASSET_A_RN(1.0),AI01,N_A,AFY,2017,2016,0,2017-03-31,INR,675080000000
RBI:RBI_ASSET_A_RN(1.0),AI03,N_A,AFY,2017,2016,0,2017-03-31,INR,4500000000
RBI:RBI_ASSET_A_RN(1.0),AI1102,N_A,AFY,2017,2016,0,2017-03-31,INR,125070000000
RBI:RBI_ASSET_A_RN(1.0),AI05,N_A,AFY,2017,2016,0,2017-03-31,INR,120000000
RBI:RBI_ASSET_A_RN(1.0),AI072,N_A,AFY,2017,2016,0,2017-03-31,INR,12620000000
RBI:RBI_ASSET_A_RN(1.0),A1,N_A,AFY,2017,2016,0,2017-03-31,INR,18760700000000
RBI:RBI_ASSET_A_RN(1.0),AI06,N_A,AFY,2017,2016,0,2017-03-31,INR,10263490000000
RBI:RBI_ASSET_A_RN(1.0),AI076,N_A,AFY,2017,2016,0,2017-03-31,INR,0.0
RBI:RBI_ASSET_A_RN(1.0),AI074,N_A,AFY,2017,2016,0,2017-03-31,INR,0.0
RBI:RBI_ASSET_A_RN(1.0),AI07,N_A,AFY,2017,2016,0,2017-03-31,INR,230720000000
RBI:RBI_ASSET_A_RN(1.0),AI078,N_A,AFY,2016,2015,0,2016-03-31,INR,177830000000
RBI:RBI_ASSET_A_RN(1.0),AI1102,N_A,AFY,2016,2015,0,2016-03-31,INR,187510000000
RBI:RBI_ASSET_A_RN(1.0),A1,N_A,AFY,2016,2015,0,2016-03-31,INR,17240760000000
RBI:RBI_ASSET_A_RN(1.0),AI04,N_A,AFY,2016,2015,0,2016-03-31,INR,10464300000
RBI:RBI_ASSET_A_RN(1.0),AI06,N_A,AFY,2016,2015,0,2016-03-31,INR,6799180000000
RBI:RBI_ASSET_A_RN(1.0),AI082,N_A,AFY,2016,2015,0,2016-03-31,INR,0.0
RBI:RBI_ASSET_A_RN(1.0),AI10,N_A,AFY,2016,2015,0,2016-03-31,INR,6172220000000
RBI:RBI_ASSET_A_RN(1.0),AI03,N_A,AFY,2016,2015,0,2016-03-31,INR,2750000000
RBI:RBI_ASSET_A_RN(1.0),AI11,N_A,AFY,2016,2015,0,2016-03-31,INR,822610000000
RBI:RBI_ASSET_A_RN(1.0),AI074,N_A,AFY,2016,2015,0,2016-03-31,INR,0.0
RBI:RBI_ASSET_A_RN(1.0),AI073,N_A,AFY,2016,2015,0,2016-03-31,INR,3264040000000
RBI:RBI_ASSET_A_RN(1.0),AI01,N_A,AFY,2016,2015,0,2016-03-31,INR,699200000000
RBI:RBI_ASSET_A_RN(1.0),AI081,N_A,AFY,2016,2015,0,2016-03-31,INR,0.0
RBI:RBI_ASSET_A_RN(1.0),AI02,N_A,AFY,2016,2015,0,2016-03-31,INR,15703300000000
RBI:RBI_ASSET_A_RN(1.0),AI072,N_A,AFY,2016,2015,0,2016-03-31,INR,4750000000
RBI:RBI_ASSET_A_RN(1.0),A2,N_A,AFY,2016,2015,0,2016-03-31,INR,16415714300000
RBI:RBI_ASSET_A_RN(1.0),AI071,N_A,AFY,2016,2015,0,2016-03-31,INR,0.0
RBI:RBI_ASSET_A_RN(1.0),AI07,N_A,AFY,2016,2015,0,2016-03-31,INR,3446620000000
RBI:RBI_ASSET_A_RN(1.0),AI076,N_A,AFY,2016,2015,0,2016-03-31,INR,0.0
RBI:RBI_ASSET_A_RN(1.0),AI05,N_A,AFY,2016,2015,0,2016-03-31,INR,130000000
RBI:RBI_ASSET_A_RN(1.0),AI08,N_A,AFY,2016,2015,0,2016-03-31,INR,0.0
RBI:RBI_ASSET_A_RN(1.0),AI1101,N_A,AFY,2016,2015,0,2016-03-31,INR,635100000000
RBI:RBI_ASSET_A_RN(1.0),AI081,N_A,AFY,2015,2014,0,2015-03-31,INR,0.0
RBI:RBI_ASSET_A_RN(1.0),AI04,N_A,AFY,2015,2014,0,2015-03-31,INR,10464300000
RBI:RBI_ASSET_A_RN(1.0),AI076,N_A,AFY,2015,2014,0,2015-03-31,INR,0.0
RBI:RBI_ASSET_A_RN(1.0),A2,N_A,AFY,2015,2014,0,2015-03-31,INR,14288939300000
RBI:RBI_ASSET_A_RN(1.0),AI05,N_A,AFY,2015,2014,0,2015-03-31,INR,105700000
RBI:RBI_ASSET_A_RN(1.0),AI10,N_A,AFY,2015,2014,0,2015-03-31,INR,5258899399999.999
RBI:RBI_ASSET_A_RN(1.0),AI082,N_A,AFY,2015,2014,0,2015-03-31,INR,0.0
RBI:RBI_ASSET_A_RN(1.0),AI078,N_A,AFY,2015,2014,0,2015-03-31,INR,135467300000
RBI:RBI_ASSET_A_RN(1.0),AI02,N_A,AFY,2015,2014,0,2015-03-31,INR,13651910000000
RBI:RBI_ASSET_A_RN(1.0),AI01,N_A,AFY,2015,2014,0,2015-03-31,INR,624403900000
RBI:RBI_ASSET_A_RN(1.0),AI06,N_A,AFY,2015,2014,0,2015-03-31,INR,6429509300000.001
RBI:RBI_ASSET_A_RN(1.0),AI072,N_A,AFY,2015,2014,0,2015-03-31,INR,49000000000
RBI:RBI_ASSET_A_RN(1.0),AI07,N_A,AFY,2015,2014,0,2015-03-31,INR,2381107300000
RBI:RBI_ASSET_A_RN(1.0),A1,N_A,AFY,2015,2014,0,2015-03-31,INR,14770461700000
RBI:RBI_ASSET_A_RN(1.0),AI073,N_A,AFY,2015,2014,0,2015-03-31,INR,2196190000000
RBI:RBI_ASSET_A_RN(1.0),AI071,N_A,AFY,2015,2014,0,2015-03-31,INR,0.0
RBI:RBI_ASSET_A_RN(1.0),AI11,N_A,AFY,2015,2014,0,2015-03-31,INR,700840000000
RBI:RBI_ASSET_A_RN(1.0),AI08,N_A,AFY,2015,2014,0,2015-03-31,INR,0.0
RBI:RBI_ASSET_A_RN(1.0),AI074,N_A,AFY,2015,2014,0,2015-03-31,INR,450000000
RBI:RBI_ASSET_A_RN(1.0),AI1102,N_A,AFY,2015,2014,0,2015-03-31,INR,133640000000
RBI:RBI_ASSET_A_RN(1.0),AI03,N_A,AFY,2015,2014,0,2015-03-31,INR,2161100000
RBI:RBI_ASSET_A_RN(1.0),AI1101,N_A,AFY,2015,2014,0,2015-03-31,INR,567200000000
RBI:RBI_ASSET_A_RN(1.0),AI01,N_A,AFY,2014,2013,0,2014-03-31,INR,679192300000
RBI:RBI_ASSET_A_RN(1.0),AI078,N_A,AFY,2014,2013,0,2014-03-31,INR,75393600000
RBI:RBI_ASSET_A_RN(1.0),AI10,N_A,AFY,2014,2013,0,2014-03-31,INR,7848350600000.001
RBI:RBI_ASSET_A_RN(1.0),AI072,N_A,AFY,2014,2013,0,2014-03-31,INR,11072100000
RBI:RBI_ASSET_A_RN(1.0),AI073,N_A,AFY,2014,2013,0,2014-03-31,INR,484743200000
RBI:RBI_ASSET_A_RN(1.0),AI05,N_A,AFY,2014,2013,0,2014-03-31,INR,130600000
RBI:RBI_ASSET_A_RN(1.0),AI082,N_A,AFY,2014,2013,0,2014-03-31,INR,0.0
RBI:RBI_ASSET_A_RN(1.0),AI074,N_A,AFY,2014,2013,0,2014-03-31,INR,1755000000
RBI:RBI_ASSET_A_RN(1.0),AI081,N_A,AFY,2014,2013,0,2014-03-31,INR,0.0
RBI:RBI_ASSET_A_RN(1.0),A2,N_A,AFY,2014,2013,0,2014-03-31,INR,12837480600000
RBI:RBI_ASSET_A_RN(1.0),AI11,N_A,AFY,2014,2013,0,2014-03-31,INR,814377800000
RBI:RBI_ASSET_A_RN(1.0),AI071,N_A,AFY,2014,2013,0,2014-03-31,INR,0.0
RBI:RBI_ASSET_A_RN(1.0),A1,N_A,AFY,2014,2013,0,2014-03-31,INR,13815935900000.002
RBI:RBI_ASSET_A_RN(1.0),AI03,N_A,AFY,2014,2013,0,2014-03-31,INR,1279800000
RBI:RBI_ASSET_A_RN(1.0),AI02,N_A,AFY,2014,2013,0,2014-03-31,INR,12146544200000
RBI:RBI_ASSET_A_RN(1.0),AI076,N_A,AFY,2014,2013,0,2014-03-31,INR,0.0
RBI:RBI_ASSET_A_RN(1.0),AI06,N_A,AFY,2014,2013,0,2014-03-31,INR,4580113000000
RBI:RBI_ASSET_A_RN(1.0),AI07,N_A,AFY,2014,2013,0,2014-03-31,INR,572963900000
RBI:RBI_ASSET_A_RN(1.0),AI1101,N_A,AFY,2014,2013,0,2014-03-31,INR,616970000000
RBI:RBI_ASSET_A_RN(1.0),AI04,N_A,AFY,2014,2013,0,2014-03-31,INR,10464300000
RBI:RBI_ASSET_A_RN(1.0),AI08,N_A,AFY,2014,2013,0,2014-03-31,INR,0.0
RBI:RBI_ASSET_A_RN(1.0),AI1102,N_A,AFY,2014,2013,0,2014-03-31,INR,197407800000
RBI:RBI_ASSET_A_RN(1.0),AI04,N_A,AFY,2013,2012,0,2013-03-31,INR,10464300000
RBI:RBI_ASSET_A_RN(1.0),AI05,N_A,AFY,2013,2012,0,2013-03-31,INR,93000000
RBI:RBI_ASSET_A_RN(1.0),A2,N_A,AFY,2013,2012,0,2013-03-31,INR,11756446199999.998
RBI:RBI_ASSET_A_RN(1.0),AI1102,N_A,AFY,2013,2012,0,2013-03-31,INR,115800000000
RBI:RBI_ASSET_A_RN(1.0),AI071,N_A,AFY,2013,2012,0,2013-03-31,INR,0.0
RBI:RBI_ASSET_A_RN(1.0),AI08,N_A,AFY,2013,2012,0,2013-03-31,INR,0.0
RBI:RBI_ASSET_A_RN(1.0),AI10,N_A,AFY,2013,2012,0,2013-03-31,INR,6583462000000
RBI:RBI_ASSET_A_RN(1.0),AI078,N_A,AFY,2013,2012,0,2013-03-31,INR,17581300000
RBI:RBI_ASSET_A_RN(1.0),AI074,N_A,AFY,2013,2012,0,2013-03-31,INR,92000000
RBI:RBI_ASSET_A_RN(1.0),AI082,N_A,AFY,2013,2012,0,2013-03-31,INR,0.0
RBI:RBI_ASSET_A_RN(1.0),AI03,N_A,AFY,2013,2012,0,2013-03-31,INR,1873500000
RBI:RBI_ASSET_A_RN(1.0),AI076,N_A,AFY,2013,2012,0,2013-03-31,INR,0.0
RBI:RBI_ASSET_A_RN(1.0),AI11,N_A,AFY,2013,2012,0,2013-03-31,INR,780940000000
RBI:RBI_ASSET_A_RN(1.0),A1,N_A,AFY,2013,2012,0,2013-03-31,INR,10955905100000
RBI:RBI_ASSET_A_RN(1.0),AI1101,N_A,AFY,2013,2012,0,2013-03-31,INR,665140000000
RBI:RBI_ASSET_A_RN(1.0),AI081,N_A,AFY,2013,2012,0,2013-03-31,INR,0.0
RBI:RBI_ASSET_A_RN(1.0),AI02,N_A,AFY,2013,2012,0,2013-03-31,INR,11011883799999.998
RBI:RBI_ASSET_A_RN(1.0),AI072,N_A,AFY,2013,2012,0,2013-03-31,INR,1211800000
RBI:RBI_ASSET_A_RN(1.0),AI073,N_A,AFY,2013,2012,0,2013-03-31,INR,403445899999.99994
RBI:RBI_ASSET_A_RN(1.0),AI07,N_A,AFY,2013,2012,0,2013-03-31,INR,422331000000
RBI:RBI_ASSET_A_RN(1.0),AI01,N_A,AFY,2013,2012,0,2013-03-31,INR,732224600000.0001
RBI:RBI_ASSET_A_RN(1.0),AI06,N_A,AFY,2013,2012,0,2013-03-31,INR,3169079099999.9995
RBI:RBI_ASSET_A_RN(1.0),AI06,N_A,AFY,2012,2011,0,2012-03-31,INR,3534937900000
RBI:RBI_ASSET_A_RN(1.0),A1,N_A,AFY,2012,2011,0,2012-03-31,INR,9904491700000
RBI:RBI_ASSET_A_RN(1.0),AI03,N_A,AFY,2012,2011,0,2012-03-31,INR,841300000
RBI:RBI_ASSET_A_RN(1.0),AI081,N_A,AFY,2012,2011,0,2012-03-31,INR,0.0
RBI:RBI_ASSET_A_RN(1.0),AI02,N_A,AFY,2012,2011,0,2012-03-31,INR,9802248700000
RBI:RBI_ASSET_A_RN(1.0),AI072,N_A,AFY,2012,2011,0,2012-03-31,INR,13669500000
RBI:RBI_ASSET_A_RN(1.0),AI078,N_A,AFY,2012,2011,0,2012-03-31,INR,26598500000
RBI:RBI_ASSET_A_RN(1.0),AI07,N_A,AFY,2012,2011,0,2012-03-31,INR,88742800000
RBI:RBI_ASSET_A_RN(1.0),AI074,N_A,AFY,2012,2011,0,2012-03-31,INR,0.0
RBI:RBI_ASSET_A_RN(1.0),AI071,N_A,AFY,2012,2011,0,2012-03-31,INR,0.0
RBI:RBI_ASSET_A_RN(1.0),AI11,N_A,AFY,2012,2011,0,2012-03-31,INR,748094400000
RBI:RBI_ASSET_A_RN(1.0),A2,N_A,AFY,2012,2011,0,2012-03-31,INR,10537988900000
RBI:RBI_ASSET_A_RN(1.0),AI01,N_A,AFY,2012,2011,0,2012-03-31,INR,724434600000.0001
RBI:RBI_ASSET_A_RN(1.0),AI10,N_A,AFY,2012,2011,0,2012-03-31,INR,5532586300000
RBI:RBI_ASSET_A_RN(1.0),AI076,N_A,AFY,2012,2011,0,2012-03-31,INR,0.0
RBI:RBI_ASSET_A_RN(1.0),AI1101,N_A,AFY,2012,2011,0,2012-03-31,INR,658070000000
RBI:RBI_ASSET_A_RN(1.0),AI04,N_A,AFY,2012,2011,0,2012-03-31,INR,10464300000
RBI:RBI_ASSET_A_RN(1.0),AI073,N_A,AFY,2012,2011,0,2012-03-31,INR,48474799999.99999
RBI:RBI_ASSET_A_RN(1.0),AI05,N_A,AFY,2012,2011,0,2012-03-31,INR,130300000
RBI:RBI_ASSET_A_RN(1.0),AI082,N_A,AFY,2012,2011,0,2012-03-31,INR,0.0
RBI:RBI_ASSET_A_RN(1.0),AI08,N_A,AFY,2012,2011,0,2012-03-31,INR,0.0
RBI:RBI_ASSET_A_RN(1.0),AI1102,N_A,AFY,2012,2011,0,2012-03-31,INR,90024400000
RBI:RBI_ASSET_A_RN(1.0),AI081,N_A,AFY,2011,2010,0,2011-03-31,INR,0.0
RBI:RBI_ASSET_A_RN(1.0),AI04,N_A,AFY,2011,2010,0,2011-03-31,INR,10464300000
RBI:RBI_ASSET_A_RN(1.0),AI08,N_A,AFY,2011,2010,0,2011-03-31,INR,0.0
RBI:RBI_ASSET_A_RN(1.0),A1,N_A,AFY,2011,2010,0,2011-03-31,INR,8018355400000
RBI:RBI_ASSET_A_RN(1.0),AI076,N_A,AFY,2011,2010,0,2011-03-31,INR,0.0
RBI:RBI_ASSET_A_RN(1.0),AI1102,N_A,AFY,2011,2010,0,2011-03-31,INR,58020000000
RBI:RBI_ASSET_A_RN(1.0),AI03,N_A,AFY,2011,2010,0,2011-03-31,INR,2336800000
RBI:RBI_ASSET_A_RN(1.0),AI073,N_A,AFY,2011,2010,0,2011-03-31,INR,51152500000
RBI:RBI_ASSET_A_RN(1.0),AI07,N_A,AFY,2011,2010,0,2011-03-31,INR,89425600000
RBI:RBI_ASSET_A_RN(1.0),A2,N_A,AFY,2011,2010,0,2011-03-31,INR,9369490900000
RBI:RBI_ASSET_A_RN(1.0),AI01,N_A,AFY,2011,2010,0,2011-03-31,INR,537479000000
RBI:RBI_ASSET_A_RN(1.0),AI10,N_A,AFY,2011,2010,0,2011-03-31,INR,3943855000000
RBI:RBI_ASSET_A_RN(1.0),AI072,N_A,AFY,2011,2010,0,2011-03-31,INR,29190300000.000004
RBI:RBI_ASSET_A_RN(1.0),AI02,N_A,AFY,2011,2010,0,2011-03-31,INR,8819210800000
RBI:RBI_ASSET_A_RN(1.0),AI082,N_A,AFY,2011,2010,0,2011-03-31,INR,0.0
RBI:RBI_ASSET_A_RN(1.0),AI05,N_A,AFY,2011,2010,0,2011-03-31,INR,142200000
RBI:RBI_ASSET_A_RN(1.0),AI11,N_A,AFY,2011,2010,0,2011-03-31,INR,546260000000
RBI:RBI_ASSET_A_RN(1.0),AI071,N_A,AFY,2011,2010,0,2011-03-31,INR,0.0
RBI:RBI_ASSET_A_RN(1.0),AI078,N_A,AFY,2011,2010,0,2011-03-31,INR,8642800000
RBI:RBI_ASSET_A_RN(1.0),AI06,N_A,AFY,2011,2010,0,2011-03-31,INR,3438672600000
RBI:RBI_ASSET_A_RN(1.0),AI1101,N_A,AFY,2011,2010,0,2011-03-31,INR,488240000000
RBI:RBI_ASSET_A_RN(1.0),AI074,N_A,AFY,2011,2010,0,2011-03-31,INR,440000000
RBI:RBI_ASSET_A_RN(1.0),AI071,N_A,AFY,2010,2009,0,2010-03-31,INR,0.0
RBI:RBI_ASSET_A_RN(1.0),AI072,N_A,AFY,2010,2009,0,2010-03-31,INR,458500000
RBI:RBI_ASSET_A_RN(1.0),A1,N_A,AFY,2010,2009,0,2010-03-31,INR,6842843800000
RBI:RBI_ASSET_A_RN(1.0),AI078,N_A,AFY,2010,2009,0,2010-03-31,INR,280100000
RBI:RBI_ASSET_A_RN(1.0),AI06,N_A,AFY,2010,2009,0,2010-03-31,INR,4061341300000
RBI:RBI_ASSET_A_RN(1.0),AI04,N_A,AFY,2010,2009,0,2010-03-31,INR,10464300000
RBI:RBI_ASSET_A_RN(1.0),AI11,N_A,AFY,2010,2009,0,2010-03-31,INR,525760400000
RBI:RBI_ASSET_A_RN(1.0),A2,N_A,AFY,2010,2009,0,2010-03-31,INR,7882987800000
RBI:RBI_ASSET_A_RN(1.0),AI01,N_A,AFY,2010,2009,0,2010-03-31,INR,425427200000
RBI:RBI_ASSET_A_RN(1.0),AI081,N_A,AFY,2010,2009,0,2010-03-31,INR,0.0
RBI:RBI_ASSET_A_RN(1.0),AI082,N_A,AFY,2010,2009,0,2010-03-31,INR,0.0
RBI:RBI_ASSET_A_RN(1.0),AI02,N_A,AFY,2010,2009,0,2010-03-31,INR,7444402000000
RBI:RBI_ASSET_A_RN(1.0),AI10,N_A,AFY,2010,2009,0,2010-03-31,INR,2243109300000
RBI:RBI_ASSET_A_RN(1.0),AI03,N_A,AFY,2010,2009,0,2010-03-31,INR,2694300000
RBI:RBI_ASSET_A_RN(1.0),AI05,N_A,AFY,2010,2009,0,2010-03-31,INR,204200000
RBI:RBI_ASSET_A_RN(1.0),AI074,N_A,AFY,2010,2009,0,2010-03-31,INR,0.0
RBI:RBI_ASSET_A_RN(1.0),AI076,N_A,AFY,2010,2009,0,2010-03-31,INR,0.0
RBI:RBI_ASSET_A_RN(1.0),AI1101,N_A,AFY,2010,2009,0,2010-03-31,INR,386450000000
RBI:RBI_ASSET_A_RN(1.0),AI073,N_A,AFY,2010,2009,0,2010-03-31,INR,11690000000
RBI:RBI_ASSET_A_RN(1.0),AI07,N_A,AFY,2010,2009,0,2010-03-31,INR,12428600000
RBI:RBI_ASSET_A_RN(1.0),AI08,N_A,AFY,2010,2009,0,2010-03-31,INR,0.0
RBI:RBI_ASSET_A_RN(1.0),AI1102,N_A,AFY,2010,2009,0,2010-03-31,INR,139310400000
RBI:RBI_ASSET_A_RN(1.0),AI03,N_A,AFY,2009,2008,0,2009-03-31,INR,981900000
RBI:RBI_ASSET_A_RN(1.0),AI076,N_A,AFY,2009,2008,0,2009-03-31,INR,0.0
RBI:RBI_ASSET_A_RN(1.0),AI11,N_A,AFY,2009,2008,0,2009-03-31,INR,235062599999.99997
RBI:RBI_ASSET_A_RN(1.0),AI01,N_A,AFY,2009,2008,0,2009-03-31,INR,398615300000
RBI:RBI_ASSET_A_RN(1.0),AI04,N_A,AFY,2009,2008,0,2009-03-31,INR,10464300000
RBI:RBI_ASSET_A_RN(1.0),AI082,N_A,AFY,2009,2008,0,2009-03-31,INR,0.0
RBI:RBI_ASSET_A_RN(1.0),AI08,N_A,AFY,2009,2008,0,2009-03-31,INR,0.0
RBI:RBI_ASSET_A_RN(1.0),A2,N_A,AFY,2009,2008,0,2009-03-31,INR,6811128700000
RBI:RBI_ASSET_A_RN(1.0),AI081,N_A,AFY,2009,2008,0,2009-03-31,INR,0.0
RBI:RBI_ASSET_A_RN(1.0),AI074,N_A,AFY,2009,2008,0,2009-03-31,INR,1930000000
RBI:RBI_ASSET_A_RN(1.0),AI05,N_A,AFY,2009,2008,0,2009-03-31,INR,144300000
RBI:RBI_ASSET_A_RN(1.0),AI071,N_A,AFY,2009,2008,0,2009-03-31,INR,0.0
RBI:RBI_ASSET_A_RN(1.0),AI072,N_A,AFY,2009,2008,0,2009-03-31,INR,16776199999.999998
RBI:RBI_ASSET_A_RN(1.0),AI10,N_A,AFY,2009,2008,0,2009-03-31,INR,1593196099999.9998
RBI:RBI_ASSET_A_RN(1.0),AI073,N_A,AFY,2009,2008,0,2009-03-31,INR,101644700000
RBI:RBI_ASSET_A_RN(1.0),AI1102,N_A,AFY,2009,2008,0,2009-03-31,INR,145742599999.99997
RBI:RBI_ASSET_A_RN(1.0),AI06,N_A,AFY,2009,2008,0,2009-03-31,INR,5910067000000
RBI:RBI_ASSET_A_RN(1.0),AI1101,N_A,AFY,2009,2008,0,2009-03-31,INR,89320000000
RBI:RBI_ASSET_A_RN(1.0),AI02,N_A,AFY,2009,2008,0,2009-03-31,INR,6401067200000
RBI:RBI_ASSET_A_RN(1.0),A1,N_A,AFY,2009,2008,0,2009-03-31,INR,7984019800000
RBI:RBI_ASSET_A_RN(1.0),AI07,N_A,AFY,2009,2008,0,2009-03-31,INR,245549800000
RBI:RBI_ASSET_A_RN(1.0),AI078,N_A,AFY,2009,2008,0,2009-03-31,INR,125198900000
RBI:RBI_ASSET_A_RN(1.0),AI078,N_A,AFY,2008,2007,0,2008-03-31,INR,4882800000
RBI:RBI_ASSET_A_RN(1.0),AI04,N_A,AFY,2008,2007,0,2008-03-31,INR,10464300000
RBI:RBI_ASSET_A_RN(1.0),AI11,N_A,AFY,2008,2007,0,2008-03-31,INR,111808900000
RBI:RBI_ASSET_A_RN(1.0),AI10,N_A,AFY,2008,2007,0,2008-03-31,INR,1164920800000
RBI:RBI_ASSET_A_RN(1.0),AI073,N_A,AFY,2008,2007,0,2008-03-31,INR,45710000000
RBI:RBI_ASSET_A_RN(1.0),AI05,N_A,AFY,2008,2007,0,2008-03-31,INR,219400000
RBI:RBI_ASSET_A_RN(1.0),A1,N_A,AFY,2008,2007,0,2008-03-31,INR,7824286799999.999
RBI:RBI_ASSET_A_RN(1.0),AI076,N_A,AFY,2008,2007,0,2008-03-31,INR,0.0
RBI:RBI_ASSET_A_RN(1.0),AI01,N_A,AFY,2008,2007,0,2008-03-31,INR,327790600000
RBI:RBI_ASSET_A_RN(1.0),AI03,N_A,AFY,2008,2007,0,2008-03-31,INR,1320600000
RBI:RBI_ASSET_A_RN(1.0),AI06,N_A,AFY,2008,2007,0,2008-03-31,INR,6481870699999.999
RBI:RBI_ASSET_A_RN(1.0),AI072,N_A,AFY,2008,2007,0,2008-03-31,INR,14684200000
RBI:RBI_ASSET_A_RN(1.0),AI07,N_A,AFY,2008,2007,0,2008-03-31,INR,65467000000
RBI:RBI_ASSET_A_RN(1.0),AI074,N_A,AFY,2008,2007,0,2008-03-31,INR,190000000
RBI:RBI_ASSET_A_RN(1.0),A2,N_A,AFY,2008,2007,0,2008-03-31,INR,5815984200000
RBI:RBI_ASSET_A_RN(1.0),AI1101,N_A,AFY,2008,2007,0,2008-03-31,INR,73450000000
RBI:RBI_ASSET_A_RN(1.0),AI081,N_A,AFY,2008,2007,0,2008-03-31,INR,0.0
RBI:RBI_ASSET_A_RN(1.0),AI1102,N_A,AFY,2008,2007,0,2008-03-31,INR,38358900000
RBI:RBI_ASSET_A_RN(1.0),AI082,N_A,AFY,2008,2007,0,2008-03-31,INR,0.0
RBI:RBI_ASSET_A_RN(1.0),AI02,N_A,AFY,2008,2007,0,2008-03-31,INR,5476408700000
RBI:RBI_ASSET_A_RN(1.0),AI08,N_A,AFY,2008,2007,0,2008-03-31,INR,0.0
RBI:RBI_ASSET_A_RN(1.0),AI071,N_A,AFY,2008,2007,0,2008-03-31,INR,0.0
RBI:RBI_ASSET_A_RN(1.0),AI11,N_A,AFY,2007,2006,0,2007-03-31,INR,111936299999.99998
RBI:RBI_ASSET_A_RN(1.0),AI08,N_A,AFY,2007,2006,0,2007-03-31,INR,0.0
RBI:RBI_ASSET_A_RN(1.0),AI04,N_A,AFY,2007,2006,0,2007-03-31,INR,10464300000
RBI:RBI_ASSET_A_RN(1.0),AI081,N_A,AFY,2007,2006,0,2007-03-31,INR,0.0
RBI:RBI_ASSET_A_RN(1.0),A2,N_A,AFY,2007,2006,0,2007-03-31,INR,4959495600000
RBI:RBI_ASSET_A_RN(1.0),AI076,N_A,AFY,2007,2006,0,2007-03-31,INR,0.0
RBI:RBI_ASSET_A_RN(1.0),AI03,N_A,AFY,2007,2006,0,2007-03-31,INR,110300000
RBI:RBI_ASSET_A_RN(1.0),AI06,N_A,AFY,2007,2006,0,2007-03-31,INR,3656689393999.9995
RBI:RBI_ASSET_A_RN(1.0),AI02,N_A,AFY,2007,2006,0,2007-03-31,INR,4707322800000
RBI:RBI_ASSET_A_RN(1.0),AI1102,N_A,AFY,2007,2006,0,2007-03-31,INR,57796299999.99998
RBI:RBI_ASSET_A_RN(1.0),AI078,N_A,AFY,2007,2006,0,2007-03-31,INR,2372300000
RBI:RBI_ASSET_A_RN(1.0),AI1101,N_A,AFY,2007,2006,0,2007-03-31,INR,54140000000
RBI:RBI_ASSET_A_RN(1.0),AI074,N_A,AFY,2007,2006,0,2007-03-31,INR,1030000000
RBI:RBI_ASSET_A_RN(1.0),AI05,N_A,AFY,2007,2006,0,2007-03-31,INR,120582000
RBI:RBI_ASSET_A_RN(1.0),AI082,N_A,AFY,2007,2006,0,2007-03-31,INR,0.0
RBI:RBI_ASSET_A_RN(1.0),AI071,N_A,AFY,2007,2006,0,2007-03-31,INR,0.0
RBI:RBI_ASSET_A_RN(1.0),AI073,N_A,AFY,2007,2006,0,2007-03-31,INR,63096899999.99999
RBI:RBI_ASSET_A_RN(1.0),AI10,N_A,AFY,2007,2006,0,2007-03-31,INR,1002940518000
RBI:RBI_ASSET_A_RN(1.0),A1,N_A,AFY,2007,2006,0,2007-03-31,INR,4841467193999.999
RBI:RBI_ASSET_A_RN(1.0),AI01,N_A,AFY,2007,2006,0,2007-03-31,INR,241598200000
RBI:RBI_ASSET_A_RN(1.0),AI07,N_A,AFY,2007,2006,0,2007-03-31,INR,69780400000
RBI:RBI_ASSET_A_RN(1.0),AI072,N_A,AFY,2007,2006,0,2007-03-31,INR,3281200000
RBI:RBI_ASSET_A_RN(1.0),AI05,N_A,AFY,2006,2005,0,2006-03-31,INR,222100000
RBI:RBI_ASSET_A_RN(1.0),AI11,N_A,AFY,2006,2005,0,2006-03-31,INR,119419500000
RBI:RBI_ASSET_A_RN(1.0),AI02,N_A,AFY,2006,2005,0,2006-03-31,INR,3997687100000
RBI:RBI_ASSET_A_RN(1.0),AI072,N_A,AFY,2006,2005,0,2006-03-31,INR,14806000000
RBI:RBI_ASSET_A_RN(1.0),AI10,N_A,AFY,2006,2005,0,2006-03-31,INR,735262100000.0001
RBI:RBI_ASSET_A_RN(1.0),AI07,N_A,AFY,2006,2005,0,2006-03-31,INR,61401000000
RBI:RBI_ASSET_A_RN(1.0),AI074,N_A,AFY,2006,2005,0,2006-03-31,INR,870000000
RBI:RBI_ASSET_A_RN(1.0),AI01,N_A,AFY,2006,2005,0,2006-03-31,INR,209744800000
RBI:RBI_ASSET_A_RN(1.0),AI081,N_A,AFY,2006,2005,0,2006-03-31,INR,0.0
RBI:RBI_ASSET_A_RN(1.0),AI03,N_A,AFY,2006,2005,0,2006-03-31,INR,1503400000
RBI:RBI_ASSET_A_RN(1.0),AI073,N_A,AFY,2006,2005,0,2006-03-31,INR,14876800000
RBI:RBI_ASSET_A_RN(1.0),AI1102,N_A,AFY,2006,2005,0,2006-03-31,INR,72419500000
RBI:RBI_ASSET_A_RN(1.0),AI06,N_A,AFY,2006,2005,0,2006-03-31,INR,2473666800000
RBI:RBI_ASSET_A_RN(1.0),AI078,N_A,AFY,2006,2005,0,2006-03-31,INR,868700000
RBI:RBI_ASSET_A_RN(1.0),A2,N_A,AFY,2006,2005,0,2006-03-31,INR,4219399600000
RBI:RBI_ASSET_A_RN(1.0),AI04,N_A,AFY,2006,2005,0,2006-03-31,INR,10464300000
RBI:RBI_ASSET_A_RN(1.0),AI071,N_A,AFY,2006,2005,0,2006-03-31,INR,0.0
RBI:RBI_ASSET_A_RN(1.0),AI076,N_A,AFY,2006,2005,0,2006-03-31,INR,29979500000
RBI:RBI_ASSET_A_RN(1.0),AI08,N_A,AFY,2006,2005,0,2006-03-31,INR,0.0
RBI:RBI_ASSET_A_RN(1.0),AI1101,N_A,AFY,2006,2005,0,2006-03-31,INR,47000000000
RBI:RBI_ASSET_A_RN(1.0),AI082,N_A,AFY,2006,2005,0,2006-03-31,INR,0.0
RBI:RBI_ASSET_A_RN(1.0),A1,N_A,AFY,2006,2005,0,2006-03-31,INR,3389971500000
RBI:RBI_ASSET_A_RN(1.0),AI078,N_A,AFY,2005,2004,0,2005-03-31,INR,895000000
RBI:RBI_ASSET_A_RN(1.0),AI08,N_A,AFY,2005,2004,0,2005-03-31,INR,0.0
RBI:RBI_ASSET_A_RN(1.0),A1,N_A,AFY,2005,2004,0,2005-03-31,INR,3267423100000
RBI:RBI_ASSET_A_RN(1.0),AI072,N_A,AFY,2005,2004,0,2005-03-31,INR,52831500000
RBI:RBI_ASSET_A_RN(1.0),AI1102,N_A,AFY,2005,2004,0,2005-03-31,INR,50802600000
RBI:RBI_ASSET_A_RN(1.0),AI03,N_A,AFY,2005,2004,0,2005-03-31,INR,1445800000
RBI:RBI_ASSET_A_RN(1.0),AI01,N_A,AFY,2005,2004,0,2005-03-31,INR,160825500000
RBI:RBI_ASSET_A_RN(1.0),AI1101,N_A,AFY,2005,2004,0,2005-03-31,INR,36036500000
RBI:RBI_ASSET_A_RN(1.0),AI082,N_A,AFY,2005,2004,0,2005-03-31,INR,0.0
RBI:RBI_ASSET_A_RN(1.0),AI06,N_A,AFY,2005,2004,0,2005-03-31,INR,2494394900000
RBI:RBI_ASSET_A_RN(1.0),AI07,N_A,AFY,2005,2004,0,2005-03-31,INR,94078000000
RBI:RBI_ASSET_A_RN(1.0),AI074,N_A,AFY,2005,2004,0,2005-03-31,INR,129000000
RBI:RBI_ASSET_A_RN(1.0),AI076,N_A,AFY,2005,2004,0,2005-03-31,INR,39272500000
RBI:RBI_ASSET_A_RN(1.0),AI071,N_A,AFY,2005,2004,0,2005-03-31,INR,0.0
RBI:RBI_ASSET_A_RN(1.0),AI11,N_A,AFY,2005,2004,0,2005-03-31,INR,86839100000
RBI:RBI_ASSET_A_RN(1.0),AI05,N_A,AFY,2005,2004,0,2005-03-31,INR,182800000
RBI:RBI_ASSET_A_RN(1.0),AI02,N_A,AFY,2005,2004,0,2005-03-31,INR,3434843000000
RBI:RBI_ASSET_A_RN(1.0),AI081,N_A,AFY,2005,2004,0,2005-03-31,INR,0.0
RBI:RBI_ASSET_A_RN(1.0),A2,N_A,AFY,2005,2004,0,2005-03-31,INR,3612286600000
RBI:RBI_ASSET_A_RN(1.0),AI04,N_A,AFY,2005,2004,0,2005-03-31,INR,15172300000
RBI:RBI_ASSET_A_RN(1.0),AI10,N_A,AFY,2005,2004,0,2005-03-31,INR,591928300000
RBI:RBI_ASSET_A_RN(1.0),AI073,N_A,AFY,2005,2004,0,2005-03-31,INR,950000000
RBI:RBI_ASSET_A_RN(1.0),AI082,N_A,AFY,2004,2003,0,2004-03-31,INR,0.0
RBI:RBI_ASSET_A_RN(1.0),A1,N_A,AFY,2004,2003,0,2004-03-31,INR,2291850000000
RBI:RBI_ASSET_A_RN(1.0),AI073,N_A,AFY,2004,2003,0,2004-03-31,INR,0.0
RBI:RBI_ASSET_A_RN(1.0),AI07,N_A,AFY,2004,2003,0,2004-03-31,INR,82480000000
RBI:RBI_ASSET_A_RN(1.0),AI11,N_A,AFY,2004,2003,0,2004-03-31,INR,107940000000
RBI:RBI_ASSET_A_RN(1.0),AI1101,N_A,AFY,2004,2003,0,2004-03-31,INR,33350000000
RBI:RBI_ASSET_A_RN(1.0),AI08,N_A,AFY,2004,2003,0,2004-03-31,INR,0.0
RBI:RBI_ASSET_A_RN(1.0),AI1102,N_A,AFY,2004,2003,0,2004-03-31,INR,74590000000
RBI:RBI_ASSET_A_RN(1.0),AI03,N_A,AFY,2004,2003,0,2004-03-31,INR,870000000
RBI:RBI_ASSET_A_RN(1.0),AI078,N_A,AFY,2004,2003,0,2004-03-31,INR,2610000000
RBI:RBI_ASSET_A_RN(1.0),AI06,N_A,AFY,2004,2003,0,2004-03-31,INR,1646940000000
RBI:RBI_ASSET_A_RN(1.0),AI01,N_A,AFY,2004,2003,0,2004-03-31,INR,148810000000
RBI:RBI_ASSET_A_RN(1.0),AI05,N_A,AFY,2004,2003,0,2004-03-31,INR,320000000
RBI:RBI_ASSET_A_RN(1.0),AI02,N_A,AFY,2004,2003,0,2004-03-31,INR,3013260000000
RBI:RBI_ASSET_A_RN(1.0),AI072,N_A,AFY,2004,2003,0,2004-03-31,INR,37900000000
RBI:RBI_ASSET_A_RN(1.0),AI10,N_A,AFY,2004,2003,0,2004-03-31,INR,454170000000
RBI:RBI_ASSET_A_RN(1.0),AI071,N_A,AFY,2004,2003,0,2004-03-31,INR,0.0
RBI:RBI_ASSET_A_RN(1.0),AI076,N_A,AFY,2004,2003,0,2004-03-31,INR,41940000000
RBI:RBI_ASSET_A_RN(1.0),A2,N_A,AFY,2004,2003,0,2004-03-31,INR,3197610000000
RBI:RBI_ASSET_A_RN(1.0),AI074,N_A,AFY,2004,2003,0,2004-03-31,INR,30000000
RBI:RBI_ASSET_A_RN(1.0),AI04,N_A,AFY,2004,2003,0,2004-03-31,INR,34670000000
RBI:RBI_ASSET_A_RN(1.0),AI081,N_A,AFY,2004,2003,0,2004-03-31,INR,0.0
RBI:RBI_ASSET_A_RN(1.0),AI07,N_A,AFY,2003,2002,0,2003-03-31,INR,114140000000
RBI:RBI_ASSET_A_RN(1.0),AI082,N_A,AFY,2003,2002,0,2003-03-31,INR,0.0
RBI:RBI_ASSET_A_RN(1.0),AI01,N_A,AFY,2003,2002,0,2003-03-31,INR,137120000000
RBI:RBI_ASSET_A_RN(1.0),AI02,N_A,AFY,2003,2002,0,2003-03-31,INR,2150000000000
RBI:RBI_ASSET_A_RN(1.0),AI081,N_A,AFY,2003,2002,0,2003-03-31,INR,0.0
RBI:RBI_ASSET_A_RN(1.0),AI074,N_A,AFY,2003,2002,0,2003-03-31,INR,210000000
RBI:RBI_ASSET_A_RN(1.0),A2,N_A,AFY,2003,2002,0,2003-03-31,INR,2754430000000
RBI:RBI_ASSET_A_RN(1.0),AI1101,N_A,AFY,2003,2002,0,2003-03-31,INR,30730000000
RBI:RBI_ASSET_A_RN(1.0),AI072,N_A,AFY,2003,2002,0,2003-03-31,INR,41280000000
RBI:RBI_ASSET_A_RN(1.0),AI11,N_A,AFY,2003,2002,0,2003-03-31,INR,82240000000
RBI:RBI_ASSET_A_RN(1.0),AI073,N_A,AFY,2003,2002,0,2003-03-31,INR,1020000000
RBI:RBI_ASSET_A_RN(1.0),A1,N_A,AFY,2003,2002,0,2003-03-31,INR,2203120000000
RBI:RBI_ASSET_A_RN(1.0),AI1102,N_A,AFY,2003,2002,0,2003-03-31,INR,51510000000
RBI:RBI_ASSET_A_RN(1.0),AI076,N_A,AFY,2003,2002,0,2003-03-31,INR,57920000000
RBI:RBI_ASSET_A_RN(1.0),AI078,N_A,AFY,2003,2002,0,2003-03-31,INR,13710000000
RBI:RBI_ASSET_A_RN(1.0),AI04,N_A,AFY,2003,2002,0,2003-03-31,INR,466640000000
RBI:RBI_ASSET_A_RN(1.0),AI071,N_A,AFY,2003,2002,0,2003-03-31,INR,0.0
RBI:RBI_ASSET_A_RN(1.0),AI05,N_A,AFY,2003,2002,0,2003-03-31,INR,420000000
RBI:RBI_ASSET_A_RN(1.0),AI06,N_A,AFY,2003,2002,0,2003-03-31,INR,1263080000000
RBI:RBI_ASSET_A_RN(1.0),AI03,N_A,AFY,2003,2002,0,2003-03-31,INR,670000000
RBI:RBI_ASSET_A_RN(1.0),AI08,N_A,AFY,2003,2002,0,2003-03-31,INR,0.0
RBI:RBI_ASSET_A_RN(1.0),AI10,N_A,AFY,2003,2002,0,2003-03-31,INR,743240000000
RBI:RBI_ASSET_A_RN(1.0),AI05,N_A,AFY,2002,2001,0,2002-03-31,INR,480000000
RBI:RBI_ASSET_A_RN(1.0),AI073,N_A,AFY,2002,2001,0,2002-03-31,INR,29230000000
RBI:RBI_ASSET_A_RN(1.0),AI02,N_A,AFY,2002,2001,0,2002-03-31,INR,1437000000000
RBI:RBI_ASSET_A_RN(1.0),AI03,N_A,AFY,2002,2001,0,2002-03-31,INR,1590000000
RBI:RBI_ASSET_A_RN(1.0),AI078,N_A,AFY,2002,2001,0,2002-03-31,INR,42960000000
RBI:RBI_ASSET_A_RN(1.0),AI074,N_A,AFY,2002,2001,0,2002-03-31,INR,350000000
RBI:RBI_ASSET_A_RN(1.0),AI07,N_A,AFY,2002,2001,0,2002-03-31,INR,276880000000
RBI:RBI_ASSET_A_RN(1.0),AI1101,N_A,AFY,2002,2001,0,2002-03-31,INR,27220000000
RBI:RBI_ASSET_A_RN(1.0),AI072,N_A,AFY,2002,2001,0,2002-03-31,INR,87580000000
RBI:RBI_ASSET_A_RN(1.0),AI10,N_A,AFY,2002,2001,0,2002-03-31,INR,570720000000
RBI:RBI_ASSET_A_RN(1.0),AI04,N_A,AFY,2002,2001,0,2002-03-31,INR,886490000000
RBI:RBI_ASSET_A_RN(1.0),AI06,N_A,AFY,2002,2001,0,2002-03-31,INR,1052620000000
RBI:RBI_ASSET_A_RN(1.0),AI076,N_A,AFY,2002,2001,0,2002-03-31,INR,65000000000
RBI:RBI_ASSET_A_RN(1.0),AI08,N_A,AFY,2002,2001,0,2002-03-31,INR,0.0
RBI:RBI_ASSET_A_RN(1.0),AI1102,N_A,AFY,2002,2001,0,2002-03-31,INR,51770000000
RBI:RBI_ASSET_A_RN(1.0),AI01,N_A,AFY,2002,2001,0,2002-03-31,INR,121460000000
RBI:RBI_ASSET_A_RN(1.0),AI081,N_A,AFY,2002,2001,0,2002-03-31,INR,0.0
RBI:RBI_ASSET_A_RN(1.0),AI11,N_A,AFY,2002,2001,0,2002-03-31,INR,78990000000
RBI:RBI_ASSET_A_RN(1.0),AI082,N_A,AFY,2002,2001,0,2002-03-31,INR,0.0
RBI:RBI_ASSET_A_RN(1.0),AI071,N_A,AFY,2002,2001,0,2002-03-31,INR,51760000000
RBI:RBI_ASSET_A_RN(1.0),A2,N_A,AFY,2002,2001,0,2002-03-31,INR,2446540000000
RBI:RBI_ASSET_A_RN(1.0),A1,N_A,AFY,2002,2001,0,2002-03-31,INR,1979690000000
RBI:RBI_ASSET_A_RN(1.0),AI076,N_A,AFY,2001,2000,0,2001-03-31,INR,66000000000
RBI:RBI_ASSET_A_RN(1.0),AI04,N_A,AFY,2001,2000,0,2001-03-31,INR,1107750000000
RBI:RBI_ASSET_A_RN(1.0),AI1102,N_A,AFY,2001,2000,0,2001-03-31,INR,65980000000
RBI:RBI_ASSET_A_RN(1.0),AI11,N_A,AFY,2001,2000,0,2001-03-31,INR,89250000000
RBI:RBI_ASSET_A_RN(1.0),AI10,N_A,AFY,2001,2000,0,2001-03-31,INR,364980000000
RBI:RBI_ASSET_A_RN(1.0),A2,N_A,AFY,2001,2000,0,2001-03-31,INR,2129360000000
RBI:RBI_ASSET_A_RN(1.0),AI081,N_A,AFY,2001,2000,0,2001-03-31,INR,0.0
RBI:RBI_ASSET_A_RN(1.0),AI072,N_A,AFY,2001,2000,0,2001-03-31,INR,68110000000
RBI:RBI_ASSET_A_RN(1.0),A1,N_A,AFY,2001,2000,0,2001-03-31,INR,1736040000000
RBI:RBI_ASSET_A_RN(1.0),AI08,N_A,AFY,2001,2000,0,2001-03-31,INR,0.0
RBI:RBI_ASSET_A_RN(1.0),AI071,N_A,AFY,2001,2000,0,2001-03-31,INR,53950000000
RBI:RBI_ASSET_A_RN(1.0),AI07,N_A,AFY,2001,2000,0,2001-03-31,INR,354420000000
RBI:RBI_ASSET_A_RN(1.0),AI01,N_A,AFY,2001,2000,0,2001-03-31,INR,103840000000
RBI:RBI_ASSET_A_RN(1.0),AI074,N_A,AFY,2001,2000,0,2001-03-31,INR,300000000
RBI:RBI_ASSET_A_RN(1.0),AI06,N_A,AFY,2001,2000,0,2001-03-31,INR,926540000000
RBI:RBI_ASSET_A_RN(1.0),AI078,N_A,AFY,2001,2000,0,2001-03-31,INR,115640000000
RBI:RBI_ASSET_A_RN(1.0),AI073,N_A,AFY,2001,2000,0,2001-03-31,INR,50420000000
RBI:RBI_ASSET_A_RN(1.0),AI1101,N_A,AFY,2001,2000,0,2001-03-31,INR,23270000000
RBI:RBI_ASSET_A_RN(1.0),AI05,N_A,AFY,2001,2000,0,2001-03-31,INR,850000000
RBI:RBI_ASSET_A_RN(1.0),AI03,N_A,AFY,2001,2000,0,2001-03-31,INR,770000000
RBI:RBI_ASSET_A_RN(1.0),AI02,N_A,AFY,2001,2000,0,2001-03-31,INR,917000000000
RBI:RBI_ASSET_A_RN(1.0),AI082,N_A,AFY,2001,2000,0,2001-03-31,INR,0.0
RBI:RBI_ASSET_A_RN(1.0),A1,N_A,AFY,2000,1999,0,2000-03-31,INR,1606550000000
RBI:RBI_ASSET_A_RN(1.0),AI074,N_A,AFY,2000,1999,0,2000-03-31,INR,150000000
RBI:RBI_ASSET_A_RN(1.0),AI05,N_A,AFY,2000,1999,0,2000-03-31,INR,520000000
RBI:RBI_ASSET_A_RN(1.0),AI03,N_A,AFY,2000,1999,0,2000-03-31,INR,1020000000
RBI:RBI_ASSET_A_RN(1.0),AI06,N_A,AFY,2000,1999,0,2000-03-31,INR,523130000000
RBI:RBI_ASSET_A_RN(1.0),AI02,N_A,AFY,2000,1999,0,2000-03-31,INR,727000000000
RBI:RBI_ASSET_A_RN(1.0),AI08,N_A,AFY,2000,1999,0,2000-03-31,INR,0.0
RBI:RBI_ASSET_A_RN(1.0),AI1101,N_A,AFY,2000,1999,0,2000-03-31,INR,23750000000
RBI:RBI_ASSET_A_RN(1.0),AI072,N_A,AFY,2000,1999,0,2000-03-31,INR,75190000000
RBI:RBI_ASSET_A_RN(1.0),AI07,N_A,AFY,2000,1999,0,2000-03-31,INR,378900000000
RBI:RBI_ASSET_A_RN(1.0),AI11,N_A,AFY,2000,1999,0,2000-03-31,INR,77400000000
RBI:RBI_ASSET_A_RN(1.0),AI04,N_A,AFY,2000,1999,0,2000-03-31,INR,1091340000000
RBI:RBI_ASSET_A_RN(1.0),AI071,N_A,AFY,2000,1999,0,2000-03-31,INR,9820000000
RBI:RBI_ASSET_A_RN(1.0),AI01,N_A,AFY,2000,1999,0,2000-03-31,INR,105980000000
RBI:RBI_ASSET_A_RN(1.0),AI081,N_A,AFY,2000,1999,0,2000-03-31,INR,0.0
RBI:RBI_ASSET_A_RN(1.0),AI073,N_A,AFY,2000,1999,0,2000-03-31,INR,95130000000
RBI:RBI_ASSET_A_RN(1.0),AI10,N_A,AFY,2000,1999,0,2000-03-31,INR,626600000000
RBI:RBI_ASSET_A_RN(1.0),AI078,N_A,AFY,2000,1999,0,2000-03-31,INR,139770000000
RBI:RBI_ASSET_A_RN(1.0),A2,N_A,AFY,2000,1999,0,2000-03-31,INR,1925340000000
RBI:RBI_ASSET_A_RN(1.0),AI076,N_A,AFY,2000,1999,0,2000-03-31,INR,58840000000
RBI:RBI_ASSET_A_RN(1.0),AI082,N_A,AFY,2000,1999,0,2000-03-31,INR,0.0
RBI:RBI_ASSET_A_RN(1.0),AI1102,N_A,AFY,2000,1999,0,2000-03-31,INR,53650000000
RBI:RBI_ASSET_A_RN(1.0),AI11,N_A,AFY,1999,1998,0,1999-03-31,INR,66410000000
RBI:RBI_ASSET_A_RN(1.0),AI02,N_A,AFY,1999,1998,0,1999-03-31,INR,507000000000
RBI:RBI_ASSET_A_RN(1.0),AI1101,N_A,AFY,1999,1998,0,1999-03-31,INR,23140000000
RBI:RBI_ASSET_A_RN(1.0),AI071,N_A,AFY,1999,1998,0,1999-03-31,INR,28730000000
RBI:RBI_ASSET_A_RN(1.0),AI081,N_A,AFY,1999,1998,0,1999-03-31,INR,0.0
RBI:RBI_ASSET_A_RN(1.0),AI072,N_A,AFY,1999,1998,0,1999-03-31,INR,14930000000
RBI:RBI_ASSET_A_RN(1.0),AI08,N_A,AFY,1999,1998,0,1999-03-31,INR,0.0
RBI:RBI_ASSET_A_RN(1.0),AI10,N_A,AFY,1999,1998,0,1999-03-31,INR,551120000000
RBI:RBI_ASSET_A_RN(1.0),AI073,N_A,AFY,1999,1998,0,1999-03-31,INR,28940000000
RBI:RBI_ASSET_A_RN(1.0),AI07,N_A,AFY,1999,1998,0,1999-03-31,INR,198760000000
RBI:RBI_ASSET_A_RN(1.0),AI04,N_A,AFY,1999,1998,0,1999-03-31,INR,1114920000000
RBI:RBI_ASSET_A_RN(1.0),AI074,N_A,AFY,1999,1998,0,1999-03-31,INR,130000000
RBI:RBI_ASSET_A_RN(1.0),AI05,N_A,AFY,1999,1998,0,1999-03-31,INR,330000000
RBI:RBI_ASSET_A_RN(1.0),A1,N_A,AFY,1999,1998,0,1999-03-31,INR,1339720000000
RBI:RBI_ASSET_A_RN(1.0),AI082,N_A,AFY,1999,1998,0,1999-03-31,INR,0.0
RBI:RBI_ASSET_A_RN(1.0),AI076,N_A,AFY,1999,1998,0,1999-03-31,INR,55600000000
RBI:RBI_ASSET_A_RN(1.0),AI03,N_A,AFY,1999,1998,0,1999-03-31,INR,710000000
RBI:RBI_ASSET_A_RN(1.0),AI06,N_A,AFY,1999,1998,0,1999-03-31,INR,523100000000
RBI:RBI_ASSET_A_RN(1.0),A2,N_A,AFY,1999,1998,0,1999-03-31,INR,1725730000000
RBI:RBI_ASSET_A_RN(1.0),AI01,N_A,AFY,1999,1998,0,1999-03-31,INR,103100000000
RBI:RBI_ASSET_A_RN(1.0),AI078,N_A,AFY,1999,1998,0,1999-03-31,INR,70430000000
RBI:RBI_ASSET_A_RN(1.0),AI1102,N_A,AFY,1999,1998,0,1999-03-31,INR,43270000000
RBI:RBI_ASSET_A_RN(1.0),AI11,N_A,AFY,1998,1997,0,1998-03-31,INR,96400000000
RBI:RBI_ASSET_A_RN(1.0),AI05,N_A,AFY,1998,1997,0,1998-03-31,INR,310000000
RBI:RBI_ASSET_A_RN(1.0),AI02,N_A,AFY,1998,1997,0,1998-03-31,INR,457000000000
RBI:RBI_ASSET_A_RN(1.0),AI072,N_A,AFY,1998,1997,0,1998-03-31,INR,18530000000
RBI:RBI_ASSET_A_RN(1.0),AI03,N_A,AFY,1998,1997,0,1998-03-31,INR,270000000
RBI:RBI_ASSET_A_RN(1.0),AI082,N_A,AFY,1998,1997,0,1998-03-31,INR,0.0
RBI:RBI_ASSET_A_RN(1.0),AI10,N_A,AFY,1998,1997,0,1998-03-31,INR,484820000000
RBI:RBI_ASSET_A_RN(1.0),A1,N_A,AFY,1998,1997,0,1998-03-31,INR,1137490000000
RBI:RBI_ASSET_A_RN(1.0),AI08,N_A,AFY,1998,1997,0,1998-03-31,INR,0.0
RBI:RBI_ASSET_A_RN(1.0),AI1101,N_A,AFY,1998,1997,0,1998-03-31,INR,35350000000
RBI:RBI_ASSET_A_RN(1.0),AI04,N_A,AFY,1998,1997,0,1998-03-31,INR,929460000000
RBI:RBI_ASSET_A_RN(1.0),AI06,N_A,AFY,1998,1997,0,1998-03-31,INR,416330000000
RBI:RBI_ASSET_A_RN(1.0),AI1102,N_A,AFY,1998,1997,0,1998-03-31,INR,61050000000
RBI:RBI_ASSET_A_RN(1.0),AI078,N_A,AFY,1998,1997,0,1998-03-31,INR,67210000000
RBI:RBI_ASSET_A_RN(1.0),AI07,N_A,AFY,1998,1997,0,1998-03-31,INR,139630000000
RBI:RBI_ASSET_A_RN(1.0),AI074,N_A,AFY,1998,1997,0,1998-03-31,INR,0.0
RBI:RBI_ASSET_A_RN(1.0),AI01,N_A,AFY,1998,1997,0,1998-03-31,INR,98770000000
RBI:RBI_ASSET_A_RN(1.0),AI076,N_A,AFY,1998,1997,0,1998-03-31,INR,49940000000
RBI:RBI_ASSET_A_RN(1.0),A2,N_A,AFY,1998,1997,0,1998-03-31,INR,1485500000000
RBI:RBI_ASSET_A_RN(1.0),AI081,N_A,AFY,1998,1997,0,1998-03-31,INR,0.0
RBI:RBI_ASSET_A_RN(1.0),AI073,N_A,AFY,1998,1997,0,1998-03-31,INR,3950000000
RBI:RBI_ASSET_A_RN(1.0),AI06,N_A,AFY,1997,1996,0,1997-03-31,INR,443500000000
RBI:RBI_ASSET_A_RN(1.0),AI10,N_A,AFY,1997,1996,0,1997-03-31,INR,235900000000
RBI:RBI_ASSET_A_RN(1.0),AI076,N_A,AFY,1997,1996,0,1997-03-31,INR,46050000000
RBI:RBI_ASSET_A_RN(1.0),AI05,N_A,AFY,1997,1996,0,1997-03-31,INR,190000000
RBI:RBI_ASSET_A_RN(1.0),AI01,N_A,AFY,1997,1996,0,1997-03-31,INR,119220000000
RBI:RBI_ASSET_A_RN(1.0),AI072,N_A,AFY,1997,1996,0,1997-03-31,INR,11440000000
RBI:RBI_ASSET_A_RN(1.0),AI1102,N_A,AFY,1997,1996,0,1997-03-31,INR,59930000000
RBI:RBI_ASSET_A_RN(1.0),A1,N_A,AFY,1997,1996,0,1997-03-31,INR,961130000000
RBI:RBI_ASSET_A_RN(1.0),A2,N_A,AFY,1997,1996,0,1997-03-31,INR,1349060000000
RBI:RBI_ASSET_A_RN(1.0),AI081,N_A,AFY,1997,1996,0,1997-03-31,INR,0.0
RBI:RBI_ASSET_A_RN(1.0),AI11,N_A,AFY,1997,1996,0,1997-03-31,INR,83450000000
RBI:RBI_ASSET_A_RN(1.0),AI078,N_A,AFY,1997,1996,0,1997-03-31,INR,56540000000
RBI:RBI_ASSET_A_RN(1.0),AI02,N_A,AFY,1997,1996,0,1997-03-31,INR,252000000000
RBI:RBI_ASSET_A_RN(1.0),AI073,N_A,AFY,1997,1996,0,1997-03-31,INR,5600000000
RBI:RBI_ASSET_A_RN(1.0),AI082,N_A,AFY,1997,1996,0,1997-03-31,INR,78460000000
RBI:RBI_ASSET_A_RN(1.0),AI07,N_A,AFY,1997,1996,0,1997-03-31,INR,119630000000
RBI:RBI_ASSET_A_RN(1.0),AI04,N_A,AFY,1997,1996,0,1997-03-31,INR,976400000000
RBI:RBI_ASSET_A_RN(1.0),AI03,N_A,AFY,1997,1996,0,1997-03-31,INR,1440000000
RBI:RBI_ASSET_A_RN(1.0),AI08,N_A,AFY,1997,1996,0,1997-03-31,INR,78460000000
RBI:RBI_ASSET_A_RN(1.0),AI1101,N_A,AFY,1997,1996,0,1997-03-31,INR,23520000000
RBI:RBI_ASSET_A_RN(1.0),AI074,N_A,AFY,1997,1996,0,1997-03-31,INR,0.0
RBI:RBI_ASSET_A_RN(1.0),AI11,N_A,AFY,1996,1995,0,1996-03-31,INR,81530000000
RBI:RBI_ASSET_A_RN(1.0),AI05,N_A,AFY,1996,1995,0,1996-03-31,INR,350000000
RBI:RBI_ASSET_A_RN(1.0),AI072,N_A,AFY,1996,1995,0,1996-03-31,INR,3050000000
RBI:RBI_ASSET_A_RN(1.0),AI04,N_A,AFY,1996,1995,0,1996-03-31,INR,960410000000
RBI:RBI_ASSET_A_RN(1.0),AI06,N_A,AFY,1996,1995,0,1996-03-31,INR,436230000000
RBI:RBI_ASSET_A_RN(1.0),AI07,N_A,AFY,1996,1995,0,1996-03-31,INR,157240000000
RBI:RBI_ASSET_A_RN(1.0),AI03,N_A,AFY,1996,1995,0,1996-03-31,INR,1150000000
RBI:RBI_ASSET_A_RN(1.0),AI1101,N_A,AFY,1996,1995,0,1996-03-31,INR,27130000000
RBI:RBI_ASSET_A_RN(1.0),A1,N_A,AFY,1996,1995,0,1996-03-31,INR,974800000000
RBI:RBI_ASSET_A_RN(1.0),AI08,N_A,AFY,1996,1995,0,1996-03-31,INR,7720000000
RBI:RBI_ASSET_A_RN(1.0),AI02,N_A,AFY,1996,1995,0,1996-03-31,INR,102000000000
RBI:RBI_ASSET_A_RN(1.0),AI078,N_A,AFY,1996,1995,0,1996-03-31,INR,59420000000
RBI:RBI_ASSET_A_RN(1.0),AI10,N_A,AFY,1996,1995,0,1996-03-31,INR,291730000000
RBI:RBI_ASSET_A_RN(1.0),AI1102,N_A,AFY,1996,1995,0,1996-03-31,INR,54400000000
RBI:RBI_ASSET_A_RN(1.0),A2,N_A,AFY,1996,1995,0,1996-03-31,INR,1201070000000
RBI:RBI_ASSET_A_RN(1.0),AI082,N_A,AFY,1996,1995,0,1996-03-31,INR,7720000000
RBI:RBI_ASSET_A_RN(1.0),AI01,N_A,AFY,1996,1995,0,1996-03-31,INR,137510000000
RBI:RBI_ASSET_A_RN(1.0),AI074,N_A,AFY,1996,1995,0,1996-03-31,INR,10000000
RBI:RBI_ASSET_A_RN(1.0),AI073,N_A,AFY,1996,1995,0,1996-03-31,INR,48470000000
RBI:RBI_ASSET_A_RN(1.0),AI081,N_A,AFY,1996,1995,0,1996-03-31,INR,0.0
RBI:RBI_ASSET_A_RN(1.0),AI076,N_A,AFY,1996,1995,0,1996-03-31,INR,46290000000
RBI:RBI_ASSET_A_RN(1.0),AI082,N_A,AFY,1995,1994,0,1995-03-31,INR,16790000000
RBI:RBI_ASSET_A_RN(1.0),AI03,N_A,AFY,1995,1994,0,1995-03-31,INR,1160000000
RBI:RBI_ASSET_A_RN(1.0),AI11,N_A,AFY,1995,1994,0,1995-03-31,INR,75490000000
RBI:RBI_ASSET_A_RN(1.0),AI01,N_A,AFY,1995,1994,0,1995-03-31,INR,114770000000
RBI:RBI_ASSET_A_RN(1.0),AI078,N_A,AFY,1995,1994,0,1995-03-31,INR,60090000000
RBI:RBI_ASSET_A_RN(1.0),AI07,N_A,AFY,1995,1994,0,1995-03-31,INR,184910000000
RBI:RBI_ASSET_A_RN(1.0),AI05,N_A,AFY,1995,1994,0,1995-03-31,INR,410000000
RBI:RBI_ASSET_A_RN(1.0),AI074,N_A,AFY,1995,1994,0,1995-03-31,INR,50000000
RBI:RBI_ASSET_A_RN(1.0),AI06,N_A,AFY,1995,1994,0,1995-03-31,INR,493450000000
RBI:RBI_ASSET_A_RN(1.0),AI08,N_A,AFY,1995,1994,0,1995-03-31,INR,16790000000
RBI:RBI_ASSET_A_RN(1.0),AI02,N_A,AFY,1995,1994,0,1995-03-31,INR,102000000000
RBI:RBI_ASSET_A_RN(1.0),AI076,N_A,AFY,1995,1994,0,1995-03-31,INR,47870000000
RBI:RBI_ASSET_A_RN(1.0),AI072,N_A,AFY,1995,1994,0,1995-03-31,INR,2750000000
RBI:RBI_ASSET_A_RN(1.0),AI1102,N_A,AFY,1995,1994,0,1995-03-31,INR,52740000000
RBI:RBI_ASSET_A_RN(1.0),A2,N_A,AFY,1995,1994,0,1995-03-31,INR,1023430000000
RBI:RBI_ASSET_A_RN(1.0),AI073,N_A,AFY,1995,1994,0,1995-03-31,INR,74150000000
RBI:RBI_ASSET_A_RN(1.0),AI081,N_A,AFY,1995,1994,0,1995-03-31,INR,0.0
RBI:RBI_ASSET_A_RN(1.0),AI04,N_A,AFY,1995,1994,0,1995-03-31,INR,805500000000
RBI:RBI_ASSET_A_RN(1.0),AI1101,N_A,AFY,1995,1994,0,1995-03-31,INR,22750000000
RBI:RBI_ASSET_A_RN(1.0),AI10,N_A,AFY,1995,1994,0,1995-03-31,INR,260140000000
RBI:RBI_ASSET_A_RN(1.0),A1,N_A,AFY,1995,1994,0,1995-03-31,INR,1031190000000
RBI:RBI_ASSET_A_RN(1.0),AI078,N_A,AFY,1994,1993,0,1994-03-31,INR,59200000000
RBI:RBI_ASSET_A_RN(1.0),AI073,N_A,AFY,1994,1993,0,1994-03-31,INR,40700000000
RBI:RBI_ASSET_A_RN(1.0),AI06,N_A,AFY,1994,1993,0,1994-03-31,INR,358170000000
RBI:RBI_ASSET_A_RN(1.0),AI10,N_A,AFY,1994,1993,0,1994-03-31,INR,342450000000
RBI:RBI_ASSET_A_RN(1.0),AI08,N_A,AFY,1994,1993,0,1994-03-31,INR,26070000000
RBI:RBI_ASSET_A_RN(1.0),A1,N_A,AFY,1994,1993,0,1994-03-31,INR,970540000000
RBI:RBI_ASSET_A_RN(1.0),AI082,N_A,AFY,1994,1993,0,1994-03-31,INR,26070000000
RBI:RBI_ASSET_A_RN(1.0),AI07,N_A,AFY,1994,1993,0,1994-03-31,INR,145440000000
RBI:RBI_ASSET_A_RN(1.0),AI074,N_A,AFY,1994,1993,0,1994-03-31,INR,50000000
RBI:RBI_ASSET_A_RN(1.0),AI1102,N_A,AFY,1994,1993,0,1994-03-31,INR,75660000000
RBI:RBI_ASSET_A_RN(1.0),AI05,N_A,AFY,1994,1993,0,1994-03-31,INR,70000000
RBI:RBI_ASSET_A_RN(1.0),AI02,N_A,AFY,1994,1993,0,1994-03-31,INR,2000000000
RBI:RBI_ASSET_A_RN(1.0),AI1101,N_A,AFY,1994,1993,0,1994-03-31,INR,22680000000
RBI:RBI_ASSET_A_RN(1.0),AI01,N_A,AFY,1994,1993,0,1994-03-31,INR,101080000000
RBI:RBI_ASSET_A_RN(1.0),AI11,N_A,AFY,1994,1993,0,1994-03-31,INR,98340000000
RBI:RBI_ASSET_A_RN(1.0),AI076,N_A,AFY,1994,1993,0,1994-03-31,INR,37830000000
RBI:RBI_ASSET_A_RN(1.0),AI081,N_A,AFY,1994,1993,0,1994-03-31,INR,0.0
RBI:RBI_ASSET_A_RN(1.0),AI072,N_A,AFY,1994,1993,0,1994-03-31,INR,7660000000
RBI:RBI_ASSET_A_RN(1.0),AI03,N_A,AFY,1994,1993,0,1994-03-31,INR,270000000
RBI:RBI_ASSET_A_RN(1.0),AI04,N_A,AFY,1994,1993,0,1994-03-31,INR,734960000000
RBI:RBI_ASSET_A_RN(1.0),A2,N_A,AFY,1994,1993,0,1994-03-31,INR,838310000000
RBI:RBI_ASSET_A_RN(1.0),AI05,N_A,AFY,1993,1992,0,1993-03-31,INR,140000000
RBI:RBI_ASSET_A_RN(1.0),AI03,N_A,AFY,1993,1992,0,1993-03-31,INR,450000000
RBI:RBI_ASSET_A_RN(1.0),A1,N_A,AFY,1993,1992,0,1993-03-31,INR,758450000000
RBI:RBI_ASSET_A_RN(1.0),AI11,N_A,AFY,1993,1992,0,1993-03-31,INR,54620000000
RBI:RBI_ASSET_A_RN(1.0),AI10,N_A,AFY,1993,1992,0,1993-03-31,INR,400250000000
RBI:RBI_ASSET_A_RN(1.0),AI02,N_A,AFY,1993,1992,0,1993-03-31,INR,2000000000
RBI:RBI_ASSET_A_RN(1.0),AI072,N_A,AFY,1993,1992,0,1993-03-31,INR,5390000000
RBI:RBI_ASSET_A_RN(1.0),AI078,N_A,AFY,1993,1992,0,1993-03-31,INR,57340000000
RBI:RBI_ASSET_A_RN(1.0),AI1102,N_A,AFY,1993,1992,0,1993-03-31,INR,39890000000
RBI:RBI_ASSET_A_RN(1.0),AI076,N_A,AFY,1993,1992,0,1993-03-31,INR,43640000000
RBI:RBI_ASSET_A_RN(1.0),A2,N_A,AFY,1993,1992,0,1993-03-31,INR,697950000000
RBI:RBI_ASSET_A_RN(1.0),AI01,N_A,AFY,1993,1992,0,1993-03-31,INR,92110000000
RBI:RBI_ASSET_A_RN(1.0),AI082,N_A,AFY,1993,1992,0,1993-03-31,INR,13570000000
RBI:RBI_ASSET_A_RN(1.0),AI07,N_A,AFY,1993,1992,0,1993-03-31,INR,130130000000
RBI:RBI_ASSET_A_RN(1.0),AI1101,N_A,AFY,1993,1992,0,1993-03-31,INR,14730000000
RBI:RBI_ASSET_A_RN(1.0),AI08,N_A,AFY,1993,1992,0,1993-03-31,INR,13570000000
RBI:RBI_ASSET_A_RN(1.0),AI06,N_A,AFY,1993,1992,0,1993-03-31,INR,159740000000
RBI:RBI_ASSET_A_RN(1.0),AI04,N_A,AFY,1993,1992,0,1993-03-31,INR,603390000000
RBI:RBI_ASSET_A_RN(1.0),AI073,N_A,AFY,1993,1992,0,1993-03-31,INR,23570000000
RBI:RBI_ASSET_A_RN(1.0),AI081,N_A,AFY,1993,1992,0,1993-03-31,INR,0.0
RBI:RBI_ASSET_A_RN(1.0),AI074,N_A,AFY,1993,1992,0,1993-03-31,INR,190000000
RBI:RBI_ASSET_A_RN(1.0),AI06,N_A,AFY,1992,1991,0,1992-03-31,INR,119990000000
RBI:RBI_ASSET_A_RN(1.0),AI02,N_A,AFY,1992,1991,0,1992-03-31,INR,2000000000
RBI:RBI_ASSET_A_RN(1.0),AI04,N_A,AFY,1992,1991,0,1992-03-31,INR,539810000000
RBI:RBI_ASSET_A_RN(1.0),AI05,N_A,AFY,1992,1991,0,1992-03-31,INR,190000000
RBI:RBI_ASSET_A_RN(1.0),AI07,N_A,AFY,1992,1991,0,1992-03-31,INR,182760000000
RBI:RBI_ASSET_A_RN(1.0),AI10,N_A,AFY,1992,1991,0,1992-03-31,INR,408830000000
RBI:RBI_ASSET_A_RN(1.0),AI03,N_A,AFY,1992,1991,0,1992-03-31,INR,640000000
RBI:RBI_ASSET_A_RN(1.0),AI082,N_A,AFY,1992,1991,0,1992-03-31,INR,20000000000
RBI:RBI_ASSET_A_RN(1.0),AI08,N_A,AFY,1992,1991,0,1992-03-31,INR,20000000000
RBI:RBI_ASSET_A_RN(1.0),AI076,N_A,AFY,1992,1991,0,1992-03-31,INR,39940000000
RBI:RBI_ASSET_A_RN(1.0),AI1101,N_A,AFY,1992,1991,0,1992-03-31,INR,12350000000
RBI:RBI_ASSET_A_RN(1.0),AI072,N_A,AFY,1992,1991,0,1992-03-31,INR,12090000000
RBI:RBI_ASSET_A_RN(1.0),AI074,N_A,AFY,1992,1991,0,1992-03-31,INR,90000000
RBI:RBI_ASSET_A_RN(1.0),AI11,N_A,AFY,1992,1991,0,1992-03-31,INR,34550000000
RBI:RBI_ASSET_A_RN(1.0),AI078,N_A,AFY,1992,1991,0,1992-03-31,INR,74290000000
RBI:RBI_ASSET_A_RN(1.0),AI1102,N_A,AFY,1992,1991,0,1992-03-31,INR,22200000000
RBI:RBI_ASSET_A_RN(1.0),A2,N_A,AFY,1992,1991,0,1992-03-31,INR,622900000000
RBI:RBI_ASSET_A_RN(1.0),AI073,N_A,AFY,1992,1991,0,1992-03-31,INR,56350000000
RBI:RBI_ASSET_A_RN(1.0),AI01,N_A,AFY,1992,1991,0,1992-03-31,INR,80450000000
RBI:RBI_ASSET_A_RN(1.0),AI081,N_A,AFY,1992,1991,0,1992-03-31,INR,0.0
RBI:RBI_ASSET_A_RN(1.0),A1,N_A,AFY,1992,1991,0,1992-03-31,INR,766320000000
RBI:RBI_ASSET_A_RN(1.0),AI082,N_A,AFY,1991,1990,0,1991-03-31,INR,13840000000
RBI:RBI_ASSET_A_RN(1.0),AI08,N_A,AFY,1991,1990,0,1991-03-31,INR,13840000000
RBI:RBI_ASSET_A_RN(1.0),AI073,N_A,AFY,1991,1990,0,1991-03-31,INR,81690000000
RBI:RBI_ASSET_A_RN(1.0),AI11,N_A,AFY,1991,1990,0,1991-03-31,INR,26660000000
RBI:RBI_ASSET_A_RN(1.0),AI1101,N_A,AFY,1991,1990,0,1991-03-31,INR,26660000000
RBI:RBI_ASSET_A_RN(1.0),A1,N_A,AFY,1991,1990,0,1991-03-31,INR,668830000000
RBI:RBI_ASSET_A_RN(1.0),AI07,N_A,AFY,1991,1990,0,1991-03-31,INR,185160000000
RBI:RBI_ASSET_A_RN(1.0),AI02,N_A,AFY,1991,1990,0,1991-03-31,INR,2000000000
RBI:RBI_ASSET_A_RN(1.0),AI076,N_A,AFY,1991,1990,0,1991-03-31,INR,33280000000
RBI:RBI_ASSET_A_RN(1.0),AI05,N_A,AFY,1991,1990,0,1991-03-31,INR,230000000
RBI:RBI_ASSET_A_RN(1.0),AI072,N_A,AFY,1991,1990,0,1991-03-31,INR,9160000000
RBI:RBI_ASSET_A_RN(1.0),AI04,N_A,AFY,1991,1990,0,1991-03-31,INR,469240000000
RBI:RBI_ASSET_A_RN(1.0),AI074,N_A,AFY,1991,1990,0,1991-03-31,INR,380000000
RBI:RBI_ASSET_A_RN(1.0),AI01,N_A,AFY,1991,1990,0,1991-03-31,INR,66540000000
RBI:RBI_ASSET_A_RN(1.0),AI078,N_A,AFY,1991,1990,0,1991-03-31,INR,60650000000
RBI:RBI_ASSET_A_RN(1.0),AI10,N_A,AFY,1991,1990,0,1991-03-31,INR,402860000000
RBI:RBI_ASSET_A_RN(1.0),AI081,N_A,AFY,1991,1990,0,1991-03-31,INR,0.0
RBI:RBI_ASSET_A_RN(1.0),A2,N_A,AFY,1991,1990,0,1991-03-31,INR,538070000000
RBI:RBI_ASSET_A_RN(1.0),AI03,N_A,AFY,1991,1990,0,1991-03-31,INR,290000000
RBI:RBI_ASSET_A_RN(1.0),AI06,N_A,AFY,1991,1990,0,1991-03-31,INR,40080000000
RBI:RBI_ASSET_A_RN(1.0),AI1102,N_A,AFY,1991,1990,0,1991-03-31,INR,0.0
RBI:RBI_ASSET_A_RN(1.0),AI072,N_A,AFY,1990,1989,0,1990-03-31,INR,4390000000
RBI:RBI_ASSET_A_RN(1.0),AI04,N_A,AFY,1990,1989,0,1990-03-31,INR,448520000000
RBI:RBI_ASSET_A_RN(1.0),AI081,N_A,AFY,1990,1989,0,1990-03-31,INR,0.0
RBI:RBI_ASSET_A_RN(1.0),AI10,N_A,AFY,1990,1989,0,1990-03-31,INR,282490000000
RBI:RBI_ASSET_A_RN(1.0),AI11,N_A,AFY,1990,1989,0,1990-03-31,INR,22570000000
RBI:RBI_ASSET_A_RN(1.0),AI078,N_A,AFY,1990,1989,0,1990-03-31,INR,61000000000
RBI:RBI_ASSET_A_RN(1.0),AI05,N_A,AFY,1990,1989,0,1990-03-31,INR,140000000
RBI:RBI_ASSET_A_RN(1.0),AI07,N_A,AFY,1990,1989,0,1990-03-31,INR,135300000000
RBI:RBI_ASSET_A_RN(1.0),A2,N_A,AFY,1990,1989,0,1990-03-31,INR,467450000000
RBI:RBI_ASSET_A_RN(1.0),AI1102,N_A,AFY,1990,1989,0,1990-03-31,INR,0.0
RBI:RBI_ASSET_A_RN(1.0),AI076,N_A,AFY,1990,1989,0,1990-03-31,INR,29010000000
RBI:RBI_ASSET_A_RN(1.0),AI03,N_A,AFY,1990,1989,0,1990-03-31,INR,480000000
RBI:RBI_ASSET_A_RN(1.0),A1,N_A,AFY,1990,1989,0,1990-03-31,INR,480450000000
RBI:RBI_ASSET_A_RN(1.0),AI06,N_A,AFY,1990,1989,0,1990-03-31,INR,28890000000
RBI:RBI_ASSET_A_RN(1.0),AI01,N_A,AFY,1990,1989,0,1990-03-31,INR,2810000000
RBI:RBI_ASSET_A_RN(1.0),AI082,N_A,AFY,1990,1989,0,1990-03-31,INR,11060000000
RBI:RBI_ASSET_A_RN(1.0),AI073,N_A,AFY,1990,1989,0,1990-03-31,INR,40380000000
RBI:RBI_ASSET_A_RN(1.0),AI02,N_A,AFY,1990,1989,0,1990-03-31,INR,15640000000
RBI:RBI_ASSET_A_RN(1.0),AI08,N_A,AFY,1990,1989,0,1990-03-31,INR,11060000000
RBI:RBI_ASSET_A_RN(1.0),AI1101,N_A,AFY,1990,1989,0,1990-03-31,INR,22570000000
RBI:RBI_ASSET_A_RN(1.0),AI074,N_A,AFY,1990,1989,0,1990-03-31,INR,520000000
RBI:RBI_ASSET_A_RN(1.0),A1,N_A,AFY,1989,1988,0,1989-03-31,INR,395660000000
RBI:RBI_ASSET_A_RN(1.0),AI01,N_A,AFY,1989,1988,0,1989-03-31,INR,2740000000
RBI:RBI_ASSET_A_RN(1.0),AI02,N_A,AFY,1989,1988,0,1989-03-31,INR,15640000000
RBI:RBI_ASSET_A_RN(1.0),AI076,N_A,AFY,1989,1988,0,1989-03-31,INR,24270000000
RBI:RBI_ASSET_A_RN(1.0),A2,N_A,AFY,1989,1988,0,1989-03-31,INR,386670000000
RBI:RBI_ASSET_A_RN(1.0),AI078,N_A,AFY,1989,1988,0,1989-03-31,INR,12620000000
RBI:RBI_ASSET_A_RN(1.0),AI082,N_A,AFY,1989,1988,0,1989-03-31,INR,30940000000
RBI:RBI_ASSET_A_RN(1.0),AI073,N_A,AFY,1989,1988,0,1989-03-31,INR,42200000000
RBI:RBI_ASSET_A_RN(1.0),AI11,N_A,AFY,1989,1988,0,1989-03-31,INR,25260000000
RBI:RBI_ASSET_A_RN(1.0),AI03,N_A,AFY,1989,1988,0,1989-03-31,INR,710000000
RBI:RBI_ASSET_A_RN(1.0),AI07,N_A,AFY,1989,1988,0,1989-03-31,INR,82420000000
RBI:RBI_ASSET_A_RN(1.0),AI06,N_A,AFY,1989,1988,0,1989-03-31,INR,33610000000
RBI:RBI_ASSET_A_RN(1.0),AI05,N_A,AFY,1989,1988,0,1989-03-31,INR,240000000
RBI:RBI_ASSET_A_RN(1.0),AI1102,N_A,AFY,1989,1988,0,1989-03-31,INR,0.0
RBI:RBI_ASSET_A_RN(1.0),AI1101,N_A,AFY,1989,1988,0,1989-03-31,INR,25260000000
RBI:RBI_ASSET_A_RN(1.0),AI08,N_A,AFY,1989,1988,0,1989-03-31,INR,30940000000
RBI:RBI_ASSET_A_RN(1.0),AI10,N_A,AFY,1989,1988,0,1989-03-31,INR,223190000000
RBI:RBI_ASSET_A_RN(1.0),AI081,N_A,AFY,1989,1988,0,1989-03-31,INR,0.0
RBI:RBI_ASSET_A_RN(1.0),AI074,N_A,AFY,1989,1988,0,1989-03-31,INR,450000000
RBI:RBI_ASSET_A_RN(1.0),AI04,N_A,AFY,1989,1988,0,1989-03-31,INR,367580000000
RBI:RBI_ASSET_A_RN(1.0),AI072,N_A,AFY,1989,1988,0,1989-03-31,INR,2880000000
RBI:RBI_ASSET_A_RN(1.0),AI10,N_A,AFY,1988,1987,0,1988-03-31,INR,208690000000
RBI:RBI_ASSET_A_RN(1.0),AI074,N_A,AFY,1988,1987,0,1988-03-31,INR,130000000
RBI:RBI_ASSET_A_RN(1.0),A1,N_A,AFY,1988,1987,0,1988-03-31,INR,332840000000
RBI:RBI_ASSET_A_RN(1.0),AI02,N_A,AFY,1988,1987,0,1988-03-31,INR,15640000000
RBI:RBI_ASSET_A_RN(1.0),AI076,N_A,AFY,1988,1987,0,1988-03-31,INR,17710000000
RBI:RBI_ASSET_A_RN(1.0),A2,N_A,AFY,1988,1987,0,1988-03-31,INR,338270000000
RBI:RBI_ASSET_A_RN(1.0),AI11,N_A,AFY,1988,1987,0,1988-03-31,INR,18770000000
RBI:RBI_ASSET_A_RN(1.0),AI081,N_A,AFY,1988,1987,0,1988-03-31,INR,0.0
RBI:RBI_ASSET_A_RN(1.0),AI04,N_A,AFY,1988,1987,0,1988-03-31,INR,319380000000
RBI:RBI_ASSET_A_RN(1.0),AI073,N_A,AFY,1988,1987,0,1988-03-31,INR,17530000000
RBI:RBI_ASSET_A_RN(1.0),AI078,N_A,AFY,1988,1987,0,1988-03-31,INR,1230000000
RBI:RBI_ASSET_A_RN(1.0),AI08,N_A,AFY,1988,1987,0,1988-03-31,INR,31560000000
RBI:RBI_ASSET_A_RN(1.0),AI07,N_A,AFY,1988,1987,0,1988-03-31,INR,39060000000
RBI:RBI_ASSET_A_RN(1.0),AI05,N_A,AFY,1988,1987,0,1988-03-31,INR,150000000
RBI:RBI_ASSET_A_RN(1.0),AI082,N_A,AFY,1988,1987,0,1988-03-31,INR,31560000000
RBI:RBI_ASSET_A_RN(1.0),AI03,N_A,AFY,1988,1987,0,1988-03-31,INR,510000000
RBI:RBI_ASSET_A_RN(1.0),AI01,N_A,AFY,1988,1987,0,1988-03-31,INR,2740000000
RBI:RBI_ASSET_A_RN(1.0),AI072,N_A,AFY,1988,1987,0,1988-03-31,INR,2460000000
RBI:RBI_ASSET_A_RN(1.0),AI06,N_A,AFY,1988,1987,0,1988-03-31,INR,34610000000
RBI:RBI_ASSET_A_RN(1.0),AI1102,N_A,AFY,1988,1987,0,1988-03-31,INR,0.0
RBI:RBI_ASSET_A_RN(1.0),AI1101,N_A,AFY,1988,1987,0,1988-03-31,INR,18770000000
RBI:RBI_ASSET_A_RN(1.0),AI02,N_A,AFY,1987,1986,0,1987-03-31,INR,15640000000
RBI:RBI_ASSET_A_RN(1.0),A2,N_A,AFY,1987,1986,0,1987-03-31,INR,287750000000
RBI:RBI_ASSET_A_RN(1.0),AI1102,N_A,AFY,1987,1986,0,1987-03-31,INR,0.0
RBI:RBI_ASSET_A_RN(1.0),AI01,N_A,AFY,1987,1986,0,1987-03-31,INR,2740000000
RBI:RBI_ASSET_A_RN(1.0),AI076,N_A,AFY,1987,1986,0,1987-03-31,INR,12280000000
RBI:RBI_ASSET_A_RN(1.0),AI07,N_A,AFY,1987,1986,0,1987-03-31,INR,29750000000
RBI:RBI_ASSET_A_RN(1.0),AI1101,N_A,AFY,1987,1986,0,1987-03-31,INR,16720000000
RBI:RBI_ASSET_A_RN(1.0),AI04,N_A,AFY,1987,1986,0,1987-03-31,INR,268920000000
RBI:RBI_ASSET_A_RN(1.0),AI11,N_A,AFY,1987,1986,0,1987-03-31,INR,16720000000
RBI:RBI_ASSET_A_RN(1.0),AI078,N_A,AFY,1987,1986,0,1987-03-31,INR,1480000000
RBI:RBI_ASSET_A_RN(1.0),A1,N_A,AFY,1987,1986,0,1987-03-31,INR,304340000000
RBI:RBI_ASSET_A_RN(1.0),AI074,N_A,AFY,1987,1986,0,1987-03-31,INR,360000000
RBI:RBI_ASSET_A_RN(1.0),AI05,N_A,AFY,1987,1986,0,1987-03-31,INR,130000000
RBI:RBI_ASSET_A_RN(1.0),AI06,N_A,AFY,1987,1986,0,1987-03-31,INR,40280000000
RBI:RBI_ASSET_A_RN(1.0),AI08,N_A,AFY,1987,1986,0,1987-03-31,INR,127000000000
RBI:RBI_ASSET_A_RN(1.0),AI072,N_A,AFY,1987,1986,0,1987-03-31,INR,2700000000
RBI:RBI_ASSET_A_RN(1.0),AI03,N_A,AFY,1987,1986,0,1987-03-31,INR,450000000
RBI:RBI_ASSET_A_RN(1.0),AI081,N_A,AFY,1987,1986,0,1987-03-31,INR,0.0
RBI:RBI_ASSET_A_RN(1.0),AI10,N_A,AFY,1987,1986,0,1987-03-31,INR,90460000000
RBI:RBI_ASSET_A_RN(1.0),AI082,N_A,AFY,1987,1986,0,1987-03-31,INR,127000000000
RBI:RBI_ASSET_A_RN(1.0),AI073,N_A,AFY,1987,1986,0,1987-03-31,INR,12930000000
RBI:RBI_ASSET_A_RN(1.0),A1,N_A,AFY,1986,1985,0,1986-03-31,INR,259100000000
RBI:RBI_ASSET_A_RN(1.0),AI07,N_A,AFY,1986,1985,0,1986-03-31,INR,23320000000
RBI:RBI_ASSET_A_RN(1.0),AI073,N_A,AFY,1986,1985,0,1986-03-31,INR,9540000000
RBI:RBI_ASSET_A_RN(1.0),AI076,N_A,AFY,1986,1985,0,1986-03-31,INR,11840000000
RBI:RBI_ASSET_A_RN(1.0),AI06,N_A,AFY,1986,1985,0,1986-03-31,INR,38590000000
RBI:RBI_ASSET_A_RN(1.0),AI1102,N_A,AFY,1986,1985,0,1986-03-31,INR,0.0
RBI:RBI_ASSET_A_RN(1.0),AI05,N_A,AFY,1986,1985,0,1986-03-31,INR,160000000
RBI:RBI_ASSET_A_RN(1.0),AI072,N_A,AFY,1986,1985,0,1986-03-31,INR,0.0
RBI:RBI_ASSET_A_RN(1.0),AI08,N_A,AFY,1986,1985,0,1986-03-31,INR,105010000000
RBI:RBI_ASSET_A_RN(1.0),AI081,N_A,AFY,1986,1985,0,1986-03-31,INR,0.0
RBI:RBI_ASSET_A_RN(1.0),AI078,N_A,AFY,1986,1985,0,1986-03-31,INR,1610000000
RBI:RBI_ASSET_A_RN(1.0),AI074,N_A,AFY,1986,1985,0,1986-03-31,INR,330000000
RBI:RBI_ASSET_A_RN(1.0),AI01,N_A,AFY,1986,1985,0,1986-03-31,INR,2470000000
RBI:RBI_ASSET_A_RN(1.0),AI04,N_A,AFY,1986,1985,0,1986-03-31,INR,236520000000
RBI:RBI_ASSET_A_RN(1.0),AI02,N_A,AFY,1986,1985,0,1986-03-31,INR,15640000000
RBI:RBI_ASSET_A_RN(1.0),AI10,N_A,AFY,1986,1985,0,1986-03-31,INR,75960000000
RBI:RBI_ASSET_A_RN(1.0),A2,N_A,AFY,1986,1985,0,1986-03-31,INR,255350000000
RBI:RBI_ASSET_A_RN(1.0),AI11,N_A,AFY,1986,1985,0,1986-03-31,INR,16060000000
RBI:RBI_ASSET_A_RN(1.0),AI082,N_A,AFY,1986,1985,0,1986-03-31,INR,105010000000
RBI:RBI_ASSET_A_RN(1.0),AI1101,N_A,AFY,1986,1985,0,1986-03-31,INR,16060000000
RBI:RBI_ASSET_A_RN(1.0),AI03,N_A,AFY,1986,1985,0,1986-03-31,INR,720000000
