DATAFLOW,AUDST,COMP_RN,FREQ,REPYEAREND,REPYEARSTART,UNIT_MULT,TIME_PERIOD,UNIT_MEASURE,OBS_VALUE
RBI:RMC_M_RN(1.0),N_A,COM11,M,2027,2026,0,2026-04-30,INR,42537412140000
RBI:RMC_M_RN(1.0),N_A,COM12,M,2027,2026,0,2026-04-30,INR,1192760506000
RBI:RMC_M_RN(1.0),N_A,COM13,M,2027,2026,0,2026-04-30,INR,8523988000000
RBI:RMC_M_RN(1.0),N_A,COM1,M,2027,2026,0,2026-04-30,INR,52254160646000
RBI:RMC_M_RN(1.0),N_A,COM13,M,2026,2025,0,2026-03-31,INR,8101244800000
RBI:RMC_M_RN(1.0),N_A,COM1,M,2026,2025,0,2026-03-31,INR,51078311036000
RBI:RMC_M_RN(1.0),N_A,COM11,M,2026,2025,0,2026-03-31,INR,41655729430000
RBI:RMC_M_RN(1.0),N_A,COM12,M,2026,2025,0,2026-03-31,INR,1321336806000
RBI:RMC_M_RN(1.0),N_A,COM12,M,2026,2025,0,2026-02-28,INR,1179224306000
RBI:RMC_M_RN(1.0),N_A,COM11,M,2026,2025,0,2026-02-28,INR,40753689600000
RBI:RMC_M_RN(1.0),N_A,COM13,M,2026,2025,0,2026-02-28,INR,7960867000000
RBI:RMC_M_RN(1.0),N_A,COM1,M,2026,2025,0,2026-02-28,INR,49893780906000
RBI:RMC_M_RN(1.0),N_A,COM12,M,2026,2025,0,2026-01-31,INR,1172669424000
RBI:RMC_M_RN(1.0),N_A,COM11,M,2026,2025,0,2026-01-31,INR,40009467590000
RBI:RMC_M_RN(1.0),N_A,COM1,M,2026,2025,0,2026-01-31,INR,49231902414000
RBI:RMC_M_RN(1.0),N_A,COM13,M,2026,2025,0,2026-01-31,INR,8049765400000
RBI:RMC_M_RN(1.0),N_A,COM12,M,2026,2025,0,2025-12-31,INR,1149985832000
RBI:RMC_M_RN(1.0),N_A,COM11,M,2026,2025,0,2025-12-31,INR,39235225330000
RBI:RMC_M_RN(1.0),N_A,COM1,M,2026,2025,0,2025-12-31,INR,47991354762000
RBI:RMC_M_RN(1.0),N_A,COM13,M,2026,2025,0,2025-12-31,INR,7606143600000
RBI:RMC_M_RN(1.0),N_A,COM11,M,2026,2025,0,2025-11-30,INR,38668715730000
RBI:RMC_M_RN(1.0),N_A,COM13,M,2026,2025,0,2025-11-30,INR,8296527600000
RBI:RMC_M_RN(1.0),N_A,COM1,M,2026,2025,0,2025-11-30,INR,48144181557000
RBI:RMC_M_RN(1.0),N_A,COM12,M,2026,2025,0,2025-11-30,INR,1178938227000
RBI:RMC_M_RN(1.0),N_A,COM11,M,2026,2025,0,2025-10-31,INR,38202253270000
RBI:RMC_M_RN(1.0),N_A,COM1,M,2026,2025,0,2025-10-31,INR,48338513297000
RBI:RMC_M_RN(1.0),N_A,COM13,M,2026,2025,0,2025-10-31,INR,8984565800000
RBI:RMC_M_RN(1.0),N_A,COM12,M,2026,2025,0,2025-10-31,INR,1151694227000
RBI:RMC_M_RN(1.0),N_A,COM13,M,2026,2025,0,2025-09-30,INR,9427168600000
RBI:RMC_M_RN(1.0),N_A,COM1,M,2026,2025,0,2025-09-30,INR,48593717446000
RBI:RMC_M_RN(1.0),N_A,COM12,M,2026,2025,0,2025-09-30,INR,1165027336000
RBI:RMC_M_RN(1.0),N_A,COM11,M,2026,2025,0,2025-09-30,INR,38001521510000
RBI:RMC_M_RN(1.0),N_A,COM1,M,2026,2025,0,2025-08-31,INR,49150628886000
RBI:RMC_M_RN(1.0),N_A,COM11,M,2026,2025,0,2025-08-31,INR,38114912450000
RBI:RMC_M_RN(1.0),N_A,COM13,M,2026,2025,0,2025-08-31,INR,9939265800000
RBI:RMC_M_RN(1.0),N_A,COM12,M,2026,2025,0,2025-08-31,INR,1096450636000
RBI:RMC_M_RN(1.0),N_A,COM11,M,2026,2025,0,2025-07-31,INR,38017989950000
RBI:RMC_M_RN(1.0),N_A,COM12,M,2026,2025,0,2025-07-31,INR,1076423136000
RBI:RMC_M_RN(1.0),N_A,COM13,M,2026,2025,0,2025-07-31,INR,9788980100000
RBI:RMC_M_RN(1.0),N_A,COM1,M,2026,2025,0,2025-07-31,INR,48883393186000
RBI:RMC_M_RN(1.0),N_A,COM12,M,2026,2025,0,2025-06-30,INR,1086969994000
RBI:RMC_M_RN(1.0),N_A,COM11,M,2026,2025,0,2025-06-30,INR,38212270920000
RBI:RMC_M_RN(1.0),N_A,COM1,M,2026,2025,0,2025-06-30,INR,49240660214000
RBI:RMC_M_RN(1.0),N_A,COM13,M,2026,2025,0,2025-06-30,INR,9941419300000
RBI:RMC_M_RN(1.0),N_A,COM12,M,2026,2025,0,2025-05-31,INR,1101327923000
RBI:RMC_M_RN(1.0),N_A,COM11,M,2026,2025,0,2025-05-31,INR,38357977270000
RBI:RMC_M_RN(1.0),N_A,COM1,M,2026,2025,0,2025-05-31,INR,49625010993000
RBI:RMC_M_RN(1.0),N_A,COM13,M,2026,2025,0,2025-05-31,INR,10165705800000
RBI:RMC_M_RN(1.0),N_A,COM13,M,2026,2025,0,2025-04-30,INR,9698833100000
RBI:RMC_M_RN(1.0),N_A,COM11,M,2026,2025,0,2025-04-30,INR,37874731320000
RBI:RMC_M_RN(1.0),N_A,COM1,M,2026,2025,0,2025-04-30,INR,48611059420000
RBI:RMC_M_RN(1.0),N_A,COM12,M,2026,2025,0,2025-04-30,INR,1037495000000
RBI:RMC_M_RN(1.0),N_A,COM1,M,2025,2024,0,2025-03-31,INR,48292426120000
RBI:RMC_M_RN(1.0),N_A,COM11,M,2025,2024,0,2025-03-31,INR,37244475620000
RBI:RMC_M_RN(1.0),N_A,COM12,M,2025,2024,0,2025-03-31,INR,1133065600000
RBI:RMC_M_RN(1.0),N_A,COM13,M,2025,2024,0,2025-03-31,INR,9914884900000
RBI:RMC_M_RN(1.0),N_A,COM13,M,2025,2024,0,2025-02-28,INR,9474879400000
RBI:RMC_M_RN(1.0),N_A,COM1,M,2025,2024,0,2025-02-28,INR,47122285375000
RBI:RMC_M_RN(1.0),N_A,COM11,M,2025,2024,0,2025-02-28,INR,36514284810000
RBI:RMC_M_RN(1.0),N_A,COM12,M,2025,2024,0,2025-02-28,INR,1133121165000
RBI:RMC_M_RN(1.0),N_A,COM12,M,2025,2024,0,2025-01-31,INR,1042943180000
RBI:RMC_M_RN(1.0),N_A,COM13,M,2025,2024,0,2025-01-31,INR,9484141700000
RBI:RMC_M_RN(1.0),N_A,COM1,M,2025,2024,0,2025-01-31,INR,46526869620000
RBI:RMC_M_RN(1.0),N_A,COM11,M,2025,2024,0,2025-01-31,INR,35999784740000
RBI:RMC_M_RN(1.0),N_A,COM11,M,2025,2024,0,2024-12-31,INR,35612015040000
RBI:RMC_M_RN(1.0),N_A,COM13,M,2025,2024,0,2024-12-31,INR,10002595300000
RBI:RMC_M_RN(1.0),N_A,COM12,M,2025,2024,0,2024-12-31,INR,1016289322000
RBI:RMC_M_RN(1.0),N_A,COM1,M,2025,2024,0,2024-12-31,INR,46630899662000
RBI:RMC_M_RN(1.0),N_A,COM11,M,2025,2024,0,2024-11-30,INR,35469694260000
RBI:RMC_M_RN(1.0),N_A,COM1,M,2025,2024,0,2024-11-30,INR,47379290439000
RBI:RMC_M_RN(1.0),N_A,COM12,M,2025,2024,0,2024-11-30,INR,1029926179000
RBI:RMC_M_RN(1.0),N_A,COM13,M,2025,2024,0,2024-11-30,INR,10879670000000
RBI:RMC_M_RN(1.0),N_A,COM11,M,2025,2024,0,2024-10-31,INR,35183944700000
RBI:RMC_M_RN(1.0),N_A,COM1,M,2025,2024,0,2024-10-31,INR,46644866778700
RBI:RMC_M_RN(1.0),N_A,COM12,M,2025,2024,0,2024-10-31,INR,982915778700
RBI:RMC_M_RN(1.0),N_A,COM13,M,2025,2024,0,2024-10-31,INR,10478006300000
RBI:RMC_M_RN(1.0),N_A,COM11,M,2025,2024,0,2024-09-30,INR,34905375839999.9
RBI:RMC_M_RN(1.0),N_A,COM13,M,2025,2024,0,2024-09-30,INR,10189754500000
RBI:RMC_M_RN(1.0),N_A,COM1,M,2025,2024,0,2024-09-30,INR,46035980033399.9
RBI:RMC_M_RN(1.0),N_A,COM12,M,2025,2024,0,2024-09-30,INR,940849693400
RBI:RMC_M_RN(1.0),N_A,COM11,M,2025,2024,0,2024-08-31,INR,35129408610000
RBI:RMC_M_RN(1.0),N_A,COM13,M,2025,2024,0,2024-08-31,INR,10235954300000
RBI:RMC_M_RN(1.0),N_A,COM1,M,2025,2024,0,2024-08-31,INR,46283585618800
RBI:RMC_M_RN(1.0),N_A,COM12,M,2025,2024,0,2024-08-31,INR,918222708800
RBI:RMC_M_RN(1.0),N_A,COM12,M,2025,2024,0,2024-07-31,INR,912245808800
RBI:RMC_M_RN(1.0),N_A,COM11,M,2025,2024,0,2024-07-31,INR,35371803210000
RBI:RMC_M_RN(1.0),N_A,COM13,M,2025,2024,0,2024-07-31,INR,10390586800000
RBI:RMC_M_RN(1.0),N_A,COM1,M,2025,2024,0,2024-07-31,INR,46674635818800
RBI:RMC_M_RN(1.0),N_A,COM13,M,2025,2024,0,2024-06-30,INR,10363684500000
RBI:RMC_M_RN(1.0),N_A,COM1,M,2025,2024,0,2024-06-30,INR,46951369308800
RBI:RMC_M_RN(1.0),N_A,COM12,M,2025,2024,0,2024-06-30,INR,957661208800
RBI:RMC_M_RN(1.0),N_A,COM11,M,2025,2024,0,2024-06-30,INR,35630023600000
RBI:RMC_M_RN(1.0),N_A,COM11,M,2025,2024,0,2024-05-31,INR,35713712400000
RBI:RMC_M_RN(1.0),N_A,COM1,M,2025,2024,0,2024-05-31,INR,46766742422100
RBI:RMC_M_RN(1.0),N_A,COM13,M,2025,2024,0,2024-05-31,INR,10141342700000
RBI:RMC_M_RN(1.0),N_A,COM12,M,2025,2024,0,2024-05-31,INR,911687322100
RBI:RMC_M_RN(1.0),N_A,COM12,M,2025,2024,0,2024-04-30,INR,863519505500
RBI:RMC_M_RN(1.0),N_A,COM13,M,2025,2024,0,2024-04-30,INR,10071738500000
RBI:RMC_M_RN(1.0),N_A,COM11,M,2025,2024,0,2024-04-30,INR,35665682220000
RBI:RMC_M_RN(1.0),N_A,COM1,M,2025,2024,0,2024-04-30,INR,46600940225500
RBI:RMC_M_RN(1.0),N_A,COM11,M,2024,2023,0,2024-03-31,INR,35114611020000
RBI:RMC_M_RN(1.0),N_A,COM12,M,2024,2023,0,2024-03-31,INR,945362405500
RBI:RMC_M_RN(1.0),N_A,COM13,M,2024,2023,0,2024-03-31,INR,10254487300000
RBI:RMC_M_RN(1.0),N_A,COM1,M,2024,2023,0,2024-03-31,INR,46314460725500
RBI:RMC_M_RN(1.0),N_A,COM1,M,2024,2023,0,2024-02-29,INR,45113191864399.99
RBI:RMC_M_RN(1.0),N_A,COM11,M,2024,2023,0,2024-02-29,INR,34564629589999.996
RBI:RMC_M_RN(1.0),N_A,COM13,M,2024,2023,0,2024-02-29,INR,9710377200000
RBI:RMC_M_RN(1.0),N_A,COM12,M,2024,2023,0,2024-02-29,INR,838185074400
RBI:RMC_M_RN(1.0),N_A,COM13,M,2024,2023,0,2024-01-31,INR,9942014600000
RBI:RMC_M_RN(1.0),N_A,COM12,M,2024,2023,0,2024-01-31,INR,804109574400
RBI:RMC_M_RN(1.0),N_A,COM11,M,2024,2023,0,2024-01-31,INR,34192072450000
RBI:RMC_M_RN(1.0),N_A,COM1,M,2024,2023,0,2024-01-31,INR,44938196624400
RBI:RMC_M_RN(1.0),N_A,COM1,M,2024,2023,0,2023-12-31,INR,44453269964400
RBI:RMC_M_RN(1.0),N_A,COM11,M,2024,2023,0,2023-12-31,INR,33629952990000
RBI:RMC_M_RN(1.0),N_A,COM13,M,2024,2023,0,2023-12-31,INR,10012806900000
RBI:RMC_M_RN(1.0),N_A,COM12,M,2024,2023,0,2023-12-31,INR,810510074400
RBI:RMC_M_RN(1.0),N_A,COM11,M,2024,2023,0,2023-11-30,INR,33557997080000
RBI:RMC_M_RN(1.0),N_A,COM13,M,2024,2023,0,2023-11-30,INR,9730050400000
RBI:RMC_M_RN(1.0),N_A,COM12,M,2024,2023,0,2023-11-30,INR,743642640500
RBI:RMC_M_RN(1.0),N_A,COM1,M,2024,2023,0,2023-11-30,INR,44031690120500
RBI:RMC_M_RN(1.0),N_A,COM1,M,2024,2023,0,2023-10-31,INR,43555098260699.9
RBI:RMC_M_RN(1.0),N_A,COM11,M,2024,2023,0,2023-10-31,INR,33040612059999.9
RBI:RMC_M_RN(1.0),N_A,COM12,M,2024,2023,0,2023-10-31,INR,729399400700
RBI:RMC_M_RN(1.0),N_A,COM13,M,2024,2023,0,2023-10-31,INR,9785086800000
RBI:RMC_M_RN(1.0),N_A,COM11,M,2024,2023,0,2023-09-30,INR,33018626130000
RBI:RMC_M_RN(1.0),N_A,COM1,M,2024,2023,0,2023-09-30,INR,43959202278700
RBI:RMC_M_RN(1.0),N_A,COM13,M,2024,2023,0,2023-09-30,INR,10213167100000
RBI:RMC_M_RN(1.0),N_A,COM12,M,2024,2023,0,2023-09-30,INR,727409048700
RBI:RMC_M_RN(1.0),N_A,COM1,M,2024,2023,0,2023-08-31,INR,44555658578699.9
RBI:RMC_M_RN(1.0),N_A,COM11,M,2024,2023,0,2023-08-31,INR,33100651030000
RBI:RMC_M_RN(1.0),N_A,COM12,M,2024,2023,0,2023-08-31,INR,718871248700
RBI:RMC_M_RN(1.0),N_A,COM13,M,2024,2023,0,2023-08-31,INR,10736136299999.9
RBI:RMC_M_RN(1.0),N_A,COM13,M,2024,2023,0,2023-07-31,INR,9596386600000
RBI:RMC_M_RN(1.0),N_A,COM12,M,2024,2023,0,2023-07-31,INR,711232895900
RBI:RMC_M_RN(1.0),N_A,COM11,M,2024,2023,0,2023-07-31,INR,33245625190000
RBI:RMC_M_RN(1.0),N_A,COM1,M,2024,2023,0,2023-07-31,INR,43553244685900
RBI:RMC_M_RN(1.0),N_A,COM12,M,2024,2023,0,2023-06-30,INR,786801995900
RBI:RMC_M_RN(1.0),N_A,COM1,M,2024,2023,0,2023-06-30,INR,43703240795900
RBI:RMC_M_RN(1.0),N_A,COM11,M,2024,2023,0,2023-06-30,INR,33604173900000
RBI:RMC_M_RN(1.0),N_A,COM13,M,2024,2023,0,2023-06-30,INR,9312264900000
RBI:RMC_M_RN(1.0),N_A,COM1,M,2024,2023,0,2023-05-31,INR,44599279068000
RBI:RMC_M_RN(1.0),N_A,COM11,M,2024,2023,0,2023-05-31,INR,34784790860000
RBI:RMC_M_RN(1.0),N_A,COM13,M,2024,2023,0,2023-05-31,INR,9134548600000
RBI:RMC_M_RN(1.0),N_A,COM12,M,2024,2023,0,2023-05-31,INR,679939608000
RBI:RMC_M_RN(1.0),N_A,COM11,M,2024,2023,0,2023-04-30,INR,34554032969999.9
RBI:RMC_M_RN(1.0),N_A,COM1,M,2024,2023,0,2023-04-30,INR,44212920977999.9
RBI:RMC_M_RN(1.0),N_A,COM13,M,2024,2023,0,2023-04-30,INR,8975802200000
RBI:RMC_M_RN(1.0),N_A,COM12,M,2024,2023,0,2023-04-30,INR,683085808000
RBI:RMC_M_RN(1.0),N_A,COM12,M,2023,2022,0,2023-03-31,INR,777611708000
RBI:RMC_M_RN(1.0),N_A,COM11,M,2023,2022,0,2023-03-31,INR,33785207165000
RBI:RMC_M_RN(1.0),N_A,COM13,M,2023,2022,0,2023-03-31,INR,9304769700000
RBI:RMC_M_RN(1.0),N_A,COM1,M,2023,2022,0,2023-03-31,INR,43867588573000
RBI:RMC_M_RN(1.0),N_A,COM13,M,2023,2022,0,2023-02-28,INR,8548164399999.99
RBI:RMC_M_RN(1.0),N_A,COM1,M,2023,2022,0,2023-02-28,INR,42505574517999.99
RBI:RMC_M_RN(1.0),N_A,COM12,M,2023,2022,0,2023-02-28,INR,641289508000
RBI:RMC_M_RN(1.0),N_A,COM11,M,2023,2022,0,2023-02-28,INR,33316120610000
RBI:RMC_M_RN(1.0),N_A,COM13,M,2023,2022,0,2023-01-31,INR,8709555699999.99
RBI:RMC_M_RN(1.0),N_A,COM11,M,2023,2022,0,2023-01-31,INR,32917822920000
RBI:RMC_M_RN(1.0),N_A,COM1,M,2023,2022,0,2023-01-31,INR,42265588156999.99
RBI:RMC_M_RN(1.0),N_A,COM12,M,2023,2022,0,2023-01-31,INR,638209537000
RBI:RMC_M_RN(1.0),N_A,COM11,M,2023,2022,0,2022-12-31,INR,32326519360000
RBI:RMC_M_RN(1.0),N_A,COM1,M,2023,2022,0,2022-12-31,INR,41953612797000
RBI:RMC_M_RN(1.0),N_A,COM13,M,2023,2022,0,2022-12-31,INR,8997771000000
RBI:RMC_M_RN(1.0),N_A,COM12,M,2023,2022,0,2022-12-31,INR,629322437000
RBI:RMC_M_RN(1.0),N_A,COM12,M,2023,2022,0,2022-11-30,INR,707094409200
RBI:RMC_M_RN(1.0),N_A,COM1,M,2023,2022,0,2022-11-30,INR,41590654899200
RBI:RMC_M_RN(1.0),N_A,COM13,M,2023,2022,0,2022-11-30,INR,8699306500000
RBI:RMC_M_RN(1.0),N_A,COM11,M,2023,2022,0,2022-11-30,INR,32184253990000
RBI:RMC_M_RN(1.0),N_A,COM1,M,2023,2022,0,2022-10-31,INR,41387645183900
RBI:RMC_M_RN(1.0),N_A,COM12,M,2023,2022,0,2022-10-31,INR,700009600900
RBI:RMC_M_RN(1.0),N_A,COM11,M,2023,2022,0,2022-10-31,INR,32183147883000
RBI:RMC_M_RN(1.0),N_A,COM13,M,2023,2022,0,2022-10-31,INR,8504487700000
RBI:RMC_M_RN(1.0),N_A,COM13,M,2023,2022,0,2022-09-30,INR,8225502700000
RBI:RMC_M_RN(1.0),N_A,COM12,M,2023,2022,0,2022-09-30,INR,625441500900
RBI:RMC_M_RN(1.0),N_A,COM11,M,2023,2022,0,2022-09-30,INR,31670734963000
RBI:RMC_M_RN(1.0),N_A,COM1,M,2023,2022,0,2022-09-30,INR,40521679163900
RBI:RMC_M_RN(1.0),N_A,COM12,M,2023,2022,0,2022-08-31,INR,571890600900
RBI:RMC_M_RN(1.0),N_A,COM1,M,2023,2022,0,2022-08-31,INR,40595811863899.9
RBI:RMC_M_RN(1.0),N_A,COM11,M,2023,2022,0,2022-08-31,INR,31832187862999.9
RBI:RMC_M_RN(1.0),N_A,COM13,M,2023,2022,0,2022-08-31,INR,8191733400000
RBI:RMC_M_RN(1.0),N_A,COM1,M,2023,2022,0,2022-07-31,INR,41340031891900
RBI:RMC_M_RN(1.0),N_A,COM12,M,2023,2022,0,2022-07-31,INR,572437200900
RBI:RMC_M_RN(1.0),N_A,COM13,M,2023,2022,0,2022-07-31,INR,8920446600000
RBI:RMC_M_RN(1.0),N_A,COM11,M,2023,2022,0,2022-07-31,INR,31847148091000
RBI:RMC_M_RN(1.0),N_A,COM13,M,2023,2022,0,2022-06-30,INR,8560829600000
RBI:RMC_M_RN(1.0),N_A,COM12,M,2023,2022,0,2022-06-30,INR,543549038300
RBI:RMC_M_RN(1.0),N_A,COM11,M,2023,2022,0,2022-06-30,INR,32267877619123.5
RBI:RMC_M_RN(1.0),N_A,COM1,M,2023,2022,0,2022-06-30,INR,41372256257423.5
RBI:RMC_M_RN(1.0),N_A,COM11,M,2023,2022,0,2022-05-31,INR,32259996425294.6
RBI:RMC_M_RN(1.0),N_A,COM1,M,2023,2022,0,2022-05-31,INR,41433276163594.6
RBI:RMC_M_RN(1.0),N_A,COM13,M,2023,2022,0,2022-05-31,INR,8635000500000
RBI:RMC_M_RN(1.0),N_A,COM12,M,2023,2022,0,2022-05-31,INR,538279238300
RBI:RMC_M_RN(1.0),N_A,COM11,M,2023,2022,0,2022-04-30,INR,32093943977380.6
RBI:RMC_M_RN(1.0),N_A,COM12,M,2023,2022,0,2022-04-30,INR,575681050500
RBI:RMC_M_RN(1.0),N_A,COM1,M,2023,2022,0,2022-04-30,INR,40023114727880.6
RBI:RMC_M_RN(1.0),N_A,COM13,M,2023,2022,0,2022-04-30,INR,7353489700000
RBI:RMC_M_RN(1.0),N_A,COM13,M,2022,2021,0,2022-03-31,INR,8767261600000
RBI:RMC_M_RN(1.0),N_A,COM12,M,2022,2021,0,2022-03-31,INR,584441050500
RBI:RMC_M_RN(1.0),N_A,COM1,M,2022,2021,0,2022-03-31,INR,40688867327500
RBI:RMC_M_RN(1.0),N_A,COM11,M,2022,2021,0,2022-03-31,INR,31337164677000
RBI:RMC_M_RN(1.0),N_A,COM12,M,2022,2021,0,2022-02-28,INR,547524151000
RBI:RMC_M_RN(1.0),N_A,COM11,M,2022,2021,0,2022-02-28,INR,30805016131017.5
RBI:RMC_M_RN(1.0),N_A,COM13,M,2022,2021,0,2022-02-28,INR,7122365300000
RBI:RMC_M_RN(1.0),N_A,COM1,M,2022,2021,0,2022-02-28,INR,38474905582017.5
RBI:RMC_M_RN(1.0),N_A,COM11,M,2022,2021,0,2022-01-31,INR,30323676978000
RBI:RMC_M_RN(1.0),N_A,COM13,M,2022,2021,0,2022-01-31,INR,7293427000000
RBI:RMC_M_RN(1.0),N_A,COM12,M,2022,2021,0,2022-01-31,INR,526377851000
RBI:RMC_M_RN(1.0),N_A,COM1,M,2022,2021,0,2022-01-31,INR,38143481829000
RBI:RMC_M_RN(1.0),N_A,COM12,M,2022,2021,0,2021-12-31,INR,510454051000
RBI:RMC_M_RN(1.0),N_A,COM13,M,2022,2021,0,2021-12-31,INR,7648284600000
RBI:RMC_M_RN(1.0),N_A,COM1,M,2022,2021,0,2021-12-31,INR,38027751372737.6
RBI:RMC_M_RN(1.0),N_A,COM11,M,2022,2021,0,2021-12-31,INR,29869012721737.6
RBI:RMC_M_RN(1.0),N_A,COM12,M,2022,2021,0,2021-11-30,INR,478613005000
RBI:RMC_M_RN(1.0),N_A,COM1,M,2022,2021,0,2021-11-30,INR,37678943836700.5
RBI:RMC_M_RN(1.0),N_A,COM11,M,2022,2021,0,2021-11-30,INR,29884712831700.5
RBI:RMC_M_RN(1.0),N_A,COM13,M,2022,2021,0,2021-11-30,INR,7315618000000
RBI:RMC_M_RN(1.0),N_A,COM12,M,2022,2021,0,2021-10-31,INR,471651705000
RBI:RMC_M_RN(1.0),N_A,COM1,M,2022,2021,0,2021-10-31,INR,36777320715000
RBI:RMC_M_RN(1.0),N_A,COM11,M,2022,2021,0,2021-10-31,INR,29449925110000
RBI:RMC_M_RN(1.0),N_A,COM13,M,2022,2021,0,2021-10-31,INR,6855743900000
RBI:RMC_M_RN(1.0),N_A,COM12,M,2022,2021,0,2021-09-30,INR,468999585000
RBI:RMC_M_RN(1.0),N_A,COM11,M,2022,2021,0,2021-09-30,INR,29251073500000
RBI:RMC_M_RN(1.0),N_A,COM1,M,2022,2021,0,2021-09-30,INR,36593819685000
RBI:RMC_M_RN(1.0),N_A,COM13,M,2022,2021,0,2021-09-30,INR,6873746600000
RBI:RMC_M_RN(1.0),N_A,COM1,M,2022,2021,0,2021-08-31,INR,36791921430000
RBI:RMC_M_RN(1.0),N_A,COM12,M,2022,2021,0,2021-08-31,INR,461558164000
RBI:RMC_M_RN(1.0),N_A,COM11,M,2022,2021,0,2021-08-31,INR,29439463766000
RBI:RMC_M_RN(1.0),N_A,COM13,M,2022,2021,0,2021-08-31,INR,6890899500000
RBI:RMC_M_RN(1.0),N_A,COM13,M,2022,2021,0,2021-07-31,INR,7232116300000
RBI:RMC_M_RN(1.0),N_A,COM12,M,2022,2021,0,2021-07-31,INR,460967000000
RBI:RMC_M_RN(1.0),N_A,COM1,M,2022,2021,0,2021-07-31,INR,37159573800000
RBI:RMC_M_RN(1.0),N_A,COM11,M,2022,2021,0,2021-07-31,INR,29466490500000
RBI:RMC_M_RN(1.0),N_A,COM11,M,2022,2021,0,2021-06-30,INR,29885188410000
RBI:RMC_M_RN(1.0),N_A,COM13,M,2022,2021,0,2021-06-30,INR,7154421500000
RBI:RMC_M_RN(1.0),N_A,COM1,M,2022,2021,0,2021-06-30,INR,37541554693000
RBI:RMC_M_RN(1.0),N_A,COM12,M,2022,2021,0,2021-06-30,INR,501944783000
RBI:RMC_M_RN(1.0),N_A,COM12,M,2022,2021,0,2021-05-31,INR,484511483000
RBI:RMC_M_RN(1.0),N_A,COM13,M,2022,2021,0,2021-05-31,INR,6497168800000
RBI:RMC_M_RN(1.0),N_A,COM11,M,2022,2021,0,2021-05-31,INR,29641897531000
RBI:RMC_M_RN(1.0),N_A,COM1,M,2022,2021,0,2021-05-31,INR,36623577814000
RBI:RMC_M_RN(1.0),N_A,COM11,M,2022,2021,0,2021-04-30,INR,29071597210000
RBI:RMC_M_RN(1.0),N_A,COM1,M,2022,2021,0,2021-04-30,INR,35480402493000
RBI:RMC_M_RN(1.0),N_A,COM12,M,2022,2021,0,2021-04-30,INR,455086983000
RBI:RMC_M_RN(1.0),N_A,COM13,M,2022,2021,0,2021-04-30,INR,5953718300000
RBI:RMC_M_RN(1.0),N_A,COM12,M,2021,2020,0,2021-03-31,INR,473507880000
RBI:RMC_M_RN(1.0),N_A,COM11,M,2021,2020,0,2021-03-31,INR,28537633010000
RBI:RMC_M_RN(1.0),N_A,COM13,M,2021,2020,0,2021-03-31,INR,6988669500000
RBI:RMC_M_RN(1.0),N_A,COM1,M,2021,2020,0,2021-03-31,INR,35999810390000
RBI:RMC_M_RN(1.0),N_A,COM13,M,2021,2020,0,2021-02-28,INR,4972259600000
RBI:RMC_M_RN(1.0),N_A,COM1,M,2021,2020,0,2021-02-28,INR,33786774873000
RBI:RMC_M_RN(1.0),N_A,COM11,M,2021,2020,0,2021-02-28,INR,28366773990000
RBI:RMC_M_RN(1.0),N_A,COM12,M,2021,2020,0,2021-02-28,INR,447741283000
RBI:RMC_M_RN(1.0),N_A,COM1,M,2021,2020,0,2021-01-31,INR,33619150744000
RBI:RMC_M_RN(1.0),N_A,COM13,M,2021,2020,0,2021-01-31,INR,5119011400000
RBI:RMC_M_RN(1.0),N_A,COM12,M,2021,2020,0,2021-01-31,INR,432221472000
RBI:RMC_M_RN(1.0),N_A,COM11,M,2021,2020,0,2021-01-31,INR,28067917872000
RBI:RMC_M_RN(1.0),N_A,COM11,M,2021,2020,0,2020-12-31,INR,27764773440000
RBI:RMC_M_RN(1.0),N_A,COM12,M,2021,2020,0,2020-12-31,INR,417884161000
RBI:RMC_M_RN(1.0),N_A,COM13,M,2021,2020,0,2020-12-31,INR,5221760000000
RBI:RMC_M_RN(1.0),N_A,COM1,M,2021,2020,0,2020-12-31,INR,33404417601000
RBI:RMC_M_RN(1.0),N_A,COM12,M,2021,2020,0,2020-11-30,INR,419035830000
RBI:RMC_M_RN(1.0),N_A,COM11,M,2021,2020,0,2020-11-30,INR,27704925230000
RBI:RMC_M_RN(1.0),N_A,COM1,M,2021,2020,0,2020-11-30,INR,33170741060000
RBI:RMC_M_RN(1.0),N_A,COM13,M,2021,2020,0,2020-11-30,INR,5046780000000
RBI:RMC_M_RN(1.0),N_A,COM1,M,2021,2020,0,2020-10-31,INR,32258139816000
RBI:RMC_M_RN(1.0),N_A,COM13,M,2021,2020,0,2020-10-31,INR,4705520000000
RBI:RMC_M_RN(1.0),N_A,COM11,M,2021,2020,0,2020-10-31,INR,27145454085000
RBI:RMC_M_RN(1.0),N_A,COM12,M,2021,2020,0,2020-10-31,INR,407165731000
RBI:RMC_M_RN(1.0),N_A,COM12,M,2021,2020,0,2020-09-30,INR,428215731000
RBI:RMC_M_RN(1.0),N_A,COM13,M,2021,2020,0,2020-09-30,INR,4636100000000
RBI:RMC_M_RN(1.0),N_A,COM11,M,2021,2020,0,2020-09-30,INR,26829574085000
RBI:RMC_M_RN(1.0),N_A,COM1,M,2021,2020,0,2020-09-30,INR,31893889816000
RBI:RMC_M_RN(1.0),N_A,COM1,M,2021,2020,0,2020-08-31,INR,31933054532000
RBI:RMC_M_RN(1.0),N_A,COM12,M,2021,2020,0,2020-08-31,INR,399635731000
RBI:RMC_M_RN(1.0),N_A,COM13,M,2021,2020,0,2020-08-31,INR,4727950000000
RBI:RMC_M_RN(1.0),N_A,COM11,M,2021,2020,0,2020-08-31,INR,26805468801000
RBI:RMC_M_RN(1.0),N_A,COM12,M,2021,2020,0,2020-07-31,INR,397065731000
RBI:RMC_M_RN(1.0),N_A,COM13,M,2021,2020,0,2020-07-31,INR,4690870000000
RBI:RMC_M_RN(1.0),N_A,COM1,M,2021,2020,0,2020-07-31,INR,31813540470000
RBI:RMC_M_RN(1.0),N_A,COM11,M,2021,2020,0,2020-07-31,INR,26725604739000
RBI:RMC_M_RN(1.0),N_A,COM12,M,2021,2020,0,2020-06-30,INR,387156834000
RBI:RMC_M_RN(1.0),N_A,COM11,M,2021,2020,0,2020-06-30,INR,26606048646999.9
RBI:RMC_M_RN(1.0),N_A,COM13,M,2021,2020,0,2020-06-30,INR,4844630000000
RBI:RMC_M_RN(1.0),N_A,COM1,M,2021,2020,0,2020-06-30,INR,31837835480999.9
RBI:RMC_M_RN(1.0),N_A,COM12,M,2021,2020,0,2020-05-31,INR,415278442000
RBI:RMC_M_RN(1.0),N_A,COM11,M,2021,2020,0,2020-05-31,INR,26111201434999.9
RBI:RMC_M_RN(1.0),N_A,COM1,M,2021,2020,0,2020-05-31,INR,31208619876999.9
RBI:RMC_M_RN(1.0),N_A,COM13,M,2021,2020,0,2020-05-31,INR,4682140000000
RBI:RMC_M_RN(1.0),N_A,COM11,M,2021,2020,0,2020-04-30,INR,25229701434999.9
RBI:RMC_M_RN(1.0),N_A,COM12,M,2021,2020,0,2020-04-30,INR,395701717000
RBI:RMC_M_RN(1.0),N_A,COM13,M,2021,2020,0,2020-04-30,INR,4571780000000
RBI:RMC_M_RN(1.0),N_A,COM1,M,2021,2020,0,2020-04-30,INR,30197183151999.9
RBI:RMC_M_RN(1.0),N_A,COM1,M,2020,2019,0,2020-03-31,INR,30297066883000
RBI:RMC_M_RN(1.0),N_A,COM13,M,2020,2019,0,2020-03-31,INR,5438880000000
RBI:RMC_M_RN(1.0),N_A,COM11,M,2020,2019,0,2020-03-31,INR,24473115166000
RBI:RMC_M_RN(1.0),N_A,COM12,M,2020,2019,0,2020-03-31,INR,385071717000
RBI:RMC_M_RN(1.0),N_A,COM12,M,2020,2019,0,2020-02-29,INR,345579717000
RBI:RMC_M_RN(1.0),N_A,COM13,M,2020,2019,0,2020-02-29,INR,5915040000000
RBI:RMC_M_RN(1.0),N_A,COM11,M,2020,2019,0,2020-02-29,INR,23482385548326.6
RBI:RMC_M_RN(1.0),N_A,COM1,M,2020,2019,0,2020-02-29,INR,29743005265326.6
RBI:RMC_M_RN(1.0),N_A,COM13,M,2020,2019,0,2020-01-31,INR,5922540000000
RBI:RMC_M_RN(1.0),N_A,COM1,M,2020,2019,0,2020-01-31,INR,29370846379283.6
RBI:RMC_M_RN(1.0),N_A,COM12,M,2020,2019,0,2020-01-31,INR,338559717000
RBI:RMC_M_RN(1.0),N_A,COM11,M,2020,2019,0,2020-01-31,INR,23109746662283.6
RBI:RMC_M_RN(1.0),N_A,COM13,M,2020,2019,0,2019-12-31,INR,6037020000000
RBI:RMC_M_RN(1.0),N_A,COM1,M,2020,2019,0,2019-12-31,INR,29097470111000
RBI:RMC_M_RN(1.0),N_A,COM11,M,2020,2019,0,2019-12-31,INR,22720660996000
RBI:RMC_M_RN(1.0),N_A,COM12,M,2020,2019,0,2019-12-31,INR,339789115000
RBI:RMC_M_RN(1.0),N_A,COM11,M,2020,2019,0,2019-11-30,INR,22673845553000
RBI:RMC_M_RN(1.0),N_A,COM1,M,2020,2019,0,2019-11-30,INR,28551043668000
RBI:RMC_M_RN(1.0),N_A,COM12,M,2020,2019,0,2019-11-30,INR,323118115000
RBI:RMC_M_RN(1.0),N_A,COM13,M,2020,2019,0,2019-11-30,INR,5554080000000
RBI:RMC_M_RN(1.0),N_A,COM11,M,2020,2019,0,2019-10-31,INR,22571352150000
RBI:RMC_M_RN(1.0),N_A,COM13,M,2020,2019,0,2019-10-31,INR,5878534600000
RBI:RMC_M_RN(1.0),N_A,COM1,M,2020,2019,0,2019-10-31,INR,28762004865000
RBI:RMC_M_RN(1.0),N_A,COM12,M,2020,2019,0,2019-10-31,INR,312118115000
RBI:RMC_M_RN(1.0),N_A,COM12,M,2020,2019,0,2019-09-30,INR,319808115000
RBI:RMC_M_RN(1.0),N_A,COM1,M,2020,2019,0,2019-09-30,INR,27881936997000
RBI:RMC_M_RN(1.0),N_A,COM13,M,2020,2019,0,2019-09-30,INR,5700650000000
RBI:RMC_M_RN(1.0),N_A,COM11,M,2020,2019,0,2019-09-30,INR,21861478882000
RBI:RMC_M_RN(1.0),N_A,COM13,M,2020,2019,0,2019-08-31,INR,5757940000000
RBI:RMC_M_RN(1.0),N_A,COM1,M,2020,2019,0,2019-08-31,INR,27831584769000
RBI:RMC_M_RN(1.0),N_A,COM11,M,2020,2019,0,2019-08-31,INR,21763826654000
RBI:RMC_M_RN(1.0),N_A,COM12,M,2020,2019,0,2019-08-31,INR,309818115000
RBI:RMC_M_RN(1.0),N_A,COM11,M,2020,2019,0,2019-07-31,INR,21875101345000
RBI:RMC_M_RN(1.0),N_A,COM13,M,2020,2019,0,2019-07-31,INR,5703160000000
RBI:RMC_M_RN(1.0),N_A,COM12,M,2020,2019,0,2019-07-31,INR,360090000000
RBI:RMC_M_RN(1.0),N_A,COM1,M,2020,2019,0,2019-07-31,INR,27938351345000
RBI:RMC_M_RN(1.0),N_A,COM1,M,2020,2019,0,2019-06-30,INR,27749917054000
RBI:RMC_M_RN(1.0),N_A,COM13,M,2020,2019,0,2019-06-30,INR,5393820000000
RBI:RMC_M_RN(1.0),N_A,COM11,M,2020,2019,0,2019-06-30,INR,22059264877000
RBI:RMC_M_RN(1.0),N_A,COM12,M,2020,2019,0,2019-06-30,INR,296832177000
RBI:RMC_M_RN(1.0),N_A,COM12,M,2020,2019,0,2019-05-31,INR,284522177000
RBI:RMC_M_RN(1.0),N_A,COM13,M,2020,2019,0,2019-05-31,INR,5343650000000
RBI:RMC_M_RN(1.0),N_A,COM1,M,2020,2019,0,2019-05-31,INR,27673385486000
RBI:RMC_M_RN(1.0),N_A,COM11,M,2020,2019,0,2019-05-31,INR,22045213309000
RBI:RMC_M_RN(1.0),N_A,COM13,M,2020,2019,0,2019-04-30,INR,5604620000000
RBI:RMC_M_RN(1.0),N_A,COM11,M,2020,2019,0,2019-04-30,INR,21799803309000
RBI:RMC_M_RN(1.0),N_A,COM1,M,2020,2019,0,2019-04-30,INR,27681025486000
RBI:RMC_M_RN(1.0),N_A,COM12,M,2020,2019,0,2019-04-30,INR,276602177000
RBI:RMC_M_RN(1.0),N_A,COM1,M,2019,2018,0,2019-03-31,INR,27704812536000
RBI:RMC_M_RN(1.0),N_A,COM11,M,2019,2018,0,2019-03-31,INR,21367703357000
RBI:RMC_M_RN(1.0),N_A,COM13,M,2019,2018,0,2019-03-31,INR,6019690000000
RBI:RMC_M_RN(1.0),N_A,COM12,M,2019,2018,0,2019-03-31,INR,317419179000
RBI:RMC_M_RN(1.0),N_A,COM13,M,2019,2018,0,2019-02-28,INR,5262380000000
RBI:RMC_M_RN(1.0),N_A,COM1,M,2019,2018,0,2019-02-28,INR,26581552295000
RBI:RMC_M_RN(1.0),N_A,COM12,M,2019,2018,0,2019-02-28,INR,262019179000
RBI:RMC_M_RN(1.0),N_A,COM11,M,2019,2018,0,2019-02-28,INR,21057153116000
RBI:RMC_M_RN(1.0),N_A,COM1,M,2019,2018,0,2019-01-31,INR,26263869118490
RBI:RMC_M_RN(1.0),N_A,COM11,M,2019,2018,0,2019-01-31,INR,20650582721490
RBI:RMC_M_RN(1.0),N_A,COM12,M,2019,2018,0,2019-01-31,INR,258496397000
RBI:RMC_M_RN(1.0),N_A,COM13,M,2019,2018,0,2019-01-31,INR,5354790000000
RBI:RMC_M_RN(1.0),N_A,COM13,M,2019,2018,0,2018-12-31,INR,5155630000000
RBI:RMC_M_RN(1.0),N_A,COM12,M,2019,2018,0,2018-12-31,INR,250726713000.00003
RBI:RMC_M_RN(1.0),N_A,COM11,M,2019,2018,0,2018-12-31,INR,20299690647000
RBI:RMC_M_RN(1.0),N_A,COM1,M,2019,2018,0,2018-12-31,INR,25706047360000
RBI:RMC_M_RN(1.0),N_A,COM1,M,2019,2018,0,2018-11-30,INR,25468227960000
RBI:RMC_M_RN(1.0),N_A,COM13,M,2019,2018,0,2018-11-30,INR,5103550000000
RBI:RMC_M_RN(1.0),N_A,COM11,M,2019,2018,0,2018-11-30,INR,20107047247000
RBI:RMC_M_RN(1.0),N_A,COM12,M,2019,2018,0,2018-11-30,INR,257630713000
RBI:RMC_M_RN(1.0),N_A,COM12,M,2019,2018,0,2018-10-31,INR,245784143000
RBI:RMC_M_RN(1.0),N_A,COM1,M,2019,2018,0,2018-10-31,INR,24938571390000
RBI:RMC_M_RN(1.0),N_A,COM11,M,2019,2018,0,2018-10-31,INR,19612627247000
RBI:RMC_M_RN(1.0),N_A,COM13,M,2019,2018,0,2018-10-31,INR,5080160000000
RBI:RMC_M_RN(1.0),N_A,COM11,M,2019,2018,0,2018-09-30,INR,19252437247000
RBI:RMC_M_RN(1.0),N_A,COM1,M,2019,2018,0,2018-09-30,INR,24902341390000
RBI:RMC_M_RN(1.0),N_A,COM13,M,2019,2018,0,2018-09-30,INR,5394100000000
RBI:RMC_M_RN(1.0),N_A,COM12,M,2019,2018,0,2018-09-30,INR,255804143000
RBI:RMC_M_RN(1.0),N_A,COM11,M,2019,2018,0,2018-08-31,INR,19276337247000
RBI:RMC_M_RN(1.0),N_A,COM1,M,2019,2018,0,2018-08-31,INR,24609621390000
RBI:RMC_M_RN(1.0),N_A,COM13,M,2019,2018,0,2018-08-31,INR,5086580000000
RBI:RMC_M_RN(1.0),N_A,COM12,M,2019,2018,0,2018-08-31,INR,246704143000
RBI:RMC_M_RN(1.0),N_A,COM1,M,2019,2018,0,2018-07-31,INR,24765667682000
RBI:RMC_M_RN(1.0),N_A,COM13,M,2019,2018,0,2018-07-31,INR,5169310000000
RBI:RMC_M_RN(1.0),N_A,COM11,M,2019,2018,0,2018-07-31,INR,19366343539000
RBI:RMC_M_RN(1.0),N_A,COM12,M,2019,2018,0,2018-07-31,INR,230014143000
RBI:RMC_M_RN(1.0),N_A,COM11,M,2019,2018,0,2018-06-30,INR,19573917650000
RBI:RMC_M_RN(1.0),N_A,COM1,M,2019,2018,0,2018-06-30,INR,24976054793000
RBI:RMC_M_RN(1.0),N_A,COM12,M,2019,2018,0,2018-06-30,INR,225157143000
RBI:RMC_M_RN(1.0),N_A,COM13,M,2019,2018,0,2018-06-30,INR,5176980000000
RBI:RMC_M_RN(1.0),N_A,COM12,M,2019,2018,0,2018-05-31,INR,268646480000
RBI:RMC_M_RN(1.0),N_A,COM13,M,2019,2018,0,2018-05-31,INR,5033470000000
RBI:RMC_M_RN(1.0),N_A,COM1,M,2019,2018,0,2018-05-31,INR,24609681938000
RBI:RMC_M_RN(1.0),N_A,COM11,M,2019,2018,0,2018-05-31,INR,19307565458000
RBI:RMC_M_RN(1.0),N_A,COM12,M,2019,2018,0,2018-04-30,INR,220106480000
RBI:RMC_M_RN(1.0),N_A,COM11,M,2019,2018,0,2018-04-30,INR,19036480324000
RBI:RMC_M_RN(1.0),N_A,COM13,M,2019,2018,0,2018-04-30,INR,5244760000000
RBI:RMC_M_RN(1.0),N_A,COM1,M,2019,2018,0,2018-04-30,INR,24501346804000
RBI:RMC_M_RN(1.0),N_A,COM11,M,2018,2017,0,2018-03-31,INR,18293476127343.598
RBI:RMC_M_RN(1.0),N_A,COM13,M,2018,2017,0,2018-03-31,INR,5655250000000
RBI:RMC_M_RN(1.0),N_A,COM12,M,2018,2017,0,2018-03-31,INR,239066479546.68
RBI:RMC_M_RN(1.0),N_A,COM1,M,2018,2017,0,2018-03-31,INR,24187792606890.277
RBI:RMC_M_RN(1.0),N_A,COM13,M,2018,2017,0,2018-02-28,INR,4822170000000
RBI:RMC_M_RN(1.0),N_A,COM12,M,2018,2017,0,2018-02-28,INR,200948480000.00003
RBI:RMC_M_RN(1.0),N_A,COM1,M,2018,2017,0,2018-02-28,INR,22800523472000
RBI:RMC_M_RN(1.0),N_A,COM11,M,2018,2017,0,2018-02-28,INR,17777404992000
RBI:RMC_M_RN(1.0),N_A,COM1,M,2018,2017,0,2018-01-31,INR,22432250996000
RBI:RMC_M_RN(1.0),N_A,COM13,M,2018,2017,0,2018-01-31,INR,4839550000000
RBI:RMC_M_RN(1.0),N_A,COM12,M,2018,2017,0,2018-01-31,INR,259859480000
RBI:RMC_M_RN(1.0),N_A,COM11,M,2018,2017,0,2018-01-31,INR,17332841516000
RBI:RMC_M_RN(1.0),N_A,COM12,M,2018,2017,0,2017-12-31,INR,228919480000
RBI:RMC_M_RN(1.0),N_A,COM11,M,2018,2017,0,2017-12-31,INR,16973637908000
RBI:RMC_M_RN(1.0),N_A,COM13,M,2018,2017,0,2017-12-31,INR,4790590000000
RBI:RMC_M_RN(1.0),N_A,COM1,M,2018,2017,0,2017-12-31,INR,21993147388000
RBI:RMC_M_RN(1.0),N_A,COM13,M,2018,2017,0,2017-11-30,INR,4680550000000
RBI:RMC_M_RN(1.0),N_A,COM12,M,2018,2017,0,2017-11-30,INR,229233024000
RBI:RMC_M_RN(1.0),N_A,COM1,M,2018,2017,0,2017-11-30,INR,21509965098000
RBI:RMC_M_RN(1.0),N_A,COM11,M,2018,2017,0,2017-11-30,INR,16600182074000
RBI:RMC_M_RN(1.0),N_A,COM12,M,2018,2017,0,2017-10-31,INR,224829024000
RBI:RMC_M_RN(1.0),N_A,COM13,M,2018,2017,0,2017-10-31,INR,4677470000000
RBI:RMC_M_RN(1.0),N_A,COM1,M,2018,2017,0,2017-10-31,INR,21249610408999.996
RBI:RMC_M_RN(1.0),N_A,COM11,M,2018,2017,0,2017-10-31,INR,16347311384999.998
RBI:RMC_M_RN(1.0),N_A,COM1,M,2018,2017,0,2017-09-30,INR,20988948796000
RBI:RMC_M_RN(1.0),N_A,COM12,M,2018,2017,0,2017-09-30,INR,256868024000
RBI:RMC_M_RN(1.0),N_A,COM11,M,2018,2017,0,2017-09-30,INR,15887320772000
RBI:RMC_M_RN(1.0),N_A,COM13,M,2018,2017,0,2017-09-30,INR,4844760000000
RBI:RMC_M_RN(1.0),N_A,COM12,M,2018,2017,0,2017-08-31,INR,204838024000
RBI:RMC_M_RN(1.0),N_A,COM1,M,2018,2017,0,2017-08-31,INR,20636154028000.004
RBI:RMC_M_RN(1.0),N_A,COM13,M,2018,2017,0,2017-08-31,INR,4719920000000
RBI:RMC_M_RN(1.0),N_A,COM11,M,2018,2017,0,2017-08-31,INR,15711396004000.002
RBI:RMC_M_RN(1.0),N_A,COM13,M,2018,2017,0,2017-07-31,INR,4612210000000
RBI:RMC_M_RN(1.0),N_A,COM1,M,2018,2017,0,2017-07-31,INR,20271637821000.004
RBI:RMC_M_RN(1.0),N_A,COM11,M,2018,2017,0,2017-07-31,INR,15479810009000.002
RBI:RMC_M_RN(1.0),N_A,COM12,M,2018,2017,0,2017-07-31,INR,179617812000
RBI:RMC_M_RN(1.0),N_A,COM1,M,2018,2017,0,2017-06-30,INR,20128627821000.004
RBI:RMC_M_RN(1.0),N_A,COM11,M,2018,2017,0,2017-06-30,INR,15327570009000.002
RBI:RMC_M_RN(1.0),N_A,COM12,M,2018,2017,0,2017-06-30,INR,201757812000
RBI:RMC_M_RN(1.0),N_A,COM13,M,2018,2017,0,2017-06-30,INR,4599300000000
RBI:RMC_M_RN(1.0),N_A,COM13,M,2018,2017,0,2017-05-31,INR,4638210000000
RBI:RMC_M_RN(1.0),N_A,COM11,M,2018,2017,0,2017-05-31,INR,14880002807000
RBI:RMC_M_RN(1.0),N_A,COM1,M,2018,2017,0,2017-05-31,INR,19695959619000
RBI:RMC_M_RN(1.0),N_A,COM12,M,2018,2017,0,2017-05-31,INR,177746812000
RBI:RMC_M_RN(1.0),N_A,COM1,M,2018,2017,0,2017-04-30,INR,19291364354000
RBI:RMC_M_RN(1.0),N_A,COM11,M,2018,2017,0,2017-04-30,INR,14321138199000
RBI:RMC_M_RN(1.0),N_A,COM13,M,2018,2017,0,2017-04-30,INR,4793590000000
RBI:RMC_M_RN(1.0),N_A,COM12,M,2018,2017,0,2017-04-30,INR,176636155000
RBI:RMC_M_RN(1.0),N_A,COM11,M,2017,2016,0,2017-03-31,INR,13352664773000
RBI:RMC_M_RN(1.0),N_A,COM1,M,2017,2016,0,2017-03-31,INR,19004845928000
RBI:RMC_M_RN(1.0),N_A,COM12,M,2017,2016,0,2017-03-31,INR,210911155000
RBI:RMC_M_RN(1.0),N_A,COM13,M,2017,2016,0,2017-03-31,INR,5441270000000
RBI:RMC_M_RN(1.0),N_A,COM12,M,2017,2016,0,2017-02-28,INR,156321155000
RBI:RMC_M_RN(1.0),N_A,COM11,M,2017,2016,0,2017-02-28,INR,11317365038999.998
RBI:RMC_M_RN(1.0),N_A,COM13,M,2017,2016,0,2017-02-28,INR,4589790000000
RBI:RMC_M_RN(1.0),N_A,COM1,M,2017,2016,0,2017-02-28,INR,16063476193999.998
RBI:RMC_M_RN(1.0),N_A,COM1,M,2017,2016,0,2017-01-31,INR,14661820778000
RBI:RMC_M_RN(1.0),N_A,COM12,M,2017,2016,0,2017-01-31,INR,155281155000
RBI:RMC_M_RN(1.0),N_A,COM11,M,2017,2016,0,2017-01-31,INR,9876779623000
RBI:RMC_M_RN(1.0),N_A,COM13,M,2017,2016,0,2017-01-31,INR,4629760000000
RBI:RMC_M_RN(1.0),N_A,COM11,M,2017,2016,0,2016-12-31,INR,9432090857000
RBI:RMC_M_RN(1.0),N_A,COM13,M,2017,2016,0,2016-12-31,INR,4622670000000
RBI:RMC_M_RN(1.0),N_A,COM1,M,2017,2016,0,2016-12-31,INR,14207362012000
RBI:RMC_M_RN(1.0),N_A,COM12,M,2017,2016,0,2016-12-31,INR,152601155000
RBI:RMC_M_RN(1.0),N_A,COM12,M,2017,2016,0,2016-11-30,INR,150801155000
RBI:RMC_M_RN(1.0),N_A,COM1,M,2017,2016,0,2016-11-30,INR,16490408423000
RBI:RMC_M_RN(1.0),N_A,COM13,M,2017,2016,0,2016-11-30,INR,4455430000000
RBI:RMC_M_RN(1.0),N_A,COM11,M,2017,2016,0,2016-11-30,INR,11884177268000
RBI:RMC_M_RN(1.0),N_A,COM1,M,2017,2016,0,2016-10-31,INR,22398188289000
RBI:RMC_M_RN(1.0),N_A,COM12,M,2017,2016,0,2016-10-31,INR,159621155000
RBI:RMC_M_RN(1.0),N_A,COM11,M,2017,2016,0,2016-10-31,INR,17775347134000
RBI:RMC_M_RN(1.0),N_A,COM13,M,2017,2016,0,2016-10-31,INR,4463220000000
RBI:RMC_M_RN(1.0),N_A,COM1,M,2017,2016,0,2016-09-30,INR,21863371155000
RBI:RMC_M_RN(1.0),N_A,COM13,M,2017,2016,0,2016-09-30,INR,4398580000000
RBI:RMC_M_RN(1.0),N_A,COM12,M,2017,2016,0,2016-09-30,INR,186011155000
RBI:RMC_M_RN(1.0),N_A,COM11,M,2017,2016,0,2016-09-30,INR,17278780000000
RBI:RMC_M_RN(1.0),N_A,COM12,M,2017,2016,0,2016-08-31,INR,139984529000
RBI:RMC_M_RN(1.0),N_A,COM1,M,2017,2016,0,2016-08-31,INR,21744024529000
RBI:RMC_M_RN(1.0),N_A,COM13,M,2017,2016,0,2016-08-31,INR,4154840000000
RBI:RMC_M_RN(1.0),N_A,COM11,M,2017,2016,0,2016-08-31,INR,17449200000000
RBI:RMC_M_RN(1.0),N_A,COM12,M,2017,2016,0,2016-07-31,INR,135924529000
RBI:RMC_M_RN(1.0),N_A,COM1,M,2017,2016,0,2016-07-31,INR,21630284529000
RBI:RMC_M_RN(1.0),N_A,COM11,M,2017,2016,0,2016-07-31,INR,17363640000000
RBI:RMC_M_RN(1.0),N_A,COM13,M,2017,2016,0,2016-07-31,INR,4130720000000
RBI:RMC_M_RN(1.0),N_A,COM12,M,2017,2016,0,2016-06-30,INR,132544529000
RBI:RMC_M_RN(1.0),N_A,COM11,M,2017,2016,0,2016-06-30,INR,17331075034000
RBI:RMC_M_RN(1.0),N_A,COM13,M,2017,2016,0,2016-06-30,INR,4200290000000
RBI:RMC_M_RN(1.0),N_A,COM1,M,2017,2016,0,2016-06-30,INR,21663909563000
RBI:RMC_M_RN(1.0),N_A,COM12,M,2017,2016,0,2016-05-31,INR,133028552000
RBI:RMC_M_RN(1.0),N_A,COM11,M,2017,2016,0,2016-05-31,INR,17334555697000.002
RBI:RMC_M_RN(1.0),N_A,COM1,M,2017,2016,0,2016-05-31,INR,21564784249000.004
RBI:RMC_M_RN(1.0),N_A,COM13,M,2017,2016,0,2016-05-31,INR,4097200000000
RBI:RMC_M_RN(1.0),N_A,COM1,M,2017,2016,0,2016-04-30,INR,21579115750000
RBI:RMC_M_RN(1.0),N_A,COM12,M,2017,2016,0,2016-04-30,INR,133116648000
RBI:RMC_M_RN(1.0),N_A,COM11,M,2017,2016,0,2016-04-30,INR,17201159102000
RBI:RMC_M_RN(1.0),N_A,COM13,M,2017,2016,0,2016-04-30,INR,4244840000000
RBI:RMC_M_RN(1.0),N_A,COM13,M,2016,2015,0,2016-03-31,INR,5018260000000
RBI:RMC_M_RN(1.0),N_A,COM11,M,2016,2015,0,2016-03-31,INR,16634632338000
RBI:RMC_M_RN(1.0),N_A,COM1,M,2016,2015,0,2016-03-31,INR,21807398986000
RBI:RMC_M_RN(1.0),N_A,COM12,M,2016,2015,0,2016-03-31,INR,154506648000
RBI:RMC_M_RN(1.0),N_A,COM13,M,2016,2015,0,2016-02-29,INR,4124860000000
RBI:RMC_M_RN(1.0),N_A,COM1,M,2016,2015,0,2016-02-29,INR,20637287255000
RBI:RMC_M_RN(1.0),N_A,COM12,M,2016,2015,0,2016-02-29,INR,271291623000
RBI:RMC_M_RN(1.0),N_A,COM11,M,2016,2015,0,2016-02-29,INR,16241135632000
RBI:RMC_M_RN(1.0),N_A,COM13,M,2016,2015,0,2016-01-31,INR,4055590000000
RBI:RMC_M_RN(1.0),N_A,COM1,M,2016,2015,0,2016-01-31,INR,20053531020000
RBI:RMC_M_RN(1.0),N_A,COM12,M,2016,2015,0,2016-01-31,INR,126599267000
RBI:RMC_M_RN(1.0),N_A,COM11,M,2016,2015,0,2016-01-31,INR,15871341753000
RBI:RMC_M_RN(1.0),N_A,COM12,M,2016,2015,0,2015-12-31,INR,143439267000
RBI:RMC_M_RN(1.0),N_A,COM13,M,2016,2015,0,2015-12-31,INR,4339900000000
RBI:RMC_M_RN(1.0),N_A,COM1,M,2016,2015,0,2015-12-31,INR,20182318357000
RBI:RMC_M_RN(1.0),N_A,COM11,M,2016,2015,0,2015-12-31,INR,15698979090000
RBI:RMC_M_RN(1.0),N_A,COM13,M,2016,2015,0,2015-11-30,INR,4115160000000
RBI:RMC_M_RN(1.0),N_A,COM1,M,2016,2015,0,2015-11-30,INR,19812702714000
RBI:RMC_M_RN(1.0),N_A,COM12,M,2016,2015,0,2015-11-30,INR,150371623000
RBI:RMC_M_RN(1.0),N_A,COM11,M,2016,2015,0,2015-11-30,INR,15547171091000
RBI:RMC_M_RN(1.0),N_A,COM13,M,2016,2015,0,2015-10-31,INR,3999210000000
RBI:RMC_M_RN(1.0),N_A,COM11,M,2016,2015,0,2015-10-31,INR,15160687527999.998
RBI:RMC_M_RN(1.0),N_A,COM12,M,2016,2015,0,2015-10-31,INR,153629267000
RBI:RMC_M_RN(1.0),N_A,COM1,M,2016,2015,0,2015-10-31,INR,19313526794999.996
RBI:RMC_M_RN(1.0),N_A,COM13,M,2016,2015,0,2015-09-30,INR,4039460000000
RBI:RMC_M_RN(1.0),N_A,COM11,M,2016,2015,0,2015-09-30,INR,14998711007000
RBI:RMC_M_RN(1.0),N_A,COM12,M,2016,2015,0,2015-09-30,INR,155079267000
RBI:RMC_M_RN(1.0),N_A,COM1,M,2016,2015,0,2015-09-30,INR,19193250274000
RBI:RMC_M_RN(1.0),N_A,COM12,M,2016,2015,0,2015-08-31,INR,151309267000
RBI:RMC_M_RN(1.0),N_A,COM1,M,2016,2015,0,2015-08-31,INR,18945023253000
RBI:RMC_M_RN(1.0),N_A,COM11,M,2016,2015,0,2015-08-31,INR,14867863986000
RBI:RMC_M_RN(1.0),N_A,COM13,M,2016,2015,0,2015-08-31,INR,3925850000000
RBI:RMC_M_RN(1.0),N_A,COM13,M,2016,2015,0,2015-07-31,INR,3928490000000
RBI:RMC_M_RN(1.0),N_A,COM1,M,2016,2015,0,2015-07-31,INR,19007509465000.004
RBI:RMC_M_RN(1.0),N_A,COM12,M,2016,2015,0,2015-07-31,INR,200676671000
RBI:RMC_M_RN(1.0),N_A,COM11,M,2016,2015,0,2015-07-31,INR,14878342794000.002
RBI:RMC_M_RN(1.0),N_A,COM11,M,2016,2015,0,2015-06-30,INR,14974304777000
RBI:RMC_M_RN(1.0),N_A,COM1,M,2016,2015,0,2015-06-30,INR,18948505206000
RBI:RMC_M_RN(1.0),N_A,COM13,M,2016,2015,0,2015-06-30,INR,3883722030000
RBI:RMC_M_RN(1.0),N_A,COM12,M,2016,2015,0,2015-06-30,INR,90478399000.00002
RBI:RMC_M_RN(1.0),N_A,COM1,M,2016,2015,0,2015-05-31,INR,19170851452000
RBI:RMC_M_RN(1.0),N_A,COM13,M,2016,2015,0,2015-05-31,INR,3941113715000
RBI:RMC_M_RN(1.0),N_A,COM11,M,2016,2015,0,2015-05-31,INR,15116899376000
RBI:RMC_M_RN(1.0),N_A,COM12,M,2016,2015,0,2015-05-31,INR,112838361000
RBI:RMC_M_RN(1.0),N_A,COM12,M,2016,2015,0,2015-04-30,INR,92230695000
RBI:RMC_M_RN(1.0),N_A,COM11,M,2016,2015,0,2015-04-30,INR,14941515041000
RBI:RMC_M_RN(1.0),N_A,COM1,M,2016,2015,0,2015-04-30,INR,18865168528000
RBI:RMC_M_RN(1.0),N_A,COM13,M,2016,2015,0,2015-04-30,INR,3831422792000
RBI:RMC_M_RN(1.0),N_A,COM1,M,2015,2014,0,2015-03-31,INR,19284631031000
RBI:RMC_M_RN(1.0),N_A,COM13,M,2015,2014,0,2015-03-31,INR,4655608906000
RBI:RMC_M_RN(1.0),N_A,COM11,M,2015,2014,0,2015-03-31,INR,14483122207000
RBI:RMC_M_RN(1.0),N_A,COM12,M,2015,2014,0,2015-03-31,INR,145899918000
RBI:RMC_M_RN(1.0),N_A,COM11,M,2015,2014,0,2015-02-28,INR,14333040493999.998
RBI:RMC_M_RN(1.0),N_A,COM1,M,2015,2014,0,2015-02-28,INR,18070349139999.996
RBI:RMC_M_RN(1.0),N_A,COM13,M,2015,2014,0,2015-02-28,INR,3656879046000
RBI:RMC_M_RN(1.0),N_A,COM12,M,2015,2014,0,2015-02-28,INR,80429600000
RBI:RMC_M_RN(1.0),N_A,COM13,M,2015,2014,0,2015-01-31,INR,3709565723000
RBI:RMC_M_RN(1.0),N_A,COM1,M,2015,2014,0,2015-01-31,INR,17896313014000
RBI:RMC_M_RN(1.0),N_A,COM11,M,2015,2014,0,2015-01-31,INR,14103258640000
RBI:RMC_M_RN(1.0),N_A,COM12,M,2015,2014,0,2015-01-31,INR,83488651000.00002
RBI:RMC_M_RN(1.0),N_A,COM13,M,2015,2014,0,2014-12-31,INR,3679572184000
RBI:RMC_M_RN(1.0),N_A,COM11,M,2015,2014,0,2014-12-31,INR,13898845253000
RBI:RMC_M_RN(1.0),N_A,COM1,M,2015,2014,0,2014-12-31,INR,17659793508000
RBI:RMC_M_RN(1.0),N_A,COM12,M,2015,2014,0,2014-12-31,INR,81376071000
RBI:RMC_M_RN(1.0),N_A,COM11,M,2015,2014,0,2014-11-30,INR,13694820992999.998
RBI:RMC_M_RN(1.0),N_A,COM13,M,2015,2014,0,2014-11-30,INR,3714932618000
RBI:RMC_M_RN(1.0),N_A,COM12,M,2015,2014,0,2014-11-30,INR,87274817000
RBI:RMC_M_RN(1.0),N_A,COM1,M,2015,2014,0,2014-11-30,INR,17497028427999.998
RBI:RMC_M_RN(1.0),N_A,COM1,M,2015,2014,0,2014-10-31,INR,17370350930000
RBI:RMC_M_RN(1.0),N_A,COM12,M,2015,2014,0,2014-10-31,INR,80659482000
RBI:RMC_M_RN(1.0),N_A,COM13,M,2015,2014,0,2014-10-31,INR,3617930898000
RBI:RMC_M_RN(1.0),N_A,COM11,M,2015,2014,0,2014-10-31,INR,13671760550000
RBI:RMC_M_RN(1.0),N_A,COM1,M,2015,2014,0,2014-09-30,INR,17087111160999.998
RBI:RMC_M_RN(1.0),N_A,COM11,M,2015,2014,0,2014-09-30,INR,13440045563999.998
RBI:RMC_M_RN(1.0),N_A,COM13,M,2015,2014,0,2014-09-30,INR,3576037183000
RBI:RMC_M_RN(1.0),N_A,COM12,M,2015,2014,0,2014-09-30,INR,71028414000
RBI:RMC_M_RN(1.0),N_A,COM1,M,2015,2014,0,2014-08-31,INR,17065680715000
RBI:RMC_M_RN(1.0),N_A,COM13,M,2015,2014,0,2014-08-31,INR,3497514524000
RBI:RMC_M_RN(1.0),N_A,COM12,M,2015,2014,0,2014-08-31,INR,65297696000
RBI:RMC_M_RN(1.0),N_A,COM11,M,2015,2014,0,2014-08-31,INR,13502868495000
RBI:RMC_M_RN(1.0),N_A,COM11,M,2015,2014,0,2014-07-31,INR,13488397802000
RBI:RMC_M_RN(1.0),N_A,COM12,M,2015,2014,0,2014-07-31,INR,81352770000
RBI:RMC_M_RN(1.0),N_A,COM13,M,2015,2014,0,2014-07-31,INR,3583085991000
RBI:RMC_M_RN(1.0),N_A,COM1,M,2015,2014,0,2014-07-31,INR,17152836563000
RBI:RMC_M_RN(1.0),N_A,COM13,M,2015,2014,0,2014-06-30,INR,3592390711000
RBI:RMC_M_RN(1.0),N_A,COM12,M,2015,2014,0,2014-06-30,INR,6827800999.999999
RBI:RMC_M_RN(1.0),N_A,COM11,M,2015,2014,0,2014-06-30,INR,13592951494000
RBI:RMC_M_RN(1.0),N_A,COM1,M,2015,2014,0,2014-06-30,INR,17192170006000
RBI:RMC_M_RN(1.0),N_A,COM12,M,2015,2014,0,2014-05-31,INR,21186893000
RBI:RMC_M_RN(1.0),N_A,COM11,M,2015,2014,0,2014-05-31,INR,13657304931000
RBI:RMC_M_RN(1.0),N_A,COM13,M,2015,2014,0,2014-05-31,INR,3553279604000
RBI:RMC_M_RN(1.0),N_A,COM1,M,2015,2014,0,2014-05-31,INR,17231771428000
RBI:RMC_M_RN(1.0),N_A,COM1,M,2015,2014,0,2014-04-30,INR,16944750256000
RBI:RMC_M_RN(1.0),N_A,COM12,M,2015,2014,0,2014-04-30,INR,23435895000
RBI:RMC_M_RN(1.0),N_A,COM11,M,2015,2014,0,2014-04-30,INR,13450876875000
RBI:RMC_M_RN(1.0),N_A,COM13,M,2015,2014,0,2014-04-30,INR,3470437486000
RBI:RMC_M_RN(1.0),N_A,COM1,M,2014,2013,0,2014-03-31,INR,17327419973480
RBI:RMC_M_RN(1.0),N_A,COM13,M,2014,2013,0,2014-03-31,INR,4297028378000
RBI:RMC_M_RN(1.0),N_A,COM12,M,2014,2013,0,2014-03-31,INR,19651191480
RBI:RMC_M_RN(1.0),N_A,COM11,M,2014,2013,0,2014-03-31,INR,13010740404000
RBI:RMC_M_RN(1.0),N_A,COM13,M,2014,2013,0,2014-02-28,INR,3316791141000
RBI:RMC_M_RN(1.0),N_A,COM11,M,2014,2013,0,2014-02-28,INR,12919392212000
RBI:RMC_M_RN(1.0),N_A,COM12,M,2014,2013,0,2014-02-28,INR,15082375000
RBI:RMC_M_RN(1.0),N_A,COM1,M,2014,2013,0,2014-02-28,INR,16251265728000
RBI:RMC_M_RN(1.0),N_A,COM1,M,2014,2013,0,2014-01-31,INR,16243000476999.998
RBI:RMC_M_RN(1.0),N_A,COM11,M,2014,2013,0,2014-01-31,INR,12791644032999.998
RBI:RMC_M_RN(1.0),N_A,COM13,M,2014,2013,0,2014-01-31,INR,3427018644000
RBI:RMC_M_RN(1.0),N_A,COM12,M,2014,2013,0,2014-01-31,INR,24337800000.000004
RBI:RMC_M_RN(1.0),N_A,COM1,M,2014,2013,0,2013-12-31,INR,16136875176000.002
RBI:RMC_M_RN(1.0),N_A,COM11,M,2014,2013,0,2013-12-31,INR,12685208785000.002
RBI:RMC_M_RN(1.0),N_A,COM12,M,2014,2013,0,2013-12-31,INR,24868896000
RBI:RMC_M_RN(1.0),N_A,COM13,M,2014,2013,0,2013-12-31,INR,3426797495000
RBI:RMC_M_RN(1.0),N_A,COM13,M,2014,2013,0,2013-11-30,INR,3468031354000.0005
RBI:RMC_M_RN(1.0),N_A,COM1,M,2014,2013,0,2013-11-30,INR,16165146814000
RBI:RMC_M_RN(1.0),N_A,COM12,M,2014,2013,0,2013-11-30,INR,79428833000
RBI:RMC_M_RN(1.0),N_A,COM11,M,2014,2013,0,2013-11-30,INR,12617686627000
RBI:RMC_M_RN(1.0),N_A,COM13,M,2014,2013,0,2013-10-31,INR,3335656050000
RBI:RMC_M_RN(1.0),N_A,COM1,M,2014,2013,0,2013-10-31,INR,15797930138999.998
RBI:RMC_M_RN(1.0),N_A,COM12,M,2014,2013,0,2013-10-31,INR,37302345000
RBI:RMC_M_RN(1.0),N_A,COM11,M,2014,2013,0,2013-10-31,INR,12424971743999.998
RBI:RMC_M_RN(1.0),N_A,COM11,M,2014,2013,0,2013-09-30,INR,12156258669000
RBI:RMC_M_RN(1.0),N_A,COM12,M,2014,2013,0,2013-09-30,INR,41277328000
RBI:RMC_M_RN(1.0),N_A,COM13,M,2014,2013,0,2013-09-30,INR,3393769976000
RBI:RMC_M_RN(1.0),N_A,COM1,M,2014,2013,0,2013-09-30,INR,15591305973000
RBI:RMC_M_RN(1.0),N_A,COM1,M,2014,2013,0,2013-08-31,INR,15571317826000
RBI:RMC_M_RN(1.0),N_A,COM12,M,2014,2013,0,2013-08-31,INR,54297284000
RBI:RMC_M_RN(1.0),N_A,COM11,M,2014,2013,0,2013-08-31,INR,12137203067000
RBI:RMC_M_RN(1.0),N_A,COM13,M,2014,2013,0,2013-08-31,INR,3379817475000
RBI:RMC_M_RN(1.0),N_A,COM13,M,2014,2013,0,2013-07-31,INR,3328525128000.0005
RBI:RMC_M_RN(1.0),N_A,COM1,M,2014,2013,0,2013-07-31,INR,15413409616000.002
RBI:RMC_M_RN(1.0),N_A,COM11,M,2014,2013,0,2013-07-31,INR,12063044913000.002
RBI:RMC_M_RN(1.0),N_A,COM12,M,2014,2013,0,2013-07-31,INR,21839575000
RBI:RMC_M_RN(1.0),N_A,COM1,M,2014,2013,0,2013-06-30,INR,15666532305000
RBI:RMC_M_RN(1.0),N_A,COM11,M,2014,2013,0,2013-06-30,INR,12176637659000
RBI:RMC_M_RN(1.0),N_A,COM13,M,2014,2013,0,2013-06-30,INR,3465905543000
RBI:RMC_M_RN(1.0),N_A,COM12,M,2014,2013,0,2013-06-30,INR,23989103000
RBI:RMC_M_RN(1.0),N_A,COM13,M,2014,2013,0,2013-05-31,INR,3074259864000
RBI:RMC_M_RN(1.0),N_A,COM1,M,2014,2013,0,2013-05-31,INR,15402276210000
RBI:RMC_M_RN(1.0),N_A,COM11,M,2014,2013,0,2013-05-31,INR,12284446401000
RBI:RMC_M_RN(1.0),N_A,COM12,M,2014,2013,0,2013-05-31,INR,43569945000
RBI:RMC_M_RN(1.0),N_A,COM1,M,2014,2013,0,2013-04-30,INR,15554203190000
RBI:RMC_M_RN(1.0),N_A,COM12,M,2014,2013,0,2013-04-30,INR,20653190000
RBI:RMC_M_RN(1.0),N_A,COM13,M,2014,2013,0,2013-04-30,INR,3275050000000
RBI:RMC_M_RN(1.0),N_A,COM11,M,2014,2013,0,2013-04-30,INR,12258500000000
RBI:RMC_M_RN(1.0),N_A,COM1,M,2013,2012,0,2013-03-31,INR,15148859953000
RBI:RMC_M_RN(1.0),N_A,COM11,M,2013,2012,0,2013-03-31,INR,11909750000000
RBI:RMC_M_RN(1.0),N_A,COM12,M,2013,2012,0,2013-03-31,INR,32399953000
RBI:RMC_M_RN(1.0),N_A,COM13,M,2013,2012,0,2013-03-31,INR,3206710000000
RBI:RMC_M_RN(1.0),N_A,COM1,M,2013,2012,0,2013-02-28,INR,14931916243000
RBI:RMC_M_RN(1.0),N_A,COM13,M,2013,2012,0,2013-02-28,INR,3131470000000
RBI:RMC_M_RN(1.0),N_A,COM12,M,2013,2012,0,2013-02-28,INR,15076243000
RBI:RMC_M_RN(1.0),N_A,COM11,M,2013,2012,0,2013-02-28,INR,11785370000000
RBI:RMC_M_RN(1.0),N_A,COM12,M,2013,2012,0,2013-01-31,INR,14998548000
RBI:RMC_M_RN(1.0),N_A,COM13,M,2013,2012,0,2013-01-31,INR,3292300000000
RBI:RMC_M_RN(1.0),N_A,COM1,M,2013,2012,0,2013-01-31,INR,14893748548000
RBI:RMC_M_RN(1.0),N_A,COM11,M,2013,2012,0,2013-01-31,INR,11586450000000
RBI:RMC_M_RN(1.0),N_A,COM1,M,2013,2012,0,2012-12-31,INR,14580040726000
RBI:RMC_M_RN(1.0),N_A,COM13,M,2013,2012,0,2012-12-31,INR,3143970000000
RBI:RMC_M_RN(1.0),N_A,COM11,M,2013,2012,0,2012-12-31,INR,11421070000000
RBI:RMC_M_RN(1.0),N_A,COM12,M,2013,2012,0,2012-12-31,INR,15000726000
RBI:RMC_M_RN(1.0),N_A,COM1,M,2013,2012,0,2012-11-30,INR,14414570674000
RBI:RMC_M_RN(1.0),N_A,COM13,M,2013,2012,0,2012-11-30,INR,2985180000000
RBI:RMC_M_RN(1.0),N_A,COM11,M,2013,2012,0,2012-11-30,INR,11405640000000
RBI:RMC_M_RN(1.0),N_A,COM12,M,2013,2012,0,2012-11-30,INR,23750674000
RBI:RMC_M_RN(1.0),N_A,COM13,M,2013,2012,0,2012-10-31,INR,3507650000000
RBI:RMC_M_RN(1.0),N_A,COM12,M,2013,2012,0,2012-10-31,INR,16022014000
RBI:RMC_M_RN(1.0),N_A,COM11,M,2013,2012,0,2012-10-31,INR,11098190000000
RBI:RMC_M_RN(1.0),N_A,COM1,M,2013,2012,0,2012-10-31,INR,14621862014000
RBI:RMC_M_RN(1.0),N_A,COM13,M,2013,2012,0,2012-09-30,INR,3366330000000
RBI:RMC_M_RN(1.0),N_A,COM12,M,2013,2012,0,2012-09-30,INR,16660637000
RBI:RMC_M_RN(1.0),N_A,COM1,M,2013,2012,0,2012-09-30,INR,14481550637000
RBI:RMC_M_RN(1.0),N_A,COM11,M,2013,2012,0,2012-09-30,INR,11098560000000
RBI:RMC_M_RN(1.0),N_A,COM1,M,2013,2012,0,2012-08-31,INR,14499133349000
RBI:RMC_M_RN(1.0),N_A,COM12,M,2013,2012,0,2012-08-31,INR,19873349000
RBI:RMC_M_RN(1.0),N_A,COM11,M,2013,2012,0,2012-08-31,INR,11186550000000
RBI:RMC_M_RN(1.0),N_A,COM13,M,2013,2012,0,2012-08-31,INR,3292710000000
RBI:RMC_M_RN(1.0),N_A,COM1,M,2013,2012,0,2012-07-31,INR,14465489481000
RBI:RMC_M_RN(1.0),N_A,COM11,M,2013,2012,0,2012-07-31,INR,11022640000000
RBI:RMC_M_RN(1.0),N_A,COM13,M,2013,2012,0,2012-07-31,INR,3417090000000
RBI:RMC_M_RN(1.0),N_A,COM12,M,2013,2012,0,2012-07-31,INR,25759481000
RBI:RMC_M_RN(1.0),N_A,COM11,M,2013,2012,0,2012-06-30,INR,11176500000000
RBI:RMC_M_RN(1.0),N_A,COM12,M,2013,2012,0,2012-06-30,INR,18988814000
RBI:RMC_M_RN(1.0),N_A,COM13,M,2013,2012,0,2012-06-30,INR,3434590000000
RBI:RMC_M_RN(1.0),N_A,COM1,M,2013,2012,0,2012-06-30,INR,14630078814000
RBI:RMC_M_RN(1.0),N_A,COM11,M,2013,2012,0,2012-05-31,INR,11270500000000
RBI:RMC_M_RN(1.0),N_A,COM13,M,2013,2012,0,2012-05-31,INR,3247190000000
RBI:RMC_M_RN(1.0),N_A,COM1,M,2013,2012,0,2012-05-31,INR,14531921700000
RBI:RMC_M_RN(1.0),N_A,COM12,M,2013,2012,0,2012-05-31,INR,14231700000
RBI:RMC_M_RN(1.0),N_A,COM1,M,2013,2012,0,2012-04-30,INR,14460335644000
RBI:RMC_M_RN(1.0),N_A,COM11,M,2013,2012,0,2012-04-30,INR,11082320000000
RBI:RMC_M_RN(1.0),N_A,COM13,M,2013,2012,0,2012-04-30,INR,3362430000000
RBI:RMC_M_RN(1.0),N_A,COM12,M,2013,2012,0,2012-04-30,INR,15585644000
RBI:RMC_M_RN(1.0),N_A,COM11,M,2012,2011,0,2012-03-31,INR,10672300000000
RBI:RMC_M_RN(1.0),N_A,COM12,M,2012,2011,0,2012-03-31,INR,28223567000
RBI:RMC_M_RN(1.0),N_A,COM1,M,2012,2011,0,2012-03-31,INR,14263433567000
RBI:RMC_M_RN(1.0),N_A,COM13,M,2012,2011,0,2012-03-31,INR,3562910000000
RBI:RMC_M_RN(1.0),N_A,COM12,M,2012,2011,0,2012-02-29,INR,10918612000
RBI:RMC_M_RN(1.0),N_A,COM11,M,2012,2011,0,2012-02-29,INR,10566450000000
RBI:RMC_M_RN(1.0),N_A,COM1,M,2012,2011,0,2012-02-29,INR,13889128612000
RBI:RMC_M_RN(1.0),N_A,COM13,M,2012,2011,0,2012-02-29,INR,3311760000000
RBI:RMC_M_RN(1.0),N_A,COM11,M,2012,2011,0,2012-01-31,INR,10377310000000
RBI:RMC_M_RN(1.0),N_A,COM13,M,2012,2011,0,2012-01-31,INR,3892470000000
RBI:RMC_M_RN(1.0),N_A,COM1,M,2012,2011,0,2012-01-31,INR,14296378312000
RBI:RMC_M_RN(1.0),N_A,COM12,M,2012,2011,0,2012-01-31,INR,26598312000
RBI:RMC_M_RN(1.0),N_A,COM12,M,2012,2011,0,2011-12-31,INR,22273412000
RBI:RMC_M_RN(1.0),N_A,COM13,M,2012,2011,0,2011-12-31,INR,3714030000000
RBI:RMC_M_RN(1.0),N_A,COM11,M,2012,2011,0,2011-12-31,INR,10198000000000
RBI:RMC_M_RN(1.0),N_A,COM1,M,2012,2011,0,2011-12-31,INR,13934303412000
RBI:RMC_M_RN(1.0),N_A,COM13,M,2012,2011,0,2011-11-30,INR,3786600000000
RBI:RMC_M_RN(1.0),N_A,COM11,M,2012,2011,0,2011-11-30,INR,10210180000000
RBI:RMC_M_RN(1.0),N_A,COM1,M,2012,2011,0,2011-11-30,INR,14008374822000
RBI:RMC_M_RN(1.0),N_A,COM12,M,2012,2011,0,2011-11-30,INR,11594822000
RBI:RMC_M_RN(1.0),N_A,COM1,M,2012,2011,0,2011-10-31,INR,13886443522000
RBI:RMC_M_RN(1.0),N_A,COM13,M,2012,2011,0,2011-10-31,INR,3906800000000
RBI:RMC_M_RN(1.0),N_A,COM11,M,2012,2011,0,2011-10-31,INR,9968220000000
RBI:RMC_M_RN(1.0),N_A,COM12,M,2012,2011,0,2011-10-31,INR,11423522000
RBI:RMC_M_RN(1.0),N_A,COM11,M,2012,2011,0,2011-09-30,INR,9821430000000
RBI:RMC_M_RN(1.0),N_A,COM13,M,2012,2011,0,2011-09-30,INR,3702130000000
RBI:RMC_M_RN(1.0),N_A,COM12,M,2012,2011,0,2011-09-30,INR,23143860000
RBI:RMC_M_RN(1.0),N_A,COM1,M,2012,2011,0,2011-09-30,INR,13546703860000
RBI:RMC_M_RN(1.0),N_A,COM13,M,2012,2011,0,2011-08-31,INR,3822150000000
RBI:RMC_M_RN(1.0),N_A,COM12,M,2012,2011,0,2011-08-31,INR,27655399000.000004
RBI:RMC_M_RN(1.0),N_A,COM11,M,2012,2011,0,2011-08-31,INR,9830630000000
RBI:RMC_M_RN(1.0),N_A,COM1,M,2012,2011,0,2011-08-31,INR,13680435399000
RBI:RMC_M_RN(1.0),N_A,COM13,M,2012,2011,0,2011-07-31,INR,3796790000000
RBI:RMC_M_RN(1.0),N_A,COM12,M,2012,2011,0,2011-07-31,INR,13783599000
RBI:RMC_M_RN(1.0),N_A,COM11,M,2012,2011,0,2011-07-31,INR,9755190000000
RBI:RMC_M_RN(1.0),N_A,COM1,M,2012,2011,0,2011-07-31,INR,13565763599000
RBI:RMC_M_RN(1.0),N_A,COM12,M,2012,2011,0,2011-06-30,INR,19335699000
RBI:RMC_M_RN(1.0),N_A,COM13,M,2012,2011,0,2011-06-30,INR,3543960000000
RBI:RMC_M_RN(1.0),N_A,COM1,M,2012,2011,0,2011-06-30,INR,13572105699000
RBI:RMC_M_RN(1.0),N_A,COM11,M,2012,2011,0,2011-06-30,INR,10008810000000
RBI:RMC_M_RN(1.0),N_A,COM1,M,2012,2011,0,2011-05-31,INR,13620159599000
RBI:RMC_M_RN(1.0),N_A,COM11,M,2012,2011,0,2011-05-31,INR,10005050000000
RBI:RMC_M_RN(1.0),N_A,COM13,M,2012,2011,0,2011-05-31,INR,3585340000000
RBI:RMC_M_RN(1.0),N_A,COM12,M,2012,2011,0,2011-05-31,INR,29769599000
RBI:RMC_M_RN(1.0),N_A,COM11,M,2012,2011,0,2011-04-30,INR,9830430000000
RBI:RMC_M_RN(1.0),N_A,COM12,M,2012,2011,0,2011-04-30,INR,33046399000
RBI:RMC_M_RN(1.0),N_A,COM1,M,2012,2011,0,2011-04-30,INR,13462306399000
RBI:RMC_M_RN(1.0),N_A,COM13,M,2012,2011,0,2011-04-30,INR,3598830000000
RBI:RMC_M_RN(1.0),N_A,COM13,M,2011,2010,0,2011-03-31,INR,4235090000000
RBI:RMC_M_RN(1.0),N_A,COM1,M,2011,2010,0,2011-03-31,INR,13768207399000
RBI:RMC_M_RN(1.0),N_A,COM12,M,2011,2010,0,2011-03-31,INR,36527399000
RBI:RMC_M_RN(1.0),N_A,COM11,M,2011,2010,0,2011-03-31,INR,9496590000000
RBI:RMC_M_RN(1.0),N_A,COM1,M,2011,2010,0,2011-02-28,INR,12795198574000
RBI:RMC_M_RN(1.0),N_A,COM13,M,2011,2010,0,2011-02-28,INR,3345680000000
RBI:RMC_M_RN(1.0),N_A,COM11,M,2011,2010,0,2011-02-28,INR,9413700000000
RBI:RMC_M_RN(1.0),N_A,COM12,M,2011,2010,0,2011-02-28,INR,35818574000
RBI:RMC_M_RN(1.0),N_A,COM1,M,2011,2010,0,2011-01-31,INR,12473418574000
RBI:RMC_M_RN(1.0),N_A,COM12,M,2011,2010,0,2011-01-31,INR,133298574000.00002
RBI:RMC_M_RN(1.0),N_A,COM13,M,2011,2010,0,2011-01-31,INR,3090200000000
RBI:RMC_M_RN(1.0),N_A,COM11,M,2011,2010,0,2011-01-31,INR,9249920000000
RBI:RMC_M_RN(1.0),N_A,COM11,M,2011,2010,0,2010-12-31,INR,9069720000000
RBI:RMC_M_RN(1.0),N_A,COM13,M,2011,2010,0,2010-12-31,INR,3312600000000
RBI:RMC_M_RN(1.0),N_A,COM12,M,2011,2010,0,2010-12-31,INR,35709642000
RBI:RMC_M_RN(1.0),N_A,COM1,M,2011,2010,0,2010-12-31,INR,12418029642000
RBI:RMC_M_RN(1.0),N_A,COM11,M,2011,2010,0,2010-11-30,INR,9092290000000
RBI:RMC_M_RN(1.0),N_A,COM12,M,2011,2010,0,2010-11-30,INR,35356941000
RBI:RMC_M_RN(1.0),N_A,COM1,M,2011,2010,0,2010-11-30,INR,12318746941000
RBI:RMC_M_RN(1.0),N_A,COM13,M,2011,2010,0,2010-11-30,INR,3191100000000
RBI:RMC_M_RN(1.0),N_A,COM11,M,2011,2010,0,2010-10-31,INR,8766800000000
RBI:RMC_M_RN(1.0),N_A,COM13,M,2011,2010,0,2010-10-31,INR,2929820000000
RBI:RMC_M_RN(1.0),N_A,COM12,M,2011,2010,0,2010-10-31,INR,39716741000
RBI:RMC_M_RN(1.0),N_A,COM1,M,2011,2010,0,2010-10-31,INR,11736336741000
RBI:RMC_M_RN(1.0),N_A,COM11,M,2011,2010,0,2010-09-30,INR,8606840000000
RBI:RMC_M_RN(1.0),N_A,COM13,M,2011,2010,0,2010-09-30,INR,3097380000000
RBI:RMC_M_RN(1.0),N_A,COM12,M,2011,2010,0,2010-09-30,INR,40304841000
RBI:RMC_M_RN(1.0),N_A,COM1,M,2011,2010,0,2010-09-30,INR,11744524841000
RBI:RMC_M_RN(1.0),N_A,COM13,M,2011,2010,0,2010-08-31,INR,3149210000000
RBI:RMC_M_RN(1.0),N_A,COM11,M,2011,2010,0,2010-08-31,INR,8568670000000
RBI:RMC_M_RN(1.0),N_A,COM12,M,2011,2010,0,2010-08-31,INR,39804841000
RBI:RMC_M_RN(1.0),N_A,COM1,M,2011,2010,0,2010-08-31,INR,11757684841000
RBI:RMC_M_RN(1.0),N_A,COM12,M,2011,2010,0,2010-07-31,INR,44405841000
RBI:RMC_M_RN(1.0),N_A,COM13,M,2011,2010,0,2010-07-31,INR,3183730000000
RBI:RMC_M_RN(1.0),N_A,COM11,M,2011,2010,0,2010-07-31,INR,8479770000000
RBI:RMC_M_RN(1.0),N_A,COM1,M,2011,2010,0,2010-07-31,INR,11707905841000
RBI:RMC_M_RN(1.0),N_A,COM12,M,2011,2010,0,2010-06-30,INR,30783741000
RBI:RMC_M_RN(1.0),N_A,COM1,M,2011,2010,0,2010-06-30,INR,11707853741000
RBI:RMC_M_RN(1.0),N_A,COM13,M,2011,2010,0,2010-06-30,INR,3032570000000
RBI:RMC_M_RN(1.0),N_A,COM11,M,2011,2010,0,2010-06-30,INR,8644500000000
RBI:RMC_M_RN(1.0),N_A,COM11,M,2011,2010,0,2010-05-31,INR,8559770000000
RBI:RMC_M_RN(1.0),N_A,COM1,M,2011,2010,0,2010-05-31,INR,11593667841000
RBI:RMC_M_RN(1.0),N_A,COM13,M,2011,2010,0,2010-05-31,INR,2995970000000
RBI:RMC_M_RN(1.0),N_A,COM12,M,2011,2010,0,2010-05-31,INR,37927841000
RBI:RMC_M_RN(1.0),N_A,COM1,M,2011,2010,0,2010-04-30,INR,11274565309000
RBI:RMC_M_RN(1.0),N_A,COM13,M,2011,2010,0,2010-04-30,INR,2947150000000
RBI:RMC_M_RN(1.0),N_A,COM11,M,2011,2010,0,2010-04-30,INR,8291500000000
RBI:RMC_M_RN(1.0),N_A,COM12,M,2011,2010,0,2010-04-30,INR,35915309000
RBI:RMC_M_RN(1.0),N_A,COM1,M,2010,2009,0,2010-03-31,INR,11556540009000
RBI:RMC_M_RN(1.0),N_A,COM11,M,2010,2009,0,2010-03-31,INR,7995490000000
RBI:RMC_M_RN(1.0),N_A,COM12,M,2010,2009,0,2010-03-31,INR,38060009000
RBI:RMC_M_RN(1.0),N_A,COM13,M,2010,2009,0,2010-03-31,INR,3522990000000
RBI:RMC_M_RN(1.0),N_A,COM11,M,2010,2009,0,2010-02-28,INR,7862080000000
RBI:RMC_M_RN(1.0),N_A,COM12,M,2010,2009,0,2010-02-28,INR,36644309000
RBI:RMC_M_RN(1.0),N_A,COM1,M,2010,2009,0,2010-02-28,INR,10864504309000
RBI:RMC_M_RN(1.0),N_A,COM13,M,2010,2009,0,2010-02-28,INR,2965780000000
RBI:RMC_M_RN(1.0),N_A,COM12,M,2010,2009,0,2010-01-31,INR,42922109000
RBI:RMC_M_RN(1.0),N_A,COM13,M,2010,2009,0,2010-01-31,INR,2486770000000
RBI:RMC_M_RN(1.0),N_A,COM1,M,2010,2009,0,2010-01-31,INR,10256442109000
RBI:RMC_M_RN(1.0),N_A,COM11,M,2010,2009,0,2010-01-31,INR,7726750000000
RBI:RMC_M_RN(1.0),N_A,COM12,M,2010,2009,0,2009-12-31,INR,49558709000
RBI:RMC_M_RN(1.0),N_A,COM13,M,2010,2009,0,2009-12-31,INR,2447460000000
RBI:RMC_M_RN(1.0),N_A,COM1,M,2010,2009,0,2009-12-31,INR,10170698709000
RBI:RMC_M_RN(1.0),N_A,COM11,M,2010,2009,0,2009-12-31,INR,7673680000000
RBI:RMC_M_RN(1.0),N_A,COM11,M,2010,2009,0,2009-11-30,INR,7515590000000
RBI:RMC_M_RN(1.0),N_A,COM1,M,2010,2009,0,2009-11-30,INR,10031959599000
RBI:RMC_M_RN(1.0),N_A,COM13,M,2010,2009,0,2009-11-30,INR,2468530000000
RBI:RMC_M_RN(1.0),N_A,COM12,M,2010,2009,0,2009-11-30,INR,47839599000
RBI:RMC_M_RN(1.0),N_A,COM1,M,2010,2009,0,2009-10-31,INR,9705462256000
RBI:RMC_M_RN(1.0),N_A,COM13,M,2010,2009,0,2009-10-31,INR,2228800000000
RBI:RMC_M_RN(1.0),N_A,COM12,M,2010,2009,0,2009-10-31,INR,39732256000
RBI:RMC_M_RN(1.0),N_A,COM11,M,2010,2009,0,2009-10-31,INR,7436930000000
RBI:RMC_M_RN(1.0),N_A,COM11,M,2010,2009,0,2009-09-30,INR,7219260000000
RBI:RMC_M_RN(1.0),N_A,COM13,M,2010,2009,0,2009-09-30,INR,2392900000000
RBI:RMC_M_RN(1.0),N_A,COM1,M,2010,2009,0,2009-09-30,INR,9652536916000
RBI:RMC_M_RN(1.0),N_A,COM12,M,2010,2009,0,2009-09-30,INR,40376916000
RBI:RMC_M_RN(1.0),N_A,COM11,M,2010,2009,0,2009-08-31,INR,7065620000000
RBI:RMC_M_RN(1.0),N_A,COM12,M,2010,2009,0,2009-08-31,INR,54053516000
RBI:RMC_M_RN(1.0),N_A,COM1,M,2010,2009,0,2009-08-31,INR,9360713516000
RBI:RMC_M_RN(1.0),N_A,COM13,M,2010,2009,0,2009-08-31,INR,2241040000000
RBI:RMC_M_RN(1.0),N_A,COM11,M,2010,2009,0,2009-07-31,INR,7038250000000
RBI:RMC_M_RN(1.0),N_A,COM1,M,2010,2009,0,2009-07-31,INR,9312496316000
RBI:RMC_M_RN(1.0),N_A,COM12,M,2010,2009,0,2009-07-31,INR,42156316000
RBI:RMC_M_RN(1.0),N_A,COM13,M,2010,2009,0,2009-07-31,INR,2232090000000
RBI:RMC_M_RN(1.0),N_A,COM1,M,2010,2009,0,2009-06-30,INR,9490373902000
RBI:RMC_M_RN(1.0),N_A,COM13,M,2010,2009,0,2009-06-30,INR,2186110000000
RBI:RMC_M_RN(1.0),N_A,COM12,M,2010,2009,0,2009-06-30,INR,95813902000
RBI:RMC_M_RN(1.0),N_A,COM11,M,2010,2009,0,2009-06-30,INR,7208450000000
RBI:RMC_M_RN(1.0),N_A,COM1,M,2010,2009,0,2009-05-31,INR,9577424702000
RBI:RMC_M_RN(1.0),N_A,COM12,M,2010,2009,0,2009-05-31,INR,46874702000
RBI:RMC_M_RN(1.0),N_A,COM11,M,2010,2009,0,2009-05-31,INR,7246210000000
RBI:RMC_M_RN(1.0),N_A,COM13,M,2010,2009,0,2009-05-31,INR,2284340000000
RBI:RMC_M_RN(1.0),N_A,COM11,M,2010,2009,0,2009-04-30,INR,7144220000000
RBI:RMC_M_RN(1.0),N_A,COM12,M,2010,2009,0,2009-04-30,INR,96803639000
RBI:RMC_M_RN(1.0),N_A,COM13,M,2010,2009,0,2009-04-30,INR,2362510000000
RBI:RMC_M_RN(1.0),N_A,COM1,M,2010,2009,0,2009-04-30,INR,9603533639000
RBI:RMC_M_RN(1.0),N_A,COM11,M,2009,2008,0,2009-03-31,INR,6911530000000
RBI:RMC_M_RN(1.0),N_A,COM12,M,2009,2008,0,2009-03-31,INR,55330239000
RBI:RMC_M_RN(1.0),N_A,COM13,M,2009,2008,0,2009-03-31,INR,2912750000000
RBI:RMC_M_RN(1.0),N_A,COM1,M,2009,2008,0,2009-03-31,INR,9879610239000
RBI:RMC_M_RN(1.0),N_A,COM11,M,2009,2008,0,2009-02-28,INR,6752280000000
RBI:RMC_M_RN(1.0),N_A,COM12,M,2009,2008,0,2009-02-28,INR,59361328000
RBI:RMC_M_RN(1.0),N_A,COM1,M,2009,2008,0,2009-02-28,INR,8876761328000
RBI:RMC_M_RN(1.0),N_A,COM13,M,2009,2008,0,2009-02-28,INR,2065120000000
RBI:RMC_M_RN(1.0),N_A,COM1,M,2009,2008,0,2009-01-31,INR,8744381628000
RBI:RMC_M_RN(1.0),N_A,COM11,M,2009,2008,0,2009-01-31,INR,6591430000000
RBI:RMC_M_RN(1.0),N_A,COM12,M,2009,2008,0,2009-01-31,INR,65471628000
RBI:RMC_M_RN(1.0),N_A,COM13,M,2009,2008,0,2009-01-31,INR,2087480000000
RBI:RMC_M_RN(1.0),N_A,COM11,M,2009,2008,0,2008-12-31,INR,6514210000000
RBI:RMC_M_RN(1.0),N_A,COM13,M,2009,2008,0,2008-12-31,INR,2225610000000
RBI:RMC_M_RN(1.0),N_A,COM1,M,2009,2008,0,2008-12-31,INR,8864452885000
RBI:RMC_M_RN(1.0),N_A,COM12,M,2009,2008,0,2008-12-31,INR,124632885000
RBI:RMC_M_RN(1.0),N_A,COM13,M,2009,2008,0,2008-11-30,INR,2242580000000
RBI:RMC_M_RN(1.0),N_A,COM12,M,2009,2008,0,2008-11-30,INR,49081977000
RBI:RMC_M_RN(1.0),N_A,COM1,M,2009,2008,0,2008-11-30,INR,8747981977000
RBI:RMC_M_RN(1.0),N_A,COM11,M,2009,2008,0,2008-11-30,INR,6456320000000
RBI:RMC_M_RN(1.0),N_A,COM11,M,2009,2008,0,2008-10-31,INR,6385790000000
RBI:RMC_M_RN(1.0),N_A,COM1,M,2009,2008,0,2008-10-31,INR,8677560077000
RBI:RMC_M_RN(1.0),N_A,COM12,M,2009,2008,0,2008-10-31,INR,50060077000
RBI:RMC_M_RN(1.0),N_A,COM13,M,2009,2008,0,2008-10-31,INR,2241710000000
RBI:RMC_M_RN(1.0),N_A,COM13,M,2009,2008,0,2008-09-30,INR,3383340000000
RBI:RMC_M_RN(1.0),N_A,COM11,M,2009,2008,0,2008-09-30,INR,6131440000000
RBI:RMC_M_RN(1.0),N_A,COM1,M,2009,2008,0,2008-09-30,INR,9569057677000
RBI:RMC_M_RN(1.0),N_A,COM12,M,2009,2008,0,2008-09-30,INR,54277677000
RBI:RMC_M_RN(1.0),N_A,COM1,M,2009,2008,0,2008-08-31,INR,9474187393000
RBI:RMC_M_RN(1.0),N_A,COM12,M,2009,2008,0,2008-08-31,INR,52157393000
RBI:RMC_M_RN(1.0),N_A,COM13,M,2009,2008,0,2008-08-31,INR,3308750000000
RBI:RMC_M_RN(1.0),N_A,COM11,M,2009,2008,0,2008-08-31,INR,6113280000000
RBI:RMC_M_RN(1.0),N_A,COM13,M,2009,2008,0,2008-07-31,INR,3209670000000
RBI:RMC_M_RN(1.0),N_A,COM1,M,2009,2008,0,2008-07-31,INR,9518789293000
RBI:RMC_M_RN(1.0),N_A,COM12,M,2009,2008,0,2008-07-31,INR,50689293000
RBI:RMC_M_RN(1.0),N_A,COM11,M,2009,2008,0,2008-07-31,INR,6258430000000
RBI:RMC_M_RN(1.0),N_A,COM13,M,2009,2008,0,2008-06-30,INR,2991150000000
RBI:RMC_M_RN(1.0),N_A,COM1,M,2009,2008,0,2008-06-30,INR,9316866674000
RBI:RMC_M_RN(1.0),N_A,COM11,M,2009,2008,0,2008-06-30,INR,6276600000000
RBI:RMC_M_RN(1.0),N_A,COM12,M,2009,2008,0,2008-06-30,INR,49116674000
RBI:RMC_M_RN(1.0),N_A,COM13,M,2009,2008,0,2008-05-31,INR,2806390000000
RBI:RMC_M_RN(1.0),N_A,COM11,M,2009,2008,0,2008-05-31,INR,6250790000000
RBI:RMC_M_RN(1.0),N_A,COM1,M,2009,2008,0,2008-05-31,INR,9119024674000
RBI:RMC_M_RN(1.0),N_A,COM12,M,2009,2008,0,2008-05-31,INR,61844674000.00001
RBI:RMC_M_RN(1.0),N_A,COM1,M,2009,2008,0,2008-04-30,INR,8882867618000
RBI:RMC_M_RN(1.0),N_A,COM11,M,2009,2008,0,2008-04-30,INR,6109490000000
RBI:RMC_M_RN(1.0),N_A,COM13,M,2009,2008,0,2008-04-30,INR,2711810000000
RBI:RMC_M_RN(1.0),N_A,COM12,M,2009,2008,0,2008-04-30,INR,61567618000
RBI:RMC_M_RN(1.0),N_A,COM12,M,2008,2007,0,2008-03-31,INR,90268482000
RBI:RMC_M_RN(1.0),N_A,COM13,M,2008,2007,0,2008-03-31,INR,3284470000000
RBI:RMC_M_RN(1.0),N_A,COM11,M,2008,2007,0,2008-03-31,INR,5908006500000
RBI:RMC_M_RN(1.0),N_A,COM1,M,2008,2007,0,2008-03-31,INR,9282744982000
RBI:RMC_M_RN(1.0),N_A,COM12,M,2008,2007,0,2008-02-29,INR,49815682000
RBI:RMC_M_RN(1.0),N_A,COM1,M,2008,2007,0,2008-02-29,INR,8505213082000
RBI:RMC_M_RN(1.0),N_A,COM13,M,2008,2007,0,2008-02-29,INR,2701060000000
RBI:RMC_M_RN(1.0),N_A,COM11,M,2008,2007,0,2008-02-29,INR,5754337400000
RBI:RMC_M_RN(1.0),N_A,COM13,M,2008,2007,0,2008-01-31,INR,2670550000000
RBI:RMC_M_RN(1.0),N_A,COM1,M,2008,2007,0,2008-01-31,INR,8381771367000
RBI:RMC_M_RN(1.0),N_A,COM12,M,2008,2007,0,2008-01-31,INR,47332467000
RBI:RMC_M_RN(1.0),N_A,COM11,M,2008,2007,0,2008-01-31,INR,5663888900000
RBI:RMC_M_RN(1.0),N_A,COM13,M,2008,2007,0,2007-12-31,INR,2485900000000
RBI:RMC_M_RN(1.0),N_A,COM1,M,2008,2007,0,2007-12-31,INR,8077738367000
RBI:RMC_M_RN(1.0),N_A,COM11,M,2008,2007,0,2007-12-31,INR,5544487200000
RBI:RMC_M_RN(1.0),N_A,COM12,M,2008,2007,0,2007-12-31,INR,47351166999.99999
RBI:RMC_M_RN(1.0),N_A,COM13,M,2008,2007,0,2007-11-30,INR,2407260000000
RBI:RMC_M_RN(1.0),N_A,COM11,M,2008,2007,0,2007-11-30,INR,5472045500000
RBI:RMC_M_RN(1.0),N_A,COM12,M,2008,2007,0,2007-11-30,INR,47569167000
RBI:RMC_M_RN(1.0),N_A,COM1,M,2008,2007,0,2007-11-30,INR,7926874667000
RBI:RMC_M_RN(1.0),N_A,COM12,M,2008,2007,0,2007-10-31,INR,48299101000
RBI:RMC_M_RN(1.0),N_A,COM13,M,2008,2007,0,2007-10-31,INR,2380950000000
RBI:RMC_M_RN(1.0),N_A,COM1,M,2008,2007,0,2007-10-31,INR,7699464201000
RBI:RMC_M_RN(1.0),N_A,COM11,M,2008,2007,0,2007-10-31,INR,5270215100000
RBI:RMC_M_RN(1.0),N_A,COM13,M,2008,2007,0,2007-09-30,INR,2679590000000
RBI:RMC_M_RN(1.0),N_A,COM12,M,2008,2007,0,2007-09-30,INR,55536901000
RBI:RMC_M_RN(1.0),N_A,COM1,M,2008,2007,0,2007-09-30,INR,7811801001000
RBI:RMC_M_RN(1.0),N_A,COM11,M,2008,2007,0,2007-09-30,INR,5076674100000
RBI:RMC_M_RN(1.0),N_A,COM1,M,2008,2007,0,2007-08-31,INR,7462336373000
RBI:RMC_M_RN(1.0),N_A,COM11,M,2008,2007,0,2007-08-31,INR,5066882800000
RBI:RMC_M_RN(1.0),N_A,COM13,M,2008,2007,0,2007-08-31,INR,2345340000000
RBI:RMC_M_RN(1.0),N_A,COM12,M,2008,2007,0,2007-08-31,INR,50113573000
RBI:RMC_M_RN(1.0),N_A,COM11,M,2008,2007,0,2007-07-31,INR,5146378100000
RBI:RMC_M_RN(1.0),N_A,COM13,M,2008,2007,0,2007-07-31,INR,2249800000000
RBI:RMC_M_RN(1.0),N_A,COM1,M,2008,2007,0,2007-07-31,INR,7519421173000
RBI:RMC_M_RN(1.0),N_A,COM12,M,2008,2007,0,2007-07-31,INR,123243073000
RBI:RMC_M_RN(1.0),N_A,COM12,M,2008,2007,0,2007-06-30,INR,70318794000
RBI:RMC_M_RN(1.0),N_A,COM11,M,2008,2007,0,2007-06-30,INR,5210640000000
RBI:RMC_M_RN(1.0),N_A,COM13,M,2008,2007,0,2007-06-30,INR,1924960000000
RBI:RMC_M_RN(1.0),N_A,COM1,M,2008,2007,0,2007-06-30,INR,7205918794000
RBI:RMC_M_RN(1.0),N_A,COM13,M,2008,2007,0,2007-05-31,INR,1976660000000
RBI:RMC_M_RN(1.0),N_A,COM1,M,2008,2007,0,2007-05-31,INR,7258433052000
RBI:RMC_M_RN(1.0),N_A,COM11,M,2008,2007,0,2007-05-31,INR,5228581600000
RBI:RMC_M_RN(1.0),N_A,COM12,M,2008,2007,0,2007-05-31,INR,53191452000
RBI:RMC_M_RN(1.0),N_A,COM12,M,2008,2007,0,2007-04-30,INR,69404530000
RBI:RMC_M_RN(1.0),N_A,COM1,M,2008,2007,0,2007-04-30,INR,7303464530000
RBI:RMC_M_RN(1.0),N_A,COM11,M,2008,2007,0,2007-04-30,INR,5208980000000
RBI:RMC_M_RN(1.0),N_A,COM13,M,2008,2007,0,2007-04-30,INR,2025080000000
RBI:RMC_M_RN(1.0),N_A,COM1,M,2007,2006,0,2007-03-31,INR,7088605656000
RBI:RMC_M_RN(1.0),N_A,COM12,M,2007,2006,0,2007-03-31,INR,74668156000
RBI:RMC_M_RN(1.0),N_A,COM11,M,2007,2006,0,2007-03-31,INR,5040987500000
RBI:RMC_M_RN(1.0),N_A,COM13,M,2007,2006,0,2007-03-31,INR,1972950000000
RBI:RMC_M_RN(1.0),N_A,COM13,M,2007,2006,0,2007-02-28,INR,1656420000000
RBI:RMC_M_RN(1.0),N_A,COM12,M,2007,2006,0,2007-02-28,INR,46766408000
RBI:RMC_M_RN(1.0),N_A,COM1,M,2007,2006,0,2007-02-28,INR,6692698738000
RBI:RMC_M_RN(1.0),N_A,COM11,M,2007,2006,0,2007-02-28,INR,4989512330000
RBI:RMC_M_RN(1.0),N_A,COM12,M,2007,2006,0,2007-01-31,INR,55587984000
RBI:RMC_M_RN(1.0),N_A,COM1,M,2007,2006,0,2007-01-31,INR,6416497984000
RBI:RMC_M_RN(1.0),N_A,COM13,M,2007,2006,0,2007-01-31,INR,1478300000000
RBI:RMC_M_RN(1.0),N_A,COM11,M,2007,2006,0,2007-01-31,INR,4882610000000
RBI:RMC_M_RN(1.0),N_A,COM1,M,2007,2006,0,2006-12-31,INR,6192332400000
RBI:RMC_M_RN(1.0),N_A,COM12,M,2007,2006,0,2006-12-31,INR,51748200000
RBI:RMC_M_RN(1.0),N_A,COM11,M,2007,2006,0,2006-12-31,INR,4776924200000
RBI:RMC_M_RN(1.0),N_A,COM13,M,2007,2006,0,2006-12-31,INR,1363660000000
RBI:RMC_M_RN(1.0),N_A,COM1,M,2007,2006,0,2006-11-30,INR,6136975546000
RBI:RMC_M_RN(1.0),N_A,COM12,M,2007,2006,0,2006-11-30,INR,52610046000
RBI:RMC_M_RN(1.0),N_A,COM13,M,2007,2006,0,2006-11-30,INR,1398900000000
RBI:RMC_M_RN(1.0),N_A,COM11,M,2007,2006,0,2006-11-30,INR,4685465500000
RBI:RMC_M_RN(1.0),N_A,COM13,M,2007,2006,0,2006-10-31,INR,1303750000000
RBI:RMC_M_RN(1.0),N_A,COM1,M,2007,2006,0,2006-10-31,INR,6062100094000
RBI:RMC_M_RN(1.0),N_A,COM11,M,2007,2006,0,2006-10-31,INR,4708416200000
RBI:RMC_M_RN(1.0),N_A,COM12,M,2007,2006,0,2006-10-31,INR,49933894000
RBI:RMC_M_RN(1.0),N_A,COM1,M,2007,2006,0,2006-09-30,INR,6050670017000
RBI:RMC_M_RN(1.0),N_A,COM13,M,2007,2006,0,2006-09-30,INR,1485310000000
RBI:RMC_M_RN(1.0),N_A,COM12,M,2007,2006,0,2006-09-30,INR,56760017000
RBI:RMC_M_RN(1.0),N_A,COM11,M,2007,2006,0,2006-09-30,INR,4508600000000
RBI:RMC_M_RN(1.0),N_A,COM12,M,2007,2006,0,2006-08-31,INR,57655730000
RBI:RMC_M_RN(1.0),N_A,COM13,M,2007,2006,0,2006-08-31,INR,1307580000000
RBI:RMC_M_RN(1.0),N_A,COM1,M,2007,2006,0,2006-08-31,INR,5901738330000
RBI:RMC_M_RN(1.0),N_A,COM11,M,2007,2006,0,2006-08-31,INR,4536502600000
RBI:RMC_M_RN(1.0),N_A,COM13,M,2007,2006,0,2006-07-31,INR,1270580000000
RBI:RMC_M_RN(1.0),N_A,COM11,M,2007,2006,0,2006-07-31,INR,4502440000000
RBI:RMC_M_RN(1.0),N_A,COM12,M,2007,2006,0,2006-07-31,INR,57280905000
RBI:RMC_M_RN(1.0),N_A,COM1,M,2007,2006,0,2006-07-31,INR,5830300905000
RBI:RMC_M_RN(1.0),N_A,COM11,M,2007,2006,0,2006-06-30,INR,4529176000000
RBI:RMC_M_RN(1.0),N_A,COM13,M,2007,2006,0,2006-06-30,INR,1283080000000
RBI:RMC_M_RN(1.0),N_A,COM1,M,2007,2006,0,2006-06-30,INR,5864541229000
RBI:RMC_M_RN(1.0),N_A,COM12,M,2007,2006,0,2006-06-30,INR,52285229000
RBI:RMC_M_RN(1.0),N_A,COM13,M,2007,2006,0,2006-05-31,INR,1305620000000
RBI:RMC_M_RN(1.0),N_A,COM1,M,2007,2006,0,2006-05-31,INR,5885875549000
RBI:RMC_M_RN(1.0),N_A,COM11,M,2007,2006,0,2006-05-31,INR,4516422000000
RBI:RMC_M_RN(1.0),N_A,COM12,M,2007,2006,0,2006-05-31,INR,63833549000
RBI:RMC_M_RN(1.0),N_A,COM13,M,2007,2006,0,2006-04-30,INR,1422070000000
RBI:RMC_M_RN(1.0),N_A,COM11,M,2007,2006,0,2006-04-30,INR,4463762600000
RBI:RMC_M_RN(1.0),N_A,COM12,M,2007,2006,0,2006-04-30,INR,66183960000
RBI:RMC_M_RN(1.0),N_A,COM1,M,2007,2006,0,2006-04-30,INR,5952016560000
RBI:RMC_M_RN(1.0),N_A,COM13,M,2006,2005,0,2006-03-31,INR,1355110000000
RBI:RMC_M_RN(1.0),N_A,COM1,M,2006,2005,0,2006-03-31,INR,5719318262000
RBI:RMC_M_RN(1.0),N_A,COM12,M,2006,2005,0,2006-03-31,INR,68428262000.00001
RBI:RMC_M_RN(1.0),N_A,COM11,M,2006,2005,0,2006-03-31,INR,4295780000000
RBI:RMC_M_RN(1.0),N_A,COM11,M,2006,2005,0,2006-02-28,INR,4239080000000
RBI:RMC_M_RN(1.0),N_A,COM1,M,2006,2005,0,2006-02-28,INR,5412873013000
RBI:RMC_M_RN(1.0),N_A,COM13,M,2006,2005,0,2006-02-28,INR,1125840000000
RBI:RMC_M_RN(1.0),N_A,COM12,M,2006,2005,0,2006-02-28,INR,47953013000
RBI:RMC_M_RN(1.0),N_A,COM12,M,2006,2005,0,2006-01-31,INR,45557165000.00001
RBI:RMC_M_RN(1.0),N_A,COM13,M,2006,2005,0,2006-01-31,INR,1131270000000
RBI:RMC_M_RN(1.0),N_A,COM1,M,2006,2005,0,2006-01-31,INR,5338437165000
RBI:RMC_M_RN(1.0),N_A,COM11,M,2006,2005,0,2006-01-31,INR,4161610000000
RBI:RMC_M_RN(1.0),N_A,COM12,M,2006,2005,0,2005-12-31,INR,44446252000.00001
RBI:RMC_M_RN(1.0),N_A,COM11,M,2006,2005,0,2005-12-31,INR,4082138500000
RBI:RMC_M_RN(1.0),N_A,COM1,M,2006,2005,0,2005-12-31,INR,5227874752000
RBI:RMC_M_RN(1.0),N_A,COM13,M,2006,2005,0,2005-12-31,INR,1101290000000
RBI:RMC_M_RN(1.0),N_A,COM11,M,2006,2005,0,2005-11-30,INR,4017416400000
RBI:RMC_M_RN(1.0),N_A,COM12,M,2006,2005,0,2005-11-30,INR,48071252000.00001
RBI:RMC_M_RN(1.0),N_A,COM1,M,2006,2005,0,2005-11-30,INR,5235917652000
RBI:RMC_M_RN(1.0),N_A,COM13,M,2006,2005,0,2005-11-30,INR,1170430000000
RBI:RMC_M_RN(1.0),N_A,COM12,M,2006,2005,0,2005-10-31,INR,46088390000
RBI:RMC_M_RN(1.0),N_A,COM1,M,2006,2005,0,2005-10-31,INR,5108857390000
RBI:RMC_M_RN(1.0),N_A,COM11,M,2006,2005,0,2005-10-31,INR,3942819000000
RBI:RMC_M_RN(1.0),N_A,COM13,M,2006,2005,0,2005-10-31,INR,1119950000000
RBI:RMC_M_RN(1.0),N_A,COM13,M,2006,2005,0,2005-09-30,INR,1130960000000
RBI:RMC_M_RN(1.0),N_A,COM1,M,2006,2005,0,2005-09-30,INR,4973476543000
RBI:RMC_M_RN(1.0),N_A,COM12,M,2006,2005,0,2005-09-30,INR,51920442999.99999
RBI:RMC_M_RN(1.0),N_A,COM11,M,2006,2005,0,2005-09-30,INR,3790596100000
RBI:RMC_M_RN(1.0),N_A,COM11,M,2006,2005,0,2005-08-31,INR,3843720700000
RBI:RMC_M_RN(1.0),N_A,COM12,M,2006,2005,0,2005-08-31,INR,47807262000
RBI:RMC_M_RN(1.0),N_A,COM1,M,2006,2005,0,2005-08-31,INR,5046207962000
RBI:RMC_M_RN(1.0),N_A,COM13,M,2006,2005,0,2005-08-31,INR,1154680000000
RBI:RMC_M_RN(1.0),N_A,COM13,M,2006,2005,0,2005-07-31,INR,1081860000000
RBI:RMC_M_RN(1.0),N_A,COM1,M,2006,2005,0,2005-07-31,INR,4974559320000
RBI:RMC_M_RN(1.0),N_A,COM11,M,2006,2005,0,2005-07-31,INR,3843370500000
RBI:RMC_M_RN(1.0),N_A,COM12,M,2006,2005,0,2005-07-31,INR,49328819999.99999
RBI:RMC_M_RN(1.0),N_A,COM1,M,2006,2005,0,2005-06-30,INR,4962901720000
RBI:RMC_M_RN(1.0),N_A,COM13,M,2006,2005,0,2005-06-30,INR,1033166100000
RBI:RMC_M_RN(1.0),N_A,COM11,M,2006,2005,0,2005-06-30,INR,3885384400000
RBI:RMC_M_RN(1.0),N_A,COM12,M,2006,2005,0,2005-06-30,INR,44351220000
RBI:RMC_M_RN(1.0),N_A,COM13,M,2006,2005,0,2005-05-31,INR,965540000000
RBI:RMC_M_RN(1.0),N_A,COM1,M,2006,2005,0,2005-05-31,INR,4906942284000
RBI:RMC_M_RN(1.0),N_A,COM12,M,2006,2005,0,2005-05-31,INR,43017384000
RBI:RMC_M_RN(1.0),N_A,COM11,M,2006,2005,0,2005-05-31,INR,3898384900000
RBI:RMC_M_RN(1.0),N_A,COM1,M,2006,2005,0,2005-04-30,INR,5006400238000
RBI:RMC_M_RN(1.0),N_A,COM12,M,2006,2005,0,2005-04-30,INR,44617738000
RBI:RMC_M_RN(1.0),N_A,COM13,M,2006,2005,0,2005-04-30,INR,1118590000000
RBI:RMC_M_RN(1.0),N_A,COM11,M,2006,2005,0,2005-04-30,INR,3843192500000
RBI:RMC_M_RN(1.0),N_A,COM1,M,2005,2004,0,2005-03-31,INR,4891109094000
RBI:RMC_M_RN(1.0),N_A,COM11,M,2005,2004,0,2005-03-31,INR,3686609600000
RBI:RMC_M_RN(1.0),N_A,COM12,M,2005,2004,0,2005-03-31,INR,64539494000.00001
RBI:RMC_M_RN(1.0),N_A,COM13,M,2005,2004,0,2005-03-31,INR,1139960000000
RBI:RMC_M_RN(1.0),N_A,COM1,M,2005,2004,0,2005-02-28,INR,4617850158600
RBI:RMC_M_RN(1.0),N_A,COM12,M,2005,2004,0,2005-02-28,INR,43453058600.00001
RBI:RMC_M_RN(1.0),N_A,COM13,M,2005,2004,0,2005-02-28,INR,961860000000
RBI:RMC_M_RN(1.0),N_A,COM11,M,2005,2004,0,2005-02-28,INR,3612537100000
RBI:RMC_M_RN(1.0),N_A,COM1,M,2005,2004,0,2005-01-31,INR,4657059038099.999
RBI:RMC_M_RN(1.0),N_A,COM11,M,2005,2004,0,2005-01-31,INR,3579939099999.9995
RBI:RMC_M_RN(1.0),N_A,COM13,M,2005,2004,0,2005-01-31,INR,1022270000000
RBI:RMC_M_RN(1.0),N_A,COM12,M,2005,2004,0,2005-01-31,INR,54849938100
RBI:RMC_M_RN(1.0),N_A,COM1,M,2005,2004,0,2004-12-31,INR,4549370714299.999
RBI:RMC_M_RN(1.0),N_A,COM12,M,2005,2004,0,2004-12-31,INR,46961014300
RBI:RMC_M_RN(1.0),N_A,COM13,M,2005,2004,0,2004-12-31,INR,965950000000
RBI:RMC_M_RN(1.0),N_A,COM11,M,2005,2004,0,2004-12-31,INR,3536459699999.9995
RBI:RMC_M_RN(1.0),N_A,COM13,M,2005,2004,0,2004-11-30,INR,963372200000
RBI:RMC_M_RN(1.0),N_A,COM12,M,2005,2004,0,2004-11-30,INR,43788814300
RBI:RMC_M_RN(1.0),N_A,COM1,M,2005,2004,0,2004-11-30,INR,4556299514300
RBI:RMC_M_RN(1.0),N_A,COM11,M,2005,2004,0,2004-11-30,INR,3549138500000
RBI:RMC_M_RN(1.0),N_A,COM1,M,2005,2004,0,2004-10-31,INR,4423508735000
RBI:RMC_M_RN(1.0),N_A,COM11,M,2005,2004,0,2004-10-31,INR,3421636200000
RBI:RMC_M_RN(1.0),N_A,COM12,M,2005,2004,0,2004-10-31,INR,64722535000
RBI:RMC_M_RN(1.0),N_A,COM13,M,2005,2004,0,2004-10-31,INR,937150000000
RBI:RMC_M_RN(1.0),N_A,COM1,M,2005,2004,0,2004-09-30,INR,4233875351100
RBI:RMC_M_RN(1.0),N_A,COM13,M,2005,2004,0,2004-09-30,INR,818260000000
RBI:RMC_M_RN(1.0),N_A,COM11,M,2005,2004,0,2004-09-30,INR,3371791800000
RBI:RMC_M_RN(1.0),N_A,COM12,M,2005,2004,0,2004-09-30,INR,43823551100.00001
RBI:RMC_M_RN(1.0),N_A,COM11,M,2005,2004,0,2004-08-31,INR,3363872500000
RBI:RMC_M_RN(1.0),N_A,COM1,M,2005,2004,0,2004-08-31,INR,4298453409200
RBI:RMC_M_RN(1.0),N_A,COM13,M,2005,2004,0,2004-08-31,INR,889950000000
RBI:RMC_M_RN(1.0),N_A,COM12,M,2005,2004,0,2004-08-31,INR,44630909200
RBI:RMC_M_RN(1.0),N_A,COM12,M,2005,2004,0,2004-07-31,INR,45364089800
RBI:RMC_M_RN(1.0),N_A,COM13,M,2005,2004,0,2004-07-31,INR,822750000000
RBI:RMC_M_RN(1.0),N_A,COM1,M,2005,2004,0,2004-07-31,INR,4243673789799.9995
RBI:RMC_M_RN(1.0),N_A,COM11,M,2005,2004,0,2004-07-31,INR,3375559699999.9995
RBI:RMC_M_RN(1.0),N_A,COM1,M,2005,2004,0,2004-06-30,INR,4296727789799.9995
RBI:RMC_M_RN(1.0),N_A,COM12,M,2005,2004,0,2004-06-30,INR,36278089800
RBI:RMC_M_RN(1.0),N_A,COM13,M,2005,2004,0,2004-06-30,INR,847000000000
RBI:RMC_M_RN(1.0),N_A,COM11,M,2005,2004,0,2004-06-30,INR,3413449699999.9995
RBI:RMC_M_RN(1.0),N_A,COM12,M,2005,2004,0,2004-05-31,INR,37758322000
RBI:RMC_M_RN(1.0),N_A,COM1,M,2005,2004,0,2004-05-31,INR,4264809222000.0005
RBI:RMC_M_RN(1.0),N_A,COM11,M,2005,2004,0,2004-05-31,INR,3430940900000.0005
RBI:RMC_M_RN(1.0),N_A,COM13,M,2005,2004,0,2004-05-31,INR,796110000000
RBI:RMC_M_RN(1.0),N_A,COM13,M,2005,2004,0,2004-04-30,INR,901410000000
RBI:RMC_M_RN(1.0),N_A,COM11,M,2005,2004,0,2004-04-30,INR,3411350500000
RBI:RMC_M_RN(1.0),N_A,COM1,M,2005,2004,0,2004-04-30,INR,4350581439200
RBI:RMC_M_RN(1.0),N_A,COM12,M,2005,2004,0,2004-04-30,INR,37820939200
RBI:RMC_M_RN(1.0),N_A,COM1,M,2004,2003,0,2004-03-31,INR,4364898200400
RBI:RMC_M_RN(1.0),N_A,COM13,M,2004,2003,0,2004-03-31,INR,1043650000000
RBI:RMC_M_RN(1.0),N_A,COM12,M,2004,2003,0,2004-03-31,INR,50968200399.99999
RBI:RMC_M_RN(1.0),N_A,COM11,M,2004,2003,0,2004-03-31,INR,3270280000000
RBI:RMC_M_RN(1.0),N_A,COM12,M,2004,2003,0,2004-02-29,INR,34462137900
RBI:RMC_M_RN(1.0),N_A,COM13,M,2004,2003,0,2004-02-29,INR,772640000000
RBI:RMC_M_RN(1.0),N_A,COM11,M,2004,2003,0,2004-02-29,INR,3231704000000
RBI:RMC_M_RN(1.0),N_A,COM1,M,2004,2003,0,2004-02-29,INR,4038806137900
RBI:RMC_M_RN(1.0),N_A,COM12,M,2004,2003,0,2004-01-31,INR,34349468000
RBI:RMC_M_RN(1.0),N_A,COM11,M,2004,2003,0,2004-01-31,INR,3163817000000
RBI:RMC_M_RN(1.0),N_A,COM1,M,2004,2003,0,2004-01-31,INR,4040736468000
RBI:RMC_M_RN(1.0),N_A,COM13,M,2004,2003,0,2004-01-31,INR,842570000000
RBI:RMC_M_RN(1.0),N_A,COM12,M,2004,2003,0,2003-12-31,INR,36646968000
RBI:RMC_M_RN(1.0),N_A,COM11,M,2004,2003,0,2003-12-31,INR,3123871599999.9995
RBI:RMC_M_RN(1.0),N_A,COM1,M,2004,2003,0,2003-12-31,INR,3911198567999.9995
RBI:RMC_M_RN(1.0),N_A,COM13,M,2004,2003,0,2003-12-31,INR,750680000000
RBI:RMC_M_RN(1.0),N_A,COM1,M,2004,2003,0,2003-11-30,INR,3911468872200
RBI:RMC_M_RN(1.0),N_A,COM11,M,2004,2003,0,2003-11-30,INR,3088108700000
RBI:RMC_M_RN(1.0),N_A,COM12,M,2004,2003,0,2003-11-30,INR,33350172200
RBI:RMC_M_RN(1.0),N_A,COM13,M,2004,2003,0,2003-11-30,INR,790010000000
RBI:RMC_M_RN(1.0),N_A,COM1,M,2004,2003,0,2003-10-31,INR,3866366727800
RBI:RMC_M_RN(1.0),N_A,COM12,M,2004,2003,0,2003-10-31,INR,48220927800
RBI:RMC_M_RN(1.0),N_A,COM13,M,2004,2003,0,2003-10-31,INR,754960000000
RBI:RMC_M_RN(1.0),N_A,COM11,M,2004,2003,0,2003-10-31,INR,3063185800000
RBI:RMC_M_RN(1.0),N_A,COM13,M,2004,2003,0,2003-09-30,INR,691080000000
RBI:RMC_M_RN(1.0),N_A,COM11,M,2004,2003,0,2003-09-30,INR,2944007300000
RBI:RMC_M_RN(1.0),N_A,COM12,M,2004,2003,0,2003-09-30,INR,36395114100
RBI:RMC_M_RN(1.0),N_A,COM1,M,2004,2003,0,2003-09-30,INR,3671482414100
RBI:RMC_M_RN(1.0),N_A,COM1,M,2004,2003,0,2003-08-31,INR,3742880814700
RBI:RMC_M_RN(1.0),N_A,COM13,M,2004,2003,0,2003-08-31,INR,754390000000
RBI:RMC_M_RN(1.0),N_A,COM11,M,2004,2003,0,2003-08-31,INR,2953125700000
RBI:RMC_M_RN(1.0),N_A,COM12,M,2004,2003,0,2003-08-31,INR,35365114700
RBI:RMC_M_RN(1.0),N_A,COM1,M,2004,2003,0,2003-07-31,INR,3787303314700
RBI:RMC_M_RN(1.0),N_A,COM13,M,2004,2003,0,2003-07-31,INR,788410000000
RBI:RMC_M_RN(1.0),N_A,COM12,M,2004,2003,0,2003-07-31,INR,39752014700
RBI:RMC_M_RN(1.0),N_A,COM11,M,2004,2003,0,2003-07-31,INR,2959141300000
RBI:RMC_M_RN(1.0),N_A,COM13,M,2004,2003,0,2003-06-30,INR,817400000000
RBI:RMC_M_RN(1.0),N_A,COM11,M,2004,2003,0,2003-06-30,INR,3003554200000
RBI:RMC_M_RN(1.0),N_A,COM1,M,2004,2003,0,2003-06-30,INR,3853805722100
RBI:RMC_M_RN(1.0),N_A,COM12,M,2004,2003,0,2003-06-30,INR,32851522100.000004
RBI:RMC_M_RN(1.0),N_A,COM11,M,2004,2003,0,2003-05-31,INR,3010641100000
RBI:RMC_M_RN(1.0),N_A,COM1,M,2004,2003,0,2003-05-31,INR,3894160171200
RBI:RMC_M_RN(1.0),N_A,COM12,M,2004,2003,0,2003-05-31,INR,24339071200
RBI:RMC_M_RN(1.0),N_A,COM13,M,2004,2003,0,2003-05-31,INR,859180000000
RBI:RMC_M_RN(1.0),N_A,COM12,M,2004,2003,0,2003-04-30,INR,30476641600
RBI:RMC_M_RN(1.0),N_A,COM13,M,2004,2003,0,2003-04-30,INR,823180000000
RBI:RMC_M_RN(1.0),N_A,COM11,M,2004,2003,0,2003-04-30,INR,2948710900000.0005
RBI:RMC_M_RN(1.0),N_A,COM1,M,2004,2003,0,2003-04-30,INR,3802367541600.0005
RBI:RMC_M_RN(1.0),N_A,COM1,M,2003,2002,0,2003-03-31,INR,3690380741600
RBI:RMC_M_RN(1.0),N_A,COM12,M,2003,2002,0,2003-03-31,INR,32190741600
RBI:RMC_M_RN(1.0),N_A,COM11,M,2003,2002,0,2003-03-31,INR,2824730000000
RBI:RMC_M_RN(1.0),N_A,COM13,M,2003,2002,0,2003-03-31,INR,833460000000
RBI:RMC_M_RN(1.0),N_A,COM13,M,2003,2002,0,2003-02-28,INR,680400000000
RBI:RMC_M_RN(1.0),N_A,COM1,M,2003,2002,0,2003-02-28,INR,3515134570700
RBI:RMC_M_RN(1.0),N_A,COM12,M,2003,2002,0,2003-02-28,INR,32238570700
RBI:RMC_M_RN(1.0),N_A,COM11,M,2003,2002,0,2003-02-28,INR,2802496000000
RBI:RMC_M_RN(1.0),N_A,COM13,M,2003,2002,0,2003-01-31,INR,709200000000
RBI:RMC_M_RN(1.0),N_A,COM1,M,2003,2002,0,2003-01-31,INR,3480384390700
RBI:RMC_M_RN(1.0),N_A,COM12,M,2003,2002,0,2003-01-31,INR,26473590700
RBI:RMC_M_RN(1.0),N_A,COM11,M,2003,2002,0,2003-01-31,INR,2744710800000
RBI:RMC_M_RN(1.0),N_A,COM12,M,2003,2002,0,2002-12-31,INR,25944594600
RBI:RMC_M_RN(1.0),N_A,COM1,M,2003,2002,0,2002-12-31,INR,3438042994600.0005
RBI:RMC_M_RN(1.0),N_A,COM11,M,2003,2002,0,2002-12-31,INR,2709118400000.0005
RBI:RMC_M_RN(1.0),N_A,COM13,M,2003,2002,0,2002-12-31,INR,702980000000
RBI:RMC_M_RN(1.0),N_A,COM12,M,2003,2002,0,2002-11-30,INR,29097689300
RBI:RMC_M_RN(1.0),N_A,COM1,M,2003,2002,0,2002-11-30,INR,3425836089300.0005
RBI:RMC_M_RN(1.0),N_A,COM13,M,2003,2002,0,2002-11-30,INR,716880000000
RBI:RMC_M_RN(1.0),N_A,COM11,M,2003,2002,0,2002-11-30,INR,2679858400000.0005
RBI:RMC_M_RN(1.0),N_A,COM13,M,2003,2002,0,2002-10-31,INR,666370000000
RBI:RMC_M_RN(1.0),N_A,COM1,M,2003,2002,0,2002-10-31,INR,3357806008100
RBI:RMC_M_RN(1.0),N_A,COM12,M,2003,2002,0,2002-10-31,INR,32402808100.000004
RBI:RMC_M_RN(1.0),N_A,COM11,M,2003,2002,0,2002-10-31,INR,2659033200000
RBI:RMC_M_RN(1.0),N_A,COM12,M,2003,2002,0,2002-09-30,INR,34575101300
RBI:RMC_M_RN(1.0),N_A,COM1,M,2003,2002,0,2002-09-30,INR,3358899501300
RBI:RMC_M_RN(1.0),N_A,COM13,M,2003,2002,0,2002-09-30,INR,727260000000
RBI:RMC_M_RN(1.0),N_A,COM11,M,2003,2002,0,2002-09-30,INR,2597064400000
RBI:RMC_M_RN(1.0),N_A,COM13,M,2003,2002,0,2002-08-31,INR,722580000000
RBI:RMC_M_RN(1.0),N_A,COM11,M,2003,2002,0,2002-08-31,INR,2606218600000
RBI:RMC_M_RN(1.0),N_A,COM12,M,2003,2002,0,2002-08-31,INR,35492865700
RBI:RMC_M_RN(1.0),N_A,COM1,M,2003,2002,0,2002-08-31,INR,3364291465700
RBI:RMC_M_RN(1.0),N_A,COM11,M,2003,2002,0,2002-07-31,INR,2609896000000
RBI:RMC_M_RN(1.0),N_A,COM13,M,2003,2002,0,2002-07-31,INR,769470000000
RBI:RMC_M_RN(1.0),N_A,COM12,M,2003,2002,0,2002-07-31,INR,37555563400
RBI:RMC_M_RN(1.0),N_A,COM1,M,2003,2002,0,2002-07-31,INR,3416921563400
RBI:RMC_M_RN(1.0),N_A,COM11,M,2003,2002,0,2002-06-30,INR,2656072600000
RBI:RMC_M_RN(1.0),N_A,COM13,M,2003,2002,0,2002-06-30,INR,602750000000
RBI:RMC_M_RN(1.0),N_A,COM12,M,2003,2002,0,2002-06-30,INR,32157138700
RBI:RMC_M_RN(1.0),N_A,COM1,M,2003,2002,0,2002-06-30,INR,3290979738700
RBI:RMC_M_RN(1.0),N_A,COM11,M,2003,2002,0,2002-05-31,INR,2673236400000
RBI:RMC_M_RN(1.0),N_A,COM1,M,2003,2002,0,2002-05-31,INR,3385999953500
RBI:RMC_M_RN(1.0),N_A,COM12,M,2003,2002,0,2002-05-31,INR,22533553500
RBI:RMC_M_RN(1.0),N_A,COM13,M,2003,2002,0,2002-05-31,INR,690230000000
RBI:RMC_M_RN(1.0),N_A,COM13,M,2003,2002,0,2002-04-30,INR,806570000000
RBI:RMC_M_RN(1.0),N_A,COM12,M,2003,2002,0,2002-04-30,INR,23427963500
RBI:RMC_M_RN(1.0),N_A,COM11,M,2003,2002,0,2002-04-30,INR,2609923000000
RBI:RMC_M_RN(1.0),N_A,COM1,M,2003,2002,0,2002-04-30,INR,3439920963500
RBI:RMC_M_RN(1.0),N_A,COM12,M,2002,2001,0,2002-03-31,INR,28308294000
RBI:RMC_M_RN(1.0),N_A,COM11,M,2002,2001,0,2002-03-31,INR,2508330000000
RBI:RMC_M_RN(1.0),N_A,COM1,M,2002,2001,0,2002-03-31,INR,3378108994000
RBI:RMC_M_RN(1.0),N_A,COM13,M,2002,2001,0,2002-03-31,INR,841470700000
RBI:RMC_M_RN(1.0),N_A,COM11,M,2002,2001,0,2002-02-28,INR,2475828500000
RBI:RMC_M_RN(1.0),N_A,COM12,M,2002,2001,0,2002-02-28,INR,23039492200
RBI:RMC_M_RN(1.0),N_A,COM1,M,2002,2001,0,2002-02-28,INR,3202317992200
RBI:RMC_M_RN(1.0),N_A,COM13,M,2002,2001,0,2002-02-28,INR,703450000000
RBI:RMC_M_RN(1.0),N_A,COM11,M,2002,2001,0,2002-01-31,INR,2415637000000
RBI:RMC_M_RN(1.0),N_A,COM12,M,2002,2001,0,2002-01-31,INR,22799552200
RBI:RMC_M_RN(1.0),N_A,COM1,M,2002,2001,0,2002-01-31,INR,3173996552200
RBI:RMC_M_RN(1.0),N_A,COM13,M,2002,2001,0,2002-01-31,INR,735560000000
RBI:RMC_M_RN(1.0),N_A,COM11,M,2002,2001,0,2001-12-31,INR,2394697800000
RBI:RMC_M_RN(1.0),N_A,COM1,M,2002,2001,0,2001-12-31,INR,3144916360800
RBI:RMC_M_RN(1.0),N_A,COM12,M,2002,2001,0,2001-12-31,INR,25008560800
RBI:RMC_M_RN(1.0),N_A,COM13,M,2002,2001,0,2001-12-31,INR,725210000000
RBI:RMC_M_RN(1.0),N_A,COM13,M,2002,2001,0,2001-11-30,INR,766920000000
RBI:RMC_M_RN(1.0),N_A,COM12,M,2002,2001,0,2001-11-30,INR,28918577700
RBI:RMC_M_RN(1.0),N_A,COM11,M,2002,2001,0,2001-11-30,INR,2389851900000
RBI:RMC_M_RN(1.0),N_A,COM1,M,2002,2001,0,2001-11-30,INR,3185690477700
RBI:RMC_M_RN(1.0),N_A,COM1,M,2002,2001,0,2001-10-31,INR,3103898058100
RBI:RMC_M_RN(1.0),N_A,COM13,M,2002,2001,0,2001-10-31,INR,754080000000
RBI:RMC_M_RN(1.0),N_A,COM12,M,2002,2001,0,2001-10-31,INR,31175058100
RBI:RMC_M_RN(1.0),N_A,COM11,M,2002,2001,0,2001-10-31,INR,2318643000000
RBI:RMC_M_RN(1.0),N_A,COM13,M,2002,2001,0,2001-09-30,INR,719090000000
RBI:RMC_M_RN(1.0),N_A,COM12,M,2002,2001,0,2001-09-30,INR,32987782900.000004
RBI:RMC_M_RN(1.0),N_A,COM11,M,2002,2001,0,2001-09-30,INR,2267885600000
RBI:RMC_M_RN(1.0),N_A,COM1,M,2002,2001,0,2001-09-30,INR,3019963382900
RBI:RMC_M_RN(1.0),N_A,COM11,M,2002,2001,0,2001-08-31,INR,2284383700000
RBI:RMC_M_RN(1.0),N_A,COM13,M,2002,2001,0,2001-08-31,INR,759410000000
RBI:RMC_M_RN(1.0),N_A,COM1,M,2002,2001,0,2001-08-31,INR,3080147076300
RBI:RMC_M_RN(1.0),N_A,COM12,M,2002,2001,0,2001-08-31,INR,36353376300
RBI:RMC_M_RN(1.0),N_A,COM11,M,2002,2001,0,2001-07-31,INR,2279885900000
RBI:RMC_M_RN(1.0),N_A,COM13,M,2002,2001,0,2001-07-31,INR,747690000000
RBI:RMC_M_RN(1.0),N_A,COM1,M,2002,2001,0,2001-07-31,INR,3062574302300
RBI:RMC_M_RN(1.0),N_A,COM12,M,2002,2001,0,2001-07-31,INR,34998402300
RBI:RMC_M_RN(1.0),N_A,COM13,M,2002,2001,0,2001-06-30,INR,780880000000
RBI:RMC_M_RN(1.0),N_A,COM11,M,2002,2001,0,2001-06-30,INR,2319398000000
RBI:RMC_M_RN(1.0),N_A,COM12,M,2002,2001,0,2001-06-30,INR,37279471500
RBI:RMC_M_RN(1.0),N_A,COM1,M,2002,2001,0,2001-06-30,INR,3137557471500
RBI:RMC_M_RN(1.0),N_A,COM12,M,2002,2001,0,2001-05-31,INR,29431310400.000004
RBI:RMC_M_RN(1.0),N_A,COM1,M,2002,2001,0,2001-05-31,INR,3148481110400
RBI:RMC_M_RN(1.0),N_A,COM13,M,2002,2001,0,2001-05-31,INR,744940000000
RBI:RMC_M_RN(1.0),N_A,COM11,M,2002,2001,0,2001-05-31,INR,2374109800000
RBI:RMC_M_RN(1.0),N_A,COM11,M,2002,2001,0,2001-04-30,INR,2287082100000
RBI:RMC_M_RN(1.0),N_A,COM13,M,2002,2001,0,2001-04-30,INR,726540000000
RBI:RMC_M_RN(1.0),N_A,COM1,M,2002,2001,0,2001-04-30,INR,3044991480000
RBI:RMC_M_RN(1.0),N_A,COM12,M,2002,2001,0,2001-04-30,INR,31369380000
RBI:RMC_M_RN(1.0),N_A,COM12,M,2001,2000,0,2001-03-31,INR,36128784900
RBI:RMC_M_RN(1.0),N_A,COM1,M,2001,2000,0,2001-03-31,INR,3032946684900
RBI:RMC_M_RN(1.0),N_A,COM11,M,2001,2000,0,2001-03-31,INR,2182045600000
RBI:RMC_M_RN(1.0),N_A,COM13,M,2001,2000,0,2001-03-31,INR,814772300000
RBI:RMC_M_RN(1.0),N_A,COM11,M,2001,2000,0,2001-02-28,INR,2161355900000
RBI:RMC_M_RN(1.0),N_A,COM13,M,2001,2000,0,2001-02-28,INR,750110000000
RBI:RMC_M_RN(1.0),N_A,COM12,M,2001,2000,0,2001-02-28,INR,23111536299.999996
RBI:RMC_M_RN(1.0),N_A,COM1,M,2001,2000,0,2001-02-28,INR,2934577436300
RBI:RMC_M_RN(1.0),N_A,COM12,M,2001,2000,0,2001-01-31,INR,21679361200
RBI:RMC_M_RN(1.0),N_A,COM1,M,2001,2000,0,2001-01-31,INR,2899142361200
RBI:RMC_M_RN(1.0),N_A,COM11,M,2001,2000,0,2001-01-31,INR,2131923000000
RBI:RMC_M_RN(1.0),N_A,COM13,M,2001,2000,0,2001-01-31,INR,745540000000
