DATAFLOW,AUDST,FREQ,REPYEAREND,REPYEARSTART,TYP_SGEXP_RN,UNIT_MULT,TIME_PERIOD,UNIT_MEASURE,OBS_VALUE
RBI:SG_EXP_RN(1.0),N_A,AFY,2025,2024,SE32,0,2025-03-31,INR,3335600000000
RBI:SG_EXP_RN(1.0),N_A,AFY,2025,2024,SE33,0,2025-03-31,INR,5931100000000
RBI:SG_EXP_RN(1.0),N_A,AFY,2025,2024,SE31,0,2025-03-31,INR,5635320000000
RBI:SG_EXP_RN(1.0),N_A,AFY,2025,2024,SE3,0,2025-03-31,INR,16905920000000
RBI:SG_EXP_RN(1.0),N_A,AFY,2025,2024,SE21,0,2025-03-31,INR,16338360000000
RBI:SG_EXP_RN(1.0),N_A,AFY,2025,2024,SE2,0,2025-03-31,INR,39294770000000
RBI:SG_EXP_RN(1.0),N_A,AFY,2025,2024,SE22,0,2025-03-31,INR,22956410000000
RBI:SG_EXP_RN(1.0),N_A,AFY,2024,2023,SE22,0,2024-03-31,INR,20596409000000
RBI:SG_EXP_RN(1.0),N_A,AFY,2024,2023,SE31,0,2024-03-31,INR,5187322934000
RBI:SG_EXP_RN(1.0),N_A,AFY,2024,2023,SE3,0,2024-03-31,INR,15298867520570
RBI:SG_EXP_RN(1.0),N_A,AFY,2024,2023,SE33,0,2024-03-31,INR,5387893210000
RBI:SG_EXP_RN(1.0),N_A,AFY,2024,2023,SE32,0,2024-03-31,INR,2965260424980
RBI:SG_EXP_RN(1.0),N_A,AFY,2024,2023,SE2,0,2024-03-31,INR,36273071782410
RBI:SG_EXP_RN(1.0),N_A,AFY,2024,2023,SE21,0,2024-03-31,INR,15676662000000
RBI:SG_EXP_RN(1.0),N_A,AFY,2023,2022,SE2,0,2023-03-31,INR,29469216326200
RBI:SG_EXP_RN(1.0),N_A,AFY,2023,2022,SE22,0,2023-03-31,INR,16891060000000
RBI:SG_EXP_RN(1.0),N_A,AFY,2023,2022,SE31,0,2023-03-31,INR,4587476264275
RBI:SG_EXP_RN(1.0),N_A,AFY,2023,2022,SE21,0,2023-03-31,INR,12578156000000
RBI:SG_EXP_RN(1.0),N_A,AFY,2023,2022,SE32,0,2023-03-31,INR,2545952023195
RBI:SG_EXP_RN(1.0),N_A,AFY,2023,2022,SE33,0,2023-03-31,INR,4922693800000
RBI:SG_EXP_RN(1.0),N_A,AFY,2023,2022,SE3,0,2023-03-31,INR,13305140306925
RBI:SG_EXP_RN(1.0),N_A,AFY,2022,2021,SE33,0,2022-03-31,INR,4294490000000
RBI:SG_EXP_RN(1.0),N_A,AFY,2022,2021,SE2,0,2022-03-31,INR,25989490000000
RBI:SG_EXP_RN(1.0),N_A,AFY,2022,2021,SE32,0,2022-03-31,INR,2352040000000
RBI:SG_EXP_RN(1.0),N_A,AFY,2022,2021,SE21,0,2022-03-31,INR,11011440000000
RBI:SG_EXP_RN(1.0),N_A,AFY,2022,2021,SE22,0,2022-03-31,INR,14978050000000
RBI:SG_EXP_RN(1.0),N_A,AFY,2022,2021,SE3,0,2022-03-31,INR,12041700000000
RBI:SG_EXP_RN(1.0),N_A,AFY,2022,2021,SE31,0,2022-03-31,INR,4274090000000
RBI:SG_EXP_RN(1.0),N_A,AFY,2021,2020,SE33,0,2021-03-31,INR,3759510000000
RBI:SG_EXP_RN(1.0),N_A,AFY,2021,2020,SE22,0,2021-03-31,INR,12989290000000
RBI:SG_EXP_RN(1.0),N_A,AFY,2021,2020,SE3,0,2021-03-31,INR,10631620000000
RBI:SG_EXP_RN(1.0),N_A,AFY,2021,2020,SE32,0,2021-03-31,INR,2043760000000
RBI:SG_EXP_RN(1.0),N_A,AFY,2021,2020,SE31,0,2021-03-31,INR,3870280000000
RBI:SG_EXP_RN(1.0),N_A,AFY,2021,2020,SE21,0,2021-03-31,INR,9655420000000
RBI:SG_EXP_RN(1.0),N_A,AFY,2021,2020,SE2,0,2021-03-31,INR,22644710000000
RBI:SG_EXP_RN(1.0),N_A,AFY,2020,2019,SE32,0,2020-03-31,INR,2011460000000
RBI:SG_EXP_RN(1.0),N_A,AFY,2020,2019,SE31,0,2020-03-31,INR,3513890000000
RBI:SG_EXP_RN(1.0),N_A,AFY,2020,2019,SE22,0,2020-03-31,INR,12093670000000
RBI:SG_EXP_RN(1.0),N_A,AFY,2020,2019,SE33,0,2020-03-31,INR,3597280000000
RBI:SG_EXP_RN(1.0),N_A,AFY,2020,2019,SE21,0,2020-03-31,INR,9539730000000
RBI:SG_EXP_RN(1.0),N_A,AFY,2020,2019,SE2,0,2020-03-31,INR,21633410000000
RBI:SG_EXP_RN(1.0),N_A,AFY,2020,2019,SE3,0,2020-03-31,INR,10051630000000
RBI:SG_EXP_RN(1.0),N_A,AFY,2019,2018,SE21,0,2019-03-31,INR,9474270000000
RBI:SG_EXP_RN(1.0),N_A,AFY,2019,2018,SE2,0,2019-03-31,INR,21008020000000
RBI:SG_EXP_RN(1.0),N_A,AFY,2019,2018,SE33,0,2019-03-31,INR,3273380000000
RBI:SG_EXP_RN(1.0),N_A,AFY,2019,2018,SE22,0,2019-03-31,INR,11533740000000
RBI:SG_EXP_RN(1.0),N_A,AFY,2019,2018,SE3,0,2019-03-31,INR,9444840000000
RBI:SG_EXP_RN(1.0),N_A,AFY,2019,2018,SE32,0,2019-03-31,INR,1840300000000
RBI:SG_EXP_RN(1.0),N_A,AFY,2019,2018,SE31,0,2019-03-31,INR,3192350000000
RBI:SG_EXP_RN(1.0),N_A,AFY,2018,2017,SE2,0,2018-03-31,INR,18773920000000
RBI:SG_EXP_RN(1.0),N_A,AFY,2018,2017,SE3,0,2018-03-31,INR,8257740000000
RBI:SG_EXP_RN(1.0),N_A,AFY,2018,2017,SE32,0,2018-03-31,INR,1619370000000
RBI:SG_EXP_RN(1.0),N_A,AFY,2018,2017,SE21,0,2018-03-31,INR,8547650000000
RBI:SG_EXP_RN(1.0),N_A,AFY,2018,2017,SE33,0,2018-03-31,INR,2830590000000
RBI:SG_EXP_RN(1.0),N_A,AFY,2018,2017,SE31,0,2018-03-31,INR,2931210000000
RBI:SG_EXP_RN(1.0),N_A,AFY,2018,2017,SE22,0,2018-03-31,INR,10226280000000
RBI:SG_EXP_RN(1.0),N_A,AFY,2017,2016,SE33,0,2017-03-31,INR,2341030000000
RBI:SG_EXP_RN(1.0),N_A,AFY,2017,2016,SE22,0,2017-03-31,INR,9288670000000
RBI:SG_EXP_RN(1.0),N_A,AFY,2017,2016,SE3,0,2017-03-31,INR,7103650000000
RBI:SG_EXP_RN(1.0),N_A,AFY,2017,2016,SE21,0,2017-03-31,INR,9022960000000
RBI:SG_EXP_RN(1.0),N_A,AFY,2017,2016,SE2,0,2017-03-31,INR,18311640000000
RBI:SG_EXP_RN(1.0),N_A,AFY,2017,2016,SE31,0,2017-03-31,INR,2513030000000
RBI:SG_EXP_RN(1.0),N_A,AFY,2017,2016,SE32,0,2017-03-31,INR,1455770000000
RBI:SG_EXP_RN(1.0),N_A,AFY,2016,2015,SE21,0,2016-03-31,INR,7656580000000
RBI:SG_EXP_RN(1.0),N_A,AFY,2016,2015,SE32,0,2016-03-31,INR,1302140000000
RBI:SG_EXP_RN(1.0),N_A,AFY,2016,2015,SE2,0,2016-03-31,INR,15840060000000
RBI:SG_EXP_RN(1.0),N_A,AFY,2016,2015,SE3,0,2016-03-31,INR,6293490000000
RBI:SG_EXP_RN(1.0),N_A,AFY,2016,2015,SE33,0,2016-03-31,INR,2106510000000
RBI:SG_EXP_RN(1.0),N_A,AFY,2016,2015,SE22,0,2016-03-31,INR,8183480000000
RBI:SG_EXP_RN(1.0),N_A,AFY,2016,2015,SE31,0,2016-03-31,INR,2142470000000
RBI:SG_EXP_RN(1.0),N_A,AFY,2015,2014,SE32,0,2015-03-31,INR,1199500000000
RBI:SG_EXP_RN(1.0),N_A,AFY,2015,2014,SE2,0,2015-03-31,INR,13259890000000
RBI:SG_EXP_RN(1.0),N_A,AFY,2015,2014,SE3,0,2015-03-31,INR,5664670000000
RBI:SG_EXP_RN(1.0),N_A,AFY,2015,2014,SE22,0,2015-03-31,INR,7021300000000
RBI:SG_EXP_RN(1.0),N_A,AFY,2015,2014,SE21,0,2015-03-31,INR,6238700000000
RBI:SG_EXP_RN(1.0),N_A,AFY,2015,2014,SE31,0,2015-03-31,INR,1904150000000
RBI:SG_EXP_RN(1.0),N_A,AFY,2015,2014,SE33,0,2015-03-31,INR,1908520000000
RBI:SG_EXP_RN(1.0),N_A,AFY,2014,2013,SE32,0,2014-03-31,INR,1073030000000
RBI:SG_EXP_RN(1.0),N_A,AFY,2014,2013,SE21,0,2014-03-31,INR,4695520000000
RBI:SG_EXP_RN(1.0),N_A,AFY,2014,2013,SE2,0,2014-03-31,INR,10764520000000
RBI:SG_EXP_RN(1.0),N_A,AFY,2014,2013,SE22,0,2014-03-31,INR,6069000000000
RBI:SG_EXP_RN(1.0),N_A,AFY,2014,2013,SE31,0,2014-03-31,INR,1688970000000
RBI:SG_EXP_RN(1.0),N_A,AFY,2014,2013,SE33,0,2014-03-31,INR,1680580000000
RBI:SG_EXP_RN(1.0),N_A,AFY,2014,2013,SE3,0,2014-03-31,INR,5045480000000
RBI:SG_EXP_RN(1.0),N_A,AFY,2013,2012,SE31,0,2013-03-31,INR,1504720000000
RBI:SG_EXP_RN(1.0),N_A,AFY,2013,2012,SE32,0,2013-03-31,INR,960900000000
RBI:SG_EXP_RN(1.0),N_A,AFY,2013,2012,SE2,0,2013-03-31,INR,9722560000000
RBI:SG_EXP_RN(1.0),N_A,AFY,2013,2012,SE22,0,2013-03-31,INR,5361640000000
RBI:SG_EXP_RN(1.0),N_A,AFY,2013,2012,SE33,0,2013-03-31,INR,1487840000000
RBI:SG_EXP_RN(1.0),N_A,AFY,2013,2012,SE3,0,2013-03-31,INR,4468790000000
RBI:SG_EXP_RN(1.0),N_A,AFY,2013,2012,SE21,0,2013-03-31,INR,4360930000000
RBI:SG_EXP_RN(1.0),N_A,AFY,2012,2011,SE33,0,2012-03-31,INR,1304720000000
RBI:SG_EXP_RN(1.0),N_A,AFY,2012,2011,SE3,0,2012-03-31,INR,4010590000000
RBI:SG_EXP_RN(1.0),N_A,AFY,2012,2011,SE31,0,2012-03-31,INR,1368170000000
RBI:SG_EXP_RN(1.0),N_A,AFY,2012,2011,SE32,0,2012-03-31,INR,859810000000
RBI:SG_EXP_RN(1.0),N_A,AFY,2012,2011,SE2,0,2012-03-31,INR,8524060000000
RBI:SG_EXP_RN(1.0),N_A,AFY,2012,2011,SE22,0,2012-03-31,INR,4672560000000
RBI:SG_EXP_RN(1.0),N_A,AFY,2012,2011,SE21,0,2012-03-31,INR,3851500000000
RBI:SG_EXP_RN(1.0),N_A,AFY,2011,2010,SE22,0,2011-03-31,INR,4044080000000
RBI:SG_EXP_RN(1.0),N_A,AFY,2011,2010,SE21,0,2011-03-31,INR,3159460000000
RBI:SG_EXP_RN(1.0),N_A,AFY,2011,2010,SE31,0,2011-03-31,INR,1248200000000
RBI:SG_EXP_RN(1.0),N_A,AFY,2011,2010,SE2,0,2011-03-31,INR,7203550000000
RBI:SG_EXP_RN(1.0),N_A,AFY,2011,2010,SE33,0,2011-03-31,INR,1140720000000
RBI:SG_EXP_RN(1.0),N_A,AFY,2011,2010,SE32,0,2011-03-31,INR,751580000000
RBI:SG_EXP_RN(1.0),N_A,AFY,2011,2010,SE3,0,2011-03-31,INR,3572870000000
RBI:SG_EXP_RN(1.0),N_A,AFY,2010,2009,SE22,0,2010-03-31,INR,3437530000000
RBI:SG_EXP_RN(1.0),N_A,AFY,2010,2009,SE2,0,2010-03-31,INR,6377310000000
RBI:SG_EXP_RN(1.0),N_A,AFY,2010,2009,SE21,0,2010-03-31,INR,2939780000000
RBI:SG_EXP_RN(1.0),N_A,AFY,2010,2009,SE3,0,2010-03-31,INR,3075470000000
RBI:SG_EXP_RN(1.0),N_A,AFY,2010,2009,SE31,0,2010-03-31,INR,1128070000000
RBI:SG_EXP_RN(1.0),N_A,AFY,2010,2009,SE32,0,2010-03-31,INR,674980000000
RBI:SG_EXP_RN(1.0),N_A,AFY,2010,2009,SE33,0,2010-03-31,INR,904630000000
RBI:SG_EXP_RN(1.0),N_A,AFY,2009,2008,SE2,0,2009-03-31,INR,5670860000000
RBI:SG_EXP_RN(1.0),N_A,AFY,2009,2008,SE31,0,2009-03-31,INR,1029550000000
RBI:SG_EXP_RN(1.0),N_A,AFY,2009,2008,SE22,0,2009-03-31,INR,2908310000000
RBI:SG_EXP_RN(1.0),N_A,AFY,2009,2008,SE33,0,2009-03-31,INR,706360000000
RBI:SG_EXP_RN(1.0),N_A,AFY,2009,2008,SE21,0,2009-03-31,INR,2762570000000
RBI:SG_EXP_RN(1.0),N_A,AFY,2009,2008,SE32,0,2009-03-31,INR,524310000000
RBI:SG_EXP_RN(1.0),N_A,AFY,2009,2008,SE3,0,2009-03-31,INR,2549810000000
RBI:SG_EXP_RN(1.0),N_A,AFY,2008,2007,SE3,0,2008-03-31,INR,2332330000000
RBI:SG_EXP_RN(1.0),N_A,AFY,2008,2007,SE31,0,2008-03-31,INR,998310000000
RBI:SG_EXP_RN(1.0),N_A,AFY,2008,2007,SE32,0,2008-03-31,INR,448660000000
RBI:SG_EXP_RN(1.0),N_A,AFY,2008,2007,SE21,0,2008-03-31,INR,2315280000000
RBI:SG_EXP_RN(1.0),N_A,AFY,2008,2007,SE2,0,2008-03-31,INR,4644620000000
RBI:SG_EXP_RN(1.0),N_A,AFY,2008,2007,SE22,0,2008-03-31,INR,2329360000000
RBI:SG_EXP_RN(1.0),N_A,AFY,2008,2007,SE33,0,2008-03-31,INR,617620000000
RBI:SG_EXP_RN(1.0),N_A,AFY,2007,2006,SE3,0,2007-03-31,INR,2118720000000
RBI:SG_EXP_RN(1.0),N_A,AFY,2007,2006,SE21,0,2007-03-31,INR,1965870000000
RBI:SG_EXP_RN(1.0),N_A,AFY,2007,2006,SE32,0,2007-03-31,INR,389640000000
RBI:SG_EXP_RN(1.0),N_A,AFY,2007,2006,SE22,0,2007-03-31,INR,1955780000000
RBI:SG_EXP_RN(1.0),N_A,AFY,2007,2006,SE2,0,2007-03-31,INR,3921650000000
RBI:SG_EXP_RN(1.0),N_A,AFY,2007,2006,SE33,0,2007-03-31,INR,526460000000
RBI:SG_EXP_RN(1.0),N_A,AFY,2007,2006,SE31,0,2007-03-31,INR,931800000000
RBI:SG_EXP_RN(1.0),N_A,AFY,2006,2005,SE31,0,2006-03-31,INR,840240000000
RBI:SG_EXP_RN(1.0),N_A,AFY,2006,2005,SE3,0,2006-03-31,INR,1900210000000
RBI:SG_EXP_RN(1.0),N_A,AFY,2006,2005,SE32,0,2006-03-31,INR,342980000000
RBI:SG_EXP_RN(1.0),N_A,AFY,2006,2005,SE33,0,2006-03-31,INR,484010000000
RBI:SG_EXP_RN(1.0),N_A,AFY,2006,2005,SE21,0,2006-03-31,INR,1643140000000
RBI:SG_EXP_RN(1.0),N_A,AFY,2006,2005,SE22,0,2006-03-31,INR,1657300000000
RBI:SG_EXP_RN(1.0),N_A,AFY,2006,2005,SE2,0,2006-03-31,INR,3300440000000
RBI:SG_EXP_RN(1.0),N_A,AFY,2005,2004,SE3,0,2005-03-31,INR,1851520000000
RBI:SG_EXP_RN(1.0),N_A,AFY,2005,2004,SE33,0,2005-03-31,INR,447470000000
RBI:SG_EXP_RN(1.0),N_A,AFY,2005,2004,SE2,0,2005-03-31,INR,2864730000000
RBI:SG_EXP_RN(1.0),N_A,AFY,2005,2004,SE21,0,2005-03-31,INR,1435670000000
RBI:SG_EXP_RN(1.0),N_A,AFY,2005,2004,SE22,0,2005-03-31,INR,1429050000000
RBI:SG_EXP_RN(1.0),N_A,AFY,2005,2004,SE31,0,2005-03-31,INR,864210000000
RBI:SG_EXP_RN(1.0),N_A,AFY,2005,2004,SE32,0,2005-03-31,INR,304320000000
RBI:SG_EXP_RN(1.0),N_A,AFY,2004,2003,SE32,0,2004-03-31,INR,285810000000
RBI:SG_EXP_RN(1.0),N_A,AFY,2004,2003,SE3,0,2004-03-31,INR,1665380000000
RBI:SG_EXP_RN(1.0),N_A,AFY,2004,2003,SE31,0,2004-03-31,INR,803960000000
RBI:SG_EXP_RN(1.0),N_A,AFY,2004,2003,SE33,0,2004-03-31,INR,391100000000
RBI:SG_EXP_RN(1.0),N_A,AFY,2004,2003,SE21,0,2004-03-31,INR,1432530000000
RBI:SG_EXP_RN(1.0),N_A,AFY,2004,2003,SE22,0,2004-03-31,INR,1295960000000
RBI:SG_EXP_RN(1.0),N_A,AFY,2004,2003,SE2,0,2004-03-31,INR,2728480000000
RBI:SG_EXP_RN(1.0),N_A,AFY,2003,2002,SE3,0,2003-03-31,INR,1495540000000
RBI:SG_EXP_RN(1.0),N_A,AFY,2003,2002,SE32,0,2003-03-31,INR,271020000000
RBI:SG_EXP_RN(1.0),N_A,AFY,2003,2002,SE31,0,2003-03-31,INR,690270000000
RBI:SG_EXP_RN(1.0),N_A,AFY,2003,2002,SE21,0,2003-03-31,INR,1027860000000
RBI:SG_EXP_RN(1.0),N_A,AFY,2003,2002,SE33,0,2003-03-31,INR,365630000000
RBI:SG_EXP_RN(1.0),N_A,AFY,2003,2002,SE22,0,2003-03-31,INR,1190140000000
RBI:SG_EXP_RN(1.0),N_A,AFY,2003,2002,SE2,0,2003-03-31,INR,2217990000000
RBI:SG_EXP_RN(1.0),N_A,AFY,2002,2001,SE3,0,2002-03-31,INR,1135050000000
RBI:SG_EXP_RN(1.0),N_A,AFY,2002,2001,SE31,0,2002-03-31,INR,615960000000
RBI:SG_EXP_RN(1.0),N_A,AFY,2002,2001,SE32,0,2002-03-31,INR,266800000000
RBI:SG_EXP_RN(1.0),N_A,AFY,2002,2001,SE33,0,2002-03-31,INR,327540000000
RBI:SG_EXP_RN(1.0),N_A,AFY,2002,2001,SE2,0,2002-03-31,INR,2110860000000
RBI:SG_EXP_RN(1.0),N_A,AFY,2002,2001,SE21,0,2002-03-31,INR,970970000000
RBI:SG_EXP_RN(1.0),N_A,AFY,2002,2001,SE22,0,2002-03-31,INR,1139900000000
RBI:SG_EXP_RN(1.0),N_A,AFY,2001,2000,SE33,0,2001-03-31,INR,284830000000
RBI:SG_EXP_RN(1.0),N_A,AFY,2001,2000,SE3,0,2001-03-31,INR,1168230000000
RBI:SG_EXP_RN(1.0),N_A,AFY,2001,2000,SE32,0,2001-03-31,INR,251900000000
RBI:SG_EXP_RN(1.0),N_A,AFY,2001,2000,SE2,0,2001-03-31,INR,2056710000000
RBI:SG_EXP_RN(1.0),N_A,AFY,2001,2000,SE21,0,2001-03-31,INR,949580000000
RBI:SG_EXP_RN(1.0),N_A,AFY,2001,2000,SE22,0,2001-03-31,INR,1107120000000
RBI:SG_EXP_RN(1.0),N_A,AFY,2001,2000,SE31,0,2001-03-31,INR,509850000000
RBI:SG_EXP_RN(1.0),N_A,AFY,2000,1999,SE2,0,2000-03-31,INR,1835400000000
RBI:SG_EXP_RN(1.0),N_A,AFY,2000,1999,SE21,0,2000-03-31,INR,829910000000
RBI:SG_EXP_RN(1.0),N_A,AFY,2000,1999,SE32,0,2000-03-31,INR,234050000000
RBI:SG_EXP_RN(1.0),N_A,AFY,2000,1999,SE33,0,2000-03-31,INR,250700000000
RBI:SG_EXP_RN(1.0),N_A,AFY,2000,1999,SE31,0,2000-03-31,INR,446410000000
RBI:SG_EXP_RN(1.0),N_A,AFY,2000,1999,SE3,0,2000-03-31,INR,1084520000000
RBI:SG_EXP_RN(1.0),N_A,AFY,2000,1999,SE22,0,2000-03-31,INR,1005490000000
RBI:SG_EXP_RN(1.0),N_A,AFY,1999,1998,SE31,0,1999-03-31,INR,354410000000
RBI:SG_EXP_RN(1.0),N_A,AFY,1999,1998,SE22,0,1999-03-31,INR,858900000000
RBI:SG_EXP_RN(1.0),N_A,AFY,1999,1998,SE21,0,1999-03-31,INR,753110000000
RBI:SG_EXP_RN(1.0),N_A,AFY,1999,1998,SE2,0,1999-03-31,INR,1612000000000
RBI:SG_EXP_RN(1.0),N_A,AFY,1999,1998,SE33,0,1999-03-31,INR,183250000000
RBI:SG_EXP_RN(1.0),N_A,AFY,1999,1998,SE32,0,1999-03-31,INR,195910000000
RBI:SG_EXP_RN(1.0),N_A,AFY,1999,1998,SE3,0,1999-03-31,INR,851740000000
RBI:SG_EXP_RN(1.0),N_A,AFY,1998,1997,SE22,0,1998-03-31,INR,715360000000
RBI:SG_EXP_RN(1.0),N_A,AFY,1998,1997,SE33,0,1998-03-31,INR,150030000000
RBI:SG_EXP_RN(1.0),N_A,AFY,1998,1997,SE32,0,1998-03-31,INR,169330000000
RBI:SG_EXP_RN(1.0),N_A,AFY,1998,1997,SE3,0,1998-03-31,INR,706520000000
RBI:SG_EXP_RN(1.0),N_A,AFY,1998,1997,SE21,0,1998-03-31,INR,707300000000
RBI:SG_EXP_RN(1.0),N_A,AFY,1998,1997,SE2,0,1998-03-31,INR,1422660000000
RBI:SG_EXP_RN(1.0),N_A,AFY,1998,1997,SE31,0,1998-03-31,INR,297990000000
RBI:SG_EXP_RN(1.0),N_A,AFY,1997,1996,SE33,0,1997-03-31,INR,135140000000
RBI:SG_EXP_RN(1.0),N_A,AFY,1997,1996,SE2,0,1997-03-31,INR,1293640000000
RBI:SG_EXP_RN(1.0),N_A,AFY,1997,1996,SE31,0,1997-03-31,INR,253870000000
RBI:SG_EXP_RN(1.0),N_A,AFY,1997,1996,SE32,0,1997-03-31,INR,147280000000
RBI:SG_EXP_RN(1.0),N_A,AFY,1997,1996,SE3,0,1997-03-31,INR,613530000000
RBI:SG_EXP_RN(1.0),N_A,AFY,1997,1996,SE21,0,1997-03-31,INR,655590000000
RBI:SG_EXP_RN(1.0),N_A,AFY,1997,1996,SE22,0,1997-03-31,INR,638040000000
RBI:SG_EXP_RN(1.0),N_A,AFY,1996,1995,SE21,0,1996-03-31,INR,563760000000
RBI:SG_EXP_RN(1.0),N_A,AFY,1996,1995,SE3,0,1996-03-31,INR,545440000000
RBI:SG_EXP_RN(1.0),N_A,AFY,1996,1995,SE22,0,1996-03-31,INR,565120000000
RBI:SG_EXP_RN(1.0),N_A,AFY,1996,1995,SE31,0,1996-03-31,INR,218390000000
RBI:SG_EXP_RN(1.0),N_A,AFY,1996,1995,SE2,0,1996-03-31,INR,1128880000000
RBI:SG_EXP_RN(1.0),N_A,AFY,1996,1995,SE32,0,1996-03-31,INR,129670000000
RBI:SG_EXP_RN(1.0),N_A,AFY,1996,1995,SE33,0,1996-03-31,INR,128340000000
RBI:SG_EXP_RN(1.0),N_A,AFY,1995,1994,SE21,0,1995-03-31,INR,548880000000
RBI:SG_EXP_RN(1.0),N_A,AFY,1995,1994,SE2,0,1995-03-31,INR,1026290000000
RBI:SG_EXP_RN(1.0),N_A,AFY,1995,1994,SE3,0,1995-03-31,INR,489640000000
RBI:SG_EXP_RN(1.0),N_A,AFY,1995,1994,SE33,0,1995-03-31,INR,119270000000
RBI:SG_EXP_RN(1.0),N_A,AFY,1995,1994,SE31,0,1995-03-31,INR,194130000000
RBI:SG_EXP_RN(1.0),N_A,AFY,1995,1994,SE32,0,1995-03-31,INR,113280000000
RBI:SG_EXP_RN(1.0),N_A,AFY,1995,1994,SE22,0,1995-03-31,INR,477410000000
RBI:SG_EXP_RN(1.0),N_A,AFY,1994,1993,SE31,0,1994-03-31,INR,158010000000
RBI:SG_EXP_RN(1.0),N_A,AFY,1994,1993,SE22,0,1994-03-31,INR,415970000000
RBI:SG_EXP_RN(1.0),N_A,AFY,1994,1993,SE21,0,1994-03-31,INR,471930000000
RBI:SG_EXP_RN(1.0),N_A,AFY,1994,1993,SE32,0,1994-03-31,INR,103610000000
RBI:SG_EXP_RN(1.0),N_A,AFY,1994,1993,SE33,0,1994-03-31,INR,69990000000
RBI:SG_EXP_RN(1.0),N_A,AFY,1994,1993,SE3,0,1994-03-31,INR,378590000000
RBI:SG_EXP_RN(1.0),N_A,AFY,1994,1993,SE2,0,1994-03-31,INR,887910000000
RBI:SG_EXP_RN(1.0),N_A,AFY,1993,1992,SE2,0,1993-03-31,INR,805670000000
RBI:SG_EXP_RN(1.0),N_A,AFY,1993,1992,SE32,0,1993-03-31,INR,93440000000
RBI:SG_EXP_RN(1.0),N_A,AFY,1993,1992,SE31,0,1993-03-31,INR,132100000000
RBI:SG_EXP_RN(1.0),N_A,AFY,1993,1992,SE33,0,1993-03-31,INR,52720000000
RBI:SG_EXP_RN(1.0),N_A,AFY,1993,1992,SE3,0,1993-03-31,INR,321040000000
RBI:SG_EXP_RN(1.0),N_A,AFY,1993,1992,SE21,0,1993-03-31,INR,432350000000
RBI:SG_EXP_RN(1.0),N_A,AFY,1993,1992,SE22,0,1993-03-31,INR,373320000000
RBI:SG_EXP_RN(1.0),N_A,AFY,1992,1991,SE2,0,1992-03-31,INR,745880000000
RBI:SG_EXP_RN(1.0),N_A,AFY,1992,1991,SE31,0,1992-03-31,INR,109440000000
RBI:SG_EXP_RN(1.0),N_A,AFY,1992,1991,SE22,0,1992-03-31,INR,336880000000
RBI:SG_EXP_RN(1.0),N_A,AFY,1992,1991,SE21,0,1992-03-31,INR,409000000000
RBI:SG_EXP_RN(1.0),N_A,AFY,1992,1991,SE3,0,1992-03-31,INR,271430000000
RBI:SG_EXP_RN(1.0),N_A,AFY,1992,1991,SE33,0,1992-03-31,INR,44790000000
RBI:SG_EXP_RN(1.0),N_A,AFY,1992,1991,SE32,0,1992-03-31,INR,78100000000
RBI:SG_EXP_RN(1.0),N_A,AFY,1991,1990,SE21,0,1991-03-31,INR,334100000000
RBI:SG_EXP_RN(1.0),N_A,AFY,1991,1990,SE22,0,1991-03-31,INR,299600000000
RBI:SG_EXP_RN(1.0),N_A,AFY,1991,1990,SE3,0,1991-03-31,INR,226000000000
RBI:SG_EXP_RN(1.0),N_A,AFY,1991,1990,SE33,0,1991-03-31,INR,35930000000
RBI:SG_EXP_RN(1.0),N_A,AFY,1991,1990,SE32,0,1991-03-31,INR,70180000000
RBI:SG_EXP_RN(1.0),N_A,AFY,1991,1990,SE31,0,1991-03-31,INR,86550000000
RBI:SG_EXP_RN(1.0),N_A,AFY,1991,1990,SE2,0,1991-03-31,INR,633700000000
RBI:SG_EXP_RN(1.0),N_A,AFY,1990,1989,SE2,0,1990-03-31,INR,531500000000
RBI:SG_EXP_RN(1.0),N_A,AFY,1990,1989,SE32,0,1990-03-31,INR,59750000000
RBI:SG_EXP_RN(1.0),N_A,AFY,1990,1989,SE31,0,1990-03-31,INR,71860000000
RBI:SG_EXP_RN(1.0),N_A,AFY,1990,1989,SE22,0,1990-03-31,INR,257740000000
RBI:SG_EXP_RN(1.0),N_A,AFY,1990,1989,SE3,0,1990-03-31,INR,192530000000
RBI:SG_EXP_RN(1.0),N_A,AFY,1990,1989,SE33,0,1990-03-31,INR,29310000000
RBI:SG_EXP_RN(1.0),N_A,AFY,1990,1989,SE21,0,1990-03-31,INR,273760000000
RBI:SG_EXP_RN(1.0),N_A,AFY,1989,1988,SE31,0,1989-03-31,INR,59350000000
RBI:SG_EXP_RN(1.0),N_A,AFY,1989,1988,SE3,0,1989-03-31,INR,158860000000
RBI:SG_EXP_RN(1.0),N_A,AFY,1989,1988,SE33,0,1989-03-31,INR,23920000000
RBI:SG_EXP_RN(1.0),N_A,AFY,1989,1988,SE2,0,1989-03-31,INR,469840000000
RBI:SG_EXP_RN(1.0),N_A,AFY,1989,1988,SE22,0,1989-03-31,INR,223100000000
RBI:SG_EXP_RN(1.0),N_A,AFY,1989,1988,SE21,0,1989-03-31,INR,246740000000
RBI:SG_EXP_RN(1.0),N_A,AFY,1989,1988,SE32,0,1989-03-31,INR,50310000000
RBI:SG_EXP_RN(1.0),N_A,AFY,1988,1987,SE21,0,1988-03-31,INR,230420000000
RBI:SG_EXP_RN(1.0),N_A,AFY,1988,1987,SE22,0,1988-03-31,INR,194090000000
RBI:SG_EXP_RN(1.0),N_A,AFY,1988,1987,SE3,0,1988-03-31,INR,133220000000
RBI:SG_EXP_RN(1.0),N_A,AFY,1988,1987,SE2,0,1988-03-31,INR,424510000000
RBI:SG_EXP_RN(1.0),N_A,AFY,1988,1987,SE33,0,1988-03-31,INR,17580000000
RBI:SG_EXP_RN(1.0),N_A,AFY,1988,1987,SE31,0,1988-03-31,INR,48980000000
RBI:SG_EXP_RN(1.0),N_A,AFY,1988,1987,SE32,0,1988-03-31,INR,44180000000
RBI:SG_EXP_RN(1.0),N_A,AFY,1987,1986,SE33,0,1987-03-31,INR,13900000000
RBI:SG_EXP_RN(1.0),N_A,AFY,1987,1986,SE31,0,1987-03-31,INR,41010000000
RBI:SG_EXP_RN(1.0),N_A,AFY,1987,1986,SE32,0,1987-03-31,INR,37180000000
RBI:SG_EXP_RN(1.0),N_A,AFY,1987,1986,SE22,0,1987-03-31,INR,167860000000
RBI:SG_EXP_RN(1.0),N_A,AFY,1987,1986,SE21,0,1987-03-31,INR,200410000000
RBI:SG_EXP_RN(1.0),N_A,AFY,1987,1986,SE2,0,1987-03-31,INR,368270000000
RBI:SG_EXP_RN(1.0),N_A,AFY,1987,1986,SE3,0,1987-03-31,INR,112190000000
RBI:SG_EXP_RN(1.0),N_A,AFY,1986,1985,SE3,0,1986-03-31,INR,96180000000
RBI:SG_EXP_RN(1.0),N_A,AFY,1986,1985,SE33,0,1986-03-31,INR,12070000000
RBI:SG_EXP_RN(1.0),N_A,AFY,1986,1985,SE22,0,1986-03-31,INR,145400000000
RBI:SG_EXP_RN(1.0),N_A,AFY,1986,1985,SE21,0,1986-03-31,INR,171920000000
RBI:SG_EXP_RN(1.0),N_A,AFY,1986,1985,SE32,0,1986-03-31,INR,33180000000
RBI:SG_EXP_RN(1.0),N_A,AFY,1986,1985,SE2,0,1986-03-31,INR,317320000000
RBI:SG_EXP_RN(1.0),N_A,AFY,1986,1985,SE31,0,1986-03-31,INR,29400000000
