DATAFLOW,AUDST,FREQ,REPYEAREND,REPYEARSTART,TYP_CGEXP_RN,UNIT_MULT,TIME_PERIOD,UNIT_MEASURE,OBS_VALUE
RBI:CG_EXP_RN(1.0),N_A,AFY,2026,2025,CE21,0,2026-03-31,INR,39442552700000
RBI:CG_EXP_RN(1.0),N_A,AFY,2026,2025,CE22,0,2026-03-31,INR,11210900000000
RBI:CG_EXP_RN(1.0),N_A,AFY,2026,2025,CE2,0,2026-03-31,INR,50653452699999.99
RBI:CG_EXP_RN(1.0),N_A,AFY,2026,2025,CE2104,0,2026-03-31,INR,19299687600000
RBI:CG_EXP_RN(1.0),N_A,AFY,2026,2025,CE220201,0,2026-03-31,INR,1800000000000
RBI:CG_EXP_RN(1.0),N_A,AFY,2026,2025,CE2101,0,2026-03-31,INR,3117323000000
RBI:CG_EXP_RN(1.0),N_A,AFY,2026,2025,CE2102,0,2026-03-31,INR,12763380000000
RBI:CG_EXP_RN(1.0),N_A,AFY,2026,2025,CE2201,0,2026-03-31,INR,2258444800000
RBI:CG_EXP_RN(1.0),N_A,AFY,2026,2025,CE220202,0,2026-03-31,INR,7152455200000
RBI:CG_EXP_RN(1.0),N_A,AFY,2026,2025,CE2103,0,2026-03-31,INR,4262162100000
RBI:CG_EXP_RN(1.0),N_A,AFY,2026,2025,CE2202,0,2026-03-31,INR,8952455200000
RBI:CG_EXP_RN(1.0),N_A,AFY,2025,2024,CE2,0,2025-03-31,INR,47164870000000
RBI:CG_EXP_RN(1.0),N_A,AFY,2025,2024,CE220201,0,2025-03-31,INR,1595000000000
RBI:CG_EXP_RN(1.0),N_A,AFY,2025,2024,CE2201,0,2025-03-31,INR,1706930400000
RBI:CG_EXP_RN(1.0),N_A,AFY,2025,2024,CE22,0,2025-03-31,INR,10184290000000
RBI:CG_EXP_RN(1.0),N_A,AFY,2025,2024,CE2101,0,2025-03-31,INR,2972223500000
RBI:CG_EXP_RN(1.0),N_A,AFY,2025,2024,CE2102,0,2025-03-31,INR,11379400000000
RBI:CG_EXP_RN(1.0),N_A,AFY,2025,2024,CE220202,0,2025-03-31,INR,6882359600000
RBI:CG_EXP_RN(1.0),N_A,AFY,2025,2024,CE2103,0,2025-03-31,INR,4278683800000
RBI:CG_EXP_RN(1.0),N_A,AFY,2025,2024,CE2202,0,2025-03-31,INR,8477359600000
RBI:CG_EXP_RN(1.0),N_A,AFY,2025,2024,CE21,0,2025-03-31,INR,36980580000000
RBI:CG_EXP_RN(1.0),N_A,AFY,2025,2024,CE2104,0,2025-03-31,INR,18350272700000
RBI:CG_EXP_RN(1.0),N_A,AFY,2024,2023,CE2104,0,2024-03-31,INR,17050385899999.996
RBI:CG_EXP_RN(1.0),N_A,AFY,2024,2023,CE2102,0,2024-03-31,INR,10638720000000
RBI:CG_EXP_RN(1.0),N_A,AFY,2024,2023,CE2,0,2024-03-31,INR,44434470100000
RBI:CG_EXP_RN(1.0),N_A,AFY,2024,2023,CE220202,0,2024-03-31,INR,6338436900000
RBI:CG_EXP_RN(1.0),N_A,AFY,2024,2023,CE2103,0,2024-03-31,INR,4348985000000
RBI:CG_EXP_RN(1.0),N_A,AFY,2024,2023,CE220201,0,2024-03-31,INR,1542562800000
RBI:CG_EXP_RN(1.0),N_A,AFY,2024,2023,CE22,0,2024-03-31,INR,9491950000000
RBI:CG_EXP_RN(1.0),N_A,AFY,2024,2023,CE21,0,2024-03-31,INR,34942520099999.996
RBI:CG_EXP_RN(1.0),N_A,AFY,2024,2023,CE2202,0,2024-03-31,INR,7880999700000
RBI:CG_EXP_RN(1.0),N_A,AFY,2024,2023,CE2201,0,2024-03-31,INR,1610950300000
RBI:CG_EXP_RN(1.0),N_A,AFY,2024,2023,CE2101,0,2024-03-31,INR,2904429200000
RBI:CG_EXP_RN(1.0),N_A,AFY,2023,2022,CE2202,0,2023-03-31,INR,6247572500000
RBI:CG_EXP_RN(1.0),N_A,AFY,2023,2022,CE2102,0,2023-03-31,INR,9285170000000
RBI:CG_EXP_RN(1.0),N_A,AFY,2023,2022,CE220201,0,2023-03-31,INR,1429400100000
RBI:CG_EXP_RN(1.0),N_A,AFY,2023,2022,CE220202,0,2023-03-31,INR,4818172400000
RBI:CG_EXP_RN(1.0),N_A,AFY,2023,2022,CE21,0,2023-03-31,INR,34531320700000
RBI:CG_EXP_RN(1.0),N_A,AFY,2023,2022,CE22,0,2023-03-31,INR,7400251600000
RBI:CG_EXP_RN(1.0),N_A,AFY,2023,2022,CE2104,0,2023-03-31,INR,16905157700000
RBI:CG_EXP_RN(1.0),N_A,AFY,2023,2022,CE2,0,2023-03-31,INR,41931572300000
RBI:CG_EXP_RN(1.0),N_A,AFY,2023,2022,CE2101,0,2023-03-31,INR,2561834400000
RBI:CG_EXP_RN(1.0),N_A,AFY,2023,2022,CE2201,0,2023-03-31,INR,1152679100000
RBI:CG_EXP_RN(1.0),N_A,AFY,2023,2022,CE2103,0,2023-03-31,INR,5779158600000
RBI:CG_EXP_RN(1.0),N_A,AFY,2022,2021,CE2201,0,2022-03-31,INR,583760000000
RBI:CG_EXP_RN(1.0),N_A,AFY,2022,2021,CE2104,0,2022-03-31,INR,16629612900000
RBI:CG_EXP_RN(1.0),N_A,AFY,2022,2021,CE22,0,2022-03-31,INR,5928750000000
RBI:CG_EXP_RN(1.0),N_A,AFY,2022,2021,CE2,0,2022-03-31,INR,37938012900000
RBI:CG_EXP_RN(1.0),N_A,AFY,2022,2021,CE2101,0,2022-03-31,INR,2285590000000
RBI:CG_EXP_RN(1.0),N_A,AFY,2022,2021,CE220202,0,2022-03-31,INR,3965120000000
RBI:CG_EXP_RN(1.0),N_A,AFY,2022,2021,CE2102,0,2022-03-31,INR,8054990000000
RBI:CG_EXP_RN(1.0),N_A,AFY,2022,2021,CE2103,0,2022-03-31,INR,5039070000000
RBI:CG_EXP_RN(1.0),N_A,AFY,2022,2021,CE2202,0,2022-03-31,INR,5344990000000
RBI:CG_EXP_RN(1.0),N_A,AFY,2022,2021,CE220201,0,2022-03-31,INR,1379870000000
RBI:CG_EXP_RN(1.0),N_A,AFY,2022,2021,CE21,0,2022-03-31,INR,32009262900000
RBI:CG_EXP_RN(1.0),N_A,AFY,2021,2020,CE220201,0,2021-03-31,INR,1343049200000.0002
RBI:CG_EXP_RN(1.0),N_A,AFY,2021,2020,CE22,0,2021-03-31,INR,4263173900000
RBI:CG_EXP_RN(1.0),N_A,AFY,2021,2020,CE2103,0,2021-03-31,INR,7581653400000
RBI:CG_EXP_RN(1.0),N_A,AFY,2021,2020,CE2201,0,2021-03-31,INR,1104909400000
RBI:CG_EXP_RN(1.0),N_A,AFY,2021,2020,CE2102,0,2021-03-31,INR,6798690000000
RBI:CG_EXP_RN(1.0),N_A,AFY,2021,2020,CE2101,0,2021-03-31,INR,2057885900000
RBI:CG_EXP_RN(1.0),N_A,AFY,2021,2020,CE220202,0,2021-03-31,INR,1815215299999.9998
RBI:CG_EXP_RN(1.0),N_A,AFY,2021,2020,CE2,0,2021-03-31,INR,35098363900000
RBI:CG_EXP_RN(1.0),N_A,AFY,2021,2020,CE2104,0,2021-03-31,INR,14396960700000
RBI:CG_EXP_RN(1.0),N_A,AFY,2021,2020,CE21,0,2021-03-31,INR,30835190000000
RBI:CG_EXP_RN(1.0),N_A,AFY,2021,2020,CE2202,0,2021-03-31,INR,3158264500000
RBI:CG_EXP_RN(1.0),N_A,AFY,2020,2019,CE2103,0,2020-03-31,INR,2623041000000
RBI:CG_EXP_RN(1.0),N_A,AFY,2020,2019,CE2202,0,2020-03-31,INR,3113119500000
RBI:CG_EXP_RN(1.0),N_A,AFY,2020,2019,CE2104,0,2020-03-31,INR,12686580600000
RBI:CG_EXP_RN(1.0),N_A,AFY,2020,2019,CE220201,0,2020-03-31,INR,1110924300000
RBI:CG_EXP_RN(1.0),N_A,AFY,2020,2019,CE2201,0,2020-03-31,INR,244136699999.99997
RBI:CG_EXP_RN(1.0),N_A,AFY,2020,2019,CE2101,0,2020-03-31,INR,2075721500000
RBI:CG_EXP_RN(1.0),N_A,AFY,2020,2019,CE2,0,2020-03-31,INR,26863299500000
RBI:CG_EXP_RN(1.0),N_A,AFY,2020,2019,CE22,0,2020-03-31,INR,3357256200000
RBI:CG_EXP_RN(1.0),N_A,AFY,2020,2019,CE220202,0,2020-03-31,INR,2002195200000
RBI:CG_EXP_RN(1.0),N_A,AFY,2020,2019,CE2102,0,2020-03-31,INR,6120700200000
RBI:CG_EXP_RN(1.0),N_A,AFY,2020,2019,CE21,0,2020-03-31,INR,23506043300000
RBI:CG_EXP_RN(1.0),N_A,AFY,2019,2018,CE2101,0,2019-03-31,INR,1955715700000
RBI:CG_EXP_RN(1.0),N_A,AFY,2019,2018,CE21,0,2019-03-31,INR,20073990900000
RBI:CG_EXP_RN(1.0),N_A,AFY,2019,2018,CE220202,0,2019-03-31,INR,1842616200000
RBI:CG_EXP_RN(1.0),N_A,AFY,2019,2018,CE2,0,2019-03-31,INR,23151126100000
RBI:CG_EXP_RN(1.0),N_A,AFY,2019,2018,CE2104,0,2019-03-31,INR,10062253200000
RBI:CG_EXP_RN(1.0),N_A,AFY,2019,2018,CE2102,0,2019-03-31,INR,5826484500000
RBI:CG_EXP_RN(1.0),N_A,AFY,2019,2018,CE22,0,2019-03-31,INR,3077135200000
RBI:CG_EXP_RN(1.0),N_A,AFY,2019,2018,CE2103,0,2019-03-31,INR,2229537500000
RBI:CG_EXP_RN(1.0),N_A,AFY,2019,2018,CE2202,0,2019-03-31,INR,2794922100000
RBI:CG_EXP_RN(1.0),N_A,AFY,2019,2018,CE2201,0,2019-03-31,INR,282213100000
RBI:CG_EXP_RN(1.0),N_A,AFY,2019,2018,CE220201,0,2019-03-31,INR,952305900000
RBI:CG_EXP_RN(1.0),N_A,AFY,2018,2017,CE21,0,2018-03-31,INR,18788330000000
RBI:CG_EXP_RN(1.0),N_A,AFY,2018,2017,CE2202,0,2018-03-31,INR,2451125900000
RBI:CG_EXP_RN(1.0),N_A,AFY,2018,2017,CE2103,0,2018-03-31,INR,2244551500000
RBI:CG_EXP_RN(1.0),N_A,AFY,2018,2017,CE2,0,2018-03-31,INR,21419725400000
RBI:CG_EXP_RN(1.0),N_A,AFY,2018,2017,CE2201,0,2018-03-31,INR,180269500000
RBI:CG_EXP_RN(1.0),N_A,AFY,2018,2017,CE2101,0,2018-03-31,INR,1861272500000
RBI:CG_EXP_RN(1.0),N_A,AFY,2018,2017,CE220202,0,2018-03-31,INR,1546673500000
RBI:CG_EXP_RN(1.0),N_A,AFY,2018,2017,CE22,0,2018-03-31,INR,2631395400000
RBI:CG_EXP_RN(1.0),N_A,AFY,2018,2017,CE2104,0,2018-03-31,INR,9392986100000
RBI:CG_EXP_RN(1.0),N_A,AFY,2018,2017,CE2102,0,2018-03-31,INR,5289519900000
RBI:CG_EXP_RN(1.0),N_A,AFY,2018,2017,CE220201,0,2018-03-31,INR,904452400000
RBI:CG_EXP_RN(1.0),N_A,AFY,2017,2016,CE2103,0,2017-03-31,INR,2348088700000
RBI:CG_EXP_RN(1.0),N_A,AFY,2017,2016,CE220201,0,2017-03-31,INR,863709200000
RBI:CG_EXP_RN(1.0),N_A,AFY,2017,2016,CE2201,0,2017-03-31,INR,368098500000
RBI:CG_EXP_RN(1.0),N_A,AFY,2017,2016,CE2,0,2017-03-31,INR,19751937100000
RBI:CG_EXP_RN(1.0),N_A,AFY,2017,2016,CE2104,0,2017-03-31,INR,8096516200000
RBI:CG_EXP_RN(1.0),N_A,AFY,2017,2016,CE2102,0,2017-03-31,INR,4807139700000
RBI:CG_EXP_RN(1.0),N_A,AFY,2017,2016,CE21,0,2017-03-31,INR,16905842300000
RBI:CG_EXP_RN(1.0),N_A,AFY,2017,2016,CE22,0,2017-03-31,INR,2846094800000
RBI:CG_EXP_RN(1.0),N_A,AFY,2017,2016,CE220202,0,2017-03-31,INR,1614287100000
RBI:CG_EXP_RN(1.0),N_A,AFY,2017,2016,CE2101,0,2017-03-31,INR,1654097700000
RBI:CG_EXP_RN(1.0),N_A,AFY,2017,2016,CE2202,0,2017-03-31,INR,2477996300000
RBI:CG_EXP_RN(1.0),N_A,AFY,2016,2015,CE2103,0,2016-03-31,INR,2641055000000
RBI:CG_EXP_RN(1.0),N_A,AFY,2016,2015,CE2104,0,2016-03-31,INR,6860601800000
RBI:CG_EXP_RN(1.0),N_A,AFY,2016,2015,CE2101,0,2016-03-31,INR,1459365100000
RBI:CG_EXP_RN(1.0),N_A,AFY,2016,2015,CE22,0,2016-03-31,INR,2530216400000
RBI:CG_EXP_RN(1.0),N_A,AFY,2016,2015,CE220201,0,2016-03-31,INR,799583200000.0001
RBI:CG_EXP_RN(1.0),N_A,AFY,2016,2015,CE2201,0,2016-03-31,INR,263369000000
RBI:CG_EXP_RN(1.0),N_A,AFY,2016,2015,CE2202,0,2016-03-31,INR,2266847400000
RBI:CG_EXP_RN(1.0),N_A,AFY,2016,2015,CE220202,0,2016-03-31,INR,1467264200000
RBI:CG_EXP_RN(1.0),N_A,AFY,2016,2015,CE2,0,2016-03-31,INR,17907826900000
RBI:CG_EXP_RN(1.0),N_A,AFY,2016,2015,CE2102,0,2016-03-31,INR,4416588600000
RBI:CG_EXP_RN(1.0),N_A,AFY,2016,2015,CE21,0,2016-03-31,INR,15377610500000
RBI:CG_EXP_RN(1.0),N_A,AFY,2015,2014,CE21,0,2015-03-31,INR,14669920000000
RBI:CG_EXP_RN(1.0),N_A,AFY,2015,2014,CE2201,0,2015-03-31,INR,292180500000
RBI:CG_EXP_RN(1.0),N_A,AFY,2015,2014,CE2101,0,2015-03-31,INR,1368070000000
RBI:CG_EXP_RN(1.0),N_A,AFY,2015,2014,CE2102,0,2015-03-31,INR,4024440000000
RBI:CG_EXP_RN(1.0),N_A,AFY,2015,2014,CE220201,0,2015-03-31,INR,818870000000
RBI:CG_EXP_RN(1.0),N_A,AFY,2015,2014,CE2103,0,2015-03-31,INR,2582580000000
RBI:CG_EXP_RN(1.0),N_A,AFY,2015,2014,CE22,0,2015-03-31,INR,1966813200000
RBI:CG_EXP_RN(1.0),N_A,AFY,2015,2014,CE2,0,2015-03-31,INR,16636733200000
RBI:CG_EXP_RN(1.0),N_A,AFY,2015,2014,CE220202,0,2015-03-31,INR,855762700000
RBI:CG_EXP_RN(1.0),N_A,AFY,2015,2014,CE2104,0,2015-03-31,INR,6694830000000
RBI:CG_EXP_RN(1.0),N_A,AFY,2015,2014,CE2202,0,2015-03-31,INR,1674632700000
RBI:CG_EXP_RN(1.0),N_A,AFY,2014,2013,CE220202,0,2014-03-31,INR,893525100000
RBI:CG_EXP_RN(1.0),N_A,AFY,2014,2013,CE21,0,2014-03-31,INR,13717720000000
RBI:CG_EXP_RN(1.0),N_A,AFY,2014,2013,CE2,0,2014-03-31,INR,15594470800000
RBI:CG_EXP_RN(1.0),N_A,AFY,2014,2013,CE2104,0,2014-03-31,INR,6185120000000
RBI:CG_EXP_RN(1.0),N_A,AFY,2014,2013,CE2101,0,2014-03-31,INR,1243740000000
RBI:CG_EXP_RN(1.0),N_A,AFY,2014,2013,CE2202,0,2014-03-31,INR,1684775100000
RBI:CG_EXP_RN(1.0),N_A,AFY,2014,2013,CE2201,0,2014-03-31,INR,191975700000
RBI:CG_EXP_RN(1.0),N_A,AFY,2014,2013,CE220201,0,2014-03-31,INR,791250000000
RBI:CG_EXP_RN(1.0),N_A,AFY,2014,2013,CE2102,0,2014-03-31,INR,3742540000000
RBI:CG_EXP_RN(1.0),N_A,AFY,2014,2013,CE2103,0,2014-03-31,INR,2546320000000
RBI:CG_EXP_RN(1.0),N_A,AFY,2014,2013,CE22,0,2014-03-31,INR,1876750800000
RBI:CG_EXP_RN(1.0),N_A,AFY,2013,2012,CE2,0,2013-03-31,INR,14103721300000
RBI:CG_EXP_RN(1.0),N_A,AFY,2013,2012,CE2102,0,2013-03-31,INR,3131700000000
RBI:CG_EXP_RN(1.0),N_A,AFY,2013,2012,CE22,0,2013-03-31,INR,1668581300000
RBI:CG_EXP_RN(1.0),N_A,AFY,2013,2012,CE2101,0,2013-03-31,INR,1112770000000
RBI:CG_EXP_RN(1.0),N_A,AFY,2013,2012,CE2202,0,2013-03-31,INR,1460577900000
RBI:CG_EXP_RN(1.0),N_A,AFY,2013,2012,CE220201,0,2013-03-31,INR,704990000000
RBI:CG_EXP_RN(1.0),N_A,AFY,2013,2012,CE220202,0,2013-03-31,INR,755587900000
RBI:CG_EXP_RN(1.0),N_A,AFY,2013,2012,CE2103,0,2013-03-31,INR,2570790000000
RBI:CG_EXP_RN(1.0),N_A,AFY,2013,2012,CE21,0,2013-03-31,INR,12435140000000
RBI:CG_EXP_RN(1.0),N_A,AFY,2013,2012,CE2104,0,2013-03-31,INR,5619880000000
RBI:CG_EXP_RN(1.0),N_A,AFY,2013,2012,CE2201,0,2013-03-31,INR,208003400000
RBI:CG_EXP_RN(1.0),N_A,AFY,2012,2011,CE2101,0,2012-03-31,INR,1030110000000
RBI:CG_EXP_RN(1.0),N_A,AFY,2012,2011,CE2201,0,2012-03-31,INR,207370000000
RBI:CG_EXP_RN(1.0),N_A,AFY,2012,2011,CE22,0,2012-03-31,INR,1585796200000
RBI:CG_EXP_RN(1.0),N_A,AFY,2012,2011,CE2,0,2012-03-31,INR,13043646200000
RBI:CG_EXP_RN(1.0),N_A,AFY,2012,2011,CE220202,0,2012-03-31,INR,699406200000
RBI:CG_EXP_RN(1.0),N_A,AFY,2012,2011,CE2103,0,2012-03-31,INR,2179410000000
RBI:CG_EXP_RN(1.0),N_A,AFY,2012,2011,CE21,0,2012-03-31,INR,11457850000000
RBI:CG_EXP_RN(1.0),N_A,AFY,2012,2011,CE2102,0,2012-03-31,INR,2731500000000
RBI:CG_EXP_RN(1.0),N_A,AFY,2012,2011,CE2104,0,2012-03-31,INR,5516830000000
RBI:CG_EXP_RN(1.0),N_A,AFY,2012,2011,CE220201,0,2012-03-31,INR,679020000000
RBI:CG_EXP_RN(1.0),N_A,AFY,2012,2011,CE2202,0,2012-03-31,INR,1378426200000
RBI:CG_EXP_RN(1.0),N_A,AFY,2011,2010,CE21,0,2011-03-31,INR,10407230000000
RBI:CG_EXP_RN(1.0),N_A,AFY,2011,2010,CE2104,0,2011-03-31,INR,5412200000000
RBI:CG_EXP_RN(1.0),N_A,AFY,2011,2010,CE2202,0,2011-03-31,INR,1316190000000
RBI:CG_EXP_RN(1.0),N_A,AFY,2011,2010,CE2102,0,2011-03-31,INR,2340220000000
RBI:CG_EXP_RN(1.0),N_A,AFY,2011,2010,CE220201,0,2011-03-31,INR,620560000000
RBI:CG_EXP_RN(1.0),N_A,AFY,2011,2010,CE220202,0,2011-03-31,INR,695630000000
RBI:CG_EXP_RN(1.0),N_A,AFY,2011,2010,CE2,0,2011-03-31,INR,11973270000000
RBI:CG_EXP_RN(1.0),N_A,AFY,2011,2010,CE22,0,2011-03-31,INR,1566040000000
RBI:CG_EXP_RN(1.0),N_A,AFY,2011,2010,CE2201,0,2011-03-31,INR,249850000000
RBI:CG_EXP_RN(1.0),N_A,AFY,2011,2010,CE2103,0,2011-03-31,INR,1734200000000
RBI:CG_EXP_RN(1.0),N_A,AFY,2011,2010,CE2101,0,2011-03-31,INR,920610000000
RBI:CG_EXP_RN(1.0),N_A,AFY,2010,2009,CE2202,0,2010-03-31,INR,970310000000
RBI:CG_EXP_RN(1.0),N_A,AFY,2010,2009,CE2101,0,2010-03-31,INR,906690000000
RBI:CG_EXP_RN(1.0),N_A,AFY,2010,2009,CE2104,0,2010-03-31,INR,4666960000000
RBI:CG_EXP_RN(1.0),N_A,AFY,2010,2009,CE220201,0,2010-03-31,INR,511120000000
RBI:CG_EXP_RN(1.0),N_A,AFY,2010,2009,CE22,0,2010-03-31,INR,1126780000000
RBI:CG_EXP_RN(1.0),N_A,AFY,2010,2009,CE2201,0,2010-03-31,INR,156470000000
RBI:CG_EXP_RN(1.0),N_A,AFY,2010,2009,CE220202,0,2010-03-31,INR,459190000000
RBI:CG_EXP_RN(1.0),N_A,AFY,2010,2009,CE21,0,2010-03-31,INR,9118090000000
RBI:CG_EXP_RN(1.0),N_A,AFY,2010,2009,CE2103,0,2010-03-31,INR,1413510000000
RBI:CG_EXP_RN(1.0),N_A,AFY,2010,2009,CE2102,0,2010-03-31,INR,2130930000000
RBI:CG_EXP_RN(1.0),N_A,AFY,2010,2009,CE2,0,2010-03-31,INR,10244870000000
RBI:CG_EXP_RN(1.0),N_A,AFY,2009,2008,CE2202,0,2009-03-31,INR,760510000000
RBI:CG_EXP_RN(1.0),N_A,AFY,2009,2008,CE2101,0,2009-03-31,INR,733050000000
RBI:CG_EXP_RN(1.0),N_A,AFY,2009,2008,CE2,0,2009-03-31,INR,8839560000000
RBI:CG_EXP_RN(1.0),N_A,AFY,2009,2008,CE2104,0,2009-03-31,INR,3985810000000
RBI:CG_EXP_RN(1.0),N_A,AFY,2009,2008,CE2103,0,2009-03-31,INR,1297080000000
RBI:CG_EXP_RN(1.0),N_A,AFY,2009,2008,CE21,0,2009-03-31,INR,7937980000000
RBI:CG_EXP_RN(1.0),N_A,AFY,2009,2008,CE220201,0,2009-03-31,INR,409180000000
RBI:CG_EXP_RN(1.0),N_A,AFY,2009,2008,CE22,0,2009-03-31,INR,901580000000
RBI:CG_EXP_RN(1.0),N_A,AFY,2009,2008,CE2201,0,2009-03-31,INR,141070000000
RBI:CG_EXP_RN(1.0),N_A,AFY,2009,2008,CE2102,0,2009-03-31,INR,1922040000000
RBI:CG_EXP_RN(1.0),N_A,AFY,2009,2008,CE220202,0,2009-03-31,INR,351330000000
RBI:CG_EXP_RN(1.0),N_A,AFY,2008,2007,CE2102,0,2008-03-31,INR,1710300000000
RBI:CG_EXP_RN(1.0),N_A,AFY,2008,2007,CE2202,0,2008-03-31,INR,1069400000000
RBI:CG_EXP_RN(1.0),N_A,AFY,2008,2007,CE2201,0,2008-03-31,INR,112980000000
RBI:CG_EXP_RN(1.0),N_A,AFY,2008,2007,CE2104,0,2008-03-31,INR,2982580000000
RBI:CG_EXP_RN(1.0),N_A,AFY,2008,2007,CE21,0,2008-03-31,INR,5944330000000
RBI:CG_EXP_RN(1.0),N_A,AFY,2008,2007,CE2101,0,2008-03-31,INR,542190000000
RBI:CG_EXP_RN(1.0),N_A,AFY,2008,2007,CE22,0,2008-03-31,INR,1182380000000
RBI:CG_EXP_RN(1.0),N_A,AFY,2008,2007,CE2,0,2008-03-31,INR,7126710000000
RBI:CG_EXP_RN(1.0),N_A,AFY,2008,2007,CE2103,0,2008-03-31,INR,709260000000
RBI:CG_EXP_RN(1.0),N_A,AFY,2008,2007,CE220202,0,2008-03-31,INR,694780000000
RBI:CG_EXP_RN(1.0),N_A,AFY,2008,2007,CE220201,0,2008-03-31,INR,374620000000
RBI:CG_EXP_RN(1.0),N_A,AFY,2007,2006,CE2101,0,2007-03-31,INR,516820000000
RBI:CG_EXP_RN(1.0),N_A,AFY,2007,2006,CE2,0,2007-03-31,INR,5833870000000
RBI:CG_EXP_RN(1.0),N_A,AFY,2007,2006,CE2102,0,2007-03-31,INR,1502720000000
RBI:CG_EXP_RN(1.0),N_A,AFY,2007,2006,CE22,0,2007-03-31,INR,687780000000
RBI:CG_EXP_RN(1.0),N_A,AFY,2007,2006,CE220202,0,2007-03-31,INR,264260000000
RBI:CG_EXP_RN(1.0),N_A,AFY,2007,2006,CE2104,0,2007-03-31,INR,2555300000000
RBI:CG_EXP_RN(1.0),N_A,AFY,2007,2006,CE2202,0,2007-03-31,INR,602540000000
RBI:CG_EXP_RN(1.0),N_A,AFY,2007,2006,CE220201,0,2007-03-31,INR,338280000000
RBI:CG_EXP_RN(1.0),N_A,AFY,2007,2006,CE21,0,2007-03-31,INR,5146090000000
RBI:CG_EXP_RN(1.0),N_A,AFY,2007,2006,CE2201,0,2007-03-31,INR,85240000000
RBI:CG_EXP_RN(1.0),N_A,AFY,2007,2006,CE2103,0,2007-03-31,INR,571250000000
RBI:CG_EXP_RN(1.0),N_A,AFY,2006,2005,CE22,0,2006-03-31,INR,663620000000
RBI:CG_EXP_RN(1.0),N_A,AFY,2006,2005,CE220202,0,2006-03-31,INR,226870000000
RBI:CG_EXP_RN(1.0),N_A,AFY,2006,2005,CE2104,0,2006-03-31,INR,2110130000000
RBI:CG_EXP_RN(1.0),N_A,AFY,2006,2005,CE2102,0,2006-03-31,INR,1326300000000
RBI:CG_EXP_RN(1.0),N_A,AFY,2006,2005,CE220201,0,2006-03-31,INR,323380000000
RBI:CG_EXP_RN(1.0),N_A,AFY,2006,2005,CE2,0,2006-03-31,INR,5057380000000
RBI:CG_EXP_RN(1.0),N_A,AFY,2006,2005,CE2101,0,2006-03-31,INR,482110000000
RBI:CG_EXP_RN(1.0),N_A,AFY,2006,2005,CE2103,0,2006-03-31,INR,475220000000
RBI:CG_EXP_RN(1.0),N_A,AFY,2006,2005,CE21,0,2006-03-31,INR,4393760000000
RBI:CG_EXP_RN(1.0),N_A,AFY,2006,2005,CE2202,0,2006-03-31,INR,550250000000
RBI:CG_EXP_RN(1.0),N_A,AFY,2006,2005,CE2201,0,2006-03-31,INR,113370000000
RBI:CG_EXP_RN(1.0),N_A,AFY,2005,2004,CE2201,0,2005-03-31,INR,289100000000
RBI:CG_EXP_RN(1.0),N_A,AFY,2005,2004,CE2,0,2005-03-31,INR,4655770000000
RBI:CG_EXP_RN(1.0),N_A,AFY,2005,2004,CE2101,0,2005-03-31,INR,438620000000
RBI:CG_EXP_RN(1.0),N_A,AFY,2005,2004,CE220202,0,2005-03-31,INR,203440000000
RBI:CG_EXP_RN(1.0),N_A,AFY,2005,2004,CE2104,0,2005-03-31,INR,1675760000000
RBI:CG_EXP_RN(1.0),N_A,AFY,2005,2004,CE21,0,2005-03-31,INR,3843290000000
RBI:CG_EXP_RN(1.0),N_A,AFY,2005,2004,CE22,0,2005-03-31,INR,812480000000
RBI:CG_EXP_RN(1.0),N_A,AFY,2005,2004,CE2103,0,2005-03-31,INR,459570000000
RBI:CG_EXP_RN(1.0),N_A,AFY,2005,2004,CE2102,0,2005-03-31,INR,1269340000000
RBI:CG_EXP_RN(1.0),N_A,AFY,2005,2004,CE2202,0,2005-03-31,INR,523380000000
RBI:CG_EXP_RN(1.0),N_A,AFY,2005,2004,CE220201,0,2005-03-31,INR,319940000000
RBI:CG_EXP_RN(1.0),N_A,AFY,2004,2003,CE2201,0,2004-03-31,INR,287680000000
RBI:CG_EXP_RN(1.0),N_A,AFY,2004,2003,CE2102,0,2004-03-31,INR,1240880000000
RBI:CG_EXP_RN(1.0),N_A,AFY,2004,2003,CE2104,0,2004-03-31,INR,1504600000000
RBI:CG_EXP_RN(1.0),N_A,AFY,2004,2003,CE220202,0,2004-03-31,INR,172870000000
RBI:CG_EXP_RN(1.0),N_A,AFY,2004,2003,CE21,0,2004-03-31,INR,3620740000000
RBI:CG_EXP_RN(1.0),N_A,AFY,2004,2003,CE220201,0,2004-03-31,INR,168630000000
RBI:CG_EXP_RN(1.0),N_A,AFY,2004,2003,CE22,0,2004-03-31,INR,629180000000
RBI:CG_EXP_RN(1.0),N_A,AFY,2004,2003,CE2,0,2004-03-31,INR,4249920000000
RBI:CG_EXP_RN(1.0),N_A,AFY,2004,2003,CE2202,0,2004-03-31,INR,341500000000
RBI:CG_EXP_RN(1.0),N_A,AFY,2004,2003,CE2103,0,2004-03-31,INR,443230000000
RBI:CG_EXP_RN(1.0),N_A,AFY,2004,2003,CE2101,0,2004-03-31,INR,432030000000
RBI:CG_EXP_RN(1.0),N_A,AFY,2003,2002,CE21,0,2003-03-31,INR,3387130000000
RBI:CG_EXP_RN(1.0),N_A,AFY,2003,2002,CE2103,0,2003-03-31,INR,435330000000
RBI:CG_EXP_RN(1.0),N_A,AFY,2003,2002,CE2104,0,2003-03-31,INR,1366670000000
RBI:CG_EXP_RN(1.0),N_A,AFY,2003,2002,CE2101,0,2003-03-31,INR,407090000000
RBI:CG_EXP_RN(1.0),N_A,AFY,2003,2002,CE2102,0,2003-03-31,INR,1178040000000
RBI:CG_EXP_RN(1.0),N_A,AFY,2003,2002,CE220201,0,2003-03-31,INR,149530000000
RBI:CG_EXP_RN(1.0),N_A,AFY,2003,2002,CE22,0,2003-03-31,INR,607690000000
RBI:CG_EXP_RN(1.0),N_A,AFY,2003,2002,CE220202,0,2003-03-31,INR,141480000000
RBI:CG_EXP_RN(1.0),N_A,AFY,2003,2002,CE2202,0,2003-03-31,INR,291010000000
RBI:CG_EXP_RN(1.0),N_A,AFY,2003,2002,CE2,0,2003-03-31,INR,3994820000000
RBI:CG_EXP_RN(1.0),N_A,AFY,2003,2002,CE2201,0,2003-03-31,INR,316680000000
RBI:CG_EXP_RN(1.0),N_A,AFY,2002,2001,CE2201,0,2002-03-31,INR,342840000000
RBI:CG_EXP_RN(1.0),N_A,AFY,2002,2001,CE2102,0,2002-03-31,INR,1074600000000
RBI:CG_EXP_RN(1.0),N_A,AFY,2002,2001,CE2101,0,2002-03-31,INR,380590000000
RBI:CG_EXP_RN(1.0),N_A,AFY,2002,2001,CE2103,0,2002-03-31,INR,312100000000
RBI:CG_EXP_RN(1.0),N_A,AFY,2002,2001,CE2,0,2002-03-31,INR,3623100000000
RBI:CG_EXP_RN(1.0),N_A,AFY,2002,2001,CE220201,0,2002-03-31,INR,162070000000
RBI:CG_EXP_RN(1.0),N_A,AFY,2002,2001,CE22,0,2002-03-31,INR,608420000000
RBI:CG_EXP_RN(1.0),N_A,AFY,2002,2001,CE21,0,2002-03-31,INR,3014680000000
RBI:CG_EXP_RN(1.0),N_A,AFY,2002,2001,CE220202,0,2002-03-31,INR,103510000000
RBI:CG_EXP_RN(1.0),N_A,AFY,2002,2001,CE2202,0,2002-03-31,INR,265580000000
RBI:CG_EXP_RN(1.0),N_A,AFY,2002,2001,CE2104,0,2002-03-31,INR,1247390000000
RBI:CG_EXP_RN(1.0),N_A,AFY,2001,2000,CE2101,0,2001-03-31,INR,372380000000
RBI:CG_EXP_RN(1.0),N_A,AFY,2001,2000,CE220201,0,2001-03-31,INR,123840000000
RBI:CG_EXP_RN(1.0),N_A,AFY,2001,2000,CE2102,0,2001-03-31,INR,993140000000
RBI:CG_EXP_RN(1.0),N_A,AFY,2001,2000,CE21,0,2001-03-31,INR,2778390000000
RBI:CG_EXP_RN(1.0),N_A,AFY,2001,2000,CE2202,0,2001-03-31,INR,247450000000
RBI:CG_EXP_RN(1.0),N_A,AFY,2001,2000,CE2,0,2001-03-31,INR,3255920000000
RBI:CG_EXP_RN(1.0),N_A,AFY,2001,2000,CE2103,0,2001-03-31,INR,268380000000
RBI:CG_EXP_RN(1.0),N_A,AFY,2001,2000,CE220202,0,2001-03-31,INR,123610000000
RBI:CG_EXP_RN(1.0),N_A,AFY,2001,2000,CE22,0,2001-03-31,INR,477530000000
RBI:CG_EXP_RN(1.0),N_A,AFY,2001,2000,CE2104,0,2001-03-31,INR,1144490000000
RBI:CG_EXP_RN(1.0),N_A,AFY,2001,2000,CE2201,0,2001-03-31,INR,230080000000
RBI:CG_EXP_RN(1.0),N_A,AFY,2000,1999,CE2103,0,2000-03-31,INR,244870000000
RBI:CG_EXP_RN(1.0),N_A,AFY,2000,1999,CE2,0,2000-03-31,INR,2980530000000
RBI:CG_EXP_RN(1.0),N_A,AFY,2000,1999,CE21,0,2000-03-31,INR,2490780000000
RBI:CG_EXP_RN(1.0),N_A,AFY,2000,1999,CE22,0,2000-03-31,INR,489750000000
RBI:CG_EXP_RN(1.0),N_A,AFY,2000,1999,CE220202,0,2000-03-31,INR,121820000000
RBI:CG_EXP_RN(1.0),N_A,AFY,2000,1999,CE220201,0,2000-03-31,INR,118550000000
RBI:CG_EXP_RN(1.0),N_A,AFY,2000,1999,CE2202,0,2000-03-31,INR,240370000000
RBI:CG_EXP_RN(1.0),N_A,AFY,2000,1999,CE2102,0,2000-03-31,INR,902490000000
RBI:CG_EXP_RN(1.0),N_A,AFY,2000,1999,CE2104,0,2000-03-31,INR,991260000000
RBI:CG_EXP_RN(1.0),N_A,AFY,2000,1999,CE2101,0,2000-03-31,INR,352160000000
RBI:CG_EXP_RN(1.0),N_A,AFY,2000,1999,CE2201,0,2000-03-31,INR,249380000000
RBI:CG_EXP_RN(1.0),N_A,AFY,1999,1998,CE2101,0,1999-03-31,INR,298610000000
RBI:CG_EXP_RN(1.0),N_A,AFY,1999,1998,CE2,0,1999-03-31,INR,2793390000000
RBI:CG_EXP_RN(1.0),N_A,AFY,1999,1998,CE2103,0,1999-03-31,INR,235930000000
RBI:CG_EXP_RN(1.0),N_A,AFY,1999,1998,CE22,0,1999-03-31,INR,628780000000
RBI:CG_EXP_RN(1.0),N_A,AFY,1999,1998,CE2104,0,1999-03-31,INR,851250000000
RBI:CG_EXP_RN(1.0),N_A,AFY,1999,1998,CE220202,0,1999-03-31,INR,88050000000
RBI:CG_EXP_RN(1.0),N_A,AFY,1999,1998,CE220201,0,1999-03-31,INR,100360000000
RBI:CG_EXP_RN(1.0),N_A,AFY,1999,1998,CE21,0,1999-03-31,INR,2164610000000
RBI:CG_EXP_RN(1.0),N_A,AFY,1999,1998,CE2201,0,1999-03-31,INR,440370000000
RBI:CG_EXP_RN(1.0),N_A,AFY,1999,1998,CE2202,0,1999-03-31,INR,188410000000
RBI:CG_EXP_RN(1.0),N_A,AFY,1999,1998,CE2102,0,1999-03-31,INR,778820000000
RBI:CG_EXP_RN(1.0),N_A,AFY,1998,1997,CE2104,0,1998-03-31,INR,699840000000
RBI:CG_EXP_RN(1.0),N_A,AFY,1998,1997,CE220201,0,1998-03-31,INR,91040000000
RBI:CG_EXP_RN(1.0),N_A,AFY,1998,1997,CE2102,0,1998-03-31,INR,656370000000
RBI:CG_EXP_RN(1.0),N_A,AFY,1998,1997,CE21,0,1998-03-31,INR,1803350000000
RBI:CG_EXP_RN(1.0),N_A,AFY,1998,1997,CE2201,0,1998-03-31,INR,341930000000
RBI:CG_EXP_RN(1.0),N_A,AFY,1998,1997,CE2202,0,1998-03-31,INR,175260000000
RBI:CG_EXP_RN(1.0),N_A,AFY,1998,1997,CE2101,0,1998-03-31,INR,261740000000
RBI:CG_EXP_RN(1.0),N_A,AFY,1998,1997,CE220202,0,1998-03-31,INR,84220000000
RBI:CG_EXP_RN(1.0),N_A,AFY,1998,1997,CE2103,0,1998-03-31,INR,185400000000
RBI:CG_EXP_RN(1.0),N_A,AFY,1998,1997,CE2,0,1998-03-31,INR,2320540000000
RBI:CG_EXP_RN(1.0),N_A,AFY,1998,1997,CE22,0,1998-03-31,INR,517190000000
RBI:CG_EXP_RN(1.0),N_A,AFY,1997,1996,CE2,0,1997-03-31,INR,2010070000000
RBI:CG_EXP_RN(1.0),N_A,AFY,1997,1996,CE2201,0,1997-03-31,INR,278780000000
RBI:CG_EXP_RN(1.0),N_A,AFY,1997,1996,CE220201,0,1997-03-31,INR,85080000000
RBI:CG_EXP_RN(1.0),N_A,AFY,1997,1996,CE2202,0,1997-03-31,INR,141960000000
RBI:CG_EXP_RN(1.0),N_A,AFY,1997,1996,CE2101,0,1997-03-31,INR,209970000000
RBI:CG_EXP_RN(1.0),N_A,AFY,1997,1996,CE21,0,1997-03-31,INR,1589330000000
RBI:CG_EXP_RN(1.0),N_A,AFY,1997,1996,CE2102,0,1997-03-31,INR,594780000000
RBI:CG_EXP_RN(1.0),N_A,AFY,1997,1996,CE220202,0,1997-03-31,INR,56880000000
RBI:CG_EXP_RN(1.0),N_A,AFY,1997,1996,CE22,0,1997-03-31,INR,420740000000
RBI:CG_EXP_RN(1.0),N_A,AFY,1997,1996,CE2103,0,1997-03-31,INR,154990000000
RBI:CG_EXP_RN(1.0),N_A,AFY,1997,1996,CE2104,0,1997-03-31,INR,629590000000
RBI:CG_EXP_RN(1.0),N_A,AFY,1996,1995,CE220201,0,1996-03-31,INR,80150000000
RBI:CG_EXP_RN(1.0),N_A,AFY,1996,1995,CE2104,0,1996-03-31,INR,583090000000
RBI:CG_EXP_RN(1.0),N_A,AFY,1996,1995,CE2,0,1996-03-31,INR,1782760000000
RBI:CG_EXP_RN(1.0),N_A,AFY,1996,1995,CE2101,0,1996-03-31,INR,188410000000
RBI:CG_EXP_RN(1.0),N_A,AFY,1996,1995,CE2202,0,1996-03-31,INR,140990000000
RBI:CG_EXP_RN(1.0),N_A,AFY,1996,1995,CE2102,0,1996-03-31,INR,500450000000
RBI:CG_EXP_RN(1.0),N_A,AFY,1996,1995,CE2103,0,1996-03-31,INR,126660000000
RBI:CG_EXP_RN(1.0),N_A,AFY,1996,1995,CE220202,0,1996-03-31,INR,60840000000
RBI:CG_EXP_RN(1.0),N_A,AFY,1996,1995,CE22,0,1996-03-31,INR,384150000000
RBI:CG_EXP_RN(1.0),N_A,AFY,1996,1995,CE2201,0,1996-03-31,INR,243160000000
RBI:CG_EXP_RN(1.0),N_A,AFY,1996,1995,CE21,0,1996-03-31,INR,1398610000000
RBI:CG_EXP_RN(1.0),N_A,AFY,1995,1994,CE2103,0,1995-03-31,INR,118540000000
RBI:CG_EXP_RN(1.0),N_A,AFY,1995,1994,CE220202,0,1995-03-31,INR,80720000000
RBI:CG_EXP_RN(1.0),N_A,AFY,1995,1994,CE21,0,1995-03-31,INR,1221120000000
RBI:CG_EXP_RN(1.0),N_A,AFY,1995,1994,CE2201,0,1995-03-31,INR,237360000000
RBI:CG_EXP_RN(1.0),N_A,AFY,1995,1994,CE2,0,1995-03-31,INR,1607390000000
RBI:CG_EXP_RN(1.0),N_A,AFY,1995,1994,CE2102,0,1995-03-31,INR,440600000000
RBI:CG_EXP_RN(1.0),N_A,AFY,1995,1994,CE2101,0,1995-03-31,INR,164260000000
RBI:CG_EXP_RN(1.0),N_A,AFY,1995,1994,CE220201,0,1995-03-31,INR,68190000000
RBI:CG_EXP_RN(1.0),N_A,AFY,1995,1994,CE2202,0,1995-03-31,INR,148910000000
RBI:CG_EXP_RN(1.0),N_A,AFY,1995,1994,CE2104,0,1995-03-31,INR,497720000000
RBI:CG_EXP_RN(1.0),N_A,AFY,1995,1994,CE22,0,1995-03-31,INR,386270000000
RBI:CG_EXP_RN(1.0),N_A,AFY,1994,1993,CE2,0,1994-03-31,INR,1417120000000
RBI:CG_EXP_RN(1.0),N_A,AFY,1994,1993,CE22,0,1994-03-31,INR,335430000000
RBI:CG_EXP_RN(1.0),N_A,AFY,1994,1993,CE2201,0,1994-03-31,INR,204540000000
RBI:CG_EXP_RN(1.0),N_A,AFY,1994,1993,CE2104,0,1994-03-31,INR,448450000000
RBI:CG_EXP_RN(1.0),N_A,AFY,1994,1993,CE21,0,1994-03-31,INR,1081690000000
RBI:CG_EXP_RN(1.0),N_A,AFY,1994,1993,CE2102,0,1994-03-31,INR,367410000000
RBI:CG_EXP_RN(1.0),N_A,AFY,1994,1993,CE2103,0,1994-03-31,INR,116050000000
RBI:CG_EXP_RN(1.0),N_A,AFY,1994,1993,CE220202,0,1994-03-31,INR,62220000000
RBI:CG_EXP_RN(1.0),N_A,AFY,1994,1993,CE2101,0,1994-03-31,INR,149780000000
RBI:CG_EXP_RN(1.0),N_A,AFY,1994,1993,CE2202,0,1994-03-31,INR,130890000000
RBI:CG_EXP_RN(1.0),N_A,AFY,1994,1993,CE220201,0,1994-03-31,INR,68670000000
RBI:CG_EXP_RN(1.0),N_A,AFY,1993,1992,CE2202,0,1993-03-31,INR,133850000000
RBI:CG_EXP_RN(1.0),N_A,AFY,1993,1992,CE220201,0,1993-03-31,INR,54730000000
RBI:CG_EXP_RN(1.0),N_A,AFY,1993,1992,CE22,0,1993-03-31,INR,296820000000
RBI:CG_EXP_RN(1.0),N_A,AFY,1993,1992,CE220202,0,1993-03-31,INR,79120000000
RBI:CG_EXP_RN(1.0),N_A,AFY,1993,1992,CE2103,0,1993-03-31,INR,108240000000
RBI:CG_EXP_RN(1.0),N_A,AFY,1993,1992,CE2102,0,1993-03-31,INR,310750000000
RBI:CG_EXP_RN(1.0),N_A,AFY,1993,1992,CE2,0,1993-03-31,INR,1223840000000
RBI:CG_EXP_RN(1.0),N_A,AFY,1993,1992,CE2101,0,1993-03-31,INR,121090000000
RBI:CG_EXP_RN(1.0),N_A,AFY,1993,1992,CE21,0,1993-03-31,INR,927020000000
RBI:CG_EXP_RN(1.0),N_A,AFY,1993,1992,CE2201,0,1993-03-31,INR,162970000000
RBI:CG_EXP_RN(1.0),N_A,AFY,1993,1992,CE2104,0,1993-03-31,INR,386940000000
RBI:CG_EXP_RN(1.0),N_A,AFY,1992,1991,CE2202,0,1992-03-31,INR,110430000000
RBI:CG_EXP_RN(1.0),N_A,AFY,1992,1991,CE2103,0,1992-03-31,INR,122530000000
RBI:CG_EXP_RN(1.0),N_A,AFY,1992,1991,CE2,0,1992-03-31,INR,1110580000000
RBI:CG_EXP_RN(1.0),N_A,AFY,1992,1991,CE2101,0,1992-03-31,INR,114420000000
RBI:CG_EXP_RN(1.0),N_A,AFY,1992,1991,CE2104,0,1992-03-31,INR,320010000000
RBI:CG_EXP_RN(1.0),N_A,AFY,1992,1991,CE21,0,1992-03-31,INR,822920000000
RBI:CG_EXP_RN(1.0),N_A,AFY,1992,1991,CE220201,0,1992-03-31,INR,49050000000
RBI:CG_EXP_RN(1.0),N_A,AFY,1992,1991,CE220202,0,1992-03-31,INR,61380000000
RBI:CG_EXP_RN(1.0),N_A,AFY,1992,1991,CE2201,0,1992-03-31,INR,177230000000
RBI:CG_EXP_RN(1.0),N_A,AFY,1992,1991,CE22,0,1992-03-31,INR,287660000000
RBI:CG_EXP_RN(1.0),N_A,AFY,1992,1991,CE2102,0,1992-03-31,INR,265960000000
RBI:CG_EXP_RN(1.0),N_A,AFY,1991,1990,CE22,0,1991-03-31,INR,317820000000
RBI:CG_EXP_RN(1.0),N_A,AFY,1991,1990,CE220201,0,1991-03-31,INR,45520000000
RBI:CG_EXP_RN(1.0),N_A,AFY,1991,1990,CE220202,0,1991-03-31,INR,75780000000
RBI:CG_EXP_RN(1.0),N_A,AFY,1991,1990,CE2102,0,1991-03-31,INR,214980000000
RBI:CG_EXP_RN(1.0),N_A,AFY,1991,1990,CE21,0,1991-03-31,INR,735160000000
RBI:CG_EXP_RN(1.0),N_A,AFY,1991,1990,CE2201,0,1991-03-31,INR,196520000000
RBI:CG_EXP_RN(1.0),N_A,AFY,1991,1990,CE2101,0,1991-03-31,INR,108740000000
RBI:CG_EXP_RN(1.0),N_A,AFY,1991,1990,CE2202,0,1991-03-31,INR,121300000000
RBI:CG_EXP_RN(1.0),N_A,AFY,1991,1990,CE2103,0,1991-03-31,INR,121580000000
RBI:CG_EXP_RN(1.0),N_A,AFY,1991,1990,CE2104,0,1991-03-31,INR,289860000000
RBI:CG_EXP_RN(1.0),N_A,AFY,1991,1990,CE2,0,1991-03-31,INR,1052980000000
RBI:CG_EXP_RN(1.0),N_A,AFY,1990,1989,CE2202,0,1990-03-31,INR,118080000000
RBI:CG_EXP_RN(1.0),N_A,AFY,1990,1989,CE2101,0,1990-03-31,INR,101940000000
RBI:CG_EXP_RN(1.0),N_A,AFY,1990,1989,CE2,0,1990-03-31,INR,929080000000
RBI:CG_EXP_RN(1.0),N_A,AFY,1990,1989,CE2104,0,1990-03-31,INR,257850000000
RBI:CG_EXP_RN(1.0),N_A,AFY,1990,1989,CE22,0,1990-03-31,INR,286980000000
RBI:CG_EXP_RN(1.0),N_A,AFY,1990,1989,CE2103,0,1990-03-31,INR,104740000000
RBI:CG_EXP_RN(1.0),N_A,AFY,1990,1989,CE2201,0,1990-03-31,INR,168900000000
RBI:CG_EXP_RN(1.0),N_A,AFY,1990,1989,CE220202,0,1990-03-31,INR,75860000000
RBI:CG_EXP_RN(1.0),N_A,AFY,1990,1989,CE220201,0,1990-03-31,INR,42220000000
RBI:CG_EXP_RN(1.0),N_A,AFY,1990,1989,CE21,0,1990-03-31,INR,642100000000
RBI:CG_EXP_RN(1.0),N_A,AFY,1990,1989,CE2102,0,1990-03-31,INR,177570000000
RBI:CG_EXP_RN(1.0),N_A,AFY,1989,1988,CE2104,0,1989-03-31,INR,225380000000
RBI:CG_EXP_RN(1.0),N_A,AFY,1989,1988,CE2101,0,1989-03-31,INR,95580000000
RBI:CG_EXP_RN(1.0),N_A,AFY,1989,1988,CE22,0,1989-03-31,INR,250050000000
RBI:CG_EXP_RN(1.0),N_A,AFY,1989,1988,CE220202,0,1989-03-31,INR,64720000000
RBI:CG_EXP_RN(1.0),N_A,AFY,1989,1988,CE2102,0,1989-03-31,INR,142780000000
RBI:CG_EXP_RN(1.0),N_A,AFY,1989,1988,CE2103,0,1989-03-31,INR,77320000000
RBI:CG_EXP_RN(1.0),N_A,AFY,1989,1988,CE2202,0,1989-03-31,INR,102550000000
RBI:CG_EXP_RN(1.0),N_A,AFY,1989,1988,CE2,0,1989-03-31,INR,791110000000
RBI:CG_EXP_RN(1.0),N_A,AFY,1989,1988,CE21,0,1989-03-31,INR,541060000000
RBI:CG_EXP_RN(1.0),N_A,AFY,1989,1988,CE2201,0,1989-03-31,INR,147500000000
RBI:CG_EXP_RN(1.0),N_A,AFY,1989,1988,CE220201,0,1989-03-31,INR,37830000000
RBI:CG_EXP_RN(1.0),N_A,AFY,1988,1987,CE2102,0,1988-03-31,INR,112510000000
RBI:CG_EXP_RN(1.0),N_A,AFY,1988,1987,CE21,0,1988-03-31,INR,461740000000
RBI:CG_EXP_RN(1.0),N_A,AFY,1988,1987,CE220202,0,1988-03-31,INR,61870000000
RBI:CG_EXP_RN(1.0),N_A,AFY,1988,1987,CE2103,0,1988-03-31,INR,59800000000
RBI:CG_EXP_RN(1.0),N_A,AFY,1988,1987,CE2104,0,1988-03-31,INR,200820000000
RBI:CG_EXP_RN(1.0),N_A,AFY,1988,1987,CE220201,0,1988-03-31,INR,31070000000
RBI:CG_EXP_RN(1.0),N_A,AFY,1988,1987,CE2201,0,1988-03-31,INR,127930000000
RBI:CG_EXP_RN(1.0),N_A,AFY,1988,1987,CE2,0,1988-03-31,INR,682610000000
RBI:CG_EXP_RN(1.0),N_A,AFY,1988,1987,CE2202,0,1988-03-31,INR,92940000000
RBI:CG_EXP_RN(1.0),N_A,AFY,1988,1987,CE22,0,1988-03-31,INR,220870000000
RBI:CG_EXP_RN(1.0),N_A,AFY,1988,1987,CE2101,0,1988-03-31,INR,88610000000
RBI:CG_EXP_RN(1.0),N_A,AFY,1987,1986,CE2202,0,1987-03-31,INR,92590000000
RBI:CG_EXP_RN(1.0),N_A,AFY,1987,1986,CE2104,0,1987-03-31,INR,169840000000
RBI:CG_EXP_RN(1.0),N_A,AFY,1987,1986,CE21,0,1987-03-31,INR,408600000000
RBI:CG_EXP_RN(1.0),N_A,AFY,1987,1986,CE22,0,1987-03-31,INR,220560000000
RBI:CG_EXP_RN(1.0),N_A,AFY,1987,1986,CE2103,0,1987-03-31,INR,54510000000
RBI:CG_EXP_RN(1.0),N_A,AFY,1987,1986,CE2102,0,1987-03-31,INR,92460000000
RBI:CG_EXP_RN(1.0),N_A,AFY,1987,1986,CE220201,0,1987-03-31,INR,12980000000
RBI:CG_EXP_RN(1.0),N_A,AFY,1987,1986,CE2,0,1987-03-31,INR,629160000000
RBI:CG_EXP_RN(1.0),N_A,AFY,1987,1986,CE2201,0,1987-03-31,INR,127970000000
RBI:CG_EXP_RN(1.0),N_A,AFY,1987,1986,CE2101,0,1987-03-31,INR,91790000000
RBI:CG_EXP_RN(1.0),N_A,AFY,1987,1986,CE220202,0,1987-03-31,INR,79610000000
RBI:CG_EXP_RN(1.0),N_A,AFY,1986,1985,CE2103,0,1986-03-31,INR,47960000000
RBI:CG_EXP_RN(1.0),N_A,AFY,1986,1985,CE2201,0,1986-03-31,INR,110870000000
RBI:CG_EXP_RN(1.0),N_A,AFY,1986,1985,CE21,0,1986-03-31,INR,339240000000
RBI:CG_EXP_RN(1.0),N_A,AFY,1986,1985,CE220201,0,1986-03-31,INR,9670000000
RBI:CG_EXP_RN(1.0),N_A,AFY,1986,1985,CE2202,0,1986-03-31,INR,76550000000
RBI:CG_EXP_RN(1.0),N_A,AFY,1986,1985,CE220202,0,1986-03-31,INR,66880000000
RBI:CG_EXP_RN(1.0),N_A,AFY,1986,1985,CE2104,0,1986-03-31,INR,145950000000
RBI:CG_EXP_RN(1.0),N_A,AFY,1986,1985,CE2102,0,1986-03-31,INR,75120000000
RBI:CG_EXP_RN(1.0),N_A,AFY,1986,1985,CE22,0,1986-03-31,INR,187420000000
RBI:CG_EXP_RN(1.0),N_A,AFY,1986,1985,CE2101,0,1986-03-31,INR,70210000000
RBI:CG_EXP_RN(1.0),N_A,AFY,1986,1985,CE2,0,1986-03-31,INR,526660000000
