DATAFLOW,AUDST,FREQ,REPYEAREND,REPYEARSTART,UNIT_MULT,TIME_PERIOD,UNIT_MEASURE,OBS_VALUE
RBI:CG_DEFM_RN(1.0),N_A,M,2026,2025,0,2025-06-30,INR,2675690000000
RBI:CG_DEFM_RN(1.0),N_A,M,2026,2025,0,2025-05-31,INR,-1731690000000
RBI:CG_DEFM_RN(1.0),N_A,M,2026,2025,0,2025-04-30,INR,1863320000000
RBI:CG_DEFM_RN(1.0),N_A,M,2025,2024,0,2025-03-31,INR,2304180000000
RBI:CG_DEFM_RN(1.0),N_A,M,2025,2024,0,2025-02-28,INR,1773100000000
RBI:CG_DEFM_RN(1.0),N_A,M,2025,2024,0,2025-01-31,INR,2554530000000
RBI:CG_DEFM_RN(1.0),N_A,M,2025,2024,0,2024-12-31,INR,674950000000
RBI:CG_DEFM_RN(1.0),N_A,M,2025,2024,0,2024-11-30,INR,957700000000
RBI:CG_DEFM_RN(1.0),N_A,M,2025,2024,0,2024-10-31,INR,2763040000000
RBI:CG_DEFM_RN(1.0),N_A,M,2025,2024,0,2024-09-30,INR,393440000000
RBI:CG_DEFM_RN(1.0),N_A,M,2025,2024,0,2024-08-31,INR,1582310000000
RBI:CG_DEFM_RN(1.0),N_A,M,2025,2024,0,2024-07-31,INR,1412330000000
RBI:CG_DEFM_RN(1.0),N_A,M,2025,2024,0,2024-06-30,INR,850970000000
RBI:CG_DEFM_RN(1.0),N_A,M,2025,2024,0,2024-05-31,INR,-1595210000000
RBI:CG_DEFM_RN(1.0),N_A,M,2025,2024,0,2024-04-30,INR,2101360000000
RBI:CG_DEFM_RN(1.0),N_A,M,2024,2023,0,2024-03-31,INR,1532780000000
RBI:CG_DEFM_RN(1.0),N_A,M,2024,2023,0,2024-02-29,INR,3987630000000
RBI:CG_DEFM_RN(1.0),N_A,M,2024,2023,0,2024-01-31,INR,1203240000000
RBI:CG_DEFM_RN(1.0),N_A,M,2024,2023,0,2023-12-31,INR,756940000000
RBI:CG_DEFM_RN(1.0),N_A,M,2024,2023,0,2023-11-30,INR,1028840000000
RBI:CG_DEFM_RN(1.0),N_A,M,2024,2023,0,2023-10-31,INR,1018390000000
RBI:CG_DEFM_RN(1.0),N_A,M,2024,2023,0,2023-09-30,INR,590350000000
RBI:CG_DEFM_RN(1.0),N_A,M,2024,2023,0,2023-08-31,INR,372330000000
RBI:CG_DEFM_RN(1.0),N_A,M,2024,2023,0,2023-07-31,INR,1542230000000
RBI:CG_DEFM_RN(1.0),N_A,M,2024,2023,0,2023-06-30,INR,2410830000000
RBI:CG_DEFM_RN(1.0),N_A,M,2024,2023,0,2023-05-31,INR,766920000000
RBI:CG_DEFM_RN(1.0),N_A,M,2024,2023,0,2023-04-30,INR,1335950000000
RBI:CG_DEFM_RN(1.0),N_A,M,2023,2022,0,2023-03-31,INR,2838930000000
RBI:CG_DEFM_RN(1.0),N_A,M,2023,2022,0,2023-02-28,INR,2630570000000
RBI:CG_DEFM_RN(1.0),N_A,M,2023,2022,0,2023-01-31,INR,1978290000000
RBI:CG_DEFM_RN(1.0),N_A,M,2023,2022,0,2022-12-31,INR,148220000000
RBI:CG_DEFM_RN(1.0),N_A,M,2023,2022,0,2022-11-30,INR,2200170000000
RBI:CG_DEFM_RN(1.0),N_A,M,2023,2022,0,2022-10-31,INR,1382880000000
RBI:CG_DEFM_RN(1.0),N_A,M,2023,2022,0,2022-09-30,INR,782480000000
RBI:CG_DEFM_RN(1.0),N_A,M,2023,2022,0,2022-08-31,INR,2007700000000
RBI:CG_DEFM_RN(1.0),N_A,M,2023,2022,0,2022-07-31,INR,-110400000000
RBI:CG_DEFM_RN(1.0),N_A,M,2023,2022,0,2022-06-30,INR,1479500000000
RBI:CG_DEFM_RN(1.0),N_A,M,2023,2022,0,2022-05-31,INR,1290750000000
RBI:CG_DEFM_RN(1.0),N_A,M,2023,2022,0,2022-04-30,INR,748460000000
RBI:CG_DEFM_RN(1.0),N_A,M,2022,2021,0,2022-03-31,INR,2679260000000
RBI:CG_DEFM_RN(1.0),N_A,M,2022,2021,0,2022-02-28,INR,3787270000000
RBI:CG_DEFM_RN(1.0),N_A,M,2022,2021,0,2022-01-31,INR,1785020000000
RBI:CG_DEFM_RN(1.0),N_A,M,2022,2021,0,2021-12-31,INR,637520000000
RBI:CG_DEFM_RN(1.0),N_A,M,2022,2021,0,2021-11-30,INR,1485880000000
RBI:CG_DEFM_RN(1.0),N_A,M,2022,2021,0,2021-10-31,INR,201750000000
RBI:CG_DEFM_RN(1.0),N_A,M,2022,2021,0,2021-09-30,INR,588420000000
RBI:CG_DEFM_RN(1.0),N_A,M,2022,2021,0,2021-08-31,INR,1468660000000
RBI:CG_DEFM_RN(1.0),N_A,M,2022,2021,0,2021-07-31,INR,468980000000
RBI:CG_DEFM_RN(1.0),N_A,M,2022,2021,0,2021-06-30,INR,1510710000000
RBI:CG_DEFM_RN(1.0),N_A,M,2022,2021,0,2021-05-31,INR,444750000000
RBI:CG_DEFM_RN(1.0),N_A,M,2022,2021,0,2021-04-30,INR,786990000000
RBI:CG_DEFM_RN(1.0),N_A,M,2021,2020,0,2021-03-31,INR,4127440000000
RBI:CG_DEFM_RN(1.0),N_A,M,2021,2020,0,2021-02-28,INR,1715430000000
RBI:CG_DEFM_RN(1.0),N_A,M,2021,2020,0,2021-01-31,INR,755350000000
RBI:CG_DEFM_RN(1.0),N_A,M,2021,2020,0,2020-12-31,INR,829620000000
RBI:CG_DEFM_RN(1.0),N_A,M,2021,2020,0,2020-11-30,INR,1223530000000
RBI:CG_DEFM_RN(1.0),N_A,M,2021,2020,0,2020-10-31,INR,391610000000
RBI:CG_DEFM_RN(1.0),N_A,M,2021,2020,0,2020-09-30,INR,436460000000
RBI:CG_DEFM_RN(1.0),N_A,M,2021,2020,0,2020-08-31,INR,489980000000
RBI:CG_DEFM_RN(1.0),N_A,M,2021,2020,0,2020-07-31,INR,1589860000000
RBI:CG_DEFM_RN(1.0),N_A,M,2021,2020,0,2020-06-30,INR,1960200000000
RBI:CG_DEFM_RN(1.0),N_A,M,2021,2020,0,2020-05-31,INR,1868310000000
RBI:CG_DEFM_RN(1.0),N_A,M,2021,2020,0,2020-04-30,INR,2795120000000
RBI:CG_DEFM_RN(1.0),N_A,M,2020,2019,0,2020-03-31,INR,-1028340000000
RBI:CG_DEFM_RN(1.0),N_A,M,2020,2019,0,2020-02-29,INR,510130000000
RBI:CG_DEFM_RN(1.0),N_A,M,2020,2019,0,2020-01-31,INR,537470000000
RBI:CG_DEFM_RN(1.0),N_A,M,2020,2019,0,2019-12-31,INR,1238910000000
RBI:CG_DEFM_RN(1.0),N_A,M,2020,2019,0,2019-11-30,INR,873890000000
RBI:CG_DEFM_RN(1.0),N_A,M,2020,2019,0,2019-10-31,INR,688910000000
RBI:CG_DEFM_RN(1.0),N_A,M,2020,2019,0,2019-09-30,INR,977140000000
RBI:CG_DEFM_RN(1.0),N_A,M,2020,2019,0,2019-08-31,INR,62350000000
RBI:CG_DEFM_RN(1.0),N_A,M,2020,2019,0,2019-07-31,INR,1155500000000
RBI:CG_DEFM_RN(1.0),N_A,M,2020,2019,0,2019-06-30,INR,658980000000
RBI:CG_DEFM_RN(1.0),N_A,M,2020,2019,0,2019-05-31,INR,2091090000000
RBI:CG_DEFM_RN(1.0),N_A,M,2020,2019,0,2019-04-30,INR,1570480000000
RBI:CG_DEFM_RN(1.0),N_A,M,2019,2018,0,2019-03-31,INR,-2020810000000
RBI:CG_DEFM_RN(1.0),N_A,M,2019,2018,0,2019-02-28,INR,806540000000
RBI:CG_DEFM_RN(1.0),N_A,M,2019,2018,0,2019-01-31,INR,693880000000
RBI:CG_DEFM_RN(1.0),N_A,M,2019,2018,0,2018-12-31,INR,-151680000000
RBI:CG_DEFM_RN(1.0),N_A,M,2019,2018,0,2018-11-30,INR,680420000000
RBI:CG_DEFM_RN(1.0),N_A,M,2019,2018,0,2018-10-31,INR,538510000000
RBI:CG_DEFM_RN(1.0),N_A,M,2019,2018,0,2018-09-30,INR,34410000000
RBI:CG_DEFM_RN(1.0),N_A,M,2019,2018,0,2018-08-31,INR,510340000000
RBI:CG_DEFM_RN(1.0),N_A,M,2019,2018,0,2018-07-31,INR,1112240000000
RBI:CG_DEFM_RN(1.0),N_A,M,2019,2018,0,2018-06-30,INR,835400000000
RBI:CG_DEFM_RN(1.0),N_A,M,2019,2018,0,2018-05-31,INR,1935260000000
RBI:CG_DEFM_RN(1.0),N_A,M,2019,2018,0,2018-04-30,INR,1519670000000
RBI:CG_DEFM_RN(1.0),N_A,M,2018,2017,0,2018-03-31,INR,-1240360000000
RBI:CG_DEFM_RN(1.0),N_A,M,2018,2017,0,2018-02-28,INR,391400000000
RBI:CG_DEFM_RN(1.0),N_A,M,2018,2017,0,2018-01-31,INR,556100000000
RBI:CG_DEFM_RN(1.0),N_A,M,2018,2017,0,2017-12-31,INR,88440000000
RBI:CG_DEFM_RN(1.0),N_A,M,2018,2017,0,2017-11-30,INR,867850000000
RBI:CG_DEFM_RN(1.0),N_A,M,2018,2017,0,2017-10-31,INR,263820000000
RBI:CG_DEFM_RN(1.0),N_A,M,2018,2017,0,2017-09-30,INR,-261070000000
RBI:CG_DEFM_RN(1.0),N_A,M,2018,2017,0,2017-08-31,INR,201490000000
RBI:CG_DEFM_RN(1.0),N_A,M,2018,2017,0,2017-07-31,INR,632110000000
RBI:CG_DEFM_RN(1.0),N_A,M,2018,2017,0,2017-06-30,INR,683250000000
RBI:CG_DEFM_RN(1.0),N_A,M,2018,2017,0,2017-05-31,INR,1677400000000
RBI:CG_DEFM_RN(1.0),N_A,M,2018,2017,0,2017-04-30,INR,2056220000000
RBI:CG_DEFM_RN(1.0),N_A,M,2017,2016,0,2017-03-31,INR,-699960000000
RBI:CG_DEFM_RN(1.0),N_A,M,2017,2016,0,2017-02-28,INR,414220000000
RBI:CG_DEFM_RN(1.0),N_A,M,2017,2016,0,2017-01-31,INR,629420000000
RBI:CG_DEFM_RN(1.0),N_A,M,2017,2016,0,2016-12-31,INR,432540000000
RBI:CG_DEFM_RN(1.0),N_A,M,2017,2016,0,2016-11-30,INR,344890000000
RBI:CG_DEFM_RN(1.0),N_A,M,2017,2016,0,2016-10-31,INR,-244810000000
RBI:CG_DEFM_RN(1.0),N_A,M,2017,2016,0,2016-09-30,INR,401680000000
RBI:CG_DEFM_RN(1.0),N_A,M,2017,2016,0,2016-08-31,INR,143330000000
RBI:CG_DEFM_RN(1.0),N_A,M,2017,2016,0,2016-07-31,INR,671640000000
RBI:CG_DEFM_RN(1.0),N_A,M,2017,2016,0,2016-06-30,INR,973370000000
RBI:CG_DEFM_RN(1.0),N_A,M,2017,2016,0,2016-05-31,INR,916600000000
RBI:CG_DEFM_RN(1.0),N_A,M,2017,2016,0,2016-04-30,INR,1373260000000
RBI:CG_DEFM_RN(1.0),N_A,M,2016,2015,0,2016-03-31,INR,-400810000000
RBI:CG_DEFM_RN(1.0),N_A,M,2016,2015,0,2016-02-29,INR,405910000000
RBI:CG_DEFM_RN(1.0),N_A,M,2016,2015,0,2016-01-31,INR,440960000000
RBI:CG_DEFM_RN(1.0),N_A,M,2016,2015,0,2015-12-31,INR,46620000000
RBI:CG_DEFM_RN(1.0),N_A,M,2016,2015,0,2015-11-30,INR,722770000000
RBI:CG_DEFM_RN(1.0),N_A,M,2016,2015,0,2015-10-31,INR,326830000000
RBI:CG_DEFM_RN(1.0),N_A,M,2016,2015,0,2015-09-30,INR,92680000000
RBI:CG_DEFM_RN(1.0),N_A,M,2016,2015,0,2015-08-31,INR,-158080000000
RBI:CG_DEFM_RN(1.0),N_A,M,2016,2015,0,2015-07-31,INR,984080000000
RBI:CG_DEFM_RN(1.0),N_A,M,2016,2015,0,2015-06-30,INR,780710000000
RBI:CG_DEFM_RN(1.0),N_A,M,2016,2015,0,2015-05-31,INR,811010000000
RBI:CG_DEFM_RN(1.0),N_A,M,2016,2015,0,2015-04-30,INR,1275230000000
RBI:CG_DEFM_RN(1.0),N_A,M,2015,2014,0,2015-03-31,INR,-917170000000
RBI:CG_DEFM_RN(1.0),N_A,M,2015,2014,0,2015-02-28,INR,343950000000
RBI:CG_DEFM_RN(1.0),N_A,M,2015,2014,0,2015-01-31,INR,357580000000
RBI:CG_DEFM_RN(1.0),N_A,M,2015,2014,0,2014-12-31,INR,72470000000
RBI:CG_DEFM_RN(1.0),N_A,M,2015,2014,0,2014-11-30,INR,493830000000
RBI:CG_DEFM_RN(1.0),N_A,M,2015,2014,0,2014-10-31,INR,369250000000
RBI:CG_DEFM_RN(1.0),N_A,M,2015,2014,0,2014-09-30,INR,408970000000
RBI:CG_DEFM_RN(1.0),N_A,M,2015,2014,0,2014-08-31,INR,730050000000
RBI:CG_DEFM_RN(1.0),N_A,M,2015,2014,0,2014-07-31,INR,270650000000
RBI:CG_DEFM_RN(1.0),N_A,M,2015,2014,0,2014-06-30,INR,570220000000
RBI:CG_DEFM_RN(1.0),N_A,M,2015,2014,0,2014-05-31,INR,1273830000000
RBI:CG_DEFM_RN(1.0),N_A,M,2015,2014,0,2014-04-30,INR,1134540000000
RBI:CG_DEFM_RN(1.0),N_A,M,2014,2013,0,2014-03-31,INR,-911500000000
RBI:CG_DEFM_RN(1.0),N_A,M,2014,2013,0,2014-02-28,INR,664570000000
RBI:CG_DEFM_RN(1.0),N_A,M,2014,2013,0,2014-01-31,INR,164520000000
RBI:CG_DEFM_RN(1.0),N_A,M,2014,2013,0,2013-12-31,INR,68330000000
RBI:CG_DEFM_RN(1.0),N_A,M,2014,2013,0,2013-11-30,INR,516710000000
RBI:CG_DEFM_RN(1.0),N_A,M,2014,2013,0,2013-10-31,INR,457980000000
RBI:CG_DEFM_RN(1.0),N_A,M,2014,2013,0,2013-09-30,INR,74370000000
RBI:CG_DEFM_RN(1.0),N_A,M,2014,2013,0,2013-08-31,INR,640420000000
RBI:CG_DEFM_RN(1.0),N_A,M,2014,2013,0,2013-07-31,INR,777860000000
RBI:CG_DEFM_RN(1.0),N_A,M,2014,2013,0,2013-06-30,INR,821320000000
RBI:CG_DEFM_RN(1.0),N_A,M,2014,2013,0,2013-05-31,INR,870790000000
RBI:CG_DEFM_RN(1.0),N_A,M,2014,2013,0,2013-04-30,INR,936120000000
RBI:CG_DEFM_RN(1.0),N_A,M,2013,2012,0,2013-03-31,INR,-167620000000
RBI:CG_DEFM_RN(1.0),N_A,M,2013,2012,0,2013-02-28,INR,416780000000
RBI:CG_DEFM_RN(1.0),N_A,M,2013,2012,0,2013-01-31,INR,609820000000
RBI:CG_DEFM_RN(1.0),N_A,M,2013,2012,0,2012-12-31,INR,-82270000000
RBI:CG_DEFM_RN(1.0),N_A,M,2013,2012,0,2012-11-30,INR,450060000000
RBI:CG_DEFM_RN(1.0),N_A,M,2013,2012,0,2012-10-31,INR,310160000000
RBI:CG_DEFM_RN(1.0),N_A,M,2013,2012,0,2012-09-30,INR,-6340000000
RBI:CG_DEFM_RN(1.0),N_A,M,2013,2012,0,2012-08-31,INR,731060000000
RBI:CG_DEFM_RN(1.0),N_A,M,2013,2012,0,2012-07-31,INR,739720000000
RBI:CG_DEFM_RN(1.0),N_A,M,2013,2012,0,2012-06-30,INR,488730000000
RBI:CG_DEFM_RN(1.0),N_A,M,2013,2012,0,2012-05-31,INR,743910000000
RBI:CG_DEFM_RN(1.0),N_A,M,2013,2012,0,2012-04-30,INR,671960000000
RBI:CG_DEFM_RN(1.0),N_A,M,2012,2011,0,2012-03-31,INR,224190000000
RBI:CG_DEFM_RN(1.0),N_A,M,2012,2011,0,2012-02-29,INR,586380000000
RBI:CG_DEFM_RN(1.0),N_A,M,2012,2011,0,2012-01-31,INR,539210000000
RBI:CG_DEFM_RN(1.0),N_A,M,2012,2011,0,2011-12-31,INR,276430000000
RBI:CG_DEFM_RN(1.0),N_A,M,2012,2011,0,2011-11-30,INR,463600000000
RBI:CG_DEFM_RN(1.0),N_A,M,2012,2011,0,2011-10-31,INR,261990000000
RBI:CG_DEFM_RN(1.0),N_A,M,2012,2011,0,2011-09-30,INR,72870000000
RBI:CG_DEFM_RN(1.0),N_A,M,2012,2011,0,2011-08-31,INR,447700000000
RBI:CG_DEFM_RN(1.0),N_A,M,2012,2011,0,2011-07-31,INR,661000000000
RBI:CG_DEFM_RN(1.0),N_A,M,2012,2011,0,2011-06-30,INR,319270000000
RBI:CG_DEFM_RN(1.0),N_A,M,2012,2011,0,2011-05-31,INR,560650000000
RBI:CG_DEFM_RN(1.0),N_A,M,2012,2011,0,2011-04-30,INR,746610000000
RBI:CG_DEFM_RN(1.0),N_A,M,2011,2010,0,2011-03-31,INR,985040000000
RBI:CG_DEFM_RN(1.0),N_A,M,2011,2010,0,2011-02-28,INR,528660000000
RBI:CG_DEFM_RN(1.0),N_A,M,2011,2010,0,2011-01-31,INR,509730000000
RBI:CG_DEFM_RN(1.0),N_A,M,2011,2010,0,2010-12-31,INR,-152730000000
RBI:CG_DEFM_RN(1.0),N_A,M,2011,2010,0,2010-11-30,INR,241860000000
RBI:CG_DEFM_RN(1.0),N_A,M,2011,2010,0,2010-10-31,INR,290840000000
RBI:CG_DEFM_RN(1.0),N_A,M,2011,2010,0,2010-09-30,INR,-181730000000
RBI:CG_DEFM_RN(1.0),N_A,M,2011,2010,0,2010-08-31,INR,605100000000
RBI:CG_DEFM_RN(1.0),N_A,M,2011,2010,0,2010-07-31,INR,507190000000
RBI:CG_DEFM_RN(1.0),N_A,M,2011,2010,0,2010-06-30,INR,-607110000000
RBI:CG_DEFM_RN(1.0),N_A,M,2011,2010,0,2010-05-31,INR,469140000000
RBI:CG_DEFM_RN(1.0),N_A,M,2011,2010,0,2010-04-30,INR,539930000000
RBI:CG_DEFM_RN(1.0),N_A,M,2010,2009,0,2010-03-31,INR,375810000000
RBI:CG_DEFM_RN(1.0),N_A,M,2010,2009,0,2010-02-28,INR,313630000000
RBI:CG_DEFM_RN(1.0),N_A,M,2010,2009,0,2010-01-31,INR,395580000000
RBI:CG_DEFM_RN(1.0),N_A,M,2010,2009,0,2009-12-31,INR,37590000000
RBI:CG_DEFM_RN(1.0),N_A,M,2010,2009,0,2009-11-30,INR,611460000000
RBI:CG_DEFM_RN(1.0),N_A,M,2010,2009,0,2009-10-31,INR,473000000000
RBI:CG_DEFM_RN(1.0),N_A,M,2010,2009,0,2009-09-30,INR,154850000000
RBI:CG_DEFM_RN(1.0),N_A,M,2010,2009,0,2009-08-31,INR,237360000000
RBI:CG_DEFM_RN(1.0),N_A,M,2010,2009,0,2009-07-31,INR,342520000000
RBI:CG_DEFM_RN(1.0),N_A,M,2010,2009,0,2009-06-30,INR,335440000000
RBI:CG_DEFM_RN(1.0),N_A,M,2010,2009,0,2009-05-31,INR,366000000000
RBI:CG_DEFM_RN(1.0),N_A,M,2010,2009,0,2009-04-30,INR,541580000000
RBI:CG_DEFM_RN(1.0),N_A,M,2009,2008,0,2009-03-31,INR,298590000000
RBI:CG_DEFM_RN(1.0),N_A,M,2009,2008,0,2009-02-28,INR,443180000000
RBI:CG_DEFM_RN(1.0),N_A,M,2009,2008,0,2009-01-31,INR,445530000000
RBI:CG_DEFM_RN(1.0),N_A,M,2009,2008,0,2008-12-31,INR,417520000000
RBI:CG_DEFM_RN(1.0),N_A,M,2009,2008,0,2008-11-30,INR,594400000000
RBI:CG_DEFM_RN(1.0),N_A,M,2009,2008,0,2008-10-31,INR,144160000000
RBI:CG_DEFM_RN(1.0),N_A,M,2009,2008,0,2008-09-30,INR,-142360000000
RBI:CG_DEFM_RN(1.0),N_A,M,2009,2008,0,2008-08-31,INR,9100000000
RBI:CG_DEFM_RN(1.0),N_A,M,2009,2008,0,2008-07-31,INR,298540000000
RBI:CG_DEFM_RN(1.0),N_A,M,2009,2008,0,2008-06-30,INR,129250000000
RBI:CG_DEFM_RN(1.0),N_A,M,2009,2008,0,2008-05-31,INR,402620000000
RBI:CG_DEFM_RN(1.0),N_A,M,2009,2008,0,2008-04-30,INR,329390000000
RBI:CG_DEFM_RN(1.0),N_A,M,2008,2007,0,2008-03-31,INR,215100000000
RBI:CG_DEFM_RN(1.0),N_A,M,2008,2007,0,2008-02-29,INR,96010000000
RBI:CG_DEFM_RN(1.0),N_A,M,2008,2007,0,2008-01-31,INR,182230000000
RBI:CG_DEFM_RN(1.0),N_A,M,2008,2007,0,2007-12-31,INR,-186960000000
RBI:CG_DEFM_RN(1.0),N_A,M,2008,2007,0,2007-11-30,INR,140180000000
RBI:CG_DEFM_RN(1.0),N_A,M,2008,2007,0,2007-10-31,INR,10560000000
RBI:CG_DEFM_RN(1.0),N_A,M,2008,2007,0,2007-09-30,INR,-221380000000
RBI:CG_DEFM_RN(1.0),N_A,M,2008,2007,0,2007-08-31,INR,-260700000000
RBI:CG_DEFM_RN(1.0),N_A,M,2008,2007,0,2007-07-31,INR,170040000000
RBI:CG_DEFM_RN(1.0),N_A,M,2008,2007,0,2007-06-30,INR,502690000000
RBI:CG_DEFM_RN(1.0),N_A,M,2008,2007,0,2007-05-31,INR,343210000000
RBI:CG_DEFM_RN(1.0),N_A,M,2008,2007,0,2007-04-30,INR,278140000000
RBI:CG_DEFM_RN(1.0),N_A,M,2007,2006,0,2007-03-31,INR,207560000000
RBI:CG_DEFM_RN(1.0),N_A,M,2007,2006,0,2007-02-28,INR,107810000000
RBI:CG_DEFM_RN(1.0),N_A,M,2007,2006,0,2007-01-31,INR,161820000000
RBI:CG_DEFM_RN(1.0),N_A,M,2007,2006,0,2006-12-31,INR,-133470000000
RBI:CG_DEFM_RN(1.0),N_A,M,2007,2006,0,2006-11-30,INR,211010000000
RBI:CG_DEFM_RN(1.0),N_A,M,2007,2006,0,2006-10-31,INR,6390000000
RBI:CG_DEFM_RN(1.0),N_A,M,2007,2006,0,2006-09-30,INR,-42170000000
RBI:CG_DEFM_RN(1.0),N_A,M,2007,2006,0,2006-08-31,INR,42740000000
RBI:CG_DEFM_RN(1.0),N_A,M,2007,2006,0,2006-07-31,INR,86640000000
RBI:CG_DEFM_RN(1.0),N_A,M,2007,2006,0,2006-06-30,INR,56520000000
RBI:CG_DEFM_RN(1.0),N_A,M,2007,2006,0,2006-05-31,INR,401320000000
RBI:CG_DEFM_RN(1.0),N_A,M,2007,2006,0,2006-04-30,INR,319560000000
RBI:CG_DEFM_RN(1.0),N_A,M,2006,2005,0,2006-03-31,INR,142150000000
RBI:CG_DEFM_RN(1.0),N_A,M,2006,2005,0,2006-02-28,INR,104930000000
RBI:CG_DEFM_RN(1.0),N_A,M,2006,2005,0,2006-01-31,INR,133930000000
RBI:CG_DEFM_RN(1.0),N_A,M,2006,2005,0,2005-12-31,INR,-46150000000
RBI:CG_DEFM_RN(1.0),N_A,M,2006,2005,0,2005-11-30,INR,208810000000
RBI:CG_DEFM_RN(1.0),N_A,M,2006,2005,0,2005-10-31,INR,82250000000
RBI:CG_DEFM_RN(1.0),N_A,M,2006,2005,0,2005-09-30,INR,-24850000000
RBI:CG_DEFM_RN(1.0),N_A,M,2006,2005,0,2005-08-31,INR,88480000000
RBI:CG_DEFM_RN(1.0),N_A,M,2006,2005,0,2005-07-31,INR,229630000000
RBI:CG_DEFM_RN(1.0),N_A,M,2006,2005,0,2005-06-30,INR,69140000000
RBI:CG_DEFM_RN(1.0),N_A,M,2006,2005,0,2005-05-31,INR,191970000000
RBI:CG_DEFM_RN(1.0),N_A,M,2006,2005,0,2005-04-30,INR,284060000000
RBI:CG_DEFM_RN(1.0),N_A,M,2005,2004,0,2005-03-31,INR,102960000000
RBI:CG_DEFM_RN(1.0),N_A,M,2005,2004,0,2005-02-28,INR,116970000000
RBI:CG_DEFM_RN(1.0),N_A,M,2005,2004,0,2005-01-31,INR,135620000000
RBI:CG_DEFM_RN(1.0),N_A,M,2005,2004,0,2004-12-31,INR,195220000000
RBI:CG_DEFM_RN(1.0),N_A,M,2005,2004,0,2004-11-30,INR,85820000000
RBI:CG_DEFM_RN(1.0),N_A,M,2005,2004,0,2004-10-31,INR,89000000000
RBI:CG_DEFM_RN(1.0),N_A,M,2005,2004,0,2004-09-30,INR,7260000000
RBI:CG_DEFM_RN(1.0),N_A,M,2005,2004,0,2004-08-31,INR,21110000000
RBI:CG_DEFM_RN(1.0),N_A,M,2005,2004,0,2004-07-31,INR,87170000000
RBI:CG_DEFM_RN(1.0),N_A,M,2005,2004,0,2004-06-30,INR,26990000000
RBI:CG_DEFM_RN(1.0),N_A,M,2005,2004,0,2004-05-31,INR,129840000000
RBI:CG_DEFM_RN(1.0),N_A,M,2005,2004,0,2004-04-30,INR,259980000000
RBI:CG_DEFM_RN(1.0),N_A,M,2004,2003,0,2004-03-31,INR,128030000000
RBI:CG_DEFM_RN(1.0),N_A,M,2004,2003,0,2004-02-29,INR,84280000000
RBI:CG_DEFM_RN(1.0),N_A,M,2004,2003,0,2004-01-31,INR,96070000000
RBI:CG_DEFM_RN(1.0),N_A,M,2004,2003,0,2003-12-31,INR,-12210000000
RBI:CG_DEFM_RN(1.0),N_A,M,2004,2003,0,2003-11-30,INR,76780000000
RBI:CG_DEFM_RN(1.0),N_A,M,2004,2003,0,2003-10-31,INR,49640000000
RBI:CG_DEFM_RN(1.0),N_A,M,2004,2003,0,2003-09-30,INR,375470000000
RBI:CG_DEFM_RN(1.0),N_A,M,2004,2003,0,2003-08-31,INR,-90510000000
RBI:CG_DEFM_RN(1.0),N_A,M,2004,2003,0,2003-07-31,INR,139100000000
RBI:CG_DEFM_RN(1.0),N_A,M,2004,2003,0,2003-06-30,INR,44670000000
RBI:CG_DEFM_RN(1.0),N_A,M,2004,2003,0,2003-05-31,INR,170010000000
RBI:CG_DEFM_RN(1.0),N_A,M,2004,2003,0,2003-04-30,INR,171400000000
RBI:CG_DEFM_RN(1.0),N_A,M,2003,2002,0,2003-03-31,INR,300790000000
RBI:CG_DEFM_RN(1.0),N_A,M,2003,2002,0,2003-02-28,INR,22110000000
RBI:CG_DEFM_RN(1.0),N_A,M,2003,2002,0,2003-01-31,INR,265130000000
RBI:CG_DEFM_RN(1.0),N_A,M,2003,2002,0,2002-12-31,INR,28750000000
RBI:CG_DEFM_RN(1.0),N_A,M,2003,2002,0,2002-11-30,INR,136000000000
RBI:CG_DEFM_RN(1.0),N_A,M,2003,2002,0,2002-10-31,INR,120480000000
RBI:CG_DEFM_RN(1.0),N_A,M,2003,2002,0,2002-09-30,INR,22500000000
RBI:CG_DEFM_RN(1.0),N_A,M,2003,2002,0,2002-08-31,INR,-40310000000
RBI:CG_DEFM_RN(1.0),N_A,M,2003,2002,0,2002-07-31,INR,199670000000
RBI:CG_DEFM_RN(1.0),N_A,M,2003,2002,0,2002-06-30,INR,95770000000
RBI:CG_DEFM_RN(1.0),N_A,M,2003,2002,0,2002-05-31,INR,146540000000
RBI:CG_DEFM_RN(1.0),N_A,M,2003,2002,0,2002-04-30,INR,153290000000
RBI:CG_DEFM_RN(1.0),N_A,M,2002,2001,0,2002-03-31,INR,247800000000
RBI:CG_DEFM_RN(1.0),N_A,M,2002,2001,0,2002-02-28,INR,87540000000
RBI:CG_DEFM_RN(1.0),N_A,M,2002,2001,0,2002-01-31,INR,184070000000
RBI:CG_DEFM_RN(1.0),N_A,M,2002,2001,0,2001-12-31,INR,98810000000
RBI:CG_DEFM_RN(1.0),N_A,M,2002,2001,0,2001-11-30,INR,157500000000
RBI:CG_DEFM_RN(1.0),N_A,M,2002,2001,0,2001-10-31,INR,61210000000
RBI:CG_DEFM_RN(1.0),N_A,M,2002,2001,0,2001-09-30,INR,11830000000
RBI:CG_DEFM_RN(1.0),N_A,M,2002,2001,0,2001-08-31,INR,-25490000000
RBI:CG_DEFM_RN(1.0),N_A,M,2002,2001,0,2001-07-31,INR,164300000000
RBI:CG_DEFM_RN(1.0),N_A,M,2002,2001,0,2001-06-30,INR,137160000000
RBI:CG_DEFM_RN(1.0),N_A,M,2002,2001,0,2001-05-31,INR,134310000000
RBI:CG_DEFM_RN(1.0),N_A,M,2002,2001,0,2001-04-30,INR,150510000000
RBI:CG_DEFM_RN(1.0),N_A,M,2001,2000,0,2001-03-31,INR,225490000000
RBI:CG_DEFM_RN(1.0),N_A,M,2001,2000,0,2001-02-28,INR,88090000000
RBI:CG_DEFM_RN(1.0),N_A,M,2001,2000,0,2001-01-31,INR,228300000000
