DATAFLOW,AUDST,FREQ,REPYEAREND,REPYEARSTART,TYP_DEF_RN,UNIT_MULT,TIME_PERIOD,UNIT_MEASURE,OBS_VALUE
RBI:CG_DEF_RN(1.0),N_A,AFY,1986,1985,CE5,0,1986-03-31,INR,498930000000
RBI:CG_DEF_RN(1.0),N_A,AFY,1986,1985,CGB3,0,1986-03-31,INR,61900000000
RBI:CG_DEF_RN(1.0),N_A,AFY,1986,1985,CGR3,0,1986-03-31,INR,280350000000
RBI:CG_DEF_RN(1.0),N_A,AFY,1986,1985,DEF1,0,1986-03-31,INR,218580000000
RBI:CG_DEF_RN(1.0),N_A,AFY,1986,1985,DEF2,0,1986-03-31,INR,135440000000
RBI:CG_DEF_RN(1.0),N_A,AFY,1986,1985,DEF4,0,1986-03-31,INR,143460000000
RBI:CG_DEF_RN(1.0),N_A,AFY,1986,1985,DEF5,0,1986-03-31,INR,106270000000
RBI:CG_DEF_RN(1.0),N_A,AFY,1986,1985,DEF6,0,1986-03-31,INR,58890000000
RBI:CG_DEF_RN(1.0),N_A,AFY,1986,1985,DEF7,0,1986-03-31,INR,-16230000000
RBI:CG_DEF_RN(1.0),N_A,AFY,1987,1986,CE5,0,1987-03-31,INR,594250000000
RBI:CG_DEF_RN(1.0),N_A,AFY,1987,1986,CGB3,0,1987-03-31,INR,70910000000
RBI:CG_DEF_RN(1.0),N_A,AFY,1987,1986,CGR3,0,1987-03-31,INR,330830000000
RBI:CG_DEF_RN(1.0),N_A,AFY,1987,1986,DEF1,0,1987-03-31,INR,263420000000
RBI:CG_DEF_RN(1.0),N_A,AFY,1987,1986,DEF2,0,1987-03-31,INR,170360000000
RBI:CG_DEF_RN(1.0),N_A,AFY,1987,1986,DEF4,0,1987-03-31,INR,170960000000
RBI:CG_DEF_RN(1.0),N_A,AFY,1987,1986,DEF5,0,1987-03-31,INR,131430000000
RBI:CG_DEF_RN(1.0),N_A,AFY,1987,1986,DEF6,0,1987-03-31,INR,77770000000
RBI:CG_DEF_RN(1.0),N_A,AFY,1987,1986,DEF7,0,1987-03-31,INR,-14690000000
RBI:CG_DEF_RN(1.0),N_A,AFY,1988,1987,CE5,0,1988-03-31,INR,640810000000
RBI:CG_DEF_RN(1.0),N_A,AFY,1988,1987,CGB3,0,1988-03-31,INR,65590000000
RBI:CG_DEF_RN(1.0),N_A,AFY,1988,1987,CGR3,0,1988-03-31,INR,370370000000
RBI:CG_DEF_RN(1.0),N_A,AFY,1988,1987,DEF1,0,1988-03-31,INR,270440000000
RBI:CG_DEF_RN(1.0),N_A,AFY,1988,1987,DEF2,0,1988-03-31,INR,184310000000
RBI:CG_DEF_RN(1.0),N_A,AFY,1988,1987,DEF4,0,1988-03-31,INR,157930000000
RBI:CG_DEF_RN(1.0),N_A,AFY,1988,1987,DEF5,0,1988-03-31,INR,129350000000
RBI:CG_DEF_RN(1.0),N_A,AFY,1988,1987,DEF6,0,1988-03-31,INR,91370000000
RBI:CG_DEF_RN(1.0),N_A,AFY,1988,1987,DEF7,0,1988-03-31,INR,-21140000000
RBI:CG_DEF_RN(1.0),N_A,AFY,1989,1988,CE5,0,1989-03-31,INR,745140000000
RBI:CG_DEF_RN(1.0),N_A,AFY,1989,1988,CGB3,0,1989-03-31,INR,65030000000
RBI:CG_DEF_RN(1.0),N_A,AFY,1989,1988,CGR3,0,1989-03-31,INR,435910000000
RBI:CG_DEF_RN(1.0),N_A,AFY,1989,1988,DEF1,0,1989-03-31,INR,309230000000
RBI:CG_DEF_RN(1.0),N_A,AFY,1989,1988,DEF2,0,1989-03-31,INR,207700000000
RBI:CG_DEF_RN(1.0),N_A,AFY,1989,1988,DEF4,0,1989-03-31,INR,166450000000
RBI:CG_DEF_RN(1.0),N_A,AFY,1989,1988,DEF5,0,1989-03-31,INR,134730000000
RBI:CG_DEF_RN(1.0),N_A,AFY,1989,1988,DEF6,0,1989-03-31,INR,105150000000
RBI:CG_DEF_RN(1.0),N_A,AFY,1989,1988,DEF7,0,1989-03-31,INR,-37630000000
RBI:CG_DEF_RN(1.0),N_A,AFY,1990,1989,CE5,0,1990-03-31,INR,879280000000
RBI:CG_DEF_RN(1.0),N_A,AFY,1990,1989,CGB3,0,1990-03-31,INR,138130000000
RBI:CG_DEF_RN(1.0),N_A,AFY,1990,1989,CGR3,0,1990-03-31,INR,522960000000
RBI:CG_DEF_RN(1.0),N_A,AFY,1990,1989,DEF1,0,1990-03-31,INR,356320000000
RBI:CG_DEF_RN(1.0),N_A,AFY,1990,1989,DEF2,0,1990-03-31,INR,237220000000
RBI:CG_DEF_RN(1.0),N_A,AFY,1990,1989,DEF4,0,1990-03-31,INR,178750000000
RBI:CG_DEF_RN(1.0),N_A,AFY,1990,1989,DEF5,0,1990-03-31,INR,144390000000
RBI:CG_DEF_RN(1.0),N_A,AFY,1990,1989,DEF6,0,1990-03-31,INR,119140000000
RBI:CG_DEF_RN(1.0),N_A,AFY,1990,1989,DEF7,0,1990-03-31,INR,-58430000000
RBI:CG_DEF_RN(1.0),N_A,AFY,1991,1990,CE5,0,1991-03-31,INR,995860000000
RBI:CG_DEF_RN(1.0),N_A,AFY,1991,1990,CGB3,0,1991-03-31,INR,147460000000
RBI:CG_DEF_RN(1.0),N_A,AFY,1991,1990,CGR3,0,1991-03-31,INR,549540000000
RBI:CG_DEF_RN(1.0),N_A,AFY,1991,1990,DEF1,0,1991-03-31,INR,446320000000
RBI:CG_DEF_RN(1.0),N_A,AFY,1991,1990,DEF2,0,1991-03-31,INR,306920000000
RBI:CG_DEF_RN(1.0),N_A,AFY,1991,1990,DEF4,0,1991-03-31,INR,231340000000
RBI:CG_DEF_RN(1.0),N_A,AFY,1991,1990,DEF5,0,1991-03-31,INR,179240000000
RBI:CG_DEF_RN(1.0),N_A,AFY,1991,1990,DEF6,0,1991-03-31,INR,185620000000
RBI:CG_DEF_RN(1.0),N_A,AFY,1991,1990,DEF7,0,1991-03-31,INR,-29360000000
RBI:CG_DEF_RN(1.0),N_A,AFY,1992,1991,CE5,0,1992-03-31,INR,1053940000000
RBI:CG_DEF_RN(1.0),N_A,AFY,1992,1991,CGB3,0,1992-03-31,INR,55080000000
RBI:CG_DEF_RN(1.0),N_A,AFY,1992,1991,CGR3,0,1992-03-31,INR,690690000000
RBI:CG_DEF_RN(1.0),N_A,AFY,1992,1991,DEF1,0,1992-03-31,INR,363250000000
RBI:CG_DEF_RN(1.0),N_A,AFY,1992,1991,DEF2,0,1992-03-31,INR,246220000000
RBI:CG_DEF_RN(1.0),N_A,AFY,1992,1991,DEF4,0,1992-03-31,INR,97290000000
RBI:CG_DEF_RN(1.0),N_A,AFY,1992,1991,DEF5,0,1992-03-31,INR,89610000000
RBI:CG_DEF_RN(1.0),N_A,AFY,1992,1991,DEF6,0,1992-03-31,INR,162610000000
RBI:CG_DEF_RN(1.0),N_A,AFY,1992,1991,DEF7,0,1992-03-31,INR,-103350000000
RBI:CG_DEF_RN(1.0),N_A,AFY,1993,1992,CE5,0,1993-03-31,INR,1162620000000
RBI:CG_DEF_RN(1.0),N_A,AFY,1993,1992,CGB3,0,1993-03-31,INR,42570000000
RBI:CG_DEF_RN(1.0),N_A,AFY,1993,1992,CGR3,0,1993-03-31,INR,760890000000
RBI:CG_DEF_RN(1.0),N_A,AFY,1993,1992,DEF1,0,1993-03-31,INR,401730000000
RBI:CG_DEF_RN(1.0),N_A,AFY,1993,1992,DEF2,0,1993-03-31,INR,302320000000
RBI:CG_DEF_RN(1.0),N_A,AFY,1993,1992,DEF4,0,1993-03-31,INR,90980000000
RBI:CG_DEF_RN(1.0),N_A,AFY,1993,1992,DEF5,0,1993-03-31,INR,116440000000
RBI:CG_DEF_RN(1.0),N_A,AFY,1993,1992,DEF6,0,1993-03-31,INR,185740000000
RBI:CG_DEF_RN(1.0),N_A,AFY,1993,1992,DEF7,0,1993-03-31,INR,-125010000000
RBI:CG_DEF_RN(1.0),N_A,AFY,1994,1993,CE5,0,1994-03-31,INR,1356620000000
RBI:CG_DEF_RN(1.0),N_A,AFY,1994,1993,CGB3,0,1994-03-31,INR,2600000000
RBI:CG_DEF_RN(1.0),N_A,AFY,1994,1993,CGR3,0,1994-03-31,INR,754050000000
RBI:CG_DEF_RN(1.0),N_A,AFY,1994,1993,DEF1,0,1994-03-31,INR,602570000000
RBI:CG_DEF_RN(1.0),N_A,AFY,1994,1993,DEF2,0,1994-03-31,INR,459940000000
RBI:CG_DEF_RN(1.0),N_A,AFY,1994,1993,DEF4,0,1994-03-31,INR,235160000000
RBI:CG_DEF_RN(1.0),N_A,AFY,1994,1993,DEF5,0,1994-03-31,INR,243310000000
RBI:CG_DEF_RN(1.0),N_A,AFY,1994,1993,DEF6,0,1994-03-31,INR,327160000000
RBI:CG_DEF_RN(1.0),N_A,AFY,1994,1993,DEF7,0,1994-03-31,INR,-40250000000
RBI:CG_DEF_RN(1.0),N_A,AFY,1995,1994,CE5,0,1995-03-31,INR,1543940000000
RBI:CG_DEF_RN(1.0),N_A,AFY,1995,1994,CGB3,0,1995-03-31,INR,21300000000
RBI:CG_DEF_RN(1.0),N_A,AFY,1995,1994,CGR3,0,1995-03-31,INR,966910000000
RBI:CG_DEF_RN(1.0),N_A,AFY,1995,1994,DEF1,0,1995-03-31,INR,577030000000
RBI:CG_DEF_RN(1.0),N_A,AFY,1995,1994,DEF2,0,1995-03-31,INR,403130000000
RBI:CG_DEF_RN(1.0),N_A,AFY,1995,1994,DEF4,0,1995-03-31,INR,136440000000
RBI:CG_DEF_RN(1.0),N_A,AFY,1995,1994,DEF5,0,1995-03-31,INR,120500000000
RBI:CG_DEF_RN(1.0),N_A,AFY,1995,1994,DEF6,0,1995-03-31,INR,310290000000
RBI:CG_DEF_RN(1.0),N_A,AFY,1995,1994,DEF7,0,1995-03-31,INR,-130310000000
RBI:CG_DEF_RN(1.0),N_A,AFY,1996,1995,CE5,0,1996-03-31,INR,1717700000000
RBI:CG_DEF_RN(1.0),N_A,AFY,1996,1995,CGB3,0,1996-03-31,INR,198550000000
RBI:CG_DEF_RN(1.0),N_A,AFY,1996,1995,CGR3,0,1996-03-31,INR,1115270000000
RBI:CG_DEF_RN(1.0),N_A,AFY,1996,1995,DEF1,0,1996-03-31,INR,602430000000
RBI:CG_DEF_RN(1.0),N_A,AFY,1996,1995,DEF2,0,1996-03-31,INR,424320000000
RBI:CG_DEF_RN(1.0),N_A,AFY,1996,1995,DEF4,0,1996-03-31,INR,101980000000
RBI:CG_DEF_RN(1.0),N_A,AFY,1996,1995,DEF5,0,1996-03-31,INR,108060000000
RBI:CG_DEF_RN(1.0),N_A,AFY,1996,1995,DEF6,0,1996-03-31,INR,297310000000
RBI:CG_DEF_RN(1.0),N_A,AFY,1996,1995,DEF7,0,1996-03-31,INR,-203140000000
RBI:CG_DEF_RN(1.0),N_A,AFY,1997,1996,CE5,0,1997-03-31,INR,1934680000000
RBI:CG_DEF_RN(1.0),N_A,AFY,1997,1996,CGB3,0,1997-03-31,INR,19340000000
RBI:CG_DEF_RN(1.0),N_A,AFY,1997,1996,CGR3,0,1997-03-31,INR,1267340000000
RBI:CG_DEF_RN(1.0),N_A,AFY,1997,1996,DEF1,0,1997-03-31,INR,667330000000
RBI:CG_DEF_RN(1.0),N_A,AFY,1997,1996,DEF2,0,1997-03-31,INR,463940000000
RBI:CG_DEF_RN(1.0),N_A,AFY,1997,1996,DEF4,0,1997-03-31,INR,72550000000
RBI:CG_DEF_RN(1.0),N_A,AFY,1997,1996,DEF5,0,1997-03-31,INR,90220000000
RBI:CG_DEF_RN(1.0),N_A,AFY,1997,1996,DEF6,0,1997-03-31,INR,326540000000
RBI:CG_DEF_RN(1.0),N_A,AFY,1997,1996,DEF7,0,1997-03-31,INR,-268240000000
RBI:CG_DEF_RN(1.0),N_A,AFY,1998,1997,CE5,0,1998-03-31,INR,2237350000000
RBI:CG_DEF_RN(1.0),N_A,AFY,1998,1997,CGB3,0,1998-03-31,INR,129140000000
RBI:CG_DEF_RN(1.0),N_A,AFY,1998,1997,CGR3,0,1998-03-31,INR,1347980000000
RBI:CG_DEF_RN(1.0),N_A,AFY,1998,1997,DEF1,0,1998-03-31,INR,889370000000
RBI:CG_DEF_RN(1.0),N_A,AFY,1998,1997,DEF2,0,1998-03-31,INR,630620000000
RBI:CG_DEF_RN(1.0),N_A,AFY,1998,1997,DEF4,0,1998-03-31,INR,233000000000
RBI:CG_DEF_RN(1.0),N_A,AFY,1998,1997,DEF5,0,1998-03-31,INR,227480000000
RBI:CG_DEF_RN(1.0),N_A,AFY,1998,1997,DEF6,0,1998-03-31,INR,464490000000
RBI:CG_DEF_RN(1.0),N_A,AFY,1998,1997,DEF7,0,1998-03-31,INR,-191880000000
RBI:CG_DEF_RN(1.0),N_A,AFY,1999,1998,CE5,0,1999-03-31,INR,2687070000000
RBI:CG_DEF_RN(1.0),N_A,AFY,1999,1998,CGB3,0,1999-03-31,INR,118000000000
RBI:CG_DEF_RN(1.0),N_A,AFY,1999,1998,CGR3,0,1999-03-31,INR,1553590000000
RBI:CG_DEF_RN(1.0),N_A,AFY,1999,1998,DEF1,0,1999-03-31,INR,1133490000000
RBI:CG_DEF_RN(1.0),N_A,AFY,1999,1998,DEF2,0,1999-03-31,INR,799440000000
RBI:CG_DEF_RN(1.0),N_A,AFY,1999,1998,DEF4,0,1999-03-31,INR,354660000000
RBI:CG_DEF_RN(1.0),N_A,AFY,1999,1998,DEF5,0,1999-03-31,INR,321380000000
RBI:CG_DEF_RN(1.0),N_A,AFY,1999,1998,DEF6,0,1999-03-31,INR,669760000000
RBI:CG_DEF_RN(1.0),N_A,AFY,1999,1998,DEF7,0,1999-03-31,INR,-109060000000
RBI:CG_DEF_RN(1.0),N_A,AFY,2000,1999,CE5,0,2000-03-31,INR,2879220000000
RBI:CG_DEF_RN(1.0),N_A,AFY,2000,1999,CGB3,0,2000-03-31,INR,-55880000000
RBI:CG_DEF_RN(1.0),N_A,AFY,2000,1999,CGR3,0,2000-03-31,INR,1832060000000
RBI:CG_DEF_RN(1.0),N_A,AFY,2000,1999,DEF1,0,2000-03-31,INR,1047160000000
RBI:CG_DEF_RN(1.0),N_A,AFY,2000,1999,DEF2,0,2000-03-31,INR,899100000000
RBI:CG_DEF_RN(1.0),N_A,AFY,2000,1999,DEF4,0,2000-03-31,INR,144670000000
RBI:CG_DEF_RN(1.0),N_A,AFY,2000,1999,DEF5,0,2000-03-31,INR,335560000000
RBI:CG_DEF_RN(1.0),N_A,AFY,2000,1999,DEF6,0,2000-03-31,INR,675960000000
RBI:CG_DEF_RN(1.0),N_A,AFY,2000,1999,DEF7,0,2000-03-31,INR,-226530000000
RBI:CG_DEF_RN(1.0),N_A,AFY,2001,2000,CE5,0,2001-03-31,INR,3135460000000
RBI:CG_DEF_RN(1.0),N_A,AFY,2001,2000,CGB3,0,2001-03-31,INR,67050000000
RBI:CG_DEF_RN(1.0),N_A,AFY,2001,2000,CGR3,0,2001-03-31,INR,1947300000000
RBI:CG_DEF_RN(1.0),N_A,AFY,2001,2000,DEF1,0,2001-03-31,INR,1188160000000
RBI:CG_DEF_RN(1.0),N_A,AFY,2001,2000,DEF2,0,2001-03-31,INR,1078540000000
RBI:CG_DEF_RN(1.0),N_A,AFY,2001,2000,DEF4,0,2001-03-31,INR,195020000000
RBI:CG_DEF_RN(1.0),N_A,AFY,2001,2000,DEF5,0,2001-03-31,INR,413510000000
RBI:CG_DEF_RN(1.0),N_A,AFY,2001,2000,DEF6,0,2001-03-31,INR,852340000000
RBI:CG_DEF_RN(1.0),N_A,AFY,2001,2000,DEF7,0,2001-03-31,INR,-140800000000
RBI:CG_DEF_RN(1.0),N_A,AFY,2002,2001,CE5,0,2002-03-31,INR,3459070000000
RBI:CG_DEF_RN(1.0),N_A,AFY,2002,2001,CGB3,0,2002-03-31,INR,-51500000000
RBI:CG_DEF_RN(1.0),N_A,AFY,2002,2001,CGR3,0,2002-03-31,INR,2049520000000
RBI:CG_DEF_RN(1.0),N_A,AFY,2002,2001,DEF1,0,2002-03-31,INR,1409550000000
RBI:CG_DEF_RN(1.0),N_A,AFY,2002,2001,DEF2,0,2002-03-31,INR,1230740000000
RBI:CG_DEF_RN(1.0),N_A,AFY,2002,2001,DEF4,0,2002-03-31,INR,334950000000
RBI:CG_DEF_RN(1.0),N_A,AFY,2002,2001,DEF5,0,2002-03-31,INR,511520000000
RBI:CG_DEF_RN(1.0),N_A,AFY,2002,2001,DEF6,0,2002-03-31,INR,1001620000000
RBI:CG_DEF_RN(1.0),N_A,AFY,2002,2001,DEF7,0,2002-03-31,INR,-72980000000
RBI:CG_DEF_RN(1.0),N_A,AFY,2003,2002,CE5,0,2003-03-31,INR,3790570000000
RBI:CG_DEF_RN(1.0),N_A,AFY,2003,2002,CGB3,0,2003-03-31,INR,-283990000000
RBI:CG_DEF_RN(1.0),N_A,AFY,2003,2002,CGR3,0,2003-03-31,INR,2339850000000
RBI:CG_DEF_RN(1.0),N_A,AFY,2003,2002,DEF1,0,2003-03-31,INR,1450720000000
RBI:CG_DEF_RN(1.0),N_A,AFY,2003,2002,DEF2,0,2003-03-31,INR,1338290000000
RBI:CG_DEF_RN(1.0),N_A,AFY,2003,2002,DEF4,0,2003-03-31,INR,272680000000
RBI:CG_DEF_RN(1.0),N_A,AFY,2003,2002,DEF5,0,2003-03-31,INR,536470000000
RBI:CG_DEF_RN(1.0),N_A,AFY,2003,2002,DEF6,0,2003-03-31,INR,1078790000000
RBI:CG_DEF_RN(1.0),N_A,AFY,2003,2002,DEF7,0,2003-03-31,INR,-99250000000
RBI:CG_DEF_RN(1.0),N_A,AFY,2004,2003,CE5,0,2004-03-31,INR,4040380000000
RBI:CG_DEF_RN(1.0),N_A,AFY,2004,2003,CGB3,0,2004-03-31,INR,-760650000000
RBI:CG_DEF_RN(1.0),N_A,AFY,2004,2003,CGR3,0,2004-03-31,INR,2807650000000
RBI:CG_DEF_RN(1.0),N_A,AFY,2004,2003,DEF1,0,2004-03-31,INR,1232730000000
RBI:CG_DEF_RN(1.0),N_A,AFY,2004,2003,DEF2,0,2004-03-31,INR,1155580000000
RBI:CG_DEF_RN(1.0),N_A,AFY,2004,2003,DEF4,0,2004-03-31,INR,-8150000000
RBI:CG_DEF_RN(1.0),N_A,AFY,2004,2003,DEF5,0,2004-03-31,INR,300080000000
RBI:CG_DEF_RN(1.0),N_A,AFY,2004,2003,DEF6,0,2004-03-31,INR,982610000000
RBI:CG_DEF_RN(1.0),N_A,AFY,2004,2003,DEF7,0,2004-03-31,INR,-258270000000
RBI:CG_DEF_RN(1.0),N_A,AFY,2005,2004,CE5,0,2005-03-31,INR,4362090000000
RBI:CG_DEF_RN(1.0),N_A,AFY,2005,2004,CGB3,0,2005-03-31,INR,-601770000000
RBI:CG_DEF_RN(1.0),N_A,AFY,2005,2004,CGR3,0,2005-03-31,INR,3104150000000
RBI:CG_DEF_RN(1.0),N_A,AFY,2005,2004,DEF1,0,2005-03-31,INR,1257940000000
RBI:CG_DEF_RN(1.0),N_A,AFY,2005,2004,DEF2,0,2005-03-31,INR,1262520000000
RBI:CG_DEF_RN(1.0),N_A,AFY,2005,2004,DEF4,0,2005-03-31,INR,-11400000000
RBI:CG_DEF_RN(1.0),N_A,AFY,2005,2004,DEF5,0,2005-03-31,INR,317050000000
RBI:CG_DEF_RN(1.0),N_A,AFY,2005,2004,DEF6,0,2005-03-31,INR,783380000000
RBI:CG_DEF_RN(1.0),N_A,AFY,2005,2004,DEF7,0,2005-03-31,INR,-485960000000
RBI:CG_DEF_RN(1.0),N_A,AFY,2006,2005,CE5,0,2006-03-31,INR,4950930000000
RBI:CG_DEF_RN(1.0),N_A,AFY,2006,2005,CGB3,0,2006-03-31,INR,284170000000
RBI:CG_DEF_RN(1.0),N_A,AFY,2006,2005,CGR3,0,2006-03-31,INR,3486580000000
RBI:CG_DEF_RN(1.0),N_A,AFY,2006,2005,DEF1,0,2006-03-31,INR,1464350000000
RBI:CG_DEF_RN(1.0),N_A,AFY,2006,2005,DEF2,0,2006-03-31,INR,1457430000000
RBI:CG_DEF_RN(1.0),N_A,AFY,2006,2005,DEF4,0,2006-03-31,INR,138050000000
RBI:CG_DEF_RN(1.0),N_A,AFY,2006,2005,DEF5,0,2006-03-31,INR,351450000000
RBI:CG_DEF_RN(1.0),N_A,AFY,2006,2005,DEF6,0,2006-03-31,INR,923000000000
RBI:CG_DEF_RN(1.0),N_A,AFY,2006,2005,DEF7,0,2006-03-31,INR,-403310000000
RBI:CG_DEF_RN(1.0),N_A,AFY,2007,2006,CE5,0,2007-03-31,INR,5774940000000
RBI:CG_DEF_RN(1.0),N_A,AFY,2007,2006,CGB3,0,2007-03-31,INR,-30240000000
RBI:CG_DEF_RN(1.0),N_A,AFY,2007,2006,CGR3,0,2007-03-31,INR,4349210000000
RBI:CG_DEF_RN(1.0),N_A,AFY,2007,2006,DEF1,0,2007-03-31,INR,1425730000000
RBI:CG_DEF_RN(1.0),N_A,AFY,2007,2006,DEF2,0,2007-03-31,INR,1512450000000
RBI:CG_DEF_RN(1.0),N_A,AFY,2007,2006,DEF4,0,2007-03-31,INR,-76990000000
RBI:CG_DEF_RN(1.0),N_A,AFY,2007,2006,DEF5,0,2007-03-31,INR,234970000000
RBI:CG_DEF_RN(1.0),N_A,AFY,2007,2006,DEF6,0,2007-03-31,INR,802220000000
RBI:CG_DEF_RN(1.0),N_A,AFY,2007,2006,DEF7,0,2007-03-31,INR,-700500000000
RBI:CG_DEF_RN(1.0),N_A,AFY,2008,2007,CE5,0,2008-03-31,INR,7075710000000
RBI:CG_DEF_RN(1.0),N_A,AFY,2008,2007,CGB3,0,2008-03-31,INR,-1167720000000
RBI:CG_DEF_RN(1.0),N_A,AFY,2008,2007,CGR3,0,2008-03-31,INR,5806590000000
RBI:CG_DEF_RN(1.0),N_A,AFY,2008,2007,DEF1,0,2008-03-31,INR,1269120000000
RBI:CG_DEF_RN(1.0),N_A,AFY,2008,2007,DEF2,0,2008-03-31,INR,1207140000000
RBI:CG_DEF_RN(1.0),N_A,AFY,2008,2007,DEF4,0,2008-03-31,INR,-441180000000
RBI:CG_DEF_RN(1.0),N_A,AFY,2008,2007,DEF5,0,2008-03-31,INR,-292560000000
RBI:CG_DEF_RN(1.0),N_A,AFY,2008,2007,DEF6,0,2008-03-31,INR,525690000000
RBI:CG_DEF_RN(1.0),N_A,AFY,2008,2007,DEF7,0,2008-03-31,INR,-1184610000000
RBI:CG_DEF_RN(1.0),N_A,AFY,2009,2008,CE5,0,2009-03-31,INR,8778170000000
RBI:CG_DEF_RN(1.0),N_A,AFY,2009,2008,CGB3,0,2009-03-31,INR,1763970000000
RBI:CG_DEF_RN(1.0),N_A,AFY,2009,2008,CGR3,0,2009-03-31,INR,5408250000000
RBI:CG_DEF_RN(1.0),N_A,AFY,2009,2008,DEF1,0,2009-03-31,INR,3369920000000
RBI:CG_DEF_RN(1.0),N_A,AFY,2009,2008,DEF2,0,2009-03-31,INR,3290240000000
RBI:CG_DEF_RN(1.0),N_A,AFY,2009,2008,DEF4,0,2009-03-31,INR,1447880000000
RBI:CG_DEF_RN(1.0),N_A,AFY,2009,2008,DEF5,0,2009-03-31,INR,1575370000000
RBI:CG_DEF_RN(1.0),N_A,AFY,2009,2008,DEF6,0,2009-03-31,INR,2535390000000
RBI:CG_DEF_RN(1.0),N_A,AFY,2009,2008,DEF7,0,2009-03-31,INR,613350000000
RBI:CG_DEF_RN(1.0),N_A,AFY,2010,2009,CE5,0,2010-03-31,INR,10158740000000
RBI:CG_DEF_RN(1.0),N_A,AFY,2010,2009,CGB3,0,2010-03-31,INR,1498200000000
RBI:CG_DEF_RN(1.0),N_A,AFY,2010,2009,CGR3,0,2010-03-31,INR,5973920000000
RBI:CG_DEF_RN(1.0),N_A,AFY,2010,2009,DEF1,0,2010-03-31,INR,4184820000000
RBI:CG_DEF_RN(1.0),N_A,AFY,2010,2009,DEF2,0,2010-03-31,INR,4114480000000
RBI:CG_DEF_RN(1.0),N_A,AFY,2010,2009,DEF4,0,2010-03-31,INR,2053890000000
RBI:CG_DEF_RN(1.0),N_A,AFY,2010,2009,DEF5,0,2010-03-31,INR,2201390000000
RBI:CG_DEF_RN(1.0),N_A,AFY,2010,2009,DEF6,0,2010-03-31,INR,3389980000000
RBI:CG_DEF_RN(1.0),N_A,AFY,2010,2009,DEF7,0,2010-03-31,INR,1259050000000
RBI:CG_DEF_RN(1.0),N_A,AFY,2011,2010,CE5,0,2011-03-31,INR,11849080000000
RBI:CG_DEF_RN(1.0),N_A,AFY,2011,2010,CGB3,0,2011-03-31,INR,1824540000000
RBI:CG_DEF_RN(1.0),N_A,AFY,2011,2010,CGR3,0,2011-03-31,INR,8113170000000
RBI:CG_DEF_RN(1.0),N_A,AFY,2011,2010,DEF1,0,2011-03-31,INR,3735910000000
RBI:CG_DEF_RN(1.0),N_A,AFY,2011,2010,DEF2,0,2011-03-31,INR,3610259400000
RBI:CG_DEF_RN(1.0),N_A,AFY,2011,2010,DEF4,0,2011-03-31,INR,1395690000000
RBI:CG_DEF_RN(1.0),N_A,AFY,2011,2010,DEF5,0,2011-03-31,INR,1467379400000
RBI:CG_DEF_RN(1.0),N_A,AFY,2011,2010,DEF6,0,2011-03-31,INR,2522520000000
RBI:CG_DEF_RN(1.0),N_A,AFY,2011,2010,DEF7,0,2011-03-31,INR,182300000000
RBI:CG_DEF_RN(1.0),N_A,AFY,2012,2011,CE5,0,2012-03-31,INR,12855150000000
RBI:CG_DEF_RN(1.0),N_A,AFY,2012,2011,CGB3,0,2012-03-31,INR,1403780000000
RBI:CG_DEF_RN(1.0),N_A,AFY,2012,2011,CGR3,0,2012-03-31,INR,7695250000000
RBI:CG_DEF_RN(1.0),N_A,AFY,2012,2011,DEF1,0,2012-03-31,INR,5159900000000
RBI:CG_DEF_RN(1.0),N_A,AFY,2012,2011,DEF2,0,2012-03-31,INR,5141030000000
RBI:CG_DEF_RN(1.0),N_A,AFY,2012,2011,DEF4,0,2012-03-31,INR,2428400000000
RBI:CG_DEF_RN(1.0),N_A,AFY,2012,2011,DEF5,0,2012-03-31,INR,2612050000000
RBI:CG_DEF_RN(1.0),N_A,AFY,2012,2011,DEF6,0,2012-03-31,INR,3943480000000
RBI:CG_DEF_RN(1.0),N_A,AFY,2012,2011,DEF7,0,2012-03-31,INR,1211980000000
RBI:CG_DEF_RN(1.0),N_A,AFY,2013,2012,CE5,0,2013-03-31,INR,13953120000000
RBI:CG_DEF_RN(1.0),N_A,AFY,2013,2012,CGB3,0,2013-03-31,INR,560860000000
RBI:CG_DEF_RN(1.0),N_A,AFY,2013,2012,CGR3,0,2013-03-31,INR,9051220000000
RBI:CG_DEF_RN(1.0),N_A,AFY,2013,2012,DEF1,0,2013-03-31,INR,4901900000000
RBI:CG_DEF_RN(1.0),N_A,AFY,2013,2012,DEF2,0,2013-03-31,INR,4844496400000
RBI:CG_DEF_RN(1.0),N_A,AFY,2013,2012,DEF4,0,2013-03-31,INR,1770200000000
RBI:CG_DEF_RN(1.0),N_A,AFY,2013,2012,DEF5,0,2013-03-31,INR,1920406400000.0002
RBI:CG_DEF_RN(1.0),N_A,AFY,2013,2012,DEF6,0,2013-03-31,INR,3642820000000
RBI:CG_DEF_RN(1.0),N_A,AFY,2013,2012,DEF7,0,2013-03-31,INR,511120000000
RBI:CG_DEF_RN(1.0),N_A,AFY,2014,2013,CE5,0,2014-03-31,INR,15469500000000
RBI:CG_DEF_RN(1.0),N_A,AFY,2014,2013,CGB3,0,2014-03-31,INR,1071440000000
RBI:CG_DEF_RN(1.0),N_A,AFY,2014,2013,CGR3,0,2014-03-31,INR,10440920000000
RBI:CG_DEF_RN(1.0),N_A,AFY,2014,2013,DEF1,0,2014-03-31,INR,5028580000000
RBI:CG_DEF_RN(1.0),N_A,AFY,2014,2013,DEF2,0,2014-03-31,INR,4961570000000
RBI:CG_DEF_RN(1.0),N_A,AFY,2014,2013,DEF4,0,2014-03-31,INR,1286040000000
RBI:CG_DEF_RN(1.0),N_A,AFY,2014,2013,DEF5,0,2014-03-31,INR,1437710000000
RBI:CG_DEF_RN(1.0),N_A,AFY,2014,2013,DEF6,0,2014-03-31,INR,3570480000000
RBI:CG_DEF_RN(1.0),N_A,AFY,2014,2013,DEF7,0,2014-03-31,INR,-172060000000
RBI:CG_DEF_RN(1.0),N_A,AFY,2015,2014,CE5,0,2015-03-31,INR,16499350000000
RBI:CG_DEF_RN(1.0),N_A,AFY,2015,2014,CGB3,0,2015-03-31,INR,-3366050000000
RBI:CG_DEF_RN(1.0),N_A,AFY,2015,2014,CGR3,0,2015-03-31,INR,11392090000000
RBI:CG_DEF_RN(1.0),N_A,AFY,2015,2014,DEF1,0,2015-03-31,INR,5107250000000
RBI:CG_DEF_RN(1.0),N_A,AFY,2015,2014,DEF2,0,2015-03-31,INR,4952450000000
RBI:CG_DEF_RN(1.0),N_A,AFY,2015,2014,DEF4,0,2015-03-31,INR,1082810000000
RBI:CG_DEF_RN(1.0),N_A,AFY,2015,2014,DEF5,0,2015-03-31,INR,1166050000000
RBI:CG_DEF_RN(1.0),N_A,AFY,2015,2014,DEF6,0,2015-03-31,INR,3655190000000
RBI:CG_DEF_RN(1.0),N_A,AFY,2015,2014,DEF7,0,2015-03-31,INR,-369250000000
RBI:CG_DEF_RN(1.0),N_A,AFY,2016,2015,CE5,0,2016-03-31,INR,17699480000000
RBI:CG_DEF_RN(1.0),N_A,AFY,2016,2015,CGB3,0,2016-03-31,INR,635240000000
RBI:CG_DEF_RN(1.0),N_A,AFY,2016,2015,CGR3,0,2016-03-31,INR,12371570000000
RBI:CG_DEF_RN(1.0),N_A,AFY,2016,2015,DEF1,0,2016-03-31,INR,5327910000000
RBI:CG_DEF_RN(1.0),N_A,AFY,2016,2015,DEF2,0,2016-03-31,INR,5272890000000
RBI:CG_DEF_RN(1.0),N_A,AFY,2016,2015,DEF4,0,2016-03-31,INR,911320000000
RBI:CG_DEF_RN(1.0),N_A,AFY,2016,2015,DEF5,0,2016-03-31,INR,1110080000000
RBI:CG_DEF_RN(1.0),N_A,AFY,2016,2015,DEF6,0,2016-03-31,INR,3427360000000
RBI:CG_DEF_RN(1.0),N_A,AFY,2016,2015,DEF7,0,2016-03-31,INR,-989230000000
RBI:CG_DEF_RN(1.0),N_A,AFY,2017,2016,CE5,0,2017-03-31,INR,19575644400000
RBI:CG_DEF_RN(1.0),N_A,AFY,2017,2016,CGB3,0,2017-03-31,INR,1950290000000
RBI:CG_DEF_RN(1.0),N_A,AFY,2017,2016,CGR3,0,2017-03-31,INR,14219455500000
RBI:CG_DEF_RN(1.0),N_A,AFY,2017,2016,DEF1,0,2017-03-31,INR,5356180000000
RBI:CG_DEF_RN(1.0),N_A,AFY,2017,2016,DEF2,0,2017-03-31,INR,5164381500000
RBI:CG_DEF_RN(1.0),N_A,AFY,2017,2016,DEF4,0,2017-03-31,INR,549040000000
RBI:CG_DEF_RN(1.0),N_A,AFY,2017,2016,DEF5,0,2017-03-31,INR,519530000000
RBI:CG_DEF_RN(1.0),N_A,AFY,2017,2016,DEF6,0,2017-03-31,INR,3163810000000
RBI:CG_DEF_RN(1.0),N_A,AFY,2017,2016,DEF7,0,2017-03-31,INR,-1643330000000
RBI:CG_DEF_RN(1.0),N_A,AFY,2018,2017,CE5,0,2018-03-31,INR,21263397799999.996
RBI:CG_DEF_RN(1.0),N_A,AFY,2018,2017,CGB3,0,2018-03-31,INR,-1453050000000
RBI:CG_DEF_RN(1.0),N_A,AFY,2018,2017,CGR3,0,2018-03-31,INR,15352777000000
RBI:CG_DEF_RN(1.0),N_A,AFY,2018,2017,DEF1,0,2018-03-31,INR,5910620800000
RBI:CG_DEF_RN(1.0),N_A,AFY,2018,2017,DEF2,0,2018-03-31,INR,5886680500000
RBI:CG_DEF_RN(1.0),N_A,AFY,2018,2017,DEF4,0,2018-03-31,INR,621100000000
RBI:CG_DEF_RN(1.0),N_A,AFY,2018,2017,DEF5,0,2018-03-31,INR,732900000000
RBI:CG_DEF_RN(1.0),N_A,AFY,2018,2017,DEF6,0,2018-03-31,INR,4436000000000
RBI:CG_DEF_RN(1.0),N_A,AFY,2018,2017,DEF7,0,2018-03-31,INR,-853520000000
RBI:CG_DEF_RN(1.0),N_A,AFY,2019,2018,CE5,0,2019-03-31,INR,22970604100000
RBI:CG_DEF_RN(1.0),N_A,AFY,2019,2018,CGB3,0,2019-03-31,INR,3261870000000
RBI:CG_DEF_RN(1.0),N_A,AFY,2019,2018,CGR3,0,2019-03-31,INR,16476423700000.002
RBI:CG_DEF_RN(1.0),N_A,AFY,2019,2018,DEF1,0,2019-03-31,INR,6494180000000
RBI:CG_DEF_RN(1.0),N_A,AFY,2019,2018,DEF2,0,2019-03-31,INR,6392490000000
RBI:CG_DEF_RN(1.0),N_A,AFY,2019,2018,DEF4,0,2019-03-31,INR,667700000000
RBI:CG_DEF_RN(1.0),N_A,AFY,2019,2018,DEF5,0,2019-03-31,INR,687460000000
RBI:CG_DEF_RN(1.0),N_A,AFY,2019,2018,DEF6,0,2019-03-31,INR,4544830000000
RBI:CG_DEF_RN(1.0),N_A,AFY,2019,2018,DEF7,0,2019-03-31,INR,-1281650000000
RBI:CG_DEF_RN(1.0),N_A,AFY,2020,2019,CE5,0,2020-03-31,INR,26680138000000
RBI:CG_DEF_RN(1.0),N_A,AFY,2020,2019,CGB3,0,2020-03-31,INR,1892680000000
RBI:CG_DEF_RN(1.0),N_A,AFY,2020,2019,CGR3,0,2020-03-31,INR,17343633799999.998
RBI:CG_DEF_RN(1.0),N_A,AFY,2020,2019,DEF1,0,2020-03-31,INR,9336510000000
RBI:CG_DEF_RN(1.0),N_A,AFY,2020,2019,DEF2,0,2020-03-31,INR,9275533300000
RBI:CG_DEF_RN(1.0),N_A,AFY,2020,2019,DEF4,0,2020-03-31,INR,3215810000000
RBI:CG_DEF_RN(1.0),N_A,AFY,2020,2019,DEF5,0,2020-03-31,INR,3278323100000
RBI:CG_DEF_RN(1.0),N_A,AFY,2020,2019,DEF6,0,2020-03-31,INR,6665450000000
RBI:CG_DEF_RN(1.0),N_A,AFY,2020,2019,DEF7,0,2020-03-31,INR,544750000000
RBI:CG_DEF_RN(1.0),N_A,AFY,2021,2020,CE5,0,2021-03-31,INR,34901080000000
RBI:CG_DEF_RN(1.0),N_A,AFY,2021,2020,CGB3,0,2021-03-31,INR,1066040000000
RBI:CG_DEF_RN(1.0),N_A,AFY,2021,2020,CGR3,0,2021-03-31,INR,16718165400000
RBI:CG_DEF_RN(1.0),N_A,AFY,2021,2020,DEF1,0,2021-03-31,INR,18182910000000
RBI:CG_DEF_RN(1.0),N_A,AFY,2021,2020,DEF2,0,2021-03-31,INR,17275287400000
RBI:CG_DEF_RN(1.0),N_A,AFY,2021,2020,DEF4,0,2021-03-31,INR,11384220000000
RBI:CG_DEF_RN(1.0),N_A,AFY,2021,2020,DEF5,0,2021-03-31,INR,10647740000000
RBI:CG_DEF_RN(1.0),N_A,AFY,2021,2020,DEF6,0,2021-03-31,INR,14495990000000
RBI:CG_DEF_RN(1.0),N_A,AFY,2021,2020,DEF7,0,2021-03-31,INR,7697300000000
RBI:CG_DEF_RN(1.0),N_A,AFY,2022,2021,CE5,0,2022-03-31,INR,37690640000000
RBI:CG_DEF_RN(1.0),N_A,AFY,2022,2021,CGB3,0,2022-03-31,INR,3526270000000
RBI:CG_DEF_RN(1.0),N_A,AFY,2022,2021,CGR3,0,2022-03-31,INR,21845440000000
RBI:CG_DEF_RN(1.0),N_A,AFY,2022,2021,DEF1,0,2022-03-31,INR,15845210000000
RBI:CG_DEF_RN(1.0),N_A,AFY,2022,2021,DEF2,0,2022-03-31,INR,15508822300000
RBI:CG_DEF_RN(1.0),N_A,AFY,2022,2021,DEF4,0,2022-03-31,INR,7790220000000
RBI:CG_DEF_RN(1.0),N_A,AFY,2022,2021,DEF5,0,2022-03-31,INR,7672572300000
RBI:CG_DEF_RN(1.0),N_A,AFY,2022,2021,DEF6,0,2022-03-31,INR,10310210000000
RBI:CG_DEF_RN(1.0),N_A,AFY,2022,2021,DEF7,0,2022-03-31,INR,2255220000000
RBI:CG_DEF_RN(1.0),N_A,AFY,2023,2022,CE5,0,2023-03-31,INR,41669958500000
RBI:CG_DEF_RN(1.0),N_A,AFY,2023,2022,CGB3,0,2023-03-31,INR,14040000000
RBI:CG_DEF_RN(1.0),N_A,AFY,2023,2022,CGR3,0,2023-03-31,INR,24292410000000
RBI:CG_DEF_RN(1.0),N_A,AFY,2023,2022,DEF1,0,2023-03-31,INR,17377550000000
RBI:CG_DEF_RN(1.0),N_A,AFY,2023,2022,DEF2,0,2023-03-31,INR,16486480900000
RBI:CG_DEF_RN(1.0),N_A,AFY,2023,2022,DEF4,0,2023-03-31,INR,8092380000000
RBI:CG_DEF_RN(1.0),N_A,AFY,2023,2022,DEF5,0,2023-03-31,INR,7479833200000
RBI:CG_DEF_RN(1.0),N_A,AFY,2023,2022,DEF6,0,2023-03-31,INR,10699260000000
RBI:CG_DEF_RN(1.0),N_A,AFY,2023,2022,DEF7,0,2023-03-31,INR,1414090000000
RBI:CG_DEF_RN(1.0),N_A,AFY,2024,2023,CE5,0,2024-03-31,INR,44168010000000
RBI:CG_DEF_RN(1.0),N_A,AFY,2024,2023,CGB3,0,2024-03-31,INR,-2637210400000
RBI:CG_DEF_RN(1.0),N_A,AFY,2024,2023,CGR3,0,2024-03-31,INR,27621575700000
RBI:CG_DEF_RN(1.0),N_A,AFY,2024,2023,DEF1,0,2024-03-31,INR,16546430000000
RBI:CG_DEF_RN(1.0),N_A,AFY,2024,2023,DEF2,0,2024-03-31,INR,15201939700000
RBI:CG_DEF_RN(1.0),N_A,AFY,2024,2023,DEF4,0,2024-03-31,INR,5907710000000
RBI:CG_DEF_RN(1.0),N_A,AFY,2024,2023,DEF5,0,2024-03-31,INR,4945825800000
RBI:CG_DEF_RN(1.0),N_A,AFY,2024,2023,DEF6,0,2024-03-31,INR,7652160000000
RBI:CG_DEF_RN(1.0),N_A,AFY,2024,2023,DEF7,0,2024-03-31,INR,-2986560000000
RBI:CG_DEF_RN(1.0),N_A,AFY,2025,2024,CE5,0,2025-03-31,INR,46904865700000
RBI:CG_DEF_RN(1.0),N_A,AFY,2025,2024,CGB3,0,2025-03-31,INR,2888045300000.0005
RBI:CG_DEF_RN(1.0),N_A,AFY,2025,2024,CGR3,0,2025-03-31,INR,31209595700000
RBI:CG_DEF_RN(1.0),N_A,AFY,2025,2024,DEF1,0,2025-03-31,INR,15695270000000
RBI:CG_DEF_RN(1.0),N_A,AFY,2025,2024,DEF2,0,2025-03-31,INR,14248339600000
RBI:CG_DEF_RN(1.0),N_A,AFY,2025,2024,DEF4,0,2025-03-31,INR,4315870000000
RBI:CG_DEF_RN(1.0),N_A,AFY,2025,2024,DEF5,0,2025-03-31,INR,3209358200000
RBI:CG_DEF_RN(1.0),N_A,AFY,2025,2024,DEF6,0,2025-03-31,INR,6100980000000
RBI:CG_DEF_RN(1.0),N_A,AFY,2025,2024,DEF7,0,2025-03-31,INR,-5278420000000
RBI:CG_DEF_RN(1.0),N_A,AFY,2026,2025,CE5,0,2026-03-31,INR,50363450400000
RBI:CG_DEF_RN(1.0),N_A,AFY,2026,2025,CGR3,0,2026-03-31,INR,34674088900000
RBI:CG_DEF_RN(1.0),N_A,AFY,2026,2025,DEF1,0,2026-03-31,INR,15689360000000
RBI:CG_DEF_RN(1.0),N_A,AFY,2026,2025,DEF2,0,2026-03-31,INR,13720915200000
RBI:CG_DEF_RN(1.0),N_A,AFY,2026,2025,DEF4,0,2026-03-31,INR,2925980000000
RBI:CG_DEF_RN(1.0),N_A,AFY,2026,2025,DEF5,0,2026-03-31,INR,1434915000000
RBI:CG_DEF_RN(1.0),N_A,AFY,2026,2025,DEF6,0,2026-03-31,INR,5238460000000
RBI:CG_DEF_RN(1.0),N_A,AFY,2026,2025,DEF7,0,2026-03-31,INR,-7524920000000
