DATAFLOW,AUDST,FREQ,REPYEAREND,REPYEARSTART,SECTOR_RN,UNIT_MULT,TIME_PERIOD,UNIT_MEASURE,OBS_VALUE
RBI:PSPOUTLY_RN(1.0),N_A,AFY,2017,2016,SEC9,0,2017-03-31,INR,1980850000000
RBI:PSPOUTLY_RN(1.0),N_A,AFY,2017,2016,SEC5,0,2017-03-31,INR,493710000000
RBI:PSPOUTLY_RN(1.0),N_A,AFY,2017,2016,SEC1,0,2017-03-31,INR,193940000000
RBI:PSPOUTLY_RN(1.0),N_A,AFY,2017,2016,SEC6,0,2017-03-31,INR,2298740000000
RBI:PSPOUTLY_RN(1.0),N_A,AFY,2017,2016,SEC4,0,2017-03-31,INR,2058770000000
RBI:PSPOUTLY_RN(1.0),N_A,AFY,2017,2016,SEC7,0,2017-03-31,INR,0.0
RBI:PSPOUTLY_RN(1.0),N_A,AFY,2017,2016,SEC3,0,2017-03-31,INR,10240000000
RBI:PSPOUTLY_RN(1.0),N_A,AFY,2017,2016,SEC8,0,2017-03-31,INR,0.0
RBI:PSPOUTLY_RN(1.0),N_A,AFY,2017,2016,TTL,0,2017-03-31,INR,7062480000000
RBI:PSPOUTLY_RN(1.0),N_A,AFY,2017,2016,SEC2,0,2017-03-31,INR,26230000000
RBI:PSPOUTLY_RN(1.0),N_A,AFY,2016,2015,SEC4,0,2016-03-31,INR,1715190000000
RBI:PSPOUTLY_RN(1.0),N_A,AFY,2016,2015,SEC3,0,2016-03-31,INR,11050000000
RBI:PSPOUTLY_RN(1.0),N_A,AFY,2016,2015,TTL,0,2016-03-31,INR,5827070000000
RBI:PSPOUTLY_RN(1.0),N_A,AFY,2016,2015,SEC9,0,2016-03-31,INR,1721220000000
RBI:PSPOUTLY_RN(1.0),N_A,AFY,2016,2015,SEC5,0,2016-03-31,INR,455120000000
RBI:PSPOUTLY_RN(1.0),N_A,AFY,2016,2015,SEC8,0,2016-03-31,INR,0.0
RBI:PSPOUTLY_RN(1.0),N_A,AFY,2016,2015,SEC1,0,2016-03-31,INR,109420000000
RBI:PSPOUTLY_RN(1.0),N_A,AFY,2016,2015,SEC2,0,2016-03-31,INR,30050000000
RBI:PSPOUTLY_RN(1.0),N_A,AFY,2016,2015,SEC6,0,2016-03-31,INR,1785020000000
RBI:PSPOUTLY_RN(1.0),N_A,AFY,2016,2015,SEC7,0,2016-03-31,INR,0.0
RBI:PSPOUTLY_RN(1.0),N_A,AFY,2015,2014,SEC6,0,2015-03-31,INR,1005200000000
RBI:PSPOUTLY_RN(1.0),N_A,AFY,2015,2014,SEC8,0,2015-03-31,INR,0.0
RBI:PSPOUTLY_RN(1.0),N_A,AFY,2015,2014,SEC3,0,2015-03-31,INR,9100000000
RBI:PSPOUTLY_RN(1.0),N_A,AFY,2015,2014,SEC4,0,2015-03-31,INR,1708120000000
RBI:PSPOUTLY_RN(1.0),N_A,AFY,2015,2014,SEC9,0,2015-03-31,INR,936170000000
RBI:PSPOUTLY_RN(1.0),N_A,AFY,2015,2014,SEC1,0,2015-03-31,INR,97950000000
RBI:PSPOUTLY_RN(1.0),N_A,AFY,2015,2014,SEC2,0,2015-03-31,INR,12220000000
RBI:PSPOUTLY_RN(1.0),N_A,AFY,2015,2014,TTL,0,2015-03-31,INR,4208820000000
RBI:PSPOUTLY_RN(1.0),N_A,AFY,2015,2014,SEC5,0,2015-03-31,INR,440060000000
RBI:PSPOUTLY_RN(1.0),N_A,AFY,2015,2014,SEC7,0,2015-03-31,INR,0.0
RBI:PSPOUTLY_RN(1.0),N_A,AFY,2014,2013,SEC4,0,2014-03-31,INR,1823880000000
RBI:PSPOUTLY_RN(1.0),N_A,AFY,2014,2013,SEC1,0,2014-03-31,INR,177880000000
RBI:PSPOUTLY_RN(1.0),N_A,AFY,2014,2013,SEC9,0,2014-03-31,INR,2267890000000
RBI:PSPOUTLY_RN(1.0),N_A,AFY,2014,2013,SEC8,0,2014-03-31,INR,0.0
RBI:PSPOUTLY_RN(1.0),N_A,AFY,2014,2013,TTL,0,2014-03-31,INR,6035740000000
RBI:PSPOUTLY_RN(1.0),N_A,AFY,2014,2013,SEC6,0,2014-03-31,INR,1039590000000
RBI:PSPOUTLY_RN(1.0),N_A,AFY,2014,2013,SEC7,0,2014-03-31,INR,0.0
RBI:PSPOUTLY_RN(1.0),N_A,AFY,2014,2013,SEC5,0,2014-03-31,INR,334330000000
RBI:PSPOUTLY_RN(1.0),N_A,AFY,2014,2013,SEC3,0,2014-03-31,INR,4410000000
RBI:PSPOUTLY_RN(1.0),N_A,AFY,2014,2013,SEC2,0,2014-03-31,INR,387760000000
RBI:PSPOUTLY_RN(1.0),N_A,AFY,2013,2012,SEC5,0,2013-03-31,INR,332020000000
RBI:PSPOUTLY_RN(1.0),N_A,AFY,2013,2012,SEC1,0,2013-03-31,INR,170300000000
RBI:PSPOUTLY_RN(1.0),N_A,AFY,2013,2012,SEC2,0,2013-03-31,INR,365790000000
RBI:PSPOUTLY_RN(1.0),N_A,AFY,2013,2012,SEC7,0,2013-03-31,INR,0.0
RBI:PSPOUTLY_RN(1.0),N_A,AFY,2013,2012,SEC9,0,2013-03-31,INR,1885610000000
RBI:PSPOUTLY_RN(1.0),N_A,AFY,2013,2012,SEC6,0,2013-03-31,INR,905180000000
RBI:PSPOUTLY_RN(1.0),N_A,AFY,2013,2012,SEC3,0,2013-03-31,INR,4390000000
RBI:PSPOUTLY_RN(1.0),N_A,AFY,2013,2012,SEC4,0,2013-03-31,INR,1321460000000
RBI:PSPOUTLY_RN(1.0),N_A,AFY,2013,2012,SEC8,0,2013-03-31,INR,0.0
RBI:PSPOUTLY_RN(1.0),N_A,AFY,2013,2012,TTL,0,2013-03-31,INR,4984750000000
RBI:PSPOUTLY_RN(1.0),N_A,AFY,2012,2011,SEC7,0,2012-03-31,INR,0.0
RBI:PSPOUTLY_RN(1.0),N_A,AFY,2012,2011,TTL,0,2012-03-31,INR,10304610000000
RBI:PSPOUTLY_RN(1.0),N_A,AFY,2012,2011,SEC6,0,2012-03-31,INR,1574800000000
RBI:PSPOUTLY_RN(1.0),N_A,AFY,2012,2011,SEC5,0,2012-03-31,INR,517940000000
RBI:PSPOUTLY_RN(1.0),N_A,AFY,2012,2011,SEC9,0,2012-03-31,INR,4389590000000
RBI:PSPOUTLY_RN(1.0),N_A,AFY,2012,2011,SEC8,0,2012-03-31,INR,0.0
RBI:PSPOUTLY_RN(1.0),N_A,AFY,2012,2011,SEC2,0,2012-03-31,INR,804390000000
RBI:PSPOUTLY_RN(1.0),N_A,AFY,2012,2011,SEC3,0,2012-03-31,INR,609930000000
RBI:PSPOUTLY_RN(1.0),N_A,AFY,2012,2011,SEC1,0,2012-03-31,INR,460370000000
RBI:PSPOUTLY_RN(1.0),N_A,AFY,2012,2011,SEC4,0,2012-03-31,INR,1947590000000
RBI:PSPOUTLY_RN(1.0),N_A,AFY,2011,2010,SEC2,0,2011-03-31,INR,771010000000
RBI:PSPOUTLY_RN(1.0),N_A,AFY,2011,2010,SEC6,0,2011-03-31,INR,1395410000000
RBI:PSPOUTLY_RN(1.0),N_A,AFY,2011,2010,SEC8,0,2011-03-31,INR,0.0
RBI:PSPOUTLY_RN(1.0),N_A,AFY,2011,2010,SEC3,0,2011-03-31,INR,460490000000
RBI:PSPOUTLY_RN(1.0),N_A,AFY,2011,2010,SEC5,0,2011-03-31,INR,450560000000
RBI:PSPOUTLY_RN(1.0),N_A,AFY,2011,2010,SEC4,0,2011-03-31,INR,1502510000000
RBI:PSPOUTLY_RN(1.0),N_A,AFY,2011,2010,SEC7,0,2011-03-31,INR,0.0
RBI:PSPOUTLY_RN(1.0),N_A,AFY,2011,2010,SEC9,0,2011-03-31,INR,3279000000000
RBI:PSPOUTLY_RN(1.0),N_A,AFY,2011,2010,SEC1,0,2011-03-31,INR,403700000000
RBI:PSPOUTLY_RN(1.0),N_A,AFY,2011,2010,TTL,0,2011-03-31,INR,8262680000000
RBI:PSPOUTLY_RN(1.0),N_A,AFY,2010,2009,SEC4,0,2010-03-31,INR,1483720000000
RBI:PSPOUTLY_RN(1.0),N_A,AFY,2010,2009,TTL,0,2010-03-31,INR,7170350000000
RBI:PSPOUTLY_RN(1.0),N_A,AFY,2010,2009,SEC8,0,2010-03-31,INR,0.0
RBI:PSPOUTLY_RN(1.0),N_A,AFY,2010,2009,SEC2,0,2010-03-31,INR,664900000000
RBI:PSPOUTLY_RN(1.0),N_A,AFY,2010,2009,SEC5,0,2010-03-31,INR,390410000000
RBI:PSPOUTLY_RN(1.0),N_A,AFY,2010,2009,SEC9,0,2010-03-31,INR,2634250000000
RBI:PSPOUTLY_RN(1.0),N_A,AFY,2010,2009,SEC6,0,2010-03-31,INR,1273560000000
RBI:PSPOUTLY_RN(1.0),N_A,AFY,2010,2009,SEC3,0,2010-03-31,INR,428530000000
RBI:PSPOUTLY_RN(1.0),N_A,AFY,2010,2009,SEC7,0,2010-03-31,INR,0.0
RBI:PSPOUTLY_RN(1.0),N_A,AFY,2010,2009,SEC1,0,2010-03-31,INR,294980000000
RBI:PSPOUTLY_RN(1.0),N_A,AFY,2009,2008,SEC4,0,2009-03-31,INR,1062120000000
RBI:PSPOUTLY_RN(1.0),N_A,AFY,2009,2008,SEC6,0,2009-03-31,INR,1050640000000
RBI:PSPOUTLY_RN(1.0),N_A,AFY,2009,2008,SEC2,0,2009-03-31,INR,660790000000
RBI:PSPOUTLY_RN(1.0),N_A,AFY,2009,2008,SEC5,0,2009-03-31,INR,302600000000
RBI:PSPOUTLY_RN(1.0),N_A,AFY,2009,2008,SEC7,0,2009-03-31,INR,0.0
RBI:PSPOUTLY_RN(1.0),N_A,AFY,2009,2008,SEC3,0,2009-03-31,INR,411640000000
RBI:PSPOUTLY_RN(1.0),N_A,AFY,2009,2008,SEC9,0,2009-03-31,INR,2522650000000
RBI:PSPOUTLY_RN(1.0),N_A,AFY,2009,2008,SEC8,0,2009-03-31,INR,0.0
RBI:PSPOUTLY_RN(1.0),N_A,AFY,2009,2008,SEC1,0,2009-03-31,INR,271170000000
RBI:PSPOUTLY_RN(1.0),N_A,AFY,2009,2008,TTL,0,2009-03-31,INR,6281610000000
RBI:PSPOUTLY_RN(1.0),N_A,AFY,2008,2007,SEC1,0,2008-03-31,INR,200830000000
RBI:PSPOUTLY_RN(1.0),N_A,AFY,2008,2007,TTL,0,2008-03-31,INR,4750120000000
RBI:PSPOUTLY_RN(1.0),N_A,AFY,2008,2007,SEC8,0,2008-03-31,INR,0.0
RBI:PSPOUTLY_RN(1.0),N_A,AFY,2008,2007,SEC5,0,2008-03-31,INR,195010000000
RBI:PSPOUTLY_RN(1.0),N_A,AFY,2008,2007,SEC6,0,2008-03-31,INR,837430000000
RBI:PSPOUTLY_RN(1.0),N_A,AFY,2008,2007,SEC9,0,2008-03-31,INR,1878170000000
RBI:PSPOUTLY_RN(1.0),N_A,AFY,2008,2007,SEC3,0,2008-03-31,INR,382750000000
RBI:PSPOUTLY_RN(1.0),N_A,AFY,2008,2007,SEC4,0,2008-03-31,INR,846770000000
RBI:PSPOUTLY_RN(1.0),N_A,AFY,2008,2007,SEC7,0,2008-03-31,INR,0.0
RBI:PSPOUTLY_RN(1.0),N_A,AFY,2008,2007,SEC2,0,2008-03-31,INR,409160000000
RBI:PSPOUTLY_RN(1.0),N_A,AFY,2007,2006,SEC9,0,2007-03-31,INR,1334650000000
RBI:PSPOUTLY_RN(1.0),N_A,AFY,2007,2006,SEC7,0,2007-03-31,INR,0.0
RBI:PSPOUTLY_RN(1.0),N_A,AFY,2007,2006,TTL,0,2007-03-31,INR,3099120000000
RBI:PSPOUTLY_RN(1.0),N_A,AFY,2007,2006,SEC2,0,2007-03-31,INR,357570000000
RBI:PSPOUTLY_RN(1.0),N_A,AFY,2007,2006,SEC4,0,2007-03-31,INR,294500000000
RBI:PSPOUTLY_RN(1.0),N_A,AFY,2007,2006,SEC6,0,2007-03-31,INR,525200000000
RBI:PSPOUTLY_RN(1.0),N_A,AFY,2007,2006,SEC1,0,2007-03-31,INR,165730000000
RBI:PSPOUTLY_RN(1.0),N_A,AFY,2007,2006,SEC5,0,2007-03-31,INR,103440000000
RBI:PSPOUTLY_RN(1.0),N_A,AFY,2007,2006,SEC8,0,2007-03-31,INR,0.0
RBI:PSPOUTLY_RN(1.0),N_A,AFY,2007,2006,SEC3,0,2007-03-31,INR,318030000000
RBI:PSPOUTLY_RN(1.0),N_A,AFY,2006,2005,SEC5,0,2006-03-31,INR,78980000000
RBI:PSPOUTLY_RN(1.0),N_A,AFY,2006,2005,SEC2,0,2006-03-31,INR,299510000000
RBI:PSPOUTLY_RN(1.0),N_A,AFY,2006,2005,TTL,0,2006-03-31,INR,2471770000000
RBI:PSPOUTLY_RN(1.0),N_A,AFY,2006,2005,SEC7,0,2006-03-31,INR,0.0
RBI:PSPOUTLY_RN(1.0),N_A,AFY,2006,2005,SEC4,0,2006-03-31,INR,220430000000
RBI:PSPOUTLY_RN(1.0),N_A,AFY,2006,2005,SEC9,0,2006-03-31,INR,1096330000000
RBI:PSPOUTLY_RN(1.0),N_A,AFY,2006,2005,SEC1,0,2006-03-31,INR,125540000000
RBI:PSPOUTLY_RN(1.0),N_A,AFY,2006,2005,SEC8,0,2006-03-31,INR,0.0
RBI:PSPOUTLY_RN(1.0),N_A,AFY,2006,2005,SEC3,0,2006-03-31,INR,263320000000
RBI:PSPOUTLY_RN(1.0),N_A,AFY,2006,2005,SEC6,0,2006-03-31,INR,387660000000
RBI:PSPOUTLY_RN(1.0),N_A,AFY,2005,2004,TTL,0,2005-03-31,INR,2636650000000
RBI:PSPOUTLY_RN(1.0),N_A,AFY,2005,2004,SEC2,0,2005-03-31,INR,209690000000
RBI:PSPOUTLY_RN(1.0),N_A,AFY,2005,2004,SEC5,0,2005-03-31,INR,101130000000
RBI:PSPOUTLY_RN(1.0),N_A,AFY,2005,2004,SEC7,0,2005-03-31,INR,0.0
RBI:PSPOUTLY_RN(1.0),N_A,AFY,2005,2004,SEC4,0,2005-03-31,INR,607290000000
RBI:PSPOUTLY_RN(1.0),N_A,AFY,2005,2004,SEC3,0,2005-03-31,INR,190240000000
RBI:PSPOUTLY_RN(1.0),N_A,AFY,2005,2004,SEC6,0,2005-03-31,INR,387720000000
RBI:PSPOUTLY_RN(1.0),N_A,AFY,2005,2004,SEC8,0,2005-03-31,INR,0.0
RBI:PSPOUTLY_RN(1.0),N_A,AFY,2005,2004,SEC9,0,2005-03-31,INR,1030950000000
RBI:PSPOUTLY_RN(1.0),N_A,AFY,2005,2004,SEC1,0,2005-03-31,INR,109630000000
RBI:PSPOUTLY_RN(1.0),N_A,AFY,2004,2003,TTL,0,2004-03-31,INR,2248270000000
RBI:PSPOUTLY_RN(1.0),N_A,AFY,2004,2003,SEC8,0,2004-03-31,INR,46490000000
RBI:PSPOUTLY_RN(1.0),N_A,AFY,2004,2003,SEC7,0,2004-03-31,INR,130690000000
RBI:PSPOUTLY_RN(1.0),N_A,AFY,2004,2003,SEC6,0,2004-03-31,INR,352670000000
RBI:PSPOUTLY_RN(1.0),N_A,AFY,2004,2003,SEC5,0,2004-03-31,INR,77030000000
RBI:PSPOUTLY_RN(1.0),N_A,AFY,2004,2003,SEC3,0,2004-03-31,INR,129000000000
RBI:PSPOUTLY_RN(1.0),N_A,AFY,2004,2003,SEC1,0,2004-03-31,INR,87760000000
RBI:PSPOUTLY_RN(1.0),N_A,AFY,2004,2003,SEC2,0,2004-03-31,INR,222690000000
RBI:PSPOUTLY_RN(1.0),N_A,AFY,2004,2003,SEC4,0,2004-03-31,INR,501990000000
RBI:PSPOUTLY_RN(1.0),N_A,AFY,2004,2003,SEC9,0,2004-03-31,INR,699950000000
RBI:PSPOUTLY_RN(1.0),N_A,AFY,2003,2002,SEC4,0,2003-03-31,INR,447100000000
RBI:PSPOUTLY_RN(1.0),N_A,AFY,2003,2002,SEC5,0,2003-03-31,INR,87760000000
RBI:PSPOUTLY_RN(1.0),N_A,AFY,2003,2002,SEC8,0,2003-03-31,INR,43400000000
RBI:PSPOUTLY_RN(1.0),N_A,AFY,2003,2002,SEC2,0,2003-03-31,INR,208190000000
RBI:PSPOUTLY_RN(1.0),N_A,AFY,2003,2002,SEC1,0,2003-03-31,INR,76550000000
RBI:PSPOUTLY_RN(1.0),N_A,AFY,2003,2002,TTL,0,2003-03-31,INR,2102030000000
RBI:PSPOUTLY_RN(1.0),N_A,AFY,2003,2002,SEC7,0,2003-03-31,INR,116030000000
RBI:PSPOUTLY_RN(1.0),N_A,AFY,2003,2002,SEC6,0,2003-03-31,INR,352440000000
RBI:PSPOUTLY_RN(1.0),N_A,AFY,2003,2002,SEC3,0,2003-03-31,INR,119650000000
RBI:PSPOUTLY_RN(1.0),N_A,AFY,2003,2002,SEC9,0,2003-03-31,INR,650910000000
RBI:PSPOUTLY_RN(1.0),N_A,AFY,2002,2001,SEC7,0,2002-03-31,INR,108070000000
RBI:PSPOUTLY_RN(1.0),N_A,AFY,2002,2001,SEC4,0,2002-03-31,INR,371450000000
RBI:PSPOUTLY_RN(1.0),N_A,AFY,2002,2001,TTL,0,2002-03-31,INR,1863150000000
RBI:PSPOUTLY_RN(1.0),N_A,AFY,2002,2001,SEC1,0,2002-03-31,INR,82480000000
RBI:PSPOUTLY_RN(1.0),N_A,AFY,2002,2001,SEC8,0,2002-03-31,INR,44090000000
RBI:PSPOUTLY_RN(1.0),N_A,AFY,2002,2001,SEC5,0,2002-03-31,INR,79420000000
RBI:PSPOUTLY_RN(1.0),N_A,AFY,2002,2001,SEC3,0,2002-03-31,INR,145520000000
RBI:PSPOUTLY_RN(1.0),N_A,AFY,2002,2001,SEC2,0,2002-03-31,INR,151540000000
RBI:PSPOUTLY_RN(1.0),N_A,AFY,2002,2001,SEC9,0,2002-03-31,INR,581400000000
RBI:PSPOUTLY_RN(1.0),N_A,AFY,2002,2001,SEC6,0,2002-03-31,INR,299180000000
RBI:PSPOUTLY_RN(1.0),N_A,AFY,2001,2000,SEC3,0,2001-03-31,INR,135290000000
RBI:PSPOUTLY_RN(1.0),N_A,AFY,2001,2000,SEC2,0,2001-03-31,INR,108970000000
RBI:PSPOUTLY_RN(1.0),N_A,AFY,2001,2000,SEC4,0,2001-03-31,INR,408930000000
RBI:PSPOUTLY_RN(1.0),N_A,AFY,2001,2000,SEC8,0,2001-03-31,INR,40550000000
RBI:PSPOUTLY_RN(1.0),N_A,AFY,2001,2000,SEC9,0,2001-03-31,INR,644950000000
RBI:PSPOUTLY_RN(1.0),N_A,AFY,2001,2000,SEC1,0,2001-03-31,INR,75770000000
RBI:PSPOUTLY_RN(1.0),N_A,AFY,2001,2000,TTL,0,2001-03-31,INR,1857370000000
RBI:PSPOUTLY_RN(1.0),N_A,AFY,2001,2000,SEC6,0,2001-03-31,INR,257340000000
RBI:PSPOUTLY_RN(1.0),N_A,AFY,2001,2000,SEC5,0,2001-03-31,INR,68660000000
RBI:PSPOUTLY_RN(1.0),N_A,AFY,2001,2000,SEC7,0,2001-03-31,INR,116910000000
RBI:PSPOUTLY_RN(1.0),N_A,AFY,2000,1999,SEC5,0,2000-03-31,INR,72480000000
RBI:PSPOUTLY_RN(1.0),N_A,AFY,2000,1999,SEC7,0,2000-03-31,INR,100000000000
RBI:PSPOUTLY_RN(1.0),N_A,AFY,2000,1999,TTL,0,2000-03-31,INR,1606080000000
RBI:PSPOUTLY_RN(1.0),N_A,AFY,2000,1999,SEC3,0,2000-03-31,INR,142100000000
RBI:PSPOUTLY_RN(1.0),N_A,AFY,2000,1999,SEC8,0,2000-03-31,INR,35690000000
RBI:PSPOUTLY_RN(1.0),N_A,AFY,2000,1999,SEC2,0,2000-03-31,INR,127940000000
RBI:PSPOUTLY_RN(1.0),N_A,AFY,2000,1999,SEC9,0,2000-03-31,INR,461490000000
RBI:PSPOUTLY_RN(1.0),N_A,AFY,2000,1999,SEC6,0,2000-03-31,INR,234630000000
RBI:PSPOUTLY_RN(1.0),N_A,AFY,2000,1999,SEC1,0,2000-03-31,INR,73650000000
RBI:PSPOUTLY_RN(1.0),N_A,AFY,2000,1999,SEC4,0,2000-03-31,INR,358100000000
RBI:PSPOUTLY_RN(1.0),N_A,AFY,1999,1998,SEC1,0,1999-03-31,INR,76980000000
RBI:PSPOUTLY_RN(1.0),N_A,AFY,1999,1998,SEC9,0,1999-03-31,INR,419050000000
RBI:PSPOUTLY_RN(1.0),N_A,AFY,1999,1998,SEC8,0,1999-03-31,INR,54120000000
RBI:PSPOUTLY_RN(1.0),N_A,AFY,1999,1998,SEC6,0,1999-03-31,INR,203470000000
RBI:PSPOUTLY_RN(1.0),N_A,AFY,1999,1998,SEC3,0,1999-03-31,INR,108140000000
RBI:PSPOUTLY_RN(1.0),N_A,AFY,1999,1998,TTL,0,1999-03-31,INR,1515800000000
RBI:PSPOUTLY_RN(1.0),N_A,AFY,1999,1998,SEC5,0,1999-03-31,INR,79790000000
RBI:PSPOUTLY_RN(1.0),N_A,AFY,1999,1998,SEC2,0,1999-03-31,INR,121690000000
RBI:PSPOUTLY_RN(1.0),N_A,AFY,1999,1998,SEC4,0,1999-03-31,INR,355720000000
RBI:PSPOUTLY_RN(1.0),N_A,AFY,1999,1998,SEC7,0,1999-03-31,INR,96840000000
RBI:PSPOUTLY_RN(1.0),N_A,AFY,1998,1997,SEC8,0,1998-03-31,INR,26420000000
RBI:PSPOUTLY_RN(1.0),N_A,AFY,1998,1997,SEC4,0,1998-03-31,INR,317930000000
RBI:PSPOUTLY_RN(1.0),N_A,AFY,1998,1997,SEC1,0,1998-03-31,INR,59290000000
RBI:PSPOUTLY_RN(1.0),N_A,AFY,1998,1997,SEC5,0,1998-03-31,INR,103060000000
RBI:PSPOUTLY_RN(1.0),N_A,AFY,1998,1997,SEC7,0,1998-03-31,INR,76570000000
RBI:PSPOUTLY_RN(1.0),N_A,AFY,1998,1997,SEC9,0,1998-03-31,INR,324760000000
RBI:PSPOUTLY_RN(1.0),N_A,AFY,1998,1997,SEC6,0,1998-03-31,INR,181010000000
RBI:PSPOUTLY_RN(1.0),N_A,AFY,1998,1997,SEC2,0,1998-03-31,INR,109480000000
RBI:PSPOUTLY_RN(1.0),N_A,AFY,1998,1997,TTL,0,1998-03-31,INR,1297570000000
RBI:PSPOUTLY_RN(1.0),N_A,AFY,1998,1997,SEC3,0,1998-03-31,INR,99050000000
RBI:PSPOUTLY_RN(1.0),N_A,AFY,1997,1996,SEC2,0,1997-03-31,INR,100120000000
RBI:PSPOUTLY_RN(1.0),N_A,AFY,1997,1996,SEC4,0,1997-03-31,INR,273300000000
RBI:PSPOUTLY_RN(1.0),N_A,AFY,1997,1996,SEC7,0,1997-03-31,INR,65360000000
RBI:PSPOUTLY_RN(1.0),N_A,AFY,1997,1996,TTL,0,1997-03-31,INR,1189760000000
RBI:PSPOUTLY_RN(1.0),N_A,AFY,1997,1996,SEC8,0,1997-03-31,INR,20680000000
RBI:PSPOUTLY_RN(1.0),N_A,AFY,1997,1996,SEC6,0,1997-03-31,INR,166700000000
RBI:PSPOUTLY_RN(1.0),N_A,AFY,1997,1996,SEC9,0,1997-03-31,INR,303350000000
RBI:PSPOUTLY_RN(1.0),N_A,AFY,1997,1996,SEC5,0,1997-03-31,INR,120670000000
RBI:PSPOUTLY_RN(1.0),N_A,AFY,1997,1996,SEC3,0,1997-03-31,INR,79740000000
RBI:PSPOUTLY_RN(1.0),N_A,AFY,1997,1996,SEC1,0,1997-03-31,INR,59840000000
RBI:PSPOUTLY_RN(1.0),N_A,AFY,1996,1995,SEC1,0,1996-03-31,INR,50820000000
RBI:PSPOUTLY_RN(1.0),N_A,AFY,1996,1995,SEC7,0,1996-03-31,INR,53560000000
RBI:PSPOUTLY_RN(1.0),N_A,AFY,1996,1995,SEC6,0,1996-03-31,INR,137670000000
RBI:PSPOUTLY_RN(1.0),N_A,AFY,1996,1995,SEC9,0,1996-03-31,INR,259250000000
RBI:PSPOUTLY_RN(1.0),N_A,AFY,1996,1995,SEC4,0,1996-03-31,INR,268930000000
RBI:PSPOUTLY_RN(1.0),N_A,AFY,1996,1995,SEC3,0,1996-03-31,INR,72450000000
RBI:PSPOUTLY_RN(1.0),N_A,AFY,1996,1995,SEC5,0,1996-03-31,INR,108080000000
RBI:PSPOUTLY_RN(1.0),N_A,AFY,1996,1995,TTL,0,1996-03-31,INR,1073800000000
RBI:PSPOUTLY_RN(1.0),N_A,AFY,1996,1995,SEC2,0,1996-03-31,INR,103750000000
RBI:PSPOUTLY_RN(1.0),N_A,AFY,1996,1995,SEC8,0,1996-03-31,INR,19290000000
RBI:PSPOUTLY_RN(1.0),N_A,AFY,1995,1994,SEC6,0,1995-03-31,INR,120970000000
RBI:PSPOUTLY_RN(1.0),N_A,AFY,1995,1994,SEC7,0,1995-03-31,INR,39400000000
RBI:PSPOUTLY_RN(1.0),N_A,AFY,1995,1994,SEC8,0,1995-03-31,INR,16260000000
RBI:PSPOUTLY_RN(1.0),N_A,AFY,1995,1994,SEC5,0,1995-03-31,INR,90880000000
RBI:PSPOUTLY_RN(1.0),N_A,AFY,1995,1994,SEC3,0,1995-03-31,INR,61040000000
RBI:PSPOUTLY_RN(1.0),N_A,AFY,1995,1994,SEC1,0,1995-03-31,INR,53500000000
RBI:PSPOUTLY_RN(1.0),N_A,AFY,1995,1994,TTL,0,1995-03-31,INR,981670000000
RBI:PSPOUTLY_RN(1.0),N_A,AFY,1995,1994,SEC4,0,1995-03-31,INR,274820000000
RBI:PSPOUTLY_RN(1.0),N_A,AFY,1995,1994,SEC2,0,1995-03-31,INR,101450000000
RBI:PSPOUTLY_RN(1.0),N_A,AFY,1995,1994,SEC9,0,1995-03-31,INR,223350000000
RBI:PSPOUTLY_RN(1.0),N_A,AFY,1994,1993,SEC9,0,1994-03-31,INR,182370000000
RBI:PSPOUTLY_RN(1.0),N_A,AFY,1994,1993,SEC6,0,1994-03-31,INR,119770000000
RBI:PSPOUTLY_RN(1.0),N_A,AFY,1994,1993,SEC4,0,1994-03-31,INR,269090000000
RBI:PSPOUTLY_RN(1.0),N_A,AFY,1994,1993,SEC3,0,1994-03-31,INR,53700000000
RBI:PSPOUTLY_RN(1.0),N_A,AFY,1994,1993,SEC1,0,1994-03-31,INR,42630000000
RBI:PSPOUTLY_RN(1.0),N_A,AFY,1994,1993,SEC8,0,1994-03-31,INR,13000000000
RBI:PSPOUTLY_RN(1.0),N_A,AFY,1994,1993,SEC5,0,1994-03-31,INR,84810000000
RBI:PSPOUTLY_RN(1.0),N_A,AFY,1994,1993,TTL,0,1994-03-31,INR,880810000000
RBI:PSPOUTLY_RN(1.0),N_A,AFY,1994,1993,SEC7,0,1994-03-31,INR,31470000000
RBI:PSPOUTLY_RN(1.0),N_A,AFY,1994,1993,SEC2,0,1994-03-31,INR,83970000000
RBI:PSPOUTLY_RN(1.0),N_A,AFY,1993,1992,SEC2,0,1993-03-31,INR,63750000000
RBI:PSPOUTLY_RN(1.0),N_A,AFY,1993,1992,SEC9,0,1993-03-31,INR,153260000000
RBI:PSPOUTLY_RN(1.0),N_A,AFY,1993,1992,SEC1,0,1993-03-31,INR,42160000000
RBI:PSPOUTLY_RN(1.0),N_A,AFY,1993,1992,SEC4,0,1993-03-31,INR,202900000000
RBI:PSPOUTLY_RN(1.0),N_A,AFY,1993,1992,TTL,0,1993-03-31,INR,728520000000
RBI:PSPOUTLY_RN(1.0),N_A,AFY,1993,1992,SEC8,0,1993-03-31,INR,12140000000
RBI:PSPOUTLY_RN(1.0),N_A,AFY,1993,1992,SEC5,0,1993-03-31,INR,74440000000
RBI:PSPOUTLY_RN(1.0),N_A,AFY,1993,1992,SEC6,0,1993-03-31,INR,106630000000
RBI:PSPOUTLY_RN(1.0),N_A,AFY,1993,1992,SEC3,0,1993-03-31,INR,47050000000
RBI:PSPOUTLY_RN(1.0),N_A,AFY,1993,1992,SEC7,0,1993-03-31,INR,26190000000
RBI:PSPOUTLY_RN(1.0),N_A,AFY,1992,1991,SEC6,0,1992-03-31,INR,93140000000
RBI:PSPOUTLY_RN(1.0),N_A,AFY,1992,1991,SEC3,0,1992-03-31,INR,42320000000
RBI:PSPOUTLY_RN(1.0),N_A,AFY,1992,1991,SEC5,0,1992-03-31,INR,65640000000
RBI:PSPOUTLY_RN(1.0),N_A,AFY,1992,1991,SEC2,0,1992-03-31,INR,52090000000
RBI:PSPOUTLY_RN(1.0),N_A,AFY,1992,1991,SEC7,0,1992-03-31,INR,25990000000
RBI:PSPOUTLY_RN(1.0),N_A,AFY,1992,1991,TTL,0,1992-03-31,INR,647510000000
RBI:PSPOUTLY_RN(1.0),N_A,AFY,1992,1991,SEC8,0,1992-03-31,INR,9250000000
RBI:PSPOUTLY_RN(1.0),N_A,AFY,1992,1991,SEC1,0,1992-03-31,INR,38510000000
RBI:PSPOUTLY_RN(1.0),N_A,AFY,1992,1991,SEC9,0,1992-03-31,INR,123240000000
RBI:PSPOUTLY_RN(1.0),N_A,AFY,1992,1991,SEC4,0,1992-03-31,INR,197330000000
RBI:PSPOUTLY_RN(1.0),N_A,AFY,1991,1990,SEC3,0,1991-03-31,INR,39740000000
RBI:PSPOUTLY_RN(1.0),N_A,AFY,1991,1990,SEC6,0,1991-03-31,INR,80740000000
RBI:PSPOUTLY_RN(1.0),N_A,AFY,1991,1990,SEC9,0,1991-03-31,INR,109480000000
RBI:PSPOUTLY_RN(1.0),N_A,AFY,1991,1990,TTL,0,1991-03-31,INR,583690000000
RBI:PSPOUTLY_RN(1.0),N_A,AFY,1991,1990,SEC4,0,1991-03-31,INR,171010000000
RBI:PSPOUTLY_RN(1.0),N_A,AFY,1991,1990,SEC7,0,1991-03-31,INR,23160000000
RBI:PSPOUTLY_RN(1.0),N_A,AFY,1991,1990,SEC8,0,1991-03-31,INR,10410000000
RBI:PSPOUTLY_RN(1.0),N_A,AFY,1991,1990,SEC1,0,1991-03-31,INR,34050000000
RBI:PSPOUTLY_RN(1.0),N_A,AFY,1991,1990,SEC5,0,1991-03-31,INR,63740000000
RBI:PSPOUTLY_RN(1.0),N_A,AFY,1991,1990,SEC2,0,1991-03-31,INR,51360000000
RBI:PSPOUTLY_RN(1.0),N_A,AFY,1990,1989,TTL,0,1990-03-31,INR,555300000000
RBI:PSPOUTLY_RN(1.0),N_A,AFY,1990,1989,SEC8,0,1990-03-31,INR,9120000000
RBI:PSPOUTLY_RN(1.0),N_A,AFY,1990,1989,SEC6,0,1990-03-31,INR,75170000000
RBI:PSPOUTLY_RN(1.0),N_A,AFY,1990,1989,SEC5,0,1990-03-31,INR,58590000000
RBI:PSPOUTLY_RN(1.0),N_A,AFY,1990,1989,SEC3,0,1990-03-31,INR,36380000000
RBI:PSPOUTLY_RN(1.0),N_A,AFY,1990,1989,SEC9,0,1990-03-31,INR,111060000000
RBI:PSPOUTLY_RN(1.0),N_A,AFY,1990,1989,SEC1,0,1990-03-31,INR,31050000000
RBI:PSPOUTLY_RN(1.0),N_A,AFY,1990,1989,SEC2,0,1990-03-31,INR,50150000000
RBI:PSPOUTLY_RN(1.0),N_A,AFY,1990,1989,SEC4,0,1990-03-31,INR,158520000000
RBI:PSPOUTLY_RN(1.0),N_A,AFY,1990,1989,SEC7,0,1990-03-31,INR,25260000000
RBI:PSPOUTLY_RN(1.0),N_A,AFY,1989,1988,SEC4,0,1989-03-31,INR,132260000000
RBI:PSPOUTLY_RN(1.0),N_A,AFY,1989,1988,SEC6,0,1989-03-31,INR,67230000000
RBI:PSPOUTLY_RN(1.0),N_A,AFY,1989,1988,SEC7,0,1989-03-31,INR,21440000000
RBI:PSPOUTLY_RN(1.0),N_A,AFY,1989,1988,SEC2,0,1989-03-31,INR,39090000000
RBI:PSPOUTLY_RN(1.0),N_A,AFY,1989,1988,SEC1,0,1989-03-31,INR,29030000000
RBI:PSPOUTLY_RN(1.0),N_A,AFY,1989,1988,SEC5,0,1989-03-31,INR,52100000000
RBI:PSPOUTLY_RN(1.0),N_A,AFY,1989,1988,TTL,0,1989-03-31,INR,480700000000
RBI:PSPOUTLY_RN(1.0),N_A,AFY,1989,1988,SEC8,0,1989-03-31,INR,8310000000
RBI:PSPOUTLY_RN(1.0),N_A,AFY,1989,1988,SEC9,0,1989-03-31,INR,95330000000
RBI:PSPOUTLY_RN(1.0),N_A,AFY,1989,1988,SEC3,0,1989-03-31,INR,35910000000
RBI:PSPOUTLY_RN(1.0),N_A,AFY,1988,1987,SEC9,0,1988-03-31,INR,79260000000
RBI:PSPOUTLY_RN(1.0),N_A,AFY,1988,1987,SEC3,0,1988-03-31,INR,33470000000
RBI:PSPOUTLY_RN(1.0),N_A,AFY,1988,1987,SEC6,0,1988-03-31,INR,60350000000
RBI:PSPOUTLY_RN(1.0),N_A,AFY,1988,1987,TTL,0,1988-03-31,INR,429200000000
RBI:PSPOUTLY_RN(1.0),N_A,AFY,1988,1987,SEC1,0,1988-03-31,INR,27430000000
RBI:PSPOUTLY_RN(1.0),N_A,AFY,1988,1987,SEC2,0,1988-03-31,INR,38240000000
RBI:PSPOUTLY_RN(1.0),N_A,AFY,1988,1987,SEC7,0,1988-03-31,INR,18070000000
RBI:PSPOUTLY_RN(1.0),N_A,AFY,1988,1987,SEC4,0,1988-03-31,INR,115940000000
RBI:PSPOUTLY_RN(1.0),N_A,AFY,1988,1987,SEC8,0,1988-03-31,INR,7240000000
RBI:PSPOUTLY_RN(1.0),N_A,AFY,1988,1987,SEC5,0,1988-03-31,INR,49200000000
RBI:PSPOUTLY_RN(1.0),N_A,AFY,1987,1986,SEC3,0,1987-03-31,INR,32220000000
RBI:PSPOUTLY_RN(1.0),N_A,AFY,1987,1986,SEC6,0,1987-03-31,INR,52010000000
RBI:PSPOUTLY_RN(1.0),N_A,AFY,1987,1986,SEC2,0,1987-03-31,INR,32960000000
RBI:PSPOUTLY_RN(1.0),N_A,AFY,1987,1986,SEC1,0,1987-03-31,INR,22160000000
RBI:PSPOUTLY_RN(1.0),N_A,AFY,1987,1986,SEC8,0,1987-03-31,INR,6420000000
RBI:PSPOUTLY_RN(1.0),N_A,AFY,1987,1986,SEC4,0,1987-03-31,INR,114580000000
RBI:PSPOUTLY_RN(1.0),N_A,AFY,1987,1986,TTL,0,1987-03-31,INR,391490000000
RBI:PSPOUTLY_RN(1.0),N_A,AFY,1987,1986,SEC5,0,1987-03-31,INR,49480000000
RBI:PSPOUTLY_RN(1.0),N_A,AFY,1987,1986,SEC7,0,1987-03-31,INR,11980000000
RBI:PSPOUTLY_RN(1.0),N_A,AFY,1987,1986,SEC9,0,1987-03-31,INR,69680000000
RBI:PSPOUTLY_RN(1.0),N_A,AFY,1986,1985,SEC4,0,1986-03-31,INR,96790000000
RBI:PSPOUTLY_RN(1.0),N_A,AFY,1986,1985,SEC2,0,1986-03-31,INR,26730000000
RBI:PSPOUTLY_RN(1.0),N_A,AFY,1986,1985,SEC8,0,1986-03-31,INR,5800000000
RBI:PSPOUTLY_RN(1.0),N_A,AFY,1986,1985,SEC3,0,1986-03-31,INR,27920000000
RBI:PSPOUTLY_RN(1.0),N_A,AFY,1986,1985,SEC1,0,1986-03-31,INR,18260000000
RBI:PSPOUTLY_RN(1.0),N_A,AFY,1986,1985,SEC7,0,1986-03-31,INR,8770000000
RBI:PSPOUTLY_RN(1.0),N_A,AFY,1986,1985,TTL,0,1986-03-31,INR,330600000000
RBI:PSPOUTLY_RN(1.0),N_A,AFY,1986,1985,SEC9,0,1986-03-31,INR,56480000000
RBI:PSPOUTLY_RN(1.0),N_A,AFY,1986,1985,SEC5,0,1986-03-31,INR,49130000000
RBI:PSPOUTLY_RN(1.0),N_A,AFY,1986,1985,SEC6,0,1986-03-31,INR,40720000000
