DATAFLOW,AUDST,CURRENCY,FREQ,RANGE_RT_RN,REPYEAREND,REPYEARSTART,UNIT_MULT,TIME_PERIOD,UNIT_MEASURE,OBS_VALUE
RBI:FOREX_RATE_RN(1.0),N_A,EUR,M,N_A,2016,2015,0,2015-07-31,INR,5.876200000000001
RBI:FOREX_RATE_RN(1.0),N_A,GBP,M,N_A,2016,2015,0,2015-07-31,INR,342.01
RBI:FOREX_RATE_RN(1.0),N_A,JPY,M,N_A,2016,2015,0,2015-07-31,INR,467.62
RBI:FOREX_RATE_RN(1.0),N_A,USD,M,N_A,2016,2015,0,2015-07-31,INR,240.742
RBI:FOREX_RATE_RN(1.0),N_A,GBP,M,N_A,2016,2015,0,2015-06-30,INR,342.01
RBI:FOREX_RATE_RN(1.0),N_A,JPY,M,N_A,2016,2015,0,2015-06-30,INR,467.62
RBI:FOREX_RATE_RN(1.0),N_A,USD,M,N_A,2016,2015,0,2015-06-30,INR,240.742
RBI:FOREX_RATE_RN(1.0),N_A,EUR,M,N_A,2016,2015,0,2015-06-30,INR,5.876200000000001
RBI:FOREX_RATE_RN(1.0),N_A,GBP,M,N_A,2016,2015,0,2015-04-30,INR,342.01
RBI:FOREX_RATE_RN(1.0),N_A,USD,M,N_A,2016,2015,0,2015-04-30,INR,240.742
RBI:FOREX_RATE_RN(1.0),N_A,JPY,M,N_A,2016,2015,0,2015-04-30,INR,364.88750000000005
RBI:FOREX_RATE_RN(1.0),N_A,EUR,M,N_A,2016,2015,0,2015-04-30,INR,5.876200000000001
RBI:FOREX_RATE_RN(1.0),N_A,EUR,M,N_A,2015,2014,0,2015-02-28,INR,142.1681
RBI:FOREX_RATE_RN(1.0),N_A,USD,M,N_A,2015,2014,0,2015-02-28,INR,240.742
RBI:FOREX_RATE_RN(1.0),N_A,JPY,M,N_A,2015,2014,0,2015-02-28,INR,364.88750000000005
RBI:FOREX_RATE_RN(1.0),N_A,GBP,M,N_A,2015,2014,0,2015-02-28,INR,171.0050003
RBI:FOREX_RATE_RN(1.0),N_A,JPY,M,N_A,2015,2014,0,2014-12-31,INR,364.88750000000005
RBI:FOREX_RATE_RN(1.0),N_A,GBP,M,N_A,2015,2014,0,2014-12-31,INR,342.01
RBI:FOREX_RATE_RN(1.0),N_A,EUR,M,N_A,2015,2014,0,2014-12-31,INR,142.1681
RBI:FOREX_RATE_RN(1.0),N_A,USD,M,N_A,2015,2014,0,2014-12-31,INR,240.742
RBI:FOREX_RATE_RN(1.0),N_A,GBP,M,N_A,2015,2014,0,2014-11-30,INR,342.01
RBI:FOREX_RATE_RN(1.0),N_A,EUR,M,N_A,2015,2014,0,2014-11-30,INR,5.876200000000001
RBI:FOREX_RATE_RN(1.0),N_A,USD,M,N_A,2015,2014,0,2014-11-30,INR,240.742
RBI:FOREX_RATE_RN(1.0),N_A,JPY,M,N_A,2015,2014,0,2014-11-30,INR,467.62
RBI:FOREX_RATE_RN(1.0),N_A,USD,M,N_A,2015,2014,0,2014-10-31,INR,245.827
RBI:FOREX_RATE_RN(1.0),N_A,USD,M,N_A,2015,2014,0,2014-09-30,INR,244.10399999999998
RBI:FOREX_RATE_RN(1.0),N_A,USD,M,N_A,2015,2014,0,2014-08-31,INR,243.987
RBI:FOREX_RATE_RN(1.0),N_A,USD,M,N_A,2015,2014,0,2014-07-31,INR,240.24779999999998
RBI:FOREX_RATE_RN(1.0),N_A,USD,M,N_A,2015,2014,0,2014-06-30,INR,238.95100000000002
RBI:FOREX_RATE_RN(1.0),N_A,USD,M,N_A,2015,2014,0,2014-05-31,INR,237.416
RBI:FOREX_RATE_RN(1.0),N_A,USD,M,N_A,2015,2014,0,2014-04-30,INR,242.7666
RBI:FOREX_RATE_RN(1.0),N_A,USD,M,N_A,2014,2013,0,2014-03-31,INR,243.23360000000002
RBI:FOREX_RATE_RN(1.0),N_A,USD,M,N_A,2014,2013,0,2014-02-28,INR,248.77499999999998
RBI:FOREX_RATE_RN(1.0),N_A,USD,M,N_A,2014,2013,0,2014-01-31,INR,247.6572
RBI:FOREX_RATE_RN(1.0),N_A,USD,M,N_A,2014,2013,0,2013-12-31,INR,247.81859999999998
RBI:FOREX_RATE_RN(1.0),N_A,USD,M,N_A,2014,2013,0,2013-11-30,INR,249.9382
RBI:FOREX_RATE_RN(1.0),N_A,USD,M,N_A,2014,2013,0,2013-10-31,INR,245.564
RBI:FOREX_RATE_RN(1.0),N_A,USD,M,N_A,2014,2013,0,2013-09-30,INR,255.54199999999997
RBI:FOREX_RATE_RN(1.0),N_A,USD,M,N_A,2014,2013,0,2013-08-31,INR,254.7554
RBI:FOREX_RATE_RN(1.0),N_A,USD,M,N_A,2014,2013,0,2013-07-31,INR,240.0566
RBI:FOREX_RATE_RN(1.0),N_A,USD,M,N_A,2014,2013,0,2013-06-30,INR,232.888
RBI:FOREX_RATE_RN(1.0),N_A,USD,M,N_A,2014,2013,0,2013-05-31,INR,220.8936
RBI:FOREX_RATE_RN(1.0),N_A,USD,M,N_A,2014,2013,0,2013-04-30,INR,217.8202
RBI:FOREX_RATE_RN(1.0),N_A,USD,M,N_A,2013,2012,0,2013-03-31,INR,217.284
RBI:FOREX_RATE_RN(1.0),N_A,USD,M,N_A,2013,2012,0,2013-02-28,INR,215.5016
RBI:FOREX_RATE_RN(1.0),N_A,USD,M,N_A,2013,2012,0,2013-01-31,INR,216.2696
RBI:FOREX_RATE_RN(1.0),N_A,USD,M,N_A,2013,2012,0,2012-12-31,INR,218.5756
RBI:FOREX_RATE_RN(1.0),N_A,USD,M,N_A,2013,2012,0,2012-11-30,INR,218.01799999999997
RBI:FOREX_RATE_RN(1.0),N_A,USD,M,N_A,2013,2012,0,2012-10-31,INR,211.47199999999998
RBI:FOREX_RATE_RN(1.0),N_A,USD,M,N_A,2013,2012,0,2012-09-30,INR,216.43400000000003
RBI:FOREX_RATE_RN(1.0),N_A,USD,M,N_A,2013,2012,0,2012-08-31,INR,222.12
RBI:FOREX_RATE_RN(1.0),N_A,USD,M,N_A,2013,2012,0,2012-07-31,INR,222.44
RBI:FOREX_RATE_RN(1.0),N_A,EUR,M,N_A,2013,2012,0,2012-04-30,INR,273.34499999999997
RBI:FOREX_RATE_RN(1.0),N_A,JPY,M,N_A,2013,2012,0,2012-04-30,INR,254.445
RBI:FOREX_RATE_RN(1.0),N_A,USD,M,N_A,2013,2012,0,2012-04-30,INR,221.63
RBI:FOREX_RATE_RN(1.0),N_A,GBP,M,N_A,2013,2012,0,2012-04-30,INR,333.185
RBI:FOREX_RATE_RN(1.0),N_A,GBP,M,N_A,2012,2011,0,2012-03-31,INR,319.64
RBI:FOREX_RATE_RN(1.0),N_A,EUR,M,N_A,2012,2011,0,2012-03-31,INR,266.89750000000004
RBI:FOREX_RATE_RN(1.0),N_A,USD,M,N_A,2012,2011,0,2012-03-31,INR,200.95
RBI:FOREX_RATE_RN(1.0),N_A,JPY,M,N_A,2012,2011,0,2012-03-31,INR,244.93
RBI:FOREX_RATE_RN(1.0),N_A,USD,M,N_A,2012,2011,0,2012-02-29,INR,196.64
RBI:FOREX_RATE_RN(1.0),N_A,GBP,M,N_A,2012,2011,0,2012-02-29,INR,310.2425
RBI:FOREX_RATE_RN(1.0),N_A,JPY,M,N_A,2012,2011,0,2012-02-29,INR,251.0125
RBI:FOREX_RATE_RN(1.0),N_A,EUR,M,N_A,2012,2011,0,2012-02-29,INR,259.3325
RBI:FOREX_RATE_RN(1.0),N_A,JPY,M,N_A,2012,2011,0,2012-01-31,INR,267.06499999999994
RBI:FOREX_RATE_RN(1.0),N_A,USD,M,N_A,2012,2011,0,2012-01-31,INR,205.63
RBI:FOREX_RATE_RN(1.0),N_A,EUR,M,N_A,2012,2011,0,2012-01-31,INR,267.7625
RBI:FOREX_RATE_RN(1.0),N_A,GBP,M,N_A,2012,2011,0,2012-01-31,INR,321.2825
RBI:FOREX_RATE_RN(1.0),N_A,EUR,M,N_A,2012,2011,0,2011-12-31,INR,278.72749999999996
RBI:FOREX_RATE_RN(1.0),N_A,GBP,M,N_A,2012,2011,0,2011-12-31,INR,328.02750000000003
RBI:FOREX_RATE_RN(1.0),N_A,USD,M,N_A,2012,2011,0,2011-12-31,INR,211.21
RBI:FOREX_RATE_RN(1.0),N_A,JPY,M,N_A,2012,2011,0,2011-12-31,INR,270.745
RBI:FOREX_RATE_RN(1.0),N_A,GBP,M,N_A,2012,2011,0,2011-11-30,INR,321.7925
RBI:FOREX_RATE_RN(1.0),N_A,USD,M,N_A,2012,2011,0,2011-11-30,INR,203.5
RBI:FOREX_RATE_RN(1.0),N_A,EUR,M,N_A,2012,2011,0,2011-11-30,INR,277.26750000000004
RBI:FOREX_RATE_RN(1.0),N_A,JPY,M,N_A,2012,2011,0,2011-11-30,INR,263.295
RBI:FOREX_RATE_RN(1.0),N_A,USD,M,N_A,2012,2011,0,2011-10-31,INR,197.86999999999998
RBI:FOREX_RATE_RN(1.0),N_A,JPY,M,N_A,2012,2011,0,2011-10-31,INR,253.7175
RBI:FOREX_RATE_RN(1.0),N_A,GBP,M,N_A,2012,2011,0,2011-10-31,INR,311.26
RBI:FOREX_RATE_RN(1.0),N_A,EUR,M,N_A,2012,2011,0,2011-10-31,INR,269.08000000000004
RBI:FOREX_RATE_RN(1.0),N_A,JPY,M,N_A,2012,2011,0,2011-09-30,INR,249.20749999999998
RBI:FOREX_RATE_RN(1.0),N_A,USD,M,N_A,2012,2011,0,2011-09-30,INR,191.04
RBI:FOREX_RATE_RN(1.0),N_A,GBP,M,N_A,2012,2011,0,2011-09-30,INR,300.64500000000004
RBI:FOREX_RATE_RN(1.0),N_A,EUR,M,N_A,2012,2011,0,2011-09-30,INR,261.175
RBI:FOREX_RATE_RN(1.0),N_A,JPY,M,N_A,2012,2011,0,2011-08-31,INR,231.73499999999999
RBI:FOREX_RATE_RN(1.0),N_A,USD,M,N_A,2012,2011,0,2011-08-31,INR,180.69
RBI:FOREX_RATE_RN(1.0),N_A,EUR,M,N_A,2012,2011,0,2011-08-31,INR,259.18
RBI:FOREX_RATE_RN(1.0),N_A,GBP,M,N_A,2012,2011,0,2011-08-31,INR,298.495
RBI:FOREX_RATE_RN(1.0),N_A,USD,M,N_A,2012,2011,0,2011-07-31,INR,177.26
RBI:FOREX_RATE_RN(1.0),N_A,JPY,M,N_A,2012,2011,0,2011-07-31,INR,223.07
RBI:FOREX_RATE_RN(1.0),N_A,GBP,M,N_A,2012,2011,0,2011-07-31,INR,286.48
RBI:FOREX_RATE_RN(1.0),N_A,EUR,M,N_A,2012,2011,0,2011-07-31,INR,253.76
RBI:FOREX_RATE_RN(1.0),N_A,GBP,M,N_A,2012,2011,0,2011-06-30,INR,291.46
RBI:FOREX_RATE_RN(1.0),N_A,EUR,M,N_A,2012,2011,0,2011-06-30,INR,257.78000000000003
RBI:FOREX_RATE_RN(1.0),N_A,JPY,M,N_A,2012,2011,0,2011-06-30,INR,222.59
RBI:FOREX_RATE_RN(1.0),N_A,USD,M,N_A,2012,2011,0,2011-06-30,INR,179.42
RBI:FOREX_RATE_RN(1.0),N_A,USD,M,N_A,2012,2011,0,2011-05-31,INR,179.35000000000002
RBI:FOREX_RATE_RN(1.0),N_A,JPY,M,N_A,2012,2011,0,2011-05-31,INR,220.3325
RBI:FOREX_RATE_RN(1.0),N_A,EUR,M,N_A,2012,2011,0,2011-05-31,INR,259.52750000000003
RBI:FOREX_RATE_RN(1.0),N_A,GBP,M,N_A,2012,2011,0,2011-05-31,INR,294.22249999999997
RBI:FOREX_RATE_RN(1.0),N_A,JPY,M,N_A,2012,2011,0,2011-04-30,INR,212.635
RBI:FOREX_RATE_RN(1.0),N_A,USD,M,N_A,2012,2011,0,2011-04-30,INR,177.46
RBI:FOREX_RATE_RN(1.0),N_A,EUR,M,N_A,2012,2011,0,2011-04-30,INR,257.695
RBI:FOREX_RATE_RN(1.0),N_A,GBP,M,N_A,2012,2011,0,2011-04-30,INR,291.5
RBI:FOREX_RATE_RN(1.0),N_A,GBP,M,N_A,2011,2010,0,2011-03-31,INR,290.38
RBI:FOREX_RATE_RN(1.0),N_A,JPY,M,N_A,2011,2010,0,2011-03-31,INR,222.3075
RBI:FOREX_RATE_RN(1.0),N_A,EUR,M,N_A,2011,2010,0,2011-03-31,INR,252.60500000000002
RBI:FOREX_RATE_RN(1.0),N_A,USD,M,N_A,2011,2010,0,2011-03-31,INR,179.81
RBI:FOREX_RATE_RN(1.0),N_A,USD,M,N_A,2011,2010,0,2011-02-28,INR,181.84
RBI:FOREX_RATE_RN(1.0),N_A,EUR,M,N_A,2011,2010,0,2011-02-28,INR,249.15
RBI:FOREX_RATE_RN(1.0),N_A,JPY,M,N_A,2011,2010,0,2011-02-28,INR,220.44
RBI:FOREX_RATE_RN(1.0),N_A,GBP,M,N_A,2011,2010,0,2011-02-28,INR,293.3575
RBI:FOREX_RATE_RN(1.0),N_A,USD,M,N_A,2011,2010,0,2011-01-31,INR,181.25
RBI:FOREX_RATE_RN(1.0),N_A,JPY,M,N_A,2011,2010,0,2011-01-31,INR,220.73749999999998
RBI:FOREX_RATE_RN(1.0),N_A,GBP,M,N_A,2011,2010,0,2011-01-31,INR,284.5825
RBI:FOREX_RATE_RN(1.0),N_A,EUR,M,N_A,2011,2010,0,2011-01-31,INR,242.8125
RBI:FOREX_RATE_RN(1.0),N_A,EUR,M,N_A,2011,2010,0,2010-12-31,INR,238.8525
RBI:FOREX_RATE_RN(1.0),N_A,GBP,M,N_A,2011,2010,0,2010-12-31,INR,281.475
RBI:FOREX_RATE_RN(1.0),N_A,JPY,M,N_A,2011,2010,0,2010-12-31,INR,217.7525
RBI:FOREX_RATE_RN(1.0),N_A,USD,M,N_A,2011,2010,0,2010-12-31,INR,181.01999999999998
RBI:FOREX_RATE_RN(1.0),N_A,USD,M,N_A,2011,2010,0,2010-11-30,INR,180.57
RBI:FOREX_RATE_RN(1.0),N_A,EUR,M,N_A,2011,2010,0,2010-11-30,INR,245.955
RBI:FOREX_RATE_RN(1.0),N_A,GBP,M,N_A,2011,2010,0,2010-11-30,INR,287.60249999999996
RBI:FOREX_RATE_RN(1.0),N_A,JPY,M,N_A,2011,2010,0,2010-11-30,INR,217.9775
RBI:FOREX_RATE_RN(1.0),N_A,JPY,M,N_A,2011,2010,0,2010-10-31,INR,216.9075
RBI:FOREX_RATE_RN(1.0),N_A,USD,M,N_A,2011,2010,0,2010-10-31,INR,177.51999999999998
RBI:FOREX_RATE_RN(1.0),N_A,GBP,M,N_A,2011,2010,0,2010-10-31,INR,281.37749999999994
RBI:FOREX_RATE_RN(1.0),N_A,EUR,M,N_A,2011,2010,0,2010-10-31,INR,246.5625
RBI:FOREX_RATE_RN(1.0),N_A,EUR,M,N_A,2011,2010,0,2010-09-30,INR,240.39249999999998
RBI:FOREX_RATE_RN(1.0),N_A,JPY,M,N_A,2011,2010,0,2010-09-30,INR,218.25
RBI:FOREX_RATE_RN(1.0),N_A,GBP,M,N_A,2011,2010,0,2010-09-30,INR,286.6925
RBI:FOREX_RATE_RN(1.0),N_A,USD,M,N_A,2011,2010,0,2010-09-30,INR,183.59000000000003
RBI:FOREX_RATE_RN(1.0),N_A,GBP,M,N_A,2011,2010,0,2010-08-31,INR,291.815
RBI:FOREX_RATE_RN(1.0),N_A,EUR,M,N_A,2011,2010,0,2010-08-31,INR,240.875
RBI:FOREX_RATE_RN(1.0),N_A,JPY,M,N_A,2011,2010,0,2010-08-31,INR,218.635
RBI:FOREX_RATE_RN(1.0),N_A,USD,M,N_A,2011,2010,0,2010-08-31,INR,186.22
RBI:FOREX_RATE_RN(1.0),N_A,USD,M,N_A,2011,2010,0,2010-07-31,INR,187.54999999999998
RBI:FOREX_RATE_RN(1.0),N_A,GBP,M,N_A,2011,2010,0,2010-07-31,INR,285.59
RBI:FOREX_RATE_RN(1.0),N_A,JPY,M,N_A,2011,2010,0,2010-07-31,INR,214.4375
RBI:FOREX_RATE_RN(1.0),N_A,EUR,M,N_A,2011,2010,0,2010-07-31,INR,238.525
RBI:FOREX_RATE_RN(1.0),N_A,USD,M,N_A,2011,2010,0,2010-06-30,INR,185.84
RBI:FOREX_RATE_RN(1.0),N_A,EUR,M,N_A,2011,2010,0,2010-06-30,INR,227.52249999999998
RBI:FOREX_RATE_RN(1.0),N_A,JPY,M,N_A,2011,2010,0,2010-06-30,INR,205.735
RBI:FOREX_RATE_RN(1.0),N_A,GBP,M,N_A,2011,2010,0,2010-06-30,INR,275.66
RBI:FOREX_RATE_RN(1.0),N_A,GBP,M,N_A,2011,2010,0,2010-05-31,INR,268.31
RBI:FOREX_RATE_RN(1.0),N_A,USD,M,N_A,2011,2010,0,2010-05-31,INR,184.26999999999998
RBI:FOREX_RATE_RN(1.0),N_A,EUR,M,N_A,2011,2010,0,2010-05-31,INR,230.27
RBI:FOREX_RATE_RN(1.0),N_A,JPY,M,N_A,2011,2010,0,2010-05-31,INR,205.435
RBI:FOREX_RATE_RN(1.0),N_A,JPY,M,N_A,2011,2010,0,2010-04-30,INR,191.04250000000002
RBI:FOREX_RATE_RN(1.0),N_A,USD,M,N_A,2011,2010,0,2010-04-30,INR,178.09
RBI:FOREX_RATE_RN(1.0),N_A,GBP,M,N_A,2011,2010,0,2010-04-30,INR,273.0325
RBI:FOREX_RATE_RN(1.0),N_A,EUR,M,N_A,2011,2010,0,2010-04-30,INR,239.06
RBI:FOREX_RATE_RN(1.0),N_A,GBP,M,N_A,2010,2009,0,2010-03-31,INR,273.9225
RBI:FOREX_RATE_RN(1.0),N_A,USD,M,N_A,2010,2009,0,2010-03-31,INR,181.9
RBI:FOREX_RATE_RN(1.0),N_A,EUR,M,N_A,2010,2009,0,2010-03-31,INR,246.20499999999998
RBI:FOREX_RATE_RN(1.0),N_A,JPY,M,N_A,2010,2009,0,2010-03-31,INR,200.7325
RBI:FOREX_RATE_RN(1.0),N_A,JPY,M,N_A,2010,2009,0,2010-02-28,INR,205.46499999999997
RBI:FOREX_RATE_RN(1.0),N_A,EUR,M,N_A,2010,2009,0,2010-02-28,INR,253.67000000000002
RBI:FOREX_RATE_RN(1.0),N_A,USD,M,N_A,2010,2009,0,2010-02-28,INR,185.64
RBI:FOREX_RATE_RN(1.0),N_A,GBP,M,N_A,2010,2009,0,2010-02-28,INR,289.19
RBI:FOREX_RATE_RN(1.0),N_A,GBP,M,N_A,2010,2009,0,2010-01-31,INR,296.7
RBI:FOREX_RATE_RN(1.0),N_A,EUR,M,N_A,2010,2009,0,2010-01-31,INR,262.89250000000004
RBI:FOREX_RATE_RN(1.0),N_A,JPY,M,N_A,2010,2009,0,2010-01-31,INR,201.8175
RBI:FOREX_RATE_RN(1.0),N_A,USD,M,N_A,2010,2009,0,2010-01-31,INR,183.98999999999998
RBI:FOREX_RATE_RN(1.0),N_A,GBP,M,N_A,2010,2009,0,2009-12-31,INR,302.8725
RBI:FOREX_RATE_RN(1.0),N_A,EUR,M,N_A,2010,2009,0,2009-12-31,INR,273.1275
RBI:FOREX_RATE_RN(1.0),N_A,JPY,M,N_A,2010,2009,0,2009-12-31,INR,207.44
RBI:FOREX_RATE_RN(1.0),N_A,USD,M,N_A,2010,2009,0,2009-12-31,INR,186.15
RBI:FOREX_RATE_RN(1.0),N_A,GBP,M,N_A,2010,2009,0,2009-11-30,INR,313.235
RBI:FOREX_RATE_RN(1.0),N_A,EUR,M,N_A,2010,2009,0,2009-11-30,INR,277.75
RBI:FOREX_RATE_RN(1.0),N_A,USD,M,N_A,2010,2009,0,2009-11-30,INR,186.44
RBI:FOREX_RATE_RN(1.0),N_A,JPY,M,N_A,2010,2009,0,2009-11-30,INR,211.82999999999998
RBI:FOREX_RATE_RN(1.0),N_A,EUR,M,N_A,2010,2009,0,2009-10-31,INR,276.6075
RBI:FOREX_RATE_RN(1.0),N_A,GBP,M,N_A,2010,2009,0,2009-10-31,INR,303.055
RBI:FOREX_RATE_RN(1.0),N_A,USD,M,N_A,2010,2009,0,2009-10-31,INR,187.51999999999998
RBI:FOREX_RATE_RN(1.0),N_A,JPY,M,N_A,2010,2009,0,2009-10-31,INR,207.46499999999997
RBI:FOREX_RATE_RN(1.0),N_A,GBP,M,N_A,2010,2009,0,2009-09-30,INR,315.035
RBI:FOREX_RATE_RN(1.0),N_A,JPY,M,N_A,2010,2009,0,2009-09-30,INR,212.01500000000001
RBI:FOREX_RATE_RN(1.0),N_A,USD,M,N_A,2010,2009,0,2009-09-30,INR,194.03000000000003
RBI:FOREX_RATE_RN(1.0),N_A,EUR,M,N_A,2010,2009,0,2009-09-30,INR,281.515
RBI:FOREX_RATE_RN(1.0),N_A,JPY,M,N_A,2010,2009,0,2009-08-31,INR,203.7025
RBI:FOREX_RATE_RN(1.0),N_A,USD,M,N_A,2010,2009,0,2009-08-31,INR,192.85999999999999
RBI:FOREX_RATE_RN(1.0),N_A,GBP,M,N_A,2010,2009,0,2009-08-31,INR,319.88250000000005
RBI:FOREX_RATE_RN(1.0),N_A,EUR,M,N_A,2010,2009,0,2009-08-31,INR,275.84999999999997
RBI:FOREX_RATE_RN(1.0),N_A,GBP,M,N_A,2010,2009,0,2009-07-31,INR,316.7675
RBI:FOREX_RATE_RN(1.0),N_A,EUR,M,N_A,2010,2009,0,2009-07-31,INR,272.795
RBI:FOREX_RATE_RN(1.0),N_A,JPY,M,N_A,2010,2009,0,2009-07-31,INR,206.085
RBI:FOREX_RATE_RN(1.0),N_A,USD,M,N_A,2010,2009,0,2009-07-31,INR,194.42
RBI:FOREX_RATE_RN(1.0),N_A,GBP,M,N_A,2010,2009,0,2009-06-30,INR,310.57500000000005
RBI:FOREX_RATE_RN(1.0),N_A,USD,M,N_A,2010,2009,0,2009-06-30,INR,191.48
RBI:FOREX_RATE_RN(1.0),N_A,JPY,M,N_A,2010,2009,0,2009-06-30,INR,199.0475
RBI:FOREX_RATE_RN(1.0),N_A,EUR,M,N_A,2010,2009,0,2009-06-30,INR,269.1375
RBI:FOREX_RATE_RN(1.0),N_A,EUR,M,N_A,2010,2009,0,2009-05-31,INR,264.24249999999995
RBI:FOREX_RATE_RN(1.0),N_A,USD,M,N_A,2010,2009,0,2009-05-31,INR,194.06
RBI:FOREX_RATE_RN(1.0),N_A,GBP,M,N_A,2010,2009,0,2009-05-31,INR,298.42
RBI:FOREX_RATE_RN(1.0),N_A,JPY,M,N_A,2010,2009,0,2009-05-31,INR,201.9675
RBI:FOREX_RATE_RN(1.0),N_A,GBP,M,N_A,2010,2009,0,2009-04-30,INR,294.64250000000004
RBI:FOREX_RATE_RN(1.0),N_A,JPY,M,N_A,2010,2009,0,2009-04-30,INR,204.52249999999998
RBI:FOREX_RATE_RN(1.0),N_A,USD,M,N_A,2010,2009,0,2009-04-30,INR,200.08
RBI:FOREX_RATE_RN(1.0),N_A,EUR,M,N_A,2010,2009,0,2009-04-30,INR,264.94000000000005
RBI:FOREX_RATE_RN(1.0),N_A,JPY,M,N_A,2009,2008,0,2009-03-31,INR,209.6875
RBI:FOREX_RATE_RN(1.0),N_A,EUR,M,N_A,2009,2008,0,2009-03-31,INR,268.7175
RBI:FOREX_RATE_RN(1.0),N_A,USD,M,N_A,2009,2008,0,2009-03-31,INR,244.615
RBI:FOREX_RATE_RN(1.0),N_A,GBP,M,N_A,2009,2008,0,2009-03-31,INR,292.395
RBI:FOREX_RATE_RN(1.0),N_A,USD,M,N_A,2009,2008,0,2009-02-28,INR,198.64000000000001
RBI:FOREX_RATE_RN(1.0),N_A,JPY,M,N_A,2009,2008,0,2009-02-28,INR,212.02750000000003
RBI:FOREX_RATE_RN(1.0),N_A,EUR,M,N_A,2009,2008,0,2009-02-28,INR,253.51999999999998
RBI:FOREX_RATE_RN(1.0),N_A,GBP,M,N_A,2009,2008,0,2009-02-28,INR,283.695
RBI:FOREX_RATE_RN(1.0),N_A,GBP,M,N_A,2009,2008,0,2009-01-31,INR,284.1975
RBI:FOREX_RATE_RN(1.0),N_A,JPY,M,N_A,2009,2008,0,2009-01-31,INR,215.7275
RBI:FOREX_RATE_RN(1.0),N_A,USD,M,N_A,2009,2008,0,2009-01-31,INR,195.11
RBI:FOREX_RATE_RN(1.0),N_A,EUR,M,N_A,2009,2008,0,2009-01-31,INR,262.68
RBI:FOREX_RATE_RN(1.0),N_A,EUR,M,N_A,2009,2008,0,2008-12-31,INR,264.4325
RBI:FOREX_RATE_RN(1.0),N_A,JPY,M,N_A,2009,2008,0,2008-12-31,INR,243.1375
RBI:FOREX_RATE_RN(1.0),N_A,GBP,M,N_A,2009,2008,0,2008-12-31,INR,293.40250000000003
RBI:FOREX_RATE_RN(1.0),N_A,USD,M,N_A,2009,2008,0,2008-12-31,INR,195.16
RBI:FOREX_RATE_RN(1.0),N_A,JPY,M,N_A,2009,2008,0,2008-11-30,INR,200.8725
RBI:FOREX_RATE_RN(1.0),N_A,GBP,M,N_A,2009,2008,0,2008-11-30,INR,304.545
RBI:FOREX_RATE_RN(1.0),N_A,EUR,M,N_A,2009,2008,0,2008-11-30,INR,250.64249999999998
RBI:FOREX_RATE_RN(1.0),N_A,USD,M,N_A,2009,2008,0,2008-11-30,INR,195.4
RBI:FOREX_RATE_RN(1.0),N_A,EUR,M,N_A,2009,2008,0,2008-10-31,INR,258.35249999999996
RBI:FOREX_RATE_RN(1.0),N_A,GBP,M,N_A,2009,2008,0,2008-10-31,INR,327.955
RBI:FOREX_RATE_RN(1.0),N_A,JPY,M,N_A,2009,2008,0,2008-10-31,INR,196.12
RBI:FOREX_RATE_RN(1.0),N_A,USD,M,N_A,2009,2008,0,2008-10-31,INR,194.0
RBI:FOREX_RATE_RN(1.0),N_A,GBP,M,N_A,2009,2008,0,2008-09-30,INR,328.0775
RBI:FOREX_RATE_RN(1.0),N_A,JPY,M,N_A,2009,2008,0,2008-09-30,INR,171.1225
RBI:FOREX_RATE_RN(1.0),N_A,USD,M,N_A,2009,2008,0,2008-09-30,INR,182.28000000000003
RBI:FOREX_RATE_RN(1.0),N_A,EUR,M,N_A,2009,2008,0,2008-09-30,INR,262.905
RBI:FOREX_RATE_RN(1.0),N_A,JPY,M,N_A,2009,2008,0,2008-08-31,INR,156.6725
RBI:FOREX_RATE_RN(1.0),N_A,USD,M,N_A,2009,2008,0,2008-08-31,INR,171.88
RBI:FOREX_RATE_RN(1.0),N_A,EUR,M,N_A,2009,2008,0,2008-08-31,INR,257.63
RBI:FOREX_RATE_RN(1.0),N_A,GBP,M,N_A,2009,2008,0,2008-08-31,INR,328.16
RBI:FOREX_RATE_RN(1.0),N_A,GBP,M,N_A,2009,2008,0,2008-07-31,INR,340.47249999999997
RBI:FOREX_RATE_RN(1.0),N_A,JPY,M,N_A,2009,2008,0,2008-07-31,INR,159.515
RBI:FOREX_RATE_RN(1.0),N_A,USD,M,N_A,2009,2008,0,2008-07-31,INR,170.66
RBI:FOREX_RATE_RN(1.0),N_A,EUR,M,N_A,2009,2008,0,2008-07-31,INR,269.385
RBI:FOREX_RATE_RN(1.0),N_A,EUR,M,N_A,2009,2008,0,2008-06-30,INR,266.71000000000004
RBI:FOREX_RATE_RN(1.0),N_A,JPY,M,N_A,2009,2008,0,2008-06-30,INR,160.8475
RBI:FOREX_RATE_RN(1.0),N_A,GBP,M,N_A,2009,2008,0,2008-06-30,INR,337.735
RBI:FOREX_RATE_RN(1.0),N_A,USD,M,N_A,2009,2008,0,2008-06-30,INR,170.43
RBI:FOREX_RATE_RN(1.0),N_A,USD,M,N_A,2009,2008,0,2008-05-31,INR,167.41
RBI:FOREX_RATE_RN(1.0),N_A,GBP,M,N_A,2009,2008,0,2008-05-31,INR,330.5775
RBI:FOREX_RATE_RN(1.0),N_A,EUR,M,N_A,2009,2008,0,2008-05-31,INR,261.6825
RBI:FOREX_RATE_RN(1.0),N_A,JPY,M,N_A,2009,2008,0,2008-05-31,INR,160.7825
RBI:FOREX_RATE_RN(1.0),N_A,EUR,M,N_A,2009,2008,0,2008-04-30,INR,252.505
RBI:FOREX_RATE_RN(1.0),N_A,GBP,M,N_A,2009,2008,0,2008-04-30,INR,317.1125
RBI:FOREX_RATE_RN(1.0),N_A,JPY,M,N_A,2009,2008,0,2008-04-30,INR,156.42000000000002
RBI:FOREX_RATE_RN(1.0),N_A,USD,M,N_A,2009,2008,0,2008-04-30,INR,160.69
RBI:FOREX_RATE_RN(1.0),N_A,JPY,M,N_A,2008,2007,0,2008-03-31,INR,161.7975
RBI:FOREX_RATE_RN(1.0),N_A,USD,M,N_A,2008,2007,0,2008-03-31,INR,161.5
RBI:FOREX_RATE_RN(1.0),N_A,GBP,M,N_A,2008,2007,0,2008-03-31,INR,323.585
RBI:FOREX_RATE_RN(1.0),N_A,EUR,M,N_A,2008,2007,0,2008-03-31,INR,251.42000000000002
RBI:FOREX_RATE_RN(1.0),N_A,GBP,M,N_A,2008,2007,0,2008-02-29,INR,312.4975
RBI:FOREX_RATE_RN(1.0),N_A,EUR,M,N_A,2008,2007,0,2008-02-29,INR,235.83
RBI:FOREX_RATE_RN(1.0),N_A,USD,M,N_A,2008,2007,0,2008-02-29,INR,159.02
RBI:FOREX_RATE_RN(1.0),N_A,JPY,M,N_A,2008,2007,0,2008-02-29,INR,149.51999999999998
RBI:FOREX_RATE_RN(1.0),N_A,GBP,M,N_A,2008,2007,0,2008-01-31,INR,310.665
RBI:FOREX_RATE_RN(1.0),N_A,USD,M,N_A,2008,2007,0,2008-01-31,INR,157.98
RBI:FOREX_RATE_RN(1.0),N_A,EUR,M,N_A,2008,2007,0,2008-01-31,INR,232.015
RBI:FOREX_RATE_RN(1.0),N_A,JPY,M,N_A,2008,2007,0,2008-01-31,INR,145.505
RBI:FOREX_RATE_RN(1.0),N_A,JPY,M,N_A,2008,2007,0,2007-12-31,INR,140.57750000000001
RBI:FOREX_RATE_RN(1.0),N_A,EUR,M,N_A,2008,2007,0,2007-12-31,INR,229.9775
RBI:FOREX_RATE_RN(1.0),N_A,GBP,M,N_A,2008,2007,0,2007-12-31,INR,318.9925
RBI:FOREX_RATE_RN(1.0),N_A,USD,M,N_A,2008,2007,0,2007-12-31,INR,157.82
RBI:FOREX_RATE_RN(1.0),N_A,USD,M,N_A,2008,2007,0,2007-11-30,INR,158.18
RBI:FOREX_RATE_RN(1.0),N_A,GBP,M,N_A,2008,2007,0,2007-11-30,INR,326.47
RBI:FOREX_RATE_RN(1.0),N_A,JPY,M,N_A,2008,2007,0,2007-11-30,INR,141.65
RBI:FOREX_RATE_RN(1.0),N_A,EUR,M,N_A,2008,2007,0,2007-11-30,INR,233.2775
RBI:FOREX_RATE_RN(1.0),N_A,JPY,M,N_A,2008,2007,0,2007-10-31,INR,136.57500000000002
RBI:FOREX_RATE_RN(1.0),N_A,USD,M,N_A,2008,2007,0,2007-10-31,INR,158.18
RBI:FOREX_RATE_RN(1.0),N_A,EUR,M,N_A,2008,2007,0,2007-10-31,INR,224.98499999999999
RBI:FOREX_RATE_RN(1.0),N_A,GBP,M,N_A,2008,2007,0,2007-10-31,INR,322.6775
RBI:FOREX_RATE_RN(1.0),N_A,EUR,M,N_A,2008,2007,0,2007-09-30,INR,223.73999999999998
RBI:FOREX_RATE_RN(1.0),N_A,JPY,M,N_A,2008,2007,0,2007-09-30,INR,140.565
RBI:FOREX_RATE_RN(1.0),N_A,USD,M,N_A,2008,2007,0,2007-09-30,INR,161.28
RBI:FOREX_RATE_RN(1.0),N_A,GBP,M,N_A,2008,2007,0,2007-09-30,INR,325.03000000000003
RBI:FOREX_RATE_RN(1.0),N_A,USD,M,N_A,2008,2007,0,2007-08-31,INR,163.85999999999999
RBI:FOREX_RATE_RN(1.0),N_A,GBP,M,N_A,2008,2007,0,2007-08-31,INR,328.2825
RBI:FOREX_RATE_RN(1.0),N_A,JPY,M,N_A,2008,2007,0,2007-08-31,INR,141.465
RBI:FOREX_RATE_RN(1.0),N_A,EUR,M,N_A,2008,2007,0,2007-08-31,INR,222.515
RBI:FOREX_RATE_RN(1.0),N_A,GBP,M,N_A,2008,2007,0,2007-07-31,INR,328.58
RBI:FOREX_RATE_RN(1.0),N_A,EUR,M,N_A,2008,2007,0,2007-07-31,INR,221.54250000000002
RBI:FOREX_RATE_RN(1.0),N_A,USD,M,N_A,2008,2007,0,2007-07-31,INR,161.79
RBI:FOREX_RATE_RN(1.0),N_A,JPY,M,N_A,2008,2007,0,2007-07-31,INR,133.6975
RBI:FOREX_RATE_RN(1.0),N_A,USD,M,N_A,2008,2007,0,2007-06-30,INR,162.95
RBI:FOREX_RATE_RN(1.0),N_A,GBP,M,N_A,2008,2007,0,2007-06-30,INR,324.0625
RBI:FOREX_RATE_RN(1.0),N_A,EUR,M,N_A,2008,2007,0,2007-06-30,INR,218.8525
RBI:FOREX_RATE_RN(1.0),N_A,JPY,M,N_A,2008,2007,0,2007-06-30,INR,133.355
RBI:FOREX_RATE_RN(1.0),N_A,JPY,M,N_A,2008,2007,0,2007-05-31,INR,135.6275
RBI:FOREX_RATE_RN(1.0),N_A,EUR,M,N_A,2008,2007,0,2007-05-31,INR,220.91499999999996
RBI:FOREX_RATE_RN(1.0),N_A,GBP,M,N_A,2008,2007,0,2007-05-31,INR,324.3825
RBI:FOREX_RATE_RN(1.0),N_A,USD,M,N_A,2008,2007,0,2007-05-31,INR,163.58
RBI:FOREX_RATE_RN(1.0),N_A,EUR,M,N_A,2008,2007,0,2007-04-30,INR,226.90749999999997
RBI:FOREX_RATE_RN(1.0),N_A,GBP,M,N_A,2008,2007,0,2007-04-30,INR,334.09250000000003
RBI:FOREX_RATE_RN(1.0),N_A,JPY,M,N_A,2008,2007,0,2007-04-30,INR,141.61499999999998
RBI:FOREX_RATE_RN(1.0),N_A,USD,M,N_A,2008,2007,0,2007-04-30,INR,167.86
RBI:FOREX_RATE_RN(1.0),N_A,USD,M,N_A,2007,2006,0,2007-03-31,INR,175.39000000000001
RBI:FOREX_RATE_RN(1.0),N_A,JPY,M,N_A,2007,2006,0,2007-03-31,INR,150.3975
RBI:FOREX_RATE_RN(1.0),N_A,EUR,M,N_A,2007,2006,0,2007-03-31,INR,232.48499999999999
RBI:FOREX_RATE_RN(1.0),N_A,GBP,M,N_A,2007,2006,0,2007-03-31,INR,343.015
RBI:FOREX_RATE_RN(1.0),N_A,GBP,M,N_A,2007,2006,0,2007-02-28,INR,346.05
RBI:FOREX_RATE_RN(1.0),N_A,EUR,M,N_A,2007,2006,0,2007-02-28,INR,231.1275
RBI:FOREX_RATE_RN(1.0),N_A,USD,M,N_A,2007,2006,0,2007-02-28,INR,176.71000000000004
RBI:FOREX_RATE_RN(1.0),N_A,JPY,M,N_A,2007,2006,0,2007-02-28,INR,147.415
RBI:FOREX_RATE_RN(1.0),N_A,EUR,M,N_A,2007,2006,0,2007-01-31,INR,232.0025
RBI:FOREX_RATE_RN(1.0),N_A,USD,M,N_A,2007,2006,0,2007-01-31,INR,177.57999999999998
RBI:FOREX_RATE_RN(1.0),N_A,JPY,M,N_A,2007,2006,0,2007-01-31,INR,147.7875
RBI:FOREX_RATE_RN(1.0),N_A,GBP,M,N_A,2007,2006,0,2007-01-31,INR,346.755
RBI:FOREX_RATE_RN(1.0),N_A,JPY,M,N_A,2007,2006,0,2006-12-31,INR,152.1675
RBI:FOREX_RATE_RN(1.0),N_A,EUR,M,N_A,2007,2006,0,2006-12-31,INR,235.48250000000002
RBI:FOREX_RATE_RN(1.0),N_A,USD,M,N_A,2007,2006,0,2006-12-31,INR,178.16000000000003
RBI:FOREX_RATE_RN(1.0),N_A,GBP,M,N_A,2007,2006,0,2006-12-31,INR,350.325
RBI:FOREX_RATE_RN(1.0),N_A,JPY,M,N_A,2007,2006,0,2006-11-30,INR,152.81
RBI:FOREX_RATE_RN(1.0),N_A,GBP,M,N_A,2007,2006,0,2006-11-30,INR,344.14750000000004
RBI:FOREX_RATE_RN(1.0),N_A,EUR,M,N_A,2007,2006,0,2006-11-30,INR,231.92000000000002
RBI:FOREX_RATE_RN(1.0),N_A,USD,M,N_A,2007,2006,0,2006-11-30,INR,179.56
RBI:FOREX_RATE_RN(1.0),N_A,GBP,M,N_A,2007,2006,0,2006-10-31,INR,341.7
RBI:FOREX_RATE_RN(1.0),N_A,JPY,M,N_A,2007,2006,0,2006-10-31,INR,153.955
RBI:FOREX_RATE_RN(1.0),N_A,USD,M,N_A,2007,2006,0,2006-10-31,INR,181.74
RBI:FOREX_RATE_RN(1.0),N_A,EUR,M,N_A,2007,2006,0,2006-10-31,INR,230.625
RBI:FOREX_RATE_RN(1.0),N_A,GBP,M,N_A,2007,2006,0,2006-09-30,INR,349.34
RBI:FOREX_RATE_RN(1.0),N_A,USD,M,N_A,2007,2006,0,2006-09-30,INR,184.79999999999998
RBI:FOREX_RATE_RN(1.0),N_A,EUR,M,N_A,2007,2006,0,2006-09-30,INR,235.755
RBI:FOREX_RATE_RN(1.0),N_A,JPY,M,N_A,2007,2006,0,2006-09-30,INR,157.735
RBI:FOREX_RATE_RN(1.0),N_A,USD,M,N_A,2007,2006,0,2006-08-31,INR,186.29
RBI:FOREX_RATE_RN(1.0),N_A,EUR,M,N_A,2007,2006,0,2006-08-31,INR,238.48749999999998
RBI:FOREX_RATE_RN(1.0),N_A,GBP,M,N_A,2007,2006,0,2006-08-31,INR,351.51500000000004
RBI:FOREX_RATE_RN(1.0),N_A,JPY,M,N_A,2007,2006,0,2006-08-31,INR,160.74249999999998
RBI:FOREX_RATE_RN(1.0),N_A,JPY,M,N_A,2007,2006,0,2006-07-31,INR,161.125
RBI:FOREX_RATE_RN(1.0),N_A,EUR,M,N_A,2007,2006,0,2006-07-31,INR,235.7175
RBI:FOREX_RATE_RN(1.0),N_A,USD,M,N_A,2007,2006,0,2006-07-31,INR,185.88
RBI:FOREX_RATE_RN(1.0),N_A,GBP,M,N_A,2007,2006,0,2006-07-31,INR,343.21
RBI:FOREX_RATE_RN(1.0),N_A,GBP,M,N_A,2007,2006,0,2006-06-30,INR,341.1875
RBI:FOREX_RATE_RN(1.0),N_A,EUR,M,N_A,2007,2006,0,2006-06-30,INR,234.2125
RBI:FOREX_RATE_RN(1.0),N_A,JPY,M,N_A,2007,2006,0,2006-06-30,INR,161.4725
RBI:FOREX_RATE_RN(1.0),N_A,USD,M,N_A,2007,2006,0,2006-06-30,INR,184.43
RBI:FOREX_RATE_RN(1.0),N_A,USD,M,N_A,2007,2006,0,2006-05-31,INR,182.59000000000003
RBI:FOREX_RATE_RN(1.0),N_A,JPY,M,N_A,2007,2006,0,2006-05-31,INR,161.865
RBI:FOREX_RATE_RN(1.0),N_A,GBP,M,N_A,2007,2006,0,2006-05-31,INR,338.6
RBI:FOREX_RATE_RN(1.0),N_A,EUR,M,N_A,2007,2006,0,2006-05-31,INR,232.5
RBI:FOREX_RATE_RN(1.0),N_A,JPY,M,N_A,2007,2006,0,2006-04-30,INR,154.02
RBI:FOREX_RATE_RN(1.0),N_A,EUR,M,N_A,2007,2006,0,2006-04-30,INR,220.325
RBI:FOREX_RATE_RN(1.0),N_A,GBP,M,N_A,2007,2006,0,2006-04-30,INR,316.4325
RBI:FOREX_RATE_RN(1.0),N_A,USD,M,N_A,2007,2006,0,2006-04-30,INR,179.82
RBI:FOREX_RATE_RN(1.0),N_A,GBP,M,N_A,2006,2005,0,2006-03-31,INR,309.85499999999996
RBI:FOREX_RATE_RN(1.0),N_A,USD,M,N_A,2006,2005,0,2006-03-31,INR,178.03
RBI:FOREX_RATE_RN(1.0),N_A,JPY,M,N_A,2006,2005,0,2006-03-31,INR,151.5525
RBI:FOREX_RATE_RN(1.0),N_A,EUR,M,N_A,2006,2005,0,2006-03-31,INR,214.1225
RBI:FOREX_RATE_RN(1.0),N_A,USD,M,N_A,2006,2005,0,2006-02-28,INR,177.41000000000003
RBI:FOREX_RATE_RN(1.0),N_A,GBP,M,N_A,2006,2005,0,2006-02-28,INR,310.97999999999996
RBI:FOREX_RATE_RN(1.0),N_A,JPY,M,N_A,2006,2005,0,2006-02-28,INR,150.905
RBI:FOREX_RATE_RN(1.0),N_A,EUR,M,N_A,2006,2005,0,2006-02-28,INR,212.66
RBI:FOREX_RATE_RN(1.0),N_A,USD,M,N_A,2006,2005,0,2006-01-31,INR,178.23
RBI:FOREX_RATE_RN(1.0),N_A,JPY,M,N_A,2006,2005,0,2006-01-31,INR,152.775
RBI:FOREX_RATE_RN(1.0),N_A,EUR,M,N_A,2006,2005,0,2006-01-31,INR,215.3625
RBI:FOREX_RATE_RN(1.0),N_A,GBP,M,N_A,2006,2005,0,2006-01-31,INR,313.08
RBI:FOREX_RATE_RN(1.0),N_A,USD,M,N_A,2006,2005,0,2005-12-31,INR,182.69
RBI:FOREX_RATE_RN(1.0),N_A,GBP,M,N_A,2006,2005,0,2005-12-31,INR,318.90250000000003
RBI:FOREX_RATE_RN(1.0),N_A,JPY,M,N_A,2006,2005,0,2005-12-31,INR,154.59
RBI:FOREX_RATE_RN(1.0),N_A,EUR,M,N_A,2006,2005,0,2005-12-31,INR,217.0075
RBI:FOREX_RATE_RN(1.0),N_A,USD,M,N_A,2006,2005,0,2005-11-30,INR,182.34
RBI:FOREX_RATE_RN(1.0),N_A,EUR,M,N_A,2006,2005,0,2005-11-30,INR,216.07999999999998
RBI:FOREX_RATE_RN(1.0),N_A,GBP,M,N_A,2006,2005,0,2005-11-30,INR,317.7025
RBI:FOREX_RATE_RN(1.0),N_A,JPY,M,N_A,2006,2005,0,2005-11-30,INR,154.7525
RBI:FOREX_RATE_RN(1.0),N_A,GBP,M,N_A,2006,2005,0,2005-10-31,INR,315.765
RBI:FOREX_RATE_RN(1.0),N_A,JPY,M,N_A,2006,2005,0,2005-10-31,INR,155.96
RBI:FOREX_RATE_RN(1.0),N_A,EUR,M,N_A,2006,2005,0,2005-10-31,INR,214.69500000000002
RBI:FOREX_RATE_RN(1.0),N_A,USD,M,N_A,2006,2005,0,2005-10-31,INR,178.72000000000003
RBI:FOREX_RATE_RN(1.0),N_A,GBP,M,N_A,2006,2005,0,2005-09-30,INR,316.8925
RBI:FOREX_RATE_RN(1.0),N_A,USD,M,N_A,2006,2005,0,2005-09-30,INR,175.70999999999998
RBI:FOREX_RATE_RN(1.0),N_A,EUR,M,N_A,2006,2005,0,2005-09-30,INR,215.4725
RBI:FOREX_RATE_RN(1.0),N_A,JPY,M,N_A,2006,2005,0,2005-09-30,INR,158.0825
RBI:FOREX_RATE_RN(1.0),N_A,USD,M,N_A,2006,2005,0,2005-08-31,INR,174.98999999999998
RBI:FOREX_RATE_RN(1.0),N_A,EUR,M,N_A,2006,2005,0,2005-08-31,INR,214.43
RBI:FOREX_RATE_RN(1.0),N_A,GBP,M,N_A,2006,2005,0,2005-08-31,INR,311.2
RBI:FOREX_RATE_RN(1.0),N_A,JPY,M,N_A,2006,2005,0,2005-08-31,INR,157.08
RBI:FOREX_RATE_RN(1.0),N_A,JPY,M,N_A,2006,2005,0,2005-07-31,INR,155.26999999999998
RBI:FOREX_RATE_RN(1.0),N_A,EUR,M,N_A,2006,2005,0,2005-07-31,INR,209.76
RBI:FOREX_RATE_RN(1.0),N_A,GBP,M,N_A,2006,2005,0,2005-07-31,INR,306.265
RBI:FOREX_RATE_RN(1.0),N_A,USD,M,N_A,2006,2005,0,2005-07-31,INR,174.04
RBI:FOREX_RATE_RN(1.0),N_A,GBP,M,N_A,2006,2005,0,2005-06-30,INR,317.17
RBI:FOREX_RATE_RN(1.0),N_A,EUR,M,N_A,2006,2005,0,2005-06-30,INR,212.7
RBI:FOREX_RATE_RN(1.0),N_A,JPY,M,N_A,2006,2005,0,2005-06-30,INR,160.5825
RBI:FOREX_RATE_RN(1.0),N_A,USD,M,N_A,2006,2005,0,2005-06-30,INR,174.5
RBI:FOREX_RATE_RN(1.0),N_A,EUR,M,N_A,2006,2005,0,2005-05-31,INR,220.99
RBI:FOREX_RATE_RN(1.0),N_A,USD,M,N_A,2006,2005,0,2005-05-31,INR,173.96
RBI:FOREX_RATE_RN(1.0),N_A,GBP,M,N_A,2006,2005,0,2005-05-31,INR,324.57
RBI:FOREX_RATE_RN(1.0),N_A,JPY,M,N_A,2006,2005,0,2005-05-31,INR,163.8275
RBI:FOREX_RATE_RN(1.0),N_A,GBP,M,N_A,2006,2005,0,2005-04-30,INR,331.5525
RBI:FOREX_RATE_RN(1.0),N_A,JPY,M,N_A,2006,2005,0,2005-04-30,INR,163.47
RBI:FOREX_RATE_RN(1.0),N_A,USD,M,N_A,2006,2005,0,2005-04-30,INR,174.94
RBI:FOREX_RATE_RN(1.0),N_A,EUR,M,N_A,2006,2005,0,2005-04-30,INR,226.8125
RBI:FOREX_RATE_RN(1.0),N_A,GBP,M,N_A,2005,2004,0,2005-03-31,INR,331.52000000000004
RBI:FOREX_RATE_RN(1.0),N_A,EUR,M,N_A,2005,2004,0,2005-03-31,INR,230.1575
RBI:FOREX_RATE_RN(1.0),N_A,JPY,M,N_A,2005,2004,0,2005-03-31,INR,165.4075
RBI:FOREX_RATE_RN(1.0),N_A,USD,M,N_A,2005,2004,0,2005-03-31,INR,174.69
RBI:FOREX_RATE_RN(1.0),N_A,USD,M,N_A,2005,2004,0,2005-02-28,INR,174.4
RBI:FOREX_RATE_RN(1.0),N_A,EUR,M,N_A,2005,2004,0,2005-02-28,INR,227.1775
RBI:FOREX_RATE_RN(1.0),N_A,GBP,M,N_A,2005,2004,0,2005-02-28,INR,329.7575
RBI:FOREX_RATE_RN(1.0),N_A,JPY,M,N_A,2005,2004,0,2005-02-28,INR,166.99
RBI:FOREX_RATE_RN(1.0),N_A,GBP,M,N_A,2005,2004,0,2005-01-31,INR,328.8075
RBI:FOREX_RATE_RN(1.0),N_A,JPY,M,N_A,2005,2004,0,2005-01-31,INR,168.45
RBI:FOREX_RATE_RN(1.0),N_A,EUR,M,N_A,2005,2004,0,2005-01-31,INR,231.125
RBI:FOREX_RATE_RN(1.0),N_A,USD,M,N_A,2005,2004,0,2005-01-31,INR,174.9
RBI:FOREX_RATE_RN(1.0),N_A,EUR,M,N_A,2005,2004,0,2004-12-31,INR,236.03749999999997
RBI:FOREX_RATE_RN(1.0),N_A,USD,M,N_A,2005,2004,0,2004-12-31,INR,176.46999999999997
RBI:FOREX_RATE_RN(1.0),N_A,GBP,M,N_A,2005,2004,0,2004-12-31,INR,339.0325
RBI:FOREX_RATE_RN(1.0),N_A,JPY,M,N_A,2005,2004,0,2004-12-31,INR,170.48250000000002
RBI:FOREX_RATE_RN(1.0),N_A,USD,M,N_A,2005,2004,0,2004-11-30,INR,180.51999999999998
RBI:FOREX_RATE_RN(1.0),N_A,EUR,M,N_A,2005,2004,0,2004-11-30,INR,234.5525
RBI:FOREX_RATE_RN(1.0),N_A,GBP,M,N_A,2005,2004,0,2004-11-30,INR,336.395
RBI:FOREX_RATE_RN(1.0),N_A,JPY,M,N_A,2005,2004,0,2004-11-30,INR,172.05
RBI:FOREX_RATE_RN(1.0),N_A,GBP,M,N_A,2005,2004,0,2004-10-31,INR,331.4625
RBI:FOREX_RATE_RN(1.0),N_A,EUR,M,N_A,2005,2004,0,2004-10-31,INR,229.54
RBI:FOREX_RATE_RN(1.0),N_A,USD,M,N_A,2005,2004,0,2004-10-31,INR,182.74999999999997
RBI:FOREX_RATE_RN(1.0),N_A,JPY,M,N_A,2005,2004,0,2004-10-31,INR,168.35750000000002
RBI:FOREX_RATE_RN(1.0),N_A,JPY,M,N_A,2005,2004,0,2004-09-30,INR,167.54
RBI:FOREX_RATE_RN(1.0),N_A,EUR,M,N_A,2005,2004,0,2004-09-30,INR,225.38250000000002
RBI:FOREX_RATE_RN(1.0),N_A,USD,M,N_A,2005,2004,0,2004-09-30,INR,184.3
RBI:FOREX_RATE_RN(1.0),N_A,GBP,M,N_A,2005,2004,0,2004-09-30,INR,330.4825
RBI:FOREX_RATE_RN(1.0),N_A,USD,M,N_A,2005,2004,0,2004-08-31,INR,185.40000000000003
RBI:FOREX_RATE_RN(1.0),N_A,JPY,M,N_A,2005,2004,0,2004-08-31,INR,167.3925
RBI:FOREX_RATE_RN(1.0),N_A,GBP,M,N_A,2005,2004,0,2004-08-31,INR,336.77500000000003
RBI:FOREX_RATE_RN(1.0),N_A,EUR,M,N_A,2005,2004,0,2004-08-31,INR,225.8025
RBI:FOREX_RATE_RN(1.0),N_A,JPY,M,N_A,2005,2004,0,2004-07-31,INR,167.98499999999999
RBI:FOREX_RATE_RN(1.0),N_A,GBP,M,N_A,2005,2004,0,2004-07-31,INR,338.94
RBI:FOREX_RATE_RN(1.0),N_A,EUR,M,N_A,2005,2004,0,2004-07-31,INR,226.20000000000002
RBI:FOREX_RATE_RN(1.0),N_A,USD,M,N_A,2005,2004,0,2004-07-31,INR,184.16
RBI:FOREX_RATE_RN(1.0),N_A,JPY,M,N_A,2005,2004,0,2004-06-30,INR,166.8625
RBI:FOREX_RATE_RN(1.0),N_A,GBP,M,N_A,2005,2004,0,2004-06-30,INR,332.71500000000003
RBI:FOREX_RATE_RN(1.0),N_A,EUR,M,N_A,2005,2004,0,2004-06-30,INR,220.495
RBI:FOREX_RATE_RN(1.0),N_A,USD,M,N_A,2005,2004,0,2004-06-30,INR,182.31
RBI:FOREX_RATE_RN(1.0),N_A,EUR,M,N_A,2005,2004,0,2004-05-31,INR,217.8975
RBI:FOREX_RATE_RN(1.0),N_A,JPY,M,N_A,2005,2004,0,2004-05-31,INR,162.22750000000002
RBI:FOREX_RATE_RN(1.0),N_A,USD,M,N_A,2005,2004,0,2004-05-31,INR,181.26999999999998
RBI:FOREX_RATE_RN(1.0),N_A,GBP,M,N_A,2005,2004,0,2004-05-31,INR,326.26250000000005
RBI:FOREX_RATE_RN(1.0),N_A,JPY,M,N_A,2005,2004,0,2004-04-30,INR,164.4
RBI:FOREX_RATE_RN(1.0),N_A,GBP,M,N_A,2005,2004,0,2004-04-30,INR,317.7
RBI:FOREX_RATE_RN(1.0),N_A,USD,M,N_A,2005,2004,0,2004-04-30,INR,175.95000000000002
RBI:FOREX_RATE_RN(1.0),N_A,EUR,M,N_A,2005,2004,0,2004-04-30,INR,211.95
RBI:FOREX_RATE_RN(1.0),N_A,GBP,M,N_A,2004,2003,0,2004-03-31,INR,328.7
RBI:FOREX_RATE_RN(1.0),N_A,USD,M,N_A,2004,2003,0,2004-03-31,INR,177.49
RBI:FOREX_RATE_RN(1.0),N_A,JPY,M,N_A,2004,2003,0,2004-03-31,INR,165.3075
RBI:FOREX_RATE_RN(1.0),N_A,EUR,M,N_A,2004,2003,0,2004-03-31,INR,219.69
RBI:FOREX_RATE_RN(1.0),N_A,JPY,M,N_A,2004,2003,0,2004-02-29,INR,168.68
RBI:FOREX_RATE_RN(1.0),N_A,USD,M,N_A,2004,2003,0,2004-02-29,INR,181.10000000000002
RBI:FOREX_RATE_RN(1.0),N_A,GBP,M,N_A,2004,2003,0,2004-02-29,INR,336.725
RBI:FOREX_RATE_RN(1.0),N_A,EUR,M,N_A,2004,2003,0,2004-02-29,INR,228.71
RBI:FOREX_RATE_RN(1.0),N_A,USD,M,N_A,2004,2003,0,2004-01-31,INR,181.86
RBI:FOREX_RATE_RN(1.0),N_A,GBP,M,N_A,2004,2003,0,2004-01-31,INR,330.655
RBI:FOREX_RATE_RN(1.0),N_A,EUR,M,N_A,2004,2003,0,2004-01-31,INR,228.945
RBI:FOREX_RATE_RN(1.0),N_A,JPY,M,N_A,2004,2003,0,2004-01-31,INR,170.54
RBI:FOREX_RATE_RN(1.0),N_A,GBP,M,N_A,2004,2003,0,2003-12-31,INR,319.155
RBI:FOREX_RATE_RN(1.0),N_A,JPY,M,N_A,2004,2003,0,2003-12-31,INR,168.8575
RBI:FOREX_RATE_RN(1.0),N_A,USD,M,N_A,2004,2003,0,2003-12-31,INR,182.59
RBI:FOREX_RATE_RN(1.0),N_A,EUR,M,N_A,2004,2003,0,2003-12-31,INR,224.1925
RBI:FOREX_RATE_RN(1.0),N_A,EUR,M,N_A,2004,2003,0,2003-11-30,INR,212.9475
RBI:FOREX_RATE_RN(1.0),N_A,JPY,M,N_A,2004,2003,0,2003-11-30,INR,166.5075
RBI:FOREX_RATE_RN(1.0),N_A,USD,M,N_A,2004,2003,0,2003-11-30,INR,182.39000000000001
RBI:FOREX_RATE_RN(1.0),N_A,GBP,M,N_A,2004,2003,0,2003-11-30,INR,308.5875
RBI:FOREX_RATE_RN(1.0),N_A,EUR,M,N_A,2004,2003,0,2003-10-31,INR,212.325
RBI:FOREX_RATE_RN(1.0),N_A,GBP,M,N_A,2004,2003,0,2003-10-31,INR,304.935
RBI:FOREX_RATE_RN(1.0),N_A,USD,M,N_A,2004,2003,0,2003-10-31,INR,181.98000000000002
RBI:FOREX_RATE_RN(1.0),N_A,JPY,M,N_A,2004,2003,0,2003-10-31,INR,165.625
RBI:FOREX_RATE_RN(1.0),N_A,EUR,M,N_A,2004,2003,0,2003-09-30,INR,204.495
RBI:FOREX_RATE_RN(1.0),N_A,GBP,M,N_A,2004,2003,0,2003-09-30,INR,295.9175
RBI:FOREX_RATE_RN(1.0),N_A,USD,M,N_A,2004,2003,0,2003-09-30,INR,183.55
RBI:FOREX_RATE_RN(1.0),N_A,JPY,M,N_A,2004,2003,0,2003-09-30,INR,160.355
RBI:FOREX_RATE_RN(1.0),N_A,GBP,M,N_A,2004,2003,0,2003-08-31,INR,292.58
RBI:FOREX_RATE_RN(1.0),N_A,JPY,M,N_A,2004,2003,0,2003-08-31,INR,154.91
RBI:FOREX_RATE_RN(1.0),N_A,USD,M,N_A,2004,2003,0,2003-08-31,INR,183.96
RBI:FOREX_RATE_RN(1.0),N_A,EUR,M,N_A,2004,2003,0,2003-08-31,INR,204.5675
RBI:FOREX_RATE_RN(1.0),N_A,JPY,M,N_A,2004,2003,0,2003-07-31,INR,155.3075
RBI:FOREX_RATE_RN(1.0),N_A,USD,M,N_A,2004,2003,0,2003-07-31,INR,185.14000000000001
RBI:FOREX_RATE_RN(1.0),N_A,EUR,M,N_A,2004,2003,0,2003-07-31,INR,210.4425
RBI:FOREX_RATE_RN(1.0),N_A,GBP,M,N_A,2004,2003,0,2003-07-31,INR,301.01750000000004
RBI:FOREX_RATE_RN(1.0),N_A,GBP,M,N_A,2004,2003,0,2003-06-30,INR,309.805
RBI:FOREX_RATE_RN(1.0),N_A,JPY,M,N_A,2004,2003,0,2003-06-30,INR,157.18
RBI:FOREX_RATE_RN(1.0),N_A,USD,M,N_A,2004,2003,0,2003-06-30,INR,187.29999999999998
RBI:FOREX_RATE_RN(1.0),N_A,EUR,M,N_A,2004,2003,0,2003-06-30,INR,217.245
RBI:FOREX_RATE_RN(1.0),N_A,GBP,M,N_A,2004,2003,0,2003-05-31,INR,306.4875
RBI:FOREX_RATE_RN(1.0),N_A,EUR,M,N_A,2004,2003,0,2003-05-31,INR,217.865
RBI:FOREX_RATE_RN(1.0),N_A,USD,M,N_A,2004,2003,0,2003-05-31,INR,188.28
RBI:FOREX_RATE_RN(1.0),N_A,JPY,M,N_A,2004,2003,0,2003-05-31,INR,160.8825
RBI:FOREX_RATE_RN(1.0),N_A,USD,M,N_A,2004,2003,0,2003-04-30,INR,189.57999999999998
RBI:FOREX_RATE_RN(1.0),N_A,GBP,M,N_A,2004,2003,0,2003-04-30,INR,298.585
RBI:FOREX_RATE_RN(1.0),N_A,JPY,M,N_A,2004,2003,0,2003-04-30,INR,158.45499999999998
RBI:FOREX_RATE_RN(1.0),N_A,EUR,M,N_A,2004,2003,0,2003-04-30,INR,205.905
RBI:FOREX_RATE_RN(1.0),N_A,EUR,M,N_A,2003,2002,0,2003-03-31,INR,206.30499999999998
RBI:FOREX_RATE_RN(1.0),N_A,GBP,M,N_A,2003,2002,0,2003-03-31,INR,301.8375
RBI:FOREX_RATE_RN(1.0),N_A,USD,M,N_A,2003,2002,0,2003-03-31,INR,190.59
RBI:FOREX_RATE_RN(1.0),N_A,JPY,M,N_A,2003,2002,0,2003-03-31,INR,160.4025
RBI:FOREX_RATE_RN(1.0),N_A,GBP,M,N_A,2003,2002,0,2003-02-28,INR,307.95
RBI:FOREX_RATE_RN(1.0),N_A,JPY,M,N_A,2003,2002,0,2003-02-28,INR,160.1025
RBI:FOREX_RATE_RN(1.0),N_A,EUR,M,N_A,2003,2002,0,2003-02-28,INR,206.625
RBI:FOREX_RATE_RN(1.0),N_A,USD,M,N_A,2003,2002,0,2003-02-28,INR,191.05999999999997
RBI:FOREX_RATE_RN(1.0),N_A,EUR,M,N_A,2003,2002,0,2003-01-31,INR,203.665
RBI:FOREX_RATE_RN(1.0),N_A,USD,M,N_A,2003,2002,0,2003-01-31,INR,191.65
RBI:FOREX_RATE_RN(1.0),N_A,GBP,M,N_A,2003,2002,0,2003-01-31,INR,311.075
RBI:FOREX_RATE_RN(1.0),N_A,JPY,M,N_A,2003,2002,0,2003-01-31,INR,161.24
RBI:FOREX_RATE_RN(1.0),N_A,USD,M,N_A,2003,2002,0,2002-12-31,INR,192.56
RBI:FOREX_RATE_RN(1.0),N_A,EUR,M,N_A,2003,2002,0,2002-12-31,INR,196.675
RBI:FOREX_RATE_RN(1.0),N_A,JPY,M,N_A,2003,2002,0,2002-12-31,INR,158.1252
RBI:FOREX_RATE_RN(1.0),N_A,GBP,M,N_A,2003,2002,0,2002-12-31,INR,304.355
RBI:FOREX_RATE_RN(1.0),N_A,USD,M,N_A,2003,2002,0,2002-11-30,INR,193.08
RBI:FOREX_RATE_RN(1.0),N_A,JPY,M,N_A,2003,2002,0,2002-11-30,INR,159.25
RBI:FOREX_RATE_RN(1.0),N_A,EUR,M,N_A,2003,2002,0,2002-11-30,INR,193.35
RBI:FOREX_RATE_RN(1.0),N_A,GBP,M,N_A,2003,2002,0,2002-11-30,INR,302.865
RBI:FOREX_RATE_RN(1.0),N_A,GBP,M,N_A,2003,2002,0,2002-10-31,INR,301.5675
RBI:FOREX_RATE_RN(1.0),N_A,JPY,M,N_A,2003,2002,0,2002-10-31,INR,156.4425
RBI:FOREX_RATE_RN(1.0),N_A,EUR,M,N_A,2003,2002,0,2002-10-31,INR,189.5875
RBI:FOREX_RATE_RN(1.0),N_A,USD,M,N_A,2003,2002,0,2002-10-31,INR,193.56
RBI:FOREX_RATE_RN(1.0),N_A,JPY,M,N_A,2003,2002,0,2002-09-30,INR,160.8975
RBI:FOREX_RATE_RN(1.0),N_A,GBP,M,N_A,2003,2002,0,2002-09-30,INR,300.84000000000003
RBI:FOREX_RATE_RN(1.0),N_A,EUR,M,N_A,2003,2002,0,2002-09-30,INR,190.07500000000002
RBI:FOREX_RATE_RN(1.0),N_A,USD,M,N_A,2003,2002,0,2002-09-30,INR,193.82
RBI:FOREX_RATE_RN(1.0),N_A,GBP,M,N_A,2003,2002,0,2002-08-31,INR,299.8025
RBI:FOREX_RATE_RN(1.0),N_A,USD,M,N_A,2003,2002,0,2002-08-31,INR,194.32
RBI:FOREX_RATE_RN(1.0),N_A,JPY,M,N_A,2003,2002,0,2002-08-31,INR,163.51
RBI:FOREX_RATE_RN(1.0),N_A,EUR,M,N_A,2003,2002,0,2002-08-31,INR,189.83499999999998
RBI:FOREX_RATE_RN(1.0),N_A,USD,M,N_A,2003,2002,0,2002-07-31,INR,195.03
RBI:FOREX_RATE_RN(1.0),N_A,EUR,M,N_A,2003,2002,0,2002-07-31,INR,194.215
RBI:FOREX_RATE_RN(1.0),N_A,JPY,M,N_A,2003,2002,0,2002-07-31,INR,165.3125
RBI:FOREX_RATE_RN(1.0),N_A,GBP,M,N_A,2003,2002,0,2002-07-31,INR,302.46500000000003
RBI:FOREX_RATE_RN(1.0),N_A,EUR,M,N_A,2003,2002,0,2002-06-30,INR,188.07999999999998
RBI:FOREX_RATE_RN(1.0),N_A,JPY,M,N_A,2003,2002,0,2002-06-30,INR,159.6675
RBI:FOREX_RATE_RN(1.0),N_A,USD,M,N_A,2003,2002,0,2002-06-30,INR,195.77
RBI:FOREX_RATE_RN(1.0),N_A,GBP,M,N_A,2003,2002,0,2002-06-30,INR,291.8275
RBI:FOREX_RATE_RN(1.0),N_A,JPY,M,N_A,2003,2002,0,2002-05-31,INR,155.1
RBI:FOREX_RATE_RN(1.0),N_A,GBP,M,N_A,2003,2002,0,2002-05-31,INR,285.855
RBI:FOREX_RATE_RN(1.0),N_A,EUR,M,N_A,2003,2002,0,2002-05-31,INR,180.31
RBI:FOREX_RATE_RN(1.0),N_A,USD,M,N_A,2003,2002,0,2002-05-31,INR,196.03000000000003
RBI:FOREX_RATE_RN(1.0),N_A,GBP,M,N_A,2003,2002,0,2002-04-30,INR,282.75
RBI:FOREX_RATE_RN(1.0),N_A,JPY,M,N_A,2003,2002,0,2002-04-30,INR,149.79999999999998
RBI:FOREX_RATE_RN(1.0),N_A,EUR,M,N_A,2003,2002,0,2002-04-30,INR,174.01749999999998
RBI:FOREX_RATE_RN(1.0),N_A,USD,M,N_A,2003,2002,0,2002-04-30,INR,195.68999999999997
RBI:FOREX_RATE_RN(1.0),N_A,EUR,M,N_A,2002,2001,0,2002-03-31,INR,170.7525
RBI:FOREX_RATE_RN(1.0),N_A,USD,M,N_A,2002,2001,0,2002-03-31,INR,195.03
RBI:FOREX_RATE_RN(1.0),N_A,JPY,M,N_A,2002,2001,0,2002-03-31,INR,149.7825
RBI:FOREX_RATE_RN(1.0),N_A,GBP,M,N_A,2002,2001,0,2002-03-31,INR,277.08
RBI:FOREX_RATE_RN(1.0),N_A,GBP,M,N_A,2002,2001,0,2002-02-28,INR,276.74
RBI:FOREX_RATE_RN(1.0),N_A,JPY,M,N_A,2002,2001,0,2002-02-28,INR,145.89
RBI:FOREX_RATE_RN(1.0),N_A,EUR,M,N_A,2002,2001,0,2002-02-28,INR,168.7975
RBI:FOREX_RATE_RN(1.0),N_A,USD,M,N_A,2002,2001,0,2002-02-28,INR,194.76000000000002
RBI:FOREX_RATE_RN(1.0),N_A,EUR,M,N_A,2002,2001,0,2002-01-31,INR,170.57
RBI:FOREX_RATE_RN(1.0),N_A,USD,M,N_A,2002,2001,0,2002-01-31,INR,193.61999999999998
RBI:FOREX_RATE_RN(1.0),N_A,JPY,M,N_A,2002,2001,0,2002-01-31,INR,145.58249999999998
RBI:FOREX_RATE_RN(1.0),N_A,GBP,M,N_A,2002,2001,0,2002-01-31,INR,276.9625
RBI:FOREX_RATE_RN(1.0),N_A,USD,M,N_A,2002,2001,0,2001-12-31,INR,192.19
RBI:FOREX_RATE_RN(1.0),N_A,GBP,M,N_A,2002,2001,0,2001-12-31,INR,275.7
RBI:FOREX_RATE_RN(1.0),N_A,EUR,M,N_A,2002,2001,0,2001-12-31,INR,170.81
RBI:FOREX_RATE_RN(1.0),N_A,JPY,M,N_A,2002,2001,0,2001-12-31,INR,150.6725
RBI:FOREX_RATE_RN(1.0),N_A,GBP,M,N_A,2002,2001,0,2001-11-30,INR,276.18
RBI:FOREX_RATE_RN(1.0),N_A,EUR,M,N_A,2002,2001,0,2001-11-30,INR,171.0
RBI:FOREX_RATE_RN(1.0),N_A,JPY,M,N_A,2002,2001,0,2001-11-30,INR,156.985
RBI:FOREX_RATE_RN(1.0),N_A,USD,M,N_A,2002,2001,0,2001-11-30,INR,192.0
RBI:FOREX_RATE_RN(1.0),N_A,EUR,M,N_A,2002,2001,0,2001-10-31,INR,174.29
RBI:FOREX_RATE_RN(1.0),N_A,USD,M,N_A,2002,2001,0,2001-10-31,INR,192.19
RBI:FOREX_RATE_RN(1.0),N_A,JPY,M,N_A,2002,2001,0,2001-10-31,INR,158.3025
RBI:FOREX_RATE_RN(1.0),N_A,GBP,M,N_A,2002,2001,0,2001-10-31,INR,279.3875
RBI:FOREX_RATE_RN(1.0),N_A,GBP,M,N_A,2002,2001,0,2001-09-30,INR,278.36749999999995
RBI:FOREX_RATE_RN(1.0),N_A,JPY,M,N_A,2002,2001,0,2001-09-30,INR,160.0725
RBI:FOREX_RATE_RN(1.0),N_A,USD,M,N_A,2002,2001,0,2001-09-30,INR,190.62
RBI:FOREX_RATE_RN(1.0),N_A,EUR,M,N_A,2002,2001,0,2001-09-30,INR,173.045
RBI:FOREX_RATE_RN(1.0),N_A,USD,M,N_A,2002,2001,0,2001-08-31,INR,188.5
RBI:FOREX_RATE_RN(1.0),N_A,GBP,M,N_A,2002,2001,0,2001-08-31,INR,271.1975
RBI:FOREX_RATE_RN(1.0),N_A,EUR,M,N_A,2002,2001,0,2001-08-31,INR,169.305
RBI:FOREX_RATE_RN(1.0),N_A,JPY,M,N_A,2002,2001,0,2001-08-31,INR,154.9225
RBI:FOREX_RATE_RN(1.0),N_A,JPY,M,N_A,2002,2001,0,2001-07-31,INR,151.485
RBI:FOREX_RATE_RN(1.0),N_A,USD,M,N_A,2002,2001,0,2001-07-31,INR,188.49
RBI:FOREX_RATE_RN(1.0),N_A,GBP,M,N_A,2002,2001,0,2001-07-31,INR,266.33
RBI:FOREX_RATE_RN(1.0),N_A,EUR,M,N_A,2002,2001,0,2001-07-31,INR,162.17
RBI:FOREX_RATE_RN(1.0),N_A,JPY,M,N_A,2002,2001,0,2001-06-30,INR,154.485
RBI:FOREX_RATE_RN(1.0),N_A,GBP,M,N_A,2002,2001,0,2001-06-30,INR,262.5225
RBI:FOREX_RATE_RN(1.0),N_A,EUR,M,N_A,2002,2001,0,2001-06-30,INR,160.585
RBI:FOREX_RATE_RN(1.0),N_A,USD,M,N_A,2002,2001,0,2001-06-30,INR,188.01
RBI:FOREX_RATE_RN(1.0),N_A,GBP,M,N_A,2002,2001,0,2001-05-31,INR,267.875
RBI:FOREX_RATE_RN(1.0),N_A,JPY,M,N_A,2002,2001,0,2001-05-31,INR,154.70999999999998
RBI:FOREX_RATE_RN(1.0),N_A,EUR,M,N_A,2002,2001,0,2001-05-31,INR,163.9925
RBI:FOREX_RATE_RN(1.0),N_A,USD,M,N_A,2002,2001,0,2001-05-31,INR,187.64
RBI:FOREX_RATE_RN(1.0),N_A,USD,M,N_A,2002,2001,0,2001-04-30,INR,187.04
RBI:FOREX_RATE_RN(1.0),N_A,JPY,M,N_A,2002,2001,0,2001-04-30,INR,151.1525
RBI:FOREX_RATE_RN(1.0),N_A,EUR,M,N_A,2002,2001,0,2001-04-30,INR,167.05
RBI:FOREX_RATE_RN(1.0),N_A,GBP,M,N_A,2002,2001,0,2001-04-30,INR,267.9475
RBI:FOREX_RATE_RN(1.0),N_A,USD,M,N_A,2001,2000,0,2001-03-31,INR,186.46000000000004
RBI:FOREX_RATE_RN(1.0),N_A,GBP,M,N_A,2001,2000,0,2001-03-31,INR,269.74
RBI:FOREX_RATE_RN(1.0),N_A,JPY,M,N_A,2001,2000,0,2001-03-31,INR,154.245
RBI:FOREX_RATE_RN(1.0),N_A,EUR,M,N_A,2001,2000,0,2001-03-31,INR,169.16
RBI:FOREX_RATE_RN(1.0),N_A,USD,M,N_A,2001,2000,0,2001-02-28,INR,186.10999999999999
RBI:FOREX_RATE_RN(1.0),N_A,EUR,M,N_A,2001,2000,0,2001-02-28,INR,171.62
RBI:FOREX_RATE_RN(1.0),N_A,JPY,M,N_A,2001,2000,0,2001-02-28,INR,159.66750000000002
RBI:FOREX_RATE_RN(1.0),N_A,GBP,M,N_A,2001,2000,0,2001-02-28,INR,271.39750000000004
RBI:FOREX_RATE_RN(1.0),N_A,GBP,M,N_A,2001,2000,0,2001-01-31,INR,275.85249999999996
RBI:FOREX_RATE_RN(1.0),N_A,JPY,M,N_A,2001,2000,0,2001-01-31,INR,160.12
RBI:FOREX_RATE_RN(1.0),N_A,USD,M,N_A,2001,2000,0,2001-01-31,INR,186.17000000000002
RBI:FOREX_RATE_RN(1.0),N_A,EUR,M,N_A,2001,2000,0,2001-01-31,INR,174.6575
