DATAFLOW,AUDST,CAT_BOP_IND,FREQ,REPYEAREND,REPYEARSTART,UNIT_MULT,TIME_PERIOD,UNIT_MEASURE,OBS_VALUE
RBI:BOP_INDI_RN(1.0),N_A,CAD_TO_GDP,AFY,1986,1985,0,1986-03-31,PT,-2.09276
RBI:BOP_INDI_RN(1.0),N_A,CURR_RCPTS_TO_CURR_PYMTS,AFY,1986,1985,0,1986-03-31,PT,76.56008
RBI:BOP_INDI_RN(1.0),N_A,CURR_RCPTS_TO_GDP,AFY,1986,1985,0,1986-03-31,PT,6.83542
RBI:BOP_INDI_RN(1.0),N_A,EXT_TO_GDP,AFY,1986,1985,0,1986-03-31,PT,4.06817
RBI:BOP_INDI_RN(1.0),N_A,FI_TO_EXP,AFY,1986,1985,0,1986-03-31,PT,0.0
RBI:BOP_INDI_RN(1.0),N_A,FI_TO_GDP,AFY,1986,1985,0,1986-03-31,PT,0.0
RBI:BOP_INDI_RN(1.0),N_A,IMP_TO_GDP,AFY,1986,1985,0,1986-03-31,PT,7.43655
RBI:BOP_INDI_RN(1.0),N_A,NET_TO_GDP,AFY,1986,1985,0,1986-03-31,PT,1.27559
RBI:BOP_INDI_RN(1.0),N_A,PYMTS_TO_GDP,AFY,1986,1985,0,1986-03-31,PT,1.49162
RBI:BOP_INDI_RN(1.0),N_A,RCPTS_TO_GDP,AFY,1986,1985,0,1986-03-31,PT,2.76721
RBI:BOP_INDI_RN(1.0),N_A,TERM_IMP_RES,AFY,1986,1985,0,1986-03-31,PT,4.5
RBI:BOP_INDI_RN(1.0),N_A,CAD_TO_GDP,AFY,1987,1986,0,1987-03-31,PT,-1.83004
RBI:BOP_INDI_RN(1.0),N_A,CURR_RCPTS_TO_CURR_PYMTS,AFY,1987,1986,0,1987-03-31,PT,78.73764
RBI:BOP_INDI_RN(1.0),N_A,CURR_RCPTS_TO_GDP,AFY,1987,1986,0,1987-03-31,PT,6.7769
RBI:BOP_INDI_RN(1.0),N_A,EXT_TO_GDP,AFY,1987,1986,0,1987-03-31,PT,4.17957
RBI:BOP_INDI_RN(1.0),N_A,FI_TO_EXP,AFY,1987,1986,0,1987-03-31,PT,1.9
RBI:BOP_INDI_RN(1.0),N_A,FI_TO_GDP,AFY,1987,1986,0,1987-03-31,PT,0.1
RBI:BOP_INDI_RN(1.0),N_A,IMP_TO_GDP,AFY,1987,1986,0,1987-03-31,PT,7.11578
RBI:BOP_INDI_RN(1.0),N_A,NET_TO_GDP,AFY,1987,1986,0,1987-03-31,PT,1.10617
RBI:BOP_INDI_RN(1.0),N_A,PYMTS_TO_GDP,AFY,1987,1986,0,1987-03-31,PT,1.49116
RBI:BOP_INDI_RN(1.0),N_A,RCPTS_TO_GDP,AFY,1987,1986,0,1987-03-31,PT,2.59733
RBI:BOP_INDI_RN(1.0),N_A,TERM_IMP_RES,AFY,1987,1986,0,1987-03-31,PT,4.4
RBI:BOP_INDI_RN(1.0),N_A,CAD_TO_GDP,AFY,1988,1987,0,1988-03-31,PT,-1.7386
RBI:BOP_INDI_RN(1.0),N_A,CURR_RCPTS_TO_CURR_PYMTS,AFY,1988,1987,0,1988-03-31,PT,80.31569
RBI:BOP_INDI_RN(1.0),N_A,CURR_RCPTS_TO_GDP,AFY,1988,1987,0,1988-03-31,PT,7.09383
RBI:BOP_INDI_RN(1.0),N_A,EXT_TO_GDP,AFY,1988,1987,0,1988-03-31,PT,4.53023
RBI:BOP_INDI_RN(1.0),N_A,FI_TO_EXP,AFY,1988,1987,0,1988-03-31,PT,3.4
RBI:BOP_INDI_RN(1.0),N_A,FI_TO_GDP,AFY,1988,1987,0,1988-03-31,PT,0.2
RBI:BOP_INDI_RN(1.0),N_A,IMP_TO_GDP,AFY,1988,1987,0,1988-03-31,PT,7.09867
RBI:BOP_INDI_RN(1.0),N_A,NET_TO_GDP,AFY,1988,1987,0,1988-03-31,PT,0.82983
RBI:BOP_INDI_RN(1.0),N_A,PYMTS_TO_GDP,AFY,1988,1987,0,1988-03-31,PT,1.73373
RBI:BOP_INDI_RN(1.0),N_A,RCPTS_TO_GDP,AFY,1988,1987,0,1988-03-31,PT,2.5636
RBI:BOP_INDI_RN(1.0),N_A,TERM_IMP_RES,AFY,1988,1987,0,1988-03-31,PT,3.8
RBI:BOP_INDI_RN(1.0),N_A,CAD_TO_GDP,AFY,1989,1988,0,1989-03-31,PT,-2.4254
RBI:BOP_INDI_RN(1.0),N_A,CURR_RCPTS_TO_CURR_PYMTS,AFY,1989,1988,0,1989-03-31,PT,75.20413
RBI:BOP_INDI_RN(1.0),N_A,CURR_RCPTS_TO_GDP,AFY,1989,1988,0,1989-03-31,PT,7.35608
RBI:BOP_INDI_RN(1.0),N_A,EXT_TO_GDP,AFY,1989,1988,0,1989-03-31,PT,4.8104
RBI:BOP_INDI_RN(1.0),N_A,FI_TO_EXP,AFY,1989,1988,0,1989-03-31,PT,2.5
RBI:BOP_INDI_RN(1.0),N_A,FI_TO_GDP,AFY,1989,1988,0,1989-03-31,PT,0.1
RBI:BOP_INDI_RN(1.0),N_A,IMP_TO_GDP,AFY,1989,1988,0,1989-03-31,PT,7.96869
RBI:BOP_INDI_RN(1.0),N_A,NET_TO_GDP,AFY,1989,1988,0,1989-03-31,PT,0.73288
RBI:BOP_INDI_RN(1.0),N_A,PYMTS_TO_GDP,AFY,1989,1988,0,1989-03-31,PT,1.8128
RBI:BOP_INDI_RN(1.0),N_A,RCPTS_TO_GDP,AFY,1989,1988,0,1989-03-31,PT,2.54568
RBI:BOP_INDI_RN(1.0),N_A,TERM_IMP_RES,AFY,1989,1988,0,1989-03-31,PT,2.4
RBI:BOP_INDI_RN(1.0),N_A,CAD_TO_GDP,AFY,1990,1989,0,1990-03-31,PT,-1.99124
RBI:BOP_INDI_RN(1.0),N_A,CURR_RCPTS_TO_CURR_PYMTS,AFY,1990,1989,0,1990-03-31,PT,80.55081
RBI:BOP_INDI_RN(1.0),N_A,CURR_RCPTS_TO_GDP,AFY,1990,1989,0,1990-03-31,PT,8.24694
RBI:BOP_INDI_RN(1.0),N_A,EXT_TO_GDP,AFY,1990,1989,0,1990-03-31,PT,5.71816
RBI:BOP_INDI_RN(1.0),N_A,FI_TO_EXP,AFY,1990,1989,0,1990-03-31,PT,2.4
RBI:BOP_INDI_RN(1.0),N_A,FI_TO_GDP,AFY,1990,1989,0,1990-03-31,PT,0.1
RBI:BOP_INDI_RN(1.0),N_A,IMP_TO_GDP,AFY,1990,1989,0,1990-03-31,PT,8.23267
RBI:BOP_INDI_RN(1.0),N_A,NET_TO_GDP,AFY,1990,1989,0,1990-03-31,PT,0.52326
RBI:BOP_INDI_RN(1.0),N_A,PYMTS_TO_GDP,AFY,1990,1989,0,1990-03-31,PT,2.00552
RBI:BOP_INDI_RN(1.0),N_A,RCPTS_TO_GDP,AFY,1990,1989,0,1990-03-31,PT,2.52878
RBI:BOP_INDI_RN(1.0),N_A,TERM_IMP_RES,AFY,1990,1989,0,1990-03-31,PT,1.9
RBI:BOP_INDI_RN(1.0),N_A,CAD_TO_GDP,AFY,1991,1990,0,1991-03-31,PT,-3.01482
RBI:BOP_INDI_RN(1.0),N_A,CURR_RCPTS_TO_CURR_PYMTS,AFY,1991,1990,0,1991-03-31,PT,72.82502
RBI:BOP_INDI_RN(1.0),N_A,CURR_RCPTS_TO_GDP,AFY,1991,1990,0,1991-03-31,PT,8.07927
RBI:BOP_INDI_RN(1.0),N_A,EXT_TO_GDP,AFY,1991,1990,0,1991-03-31,PT,5.75462
RBI:BOP_INDI_RN(1.0),N_A,FI_TO_EXP,AFY,1991,1990,0,1991-03-31,PT,0.55745
RBI:BOP_INDI_RN(1.0),N_A,FI_TO_GDP,AFY,1991,1990,0,1991-03-31,PT,0.03208
RBI:BOP_INDI_RN(1.0),N_A,IMP_TO_GDP,AFY,1991,1990,0,1991-03-31,PT,8.69407
RBI:BOP_INDI_RN(1.0),N_A,NET_TO_GDP,AFY,1991,1990,0,1991-03-31,PT,-0.07537
RBI:BOP_INDI_RN(1.0),N_A,PYMTS_TO_GDP,AFY,1991,1990,0,1991-03-31,PT,2.40002
RBI:BOP_INDI_RN(1.0),N_A,RCPTS_TO_GDP,AFY,1991,1990,0,1991-03-31,PT,2.32465
RBI:BOP_INDI_RN(1.0),N_A,TERM_IMP_RES,AFY,1991,1990,0,1991-03-31,PT,2.5079
RBI:BOP_INDI_RN(1.0),N_A,CAD_TO_GDP,AFY,1992,1991,0,1992-03-31,PT,-0.43533
RBI:BOP_INDI_RN(1.0),N_A,CURR_RCPTS_TO_CURR_PYMTS,AFY,1992,1991,0,1992-03-31,PT,95.93035
RBI:BOP_INDI_RN(1.0),N_A,CURR_RCPTS_TO_GDP,AFY,1992,1991,0,1992-03-31,PT,10.26161
RBI:BOP_INDI_RN(1.0),N_A,EXT_TO_GDP,AFY,1992,1991,0,1992-03-31,PT,6.75016
RBI:BOP_INDI_RN(1.0),N_A,FI_TO_EXP,AFY,1992,1991,0,1992-03-31,PT,0.72813
RBI:BOP_INDI_RN(1.0),N_A,FI_TO_GDP,AFY,1992,1991,0,1992-03-31,PT,0.04915
RBI:BOP_INDI_RN(1.0),N_A,IMP_TO_GDP,AFY,1992,1991,0,1992-03-31,PT,7.78416
RBI:BOP_INDI_RN(1.0),N_A,NET_TO_GDP,AFY,1992,1991,0,1992-03-31,PT,0.59867
RBI:BOP_INDI_RN(1.0),N_A,PYMTS_TO_GDP,AFY,1992,1991,0,1992-03-31,PT,2.91278
RBI:BOP_INDI_RN(1.0),N_A,RCPTS_TO_GDP,AFY,1992,1991,0,1992-03-31,PT,3.51144
RBI:BOP_INDI_RN(1.0),N_A,TERM_IMP_RES,AFY,1992,1991,0,1992-03-31,PT,5.25256
RBI:BOP_INDI_RN(1.0),N_A,CAD_TO_GDP,AFY,1993,1992,0,1993-03-31,PT,-1.41971
RBI:BOP_INDI_RN(1.0),N_A,CURR_RCPTS_TO_CURR_PYMTS,AFY,1993,1992,0,1993-03-31,PT,88.88714
RBI:BOP_INDI_RN(1.0),N_A,CURR_RCPTS_TO_GDP,AFY,1993,1992,0,1993-03-31,PT,11.35566
RBI:BOP_INDI_RN(1.0),N_A,EXT_TO_GDP,AFY,1993,1992,0,1993-03-31,PT,7.59742
RBI:BOP_INDI_RN(1.0),N_A,FI_TO_EXP,AFY,1993,1992,0,1993-03-31,PT,2.95193
RBI:BOP_INDI_RN(1.0),N_A,FI_TO_GDP,AFY,1993,1992,0,1993-03-31,PT,0.22427
RBI:BOP_INDI_RN(1.0),N_A,IMP_TO_GDP,AFY,1993,1992,0,1993-03-31,PT,9.7906
RBI:BOP_INDI_RN(1.0),N_A,NET_TO_GDP,AFY,1993,1992,0,1993-03-31,PT,0.77347
RBI:BOP_INDI_RN(1.0),N_A,PYMTS_TO_GDP,AFY,1993,1992,0,1993-03-31,PT,2.98477
RBI:BOP_INDI_RN(1.0),N_A,RCPTS_TO_GDP,AFY,1993,1992,0,1993-03-31,PT,3.75824
RBI:BOP_INDI_RN(1.0),N_A,TERM_IMP_RES,AFY,1993,1992,0,1993-03-31,PT,4.85211
RBI:BOP_INDI_RN(1.0),N_A,CAD_TO_GDP,AFY,1994,1993,0,1994-03-31,PT,-0.41499
RBI:BOP_INDI_RN(1.0),N_A,CURR_RCPTS_TO_CURR_PYMTS,AFY,1994,1993,0,1994-03-31,PT,96.70373
RBI:BOP_INDI_RN(1.0),N_A,CURR_RCPTS_TO_GDP,AFY,1994,1993,0,1994-03-31,PT,12.17465
RBI:BOP_INDI_RN(1.0),N_A,EXT_TO_GDP,AFY,1994,1993,0,1994-03-31,PT,8.1218
RBI:BOP_INDI_RN(1.0),N_A,FI_TO_EXP,AFY,1994,1993,0,1994-03-31,PT,18.66155
RBI:BOP_INDI_RN(1.0),N_A,FI_TO_GDP,AFY,1994,1993,0,1994-03-31,PT,1.51565
RBI:BOP_INDI_RN(1.0),N_A,IMP_TO_GDP,AFY,1994,1993,0,1994-03-31,PT,9.57408
RBI:BOP_INDI_RN(1.0),N_A,NET_TO_GDP,AFY,1994,1993,0,1994-03-31,PT,1.03729
RBI:BOP_INDI_RN(1.0),N_A,PYMTS_TO_GDP,AFY,1994,1993,0,1994-03-31,PT,3.01555
RBI:BOP_INDI_RN(1.0),N_A,RCPTS_TO_GDP,AFY,1994,1993,0,1994-03-31,PT,4.05284
RBI:BOP_INDI_RN(1.0),N_A,TERM_IMP_RES,AFY,1994,1993,0,1994-03-31,PT,8.64086
RBI:BOP_INDI_RN(1.0),N_A,CAD_TO_GDP,AFY,1995,1994,0,1995-03-31,PT,-1.02944
RBI:BOP_INDI_RN(1.0),N_A,CURR_RCPTS_TO_CURR_PYMTS,AFY,1995,1994,0,1995-03-31,PT,92.64057
RBI:BOP_INDI_RN(1.0),N_A,CURR_RCPTS_TO_GDP,AFY,1995,1994,0,1995-03-31,PT,12.95856
RBI:BOP_INDI_RN(1.0),N_A,EXT_TO_GDP,AFY,1995,1994,0,1995-03-31,PT,8.20586
RBI:BOP_INDI_RN(1.0),N_A,FI_TO_EXP,AFY,1995,1994,0,1995-03-31,PT,17.89983
RBI:BOP_INDI_RN(1.0),N_A,FI_TO_GDP,AFY,1995,1994,0,1995-03-31,PT,1.46883
RBI:BOP_INDI_RN(1.0),N_A,IMP_TO_GDP,AFY,1995,1994,0,1995-03-31,PT,10.97089
RBI:BOP_INDI_RN(1.0),N_A,NET_TO_GDP,AFY,1995,1994,0,1995-03-31,PT,1.73559
RBI:BOP_INDI_RN(1.0),N_A,PYMTS_TO_GDP,AFY,1995,1994,0,1995-03-31,PT,3.01712
RBI:BOP_INDI_RN(1.0),N_A,RCPTS_TO_GDP,AFY,1995,1994,0,1995-03-31,PT,4.75271
RBI:BOP_INDI_RN(1.0),N_A,TERM_IMP_RES,AFY,1995,1994,0,1995-03-31,PT,8.41778
RBI:BOP_INDI_RN(1.0),N_A,CAD_TO_GDP,AFY,1996,1995,0,1996-03-31,PT,-1.64033
RBI:BOP_INDI_RN(1.0),N_A,CURR_RCPTS_TO_CURR_PYMTS,AFY,1996,1995,0,1996-03-31,PT,89.42132
RBI:BOP_INDI_RN(1.0),N_A,CURR_RCPTS_TO_GDP,AFY,1996,1995,0,1996-03-31,PT,13.86566
RBI:BOP_INDI_RN(1.0),N_A,EXT_TO_GDP,AFY,1996,1995,0,1996-03-31,PT,8.96465
RBI:BOP_INDI_RN(1.0),N_A,FI_TO_EXP,AFY,1996,1995,0,1996-03-31,PT,14.2835
RBI:BOP_INDI_RN(1.0),N_A,FI_TO_GDP,AFY,1996,1995,0,1996-03-31,PT,1.28047
RBI:BOP_INDI_RN(1.0),N_A,IMP_TO_GDP,AFY,1996,1995,0,1996-03-31,PT,12.11657
RBI:BOP_INDI_RN(1.0),N_A,NET_TO_GDP,AFY,1996,1995,0,1996-03-31,PT,1.51131
RBI:BOP_INDI_RN(1.0),N_A,PYMTS_TO_GDP,AFY,1996,1995,0,1996-03-31,PT,3.3897
RBI:BOP_INDI_RN(1.0),N_A,RCPTS_TO_GDP,AFY,1996,1995,0,1996-03-31,PT,4.90101
RBI:BOP_INDI_RN(1.0),N_A,TERM_IMP_RES,AFY,1996,1995,0,1996-03-31,PT,5.95933
RBI:BOP_INDI_RN(1.0),N_A,CAD_TO_GDP,AFY,1997,1996,0,1997-03-31,PT,-1.1756
RBI:BOP_INDI_RN(1.0),N_A,CURR_RCPTS_TO_CURR_PYMTS,AFY,1997,1996,0,1997-03-31,PT,92.32176
RBI:BOP_INDI_RN(1.0),N_A,CURR_RCPTS_TO_GDP,AFY,1997,1996,0,1997-03-31,PT,14.13515
RBI:BOP_INDI_RN(1.0),N_A,EXT_TO_GDP,AFY,1997,1996,0,1997-03-31,PT,8.6873
RBI:BOP_INDI_RN(1.0),N_A,FI_TO_EXP,AFY,1997,1996,0,1997-03-31,PT,18.02947
RBI:BOP_INDI_RN(1.0),N_A,FI_TO_GDP,AFY,1997,1996,0,1997-03-31,PT,1.56627
RBI:BOP_INDI_RN(1.0),N_A,IMP_TO_GDP,AFY,1997,1996,0,1997-03-31,PT,12.45791
RBI:BOP_INDI_RN(1.0),N_A,NET_TO_GDP,AFY,1997,1996,0,1997-03-31,PT,2.59502
RBI:BOP_INDI_RN(1.0),N_A,PYMTS_TO_GDP,AFY,1997,1996,0,1997-03-31,PT,2.85284
RBI:BOP_INDI_RN(1.0),N_A,RCPTS_TO_GDP,AFY,1997,1996,0,1997-03-31,PT,5.44785
RBI:BOP_INDI_RN(1.0),N_A,TERM_IMP_RES,AFY,1997,1996,0,1997-03-31,PT,6.47781
RBI:BOP_INDI_RN(1.0),N_A,CAD_TO_GDP,AFY,1998,1997,0,1998-03-31,PT,-1.32253
RBI:BOP_INDI_RN(1.0),N_A,CURR_RCPTS_TO_CURR_PYMTS,AFY,1998,1997,0,1998-03-31,PT,91.46423
RBI:BOP_INDI_RN(1.0),N_A,CURR_RCPTS_TO_GDP,AFY,1998,1997,0,1998-03-31,PT,14.17141
RBI:BOP_INDI_RN(1.0),N_A,EXT_TO_GDP,AFY,1998,1997,0,1998-03-31,PT,8.58115
RBI:BOP_INDI_RN(1.0),N_A,FI_TO_EXP,AFY,1998,1997,0,1998-03-31,PT,15.0028
RBI:BOP_INDI_RN(1.0),N_A,FI_TO_GDP,AFY,1998,1997,0,1998-03-31,PT,1.28741
RBI:BOP_INDI_RN(1.0),N_A,IMP_TO_GDP,AFY,1998,1997,0,1998-03-31,PT,12.31063
RBI:BOP_INDI_RN(1.0),N_A,NET_TO_GDP,AFY,1998,1997,0,1998-03-31,PT,2.40696
RBI:BOP_INDI_RN(1.0),N_A,PYMTS_TO_GDP,AFY,1998,1997,0,1998-03-31,PT,3.1833
RBI:BOP_INDI_RN(1.0),N_A,RCPTS_TO_GDP,AFY,1998,1997,0,1998-03-31,PT,5.59025
RBI:BOP_INDI_RN(1.0),N_A,TERM_IMP_RES,AFY,1998,1997,0,1998-03-31,PT,6.88464
RBI:BOP_INDI_RN(1.0),N_A,CAD_TO_GDP,AFY,1999,1998,0,1999-03-31,PT,-0.95854
RBI:BOP_INDI_RN(1.0),N_A,CURR_RCPTS_TO_CURR_PYMTS,AFY,1999,1998,0,1999-03-31,PT,93.70106
RBI:BOP_INDI_RN(1.0),N_A,CURR_RCPTS_TO_GDP,AFY,1999,1998,0,1999-03-31,PT,14.25888
RBI:BOP_INDI_RN(1.0),N_A,EXT_TO_GDP,AFY,1999,1998,0,1999-03-31,PT,8.14162
RBI:BOP_INDI_RN(1.0),N_A,FI_TO_EXP,AFY,1999,1998,0,1999-03-31,PT,6.74092
RBI:BOP_INDI_RN(1.0),N_A,FI_TO_GDP,AFY,1999,1998,0,1999-03-31,PT,0.54882
RBI:BOP_INDI_RN(1.0),N_A,IMP_TO_GDP,AFY,1999,1998,0,1999-03-31,PT,11.28594
RBI:BOP_INDI_RN(1.0),N_A,NET_TO_GDP,AFY,1999,1998,0,1999-03-31,PT,2.18579
RBI:BOP_INDI_RN(1.0),N_A,PYMTS_TO_GDP,AFY,1999,1998,0,1999-03-31,PT,3.93147
RBI:BOP_INDI_RN(1.0),N_A,RCPTS_TO_GDP,AFY,1999,1998,0,1999-03-31,PT,6.11726
RBI:BOP_INDI_RN(1.0),N_A,TERM_IMP_RES,AFY,1999,1998,0,1999-03-31,PT,8.2004
RBI:BOP_INDI_RN(1.0),N_A,CAD_TO_GDP,AFY,2000,1999,0,2000-03-31,PT,-1.02389
RBI:BOP_INDI_RN(1.0),N_A,CURR_RCPTS_TO_CURR_PYMTS,AFY,2000,1999,0,2000-03-31,PT,93.52464
RBI:BOP_INDI_RN(1.0),N_A,CURR_RCPTS_TO_GDP,AFY,2000,1999,0,2000-03-31,PT,14.78828
RBI:BOP_INDI_RN(1.0),N_A,EXT_TO_GDP,AFY,2000,1999,0,2000-03-31,PT,8.182
RBI:BOP_INDI_RN(1.0),N_A,FI_TO_EXP,AFY,2000,1999,0,2000-03-31,PT,13.63007
RBI:BOP_INDI_RN(1.0),N_A,FI_TO_GDP,AFY,2000,1999,0,2000-03-31,PT,1.11521
RBI:BOP_INDI_RN(1.0),N_A,IMP_TO_GDP,AFY,2000,1999,0,2000-03-31,PT,12.07032
RBI:BOP_INDI_RN(1.0),N_A,NET_TO_GDP,AFY,2000,1999,0,2000-03-31,PT,2.86442
RBI:BOP_INDI_RN(1.0),N_A,PYMTS_TO_GDP,AFY,2000,1999,0,2000-03-31,PT,3.74186
RBI:BOP_INDI_RN(1.0),N_A,RCPTS_TO_GDP,AFY,2000,1999,0,2000-03-31,PT,6.60628
RBI:BOP_INDI_RN(1.0),N_A,TERM_IMP_RES,AFY,2000,1999,0,2000-03-31,PT,8.24137
RBI:BOP_INDI_RN(1.0),N_A,CAD_TO_GDP,AFY,2001,2000,0,2001-03-31,PT,-0.56916
RBI:BOP_INDI_RN(1.0),N_A,CURR_RCPTS_TO_CURR_PYMTS,AFY,2001,2000,0,2001-03-31,PT,96.68346
RBI:BOP_INDI_RN(1.0),N_A,CURR_RCPTS_TO_GDP,AFY,2001,2000,0,2001-03-31,PT,16.59222
RBI:BOP_INDI_RN(1.0),N_A,EXT_TO_GDP,AFY,2001,2000,0,2001-03-31,PT,9.70354
RBI:BOP_INDI_RN(1.0),N_A,FI_TO_EXP,AFY,2001,2000,0,2001-03-31,PT,12.89712
RBI:BOP_INDI_RN(1.0),N_A,FI_TO_GDP,AFY,2001,2000,0,2001-03-31,PT,1.25148
RBI:BOP_INDI_RN(1.0),N_A,IMP_TO_GDP,AFY,2001,2000,0,2001-03-31,PT,12.36363
RBI:BOP_INDI_RN(1.0),N_A,NET_TO_GDP,AFY,2001,2000,0,2001-03-31,PT,2.09092
RBI:BOP_INDI_RN(1.0),N_A,PYMTS_TO_GDP,AFY,2001,2000,0,2001-03-31,PT,4.79776
RBI:BOP_INDI_RN(1.0),N_A,RCPTS_TO_GDP,AFY,2001,2000,0,2001-03-31,PT,6.88868
RBI:BOP_INDI_RN(1.0),N_A,TERM_IMP_RES,AFY,2001,2000,0,2001-03-31,PT,8.76109
RBI:BOP_INDI_RN(1.0),N_A,CAD_TO_GDP,AFY,2002,2001,0,2002-03-31,PT,0.70037
RBI:BOP_INDI_RN(1.0),N_A,CURR_RCPTS_TO_CURR_PYMTS,AFY,2002,2001,0,2002-03-31,PT,104.35674
RBI:BOP_INDI_RN(1.0),N_A,CURR_RCPTS_TO_GDP,AFY,2002,2001,0,2002-03-31,PT,16.7759
RBI:BOP_INDI_RN(1.0),N_A,EXT_TO_GDP,AFY,2002,2001,0,2002-03-31,PT,9.20841
RBI:BOP_INDI_RN(1.0),N_A,FI_TO_EXP,AFY,2002,2001,0,2002-03-31,PT,14.95649
RBI:BOP_INDI_RN(1.0),N_A,FI_TO_GDP,AFY,2002,2001,0,2002-03-31,PT,1.37726
RBI:BOP_INDI_RN(1.0),N_A,IMP_TO_GDP,AFY,2002,2001,0,2002-03-31,PT,11.59255
RBI:BOP_INDI_RN(1.0),N_A,NET_TO_GDP,AFY,2002,2001,0,2002-03-31,PT,3.08451
RBI:BOP_INDI_RN(1.0),N_A,PYMTS_TO_GDP,AFY,2002,2001,0,2002-03-31,PT,4.48298
RBI:BOP_INDI_RN(1.0),N_A,RCPTS_TO_GDP,AFY,2002,2001,0,2002-03-31,PT,7.56749
RBI:BOP_INDI_RN(1.0),N_A,TERM_IMP_RES,AFY,2002,2001,0,2002-03-31,PT,11.53708
RBI:BOP_INDI_RN(1.0),N_A,CAD_TO_GDP,AFY,2003,2002,0,2003-03-31,PT,1.23191
RBI:BOP_INDI_RN(1.0),N_A,CURR_RCPTS_TO_CURR_PYMTS,AFY,2003,2002,0,2003-03-31,PT,107.10097
RBI:BOP_INDI_RN(1.0),N_A,CURR_RCPTS_TO_GDP,AFY,2003,2002,0,2003-03-31,PT,18.58042
RBI:BOP_INDI_RN(1.0),N_A,EXT_TO_GDP,AFY,2003,2002,0,2003-03-31,PT,10.44048
RBI:BOP_INDI_RN(1.0),N_A,FI_TO_EXP,AFY,2003,2002,0,2003-03-31,PT,7.73794
RBI:BOP_INDI_RN(1.0),N_A,FI_TO_GDP,AFY,2003,2002,0,2003-03-31,PT,0.80788
RBI:BOP_INDI_RN(1.0),N_A,IMP_TO_GDP,AFY,2003,2002,0,2003-03-31,PT,12.516
RBI:BOP_INDI_RN(1.0),N_A,NET_TO_GDP,AFY,2003,2002,0,2003-03-31,PT,3.30743
RBI:BOP_INDI_RN(1.0),N_A,PYMTS_TO_GDP,AFY,2003,2002,0,2003-03-31,PT,4.83251
RBI:BOP_INDI_RN(1.0),N_A,RCPTS_TO_GDP,AFY,2003,2002,0,2003-03-31,PT,8.13994
RBI:BOP_INDI_RN(1.0),N_A,TERM_IMP_RES,AFY,2003,2002,0,2003-03-31,PT,14.16605
RBI:BOP_INDI_RN(1.0),N_A,CAD_TO_GDP,AFY,2004,2003,0,2004-03-31,PT,2.31738
RBI:BOP_INDI_RN(1.0),N_A,CURR_RCPTS_TO_CURR_PYMTS,AFY,2004,2003,0,2004-03-31,PT,113.3223
RBI:BOP_INDI_RN(1.0),N_A,CURR_RCPTS_TO_GDP,AFY,2004,2003,0,2004-03-31,PT,19.71216
RBI:BOP_INDI_RN(1.0),N_A,EXT_TO_GDP,AFY,2004,2003,0,2004-03-31,PT,10.90732
RBI:BOP_INDI_RN(1.0),N_A,FI_TO_EXP,AFY,2004,2003,0,2004-03-31,PT,20.73471
RBI:BOP_INDI_RN(1.0),N_A,FI_TO_GDP,AFY,2004,2003,0,2004-03-31,PT,2.2616
RBI:BOP_INDI_RN(1.0),N_A,IMP_TO_GDP,AFY,2004,2003,0,2004-03-31,PT,13.16464
RBI:BOP_INDI_RN(1.0),N_A,NET_TO_GDP,AFY,2004,2003,0,2004-03-31,PT,4.57471
RBI:BOP_INDI_RN(1.0),N_A,PYMTS_TO_GDP,AFY,2004,2003,0,2004-03-31,PT,4.23013
RBI:BOP_INDI_RN(1.0),N_A,RCPTS_TO_GDP,AFY,2004,2003,0,2004-03-31,PT,8.80484
RBI:BOP_INDI_RN(1.0),N_A,TERM_IMP_RES,AFY,2004,2003,0,2004-03-31,PT,16.94321
RBI:BOP_INDI_RN(1.0),N_A,CAD_TO_GDP,AFY,2005,2004,0,2005-03-31,PT,-0.348303
RBI:BOP_INDI_RN(1.0),N_A,CURR_RCPTS_TO_CURR_PYMTS,AFY,2005,2004,0,2005-03-31,PT,98.428843
RBI:BOP_INDI_RN(1.0),N_A,CURR_RCPTS_TO_GDP,AFY,2005,2004,0,2005-03-31,PT,21.820265
RBI:BOP_INDI_RN(1.0),N_A,EXT_TO_GDP,AFY,2005,2004,0,2005-03-31,PT,12.015183
RBI:BOP_INDI_RN(1.0),N_A,FI_TO_EXP,AFY,2005,2004,0,2005-03-31,PT,15.25714
RBI:BOP_INDI_RN(1.0),N_A,FI_TO_GDP,AFY,2005,2004,0,2005-03-31,PT,1.83317
RBI:BOP_INDI_RN(1.0),N_A,IMP_TO_GDP,AFY,2005,2004,0,2005-03-31,PT,16.767615
RBI:BOP_INDI_RN(1.0),N_A,NET_TO_GDP,AFY,2005,2004,0,2005-03-31,PT,4.40413
RBI:BOP_INDI_RN(1.0),N_A,PYMTS_TO_GDP,AFY,2005,2004,0,2005-03-31,PT,5.40095
RBI:BOP_INDI_RN(1.0),N_A,RCPTS_TO_GDP,AFY,2005,2004,0,2005-03-31,PT,9.80508
RBI:BOP_INDI_RN(1.0),N_A,TERM_IMP_RES,AFY,2005,2004,0,2005-03-31,PT,14.28136
RBI:BOP_INDI_RN(1.0),N_A,CAD_TO_GDP,AFY,2006,2005,0,2006-03-31,PT,-1.206996
RBI:BOP_INDI_RN(1.0),N_A,CURR_RCPTS_TO_CURR_PYMTS,AFY,2006,2005,0,2006-03-31,PT,95.163646
RBI:BOP_INDI_RN(1.0),N_A,CURR_RCPTS_TO_GDP,AFY,2006,2005,0,2006-03-31,PT,23.749739
RBI:BOP_INDI_RN(1.0),N_A,EXT_TO_GDP,AFY,2006,2005,0,2006-03-31,PT,12.817416
RBI:BOP_INDI_RN(1.0),N_A,FI_TO_EXP,AFY,2006,2005,0,2006-03-31,PT,14.76719
RBI:BOP_INDI_RN(1.0),N_A,FI_TO_GDP,AFY,2006,2005,0,2006-03-31,PT,1.89277
RBI:BOP_INDI_RN(1.0),N_A,IMP_TO_GDP,AFY,2006,2005,0,2006-03-31,PT,19.144211
RBI:BOP_INDI_RN(1.0),N_A,NET_TO_GDP,AFY,2006,2005,0,2006-03-31,PT,5.1198
RBI:BOP_INDI_RN(1.0),N_A,PYMTS_TO_GDP,AFY,2006,2005,0,2006-03-31,PT,5.81252
RBI:BOP_INDI_RN(1.0),N_A,RCPTS_TO_GDP,AFY,2006,2005,0,2006-03-31,PT,10.93232
RBI:BOP_INDI_RN(1.0),N_A,TERM_IMP_RES,AFY,2006,2005,0,2006-03-31,PT,11.58481
RBI:BOP_INDI_RN(1.0),N_A,CAD_TO_GDP,AFY,2007,2006,0,2007-03-31,PT,-1.017272
RBI:BOP_INDI_RN(1.0),N_A,CURR_RCPTS_TO_CURR_PYMTS,AFY,2007,2006,0,2007-03-31,PT,96.219532
RBI:BOP_INDI_RN(1.0),N_A,CURR_RCPTS_TO_GDP,AFY,2007,2006,0,2007-03-31,PT,25.891352
RBI:BOP_INDI_RN(1.0),N_A,EXT_TO_GDP,AFY,2007,2006,0,2007-03-31,PT,13.707699
RBI:BOP_INDI_RN(1.0),N_A,FI_TO_EXP,AFY,2007,2006,0,2007-03-31,PT,11.44637
RBI:BOP_INDI_RN(1.0),N_A,FI_TO_GDP,AFY,2007,2006,0,2007-03-31,PT,1.56903
RBI:BOP_INDI_RN(1.0),N_A,IMP_TO_GDP,AFY,2007,2006,0,2007-03-31,PT,20.278436
RBI:BOP_INDI_RN(1.0),N_A,NET_TO_GDP,AFY,2007,2006,0,2007-03-31,PT,5.55346
RBI:BOP_INDI_RN(1.0),N_A,PYMTS_TO_GDP,AFY,2007,2006,0,2007-03-31,PT,6.63019
RBI:BOP_INDI_RN(1.0),N_A,RCPTS_TO_GDP,AFY,2007,2006,0,2007-03-31,PT,12.18365
RBI:BOP_INDI_RN(1.0),N_A,TERM_IMP_RES,AFY,2007,2006,0,2007-03-31,PT,12.53552
RBI:BOP_INDI_RN(1.0),N_A,CAD_TO_GDP,AFY,2008,2007,0,2008-03-31,PT,-1.29346
RBI:BOP_INDI_RN(1.0),N_A,CURR_RCPTS_TO_CURR_PYMTS,AFY,2008,2007,0,2008-03-31,PT,95.242659
RBI:BOP_INDI_RN(1.0),N_A,CURR_RCPTS_TO_GDP,AFY,2008,2007,0,2008-03-31,PT,25.891967
RBI:BOP_INDI_RN(1.0),N_A,EXT_TO_GDP,AFY,2008,2007,0,2008-03-31,PT,13.656449
RBI:BOP_INDI_RN(1.0),N_A,FI_TO_EXP,AFY,2008,2007,0,2008-03-31,PT,26.0744
RBI:BOP_INDI_RN(1.0),N_A,FI_TO_GDP,AFY,2008,2007,0,2008-03-31,PT,3.56084
RBI:BOP_INDI_RN(1.0),N_A,IMP_TO_GDP,AFY,2008,2007,0,2008-03-31,PT,21.173854
RBI:BOP_INDI_RN(1.0),N_A,NET_TO_GDP,AFY,2008,2007,0,2008-03-31,PT,6.22403
RBI:BOP_INDI_RN(1.0),N_A,PYMTS_TO_GDP,AFY,2008,2007,0,2008-03-31,PT,6.01157
RBI:BOP_INDI_RN(1.0),N_A,RCPTS_TO_GDP,AFY,2008,2007,0,2008-03-31,PT,12.2356
RBI:BOP_INDI_RN(1.0),N_A,TERM_IMP_RES,AFY,2008,2007,0,2008-03-31,PT,14.42641
RBI:BOP_INDI_RN(1.0),N_A,CAD_TO_GDP,AFY,2009,2008,0,2009-03-31,PT,-2.328335
RBI:BOP_INDI_RN(1.0),N_A,CURR_RCPTS_TO_CURR_PYMTS,AFY,2009,2008,0,2009-03-31,PT,92.744481
RBI:BOP_INDI_RN(1.0),N_A,CURR_RCPTS_TO_GDP,AFY,2009,2008,0,2009-03-31,PT,29.762207
RBI:BOP_INDI_RN(1.0),N_A,EXT_TO_GDP,AFY,2009,2008,0,2009-03-31,PT,15.764509
RBI:BOP_INDI_RN(1.0),N_A,FI_TO_EXP,AFY,2009,2008,0,2009-03-31,PT,4.413735
RBI:BOP_INDI_RN(1.0),N_A,FI_TO_GDP,AFY,2009,2008,0,2009-03-31,PT,0.695804
RBI:BOP_INDI_RN(1.0),N_A,IMP_TO_GDP,AFY,2009,2008,0,2009-03-31,PT,25.733531
RBI:BOP_INDI_RN(1.0),N_A,NET_TO_GDP,AFY,2009,2008,0,2009-03-31,PT,7.640687
RBI:BOP_INDI_RN(1.0),N_A,PYMTS_TO_GDP,AFY,2009,2008,0,2009-03-31,PT,6.35701
RBI:BOP_INDI_RN(1.0),N_A,RCPTS_TO_GDP,AFY,2009,2008,0,2009-03-31,PT,13.997698
RBI:BOP_INDI_RN(1.0),N_A,TERM_IMP_RES,AFY,2009,2008,0,2009-03-31,PT,9.801043
RBI:BOP_INDI_RN(1.0),N_A,CAD_TO_GDP,AFY,2010,2009,0,2010-03-31,PT,-2.845264
RBI:BOP_INDI_RN(1.0),N_A,CURR_RCPTS_TO_CURR_PYMTS,AFY,2010,2009,0,2010-03-31,PT,90.058514
RBI:BOP_INDI_RN(1.0),N_A,CURR_RCPTS_TO_GDP,AFY,2010,2009,0,2010-03-31,PT,25.774842
RBI:BOP_INDI_RN(1.0),N_A,EXT_TO_GDP,AFY,2010,2009,0,2010-03-31,PT,13.595807
RBI:BOP_INDI_RN(1.0),N_A,FI_TO_EXP,AFY,2010,2009,0,2010-03-31,PT,27.60451
RBI:BOP_INDI_RN(1.0),N_A,FI_TO_GDP,AFY,2010,2009,0,2010-03-31,PT,3.753056
RBI:BOP_INDI_RN(1.0),N_A,IMP_TO_GDP,AFY,2010,2009,0,2010-03-31,PT,22.404429
RBI:BOP_INDI_RN(1.0),N_A,NET_TO_GDP,AFY,2010,2009,0,2010-03-31,PT,5.963359
RBI:BOP_INDI_RN(1.0),N_A,PYMTS_TO_GDP,AFY,2010,2009,0,2010-03-31,PT,6.215676
RBI:BOP_INDI_RN(1.0),N_A,RCPTS_TO_GDP,AFY,2010,2009,0,2010-03-31,PT,12.179035
RBI:BOP_INDI_RN(1.0),N_A,TERM_IMP_RES,AFY,2010,2009,0,2010-03-31,PT,11.138354
RBI:BOP_INDI_RN(1.0),N_A,CAD_TO_GDP,AFY,2011,2010,0,2011-03-31,PT,-2.867803
RBI:BOP_INDI_RN(1.0),N_A,CURR_RCPTS_TO_CURR_PYMTS,AFY,2011,2010,0,2011-03-31,PT,90.286439
RBI:BOP_INDI_RN(1.0),N_A,CURR_RCPTS_TO_GDP,AFY,2011,2010,0,2011-03-31,PT,26.655905
RBI:BOP_INDI_RN(1.0),N_A,EXT_TO_GDP,AFY,2011,2010,0,2011-03-31,PT,15.287584
RBI:BOP_INDI_RN(1.0),N_A,FI_TO_EXP,AFY,2011,2010,0,2011-03-31,PT,16.445537
RBI:BOP_INDI_RN(1.0),N_A,FI_TO_GDP,AFY,2011,2010,0,2011-03-31,PT,2.514125
RBI:BOP_INDI_RN(1.0),N_A,IMP_TO_GDP,AFY,2011,2010,0,2011-03-31,PT,22.886195
RBI:BOP_INDI_RN(1.0),N_A,NET_TO_GDP,AFY,2011,2010,0,2011-03-31,PT,4.730807
RBI:BOP_INDI_RN(1.0),N_A,PYMTS_TO_GDP,AFY,2011,2010,0,2011-03-31,PT,6.637513
RBI:BOP_INDI_RN(1.0),N_A,RCPTS_TO_GDP,AFY,2011,2010,0,2011-03-31,PT,11.36832
RBI:BOP_INDI_RN(1.0),N_A,TERM_IMP_RES,AFY,2011,2010,0,2011-03-31,PT,9.538451
RBI:BOP_INDI_RN(1.0),N_A,CAD_TO_GDP,AFY,2012,2011,0,2012-03-31,PT,-4.287175
RBI:BOP_INDI_RN(1.0),N_A,CURR_RCPTS_TO_CURR_PYMTS,AFY,2012,2011,0,2012-03-31,PT,87.127742
RBI:BOP_INDI_RN(1.0),N_A,CURR_RCPTS_TO_GDP,AFY,2012,2011,0,2012-03-31,PT,29.018362
RBI:BOP_INDI_RN(1.0),N_A,EXT_TO_GDP,AFY,2012,2011,0,2012-03-31,PT,16.992583
RBI:BOP_INDI_RN(1.0),N_A,FI_TO_EXP,AFY,2012,2011,0,2012-03-31,PT,12.664285
RBI:BOP_INDI_RN(1.0),N_A,FI_TO_GDP,AFY,2012,2011,0,2012-03-31,PT,2.151989
RBI:BOP_INDI_RN(1.0),N_A,IMP_TO_GDP,AFY,2012,2011,0,2012-03-31,PT,27.40177
RBI:BOP_INDI_RN(1.0),N_A,NET_TO_GDP,AFY,2012,2011,0,2012-03-31,PT,6.122012
RBI:BOP_INDI_RN(1.0),N_A,PYMTS_TO_GDP,AFY,2012,2011,0,2012-03-31,PT,5.903767
RBI:BOP_INDI_RN(1.0),N_A,RCPTS_TO_GDP,AFY,2012,2011,0,2012-03-31,PT,12.025779
RBI:BOP_INDI_RN(1.0),N_A,TERM_IMP_RES,AFY,2012,2011,0,2012-03-31,PT,7.072145
RBI:BOP_INDI_RN(1.0),N_A,CAD_TO_GDP,AFY,2013,2012,0,2013-03-31,PT,-4.823932
RBI:BOP_INDI_RN(1.0),N_A,CURR_RCPTS_TO_CURR_PYMTS,AFY,2013,2012,0,2013-03-31,PT,85.75235
RBI:BOP_INDI_RN(1.0),N_A,CURR_RCPTS_TO_GDP,AFY,2013,2012,0,2013-03-31,PT,29.033806
RBI:BOP_INDI_RN(1.0),N_A,EXT_TO_GDP,AFY,2013,2012,0,2013-03-31,PT,16.774974
RBI:BOP_INDI_RN(1.0),N_A,FI_TO_EXP,AFY,2013,2012,0,2013-03-31,PT,15.235961
RBI:BOP_INDI_RN(1.0),N_A,FI_TO_GDP,AFY,2013,2012,0,2013-03-31,PT,2.555828
RBI:BOP_INDI_RN(1.0),N_A,IMP_TO_GDP,AFY,2013,2012,0,2013-03-31,PT,27.480502
RBI:BOP_INDI_RN(1.0),N_A,NET_TO_GDP,AFY,2013,2012,0,2013-03-31,PT,5.881597
RBI:BOP_INDI_RN(1.0),N_A,PYMTS_TO_GDP,AFY,2013,2012,0,2013-03-31,PT,6.377236
RBI:BOP_INDI_RN(1.0),N_A,RCPTS_TO_GDP,AFY,2013,2012,0,2013-03-31,PT,12.258832
RBI:BOP_INDI_RN(1.0),N_A,TERM_IMP_RES,AFY,2013,2012,0,2013-03-31,PT,6.977889
RBI:BOP_INDI_RN(1.0),N_A,CAD_TO_GDP,AFY,2014,2013,0,2014-03-31,PT,-1.739413
RBI:BOP_INDI_RN(1.0),N_A,CURR_RCPTS_TO_CURR_PYMTS,AFY,2014,2013,0,2014-03-31,PT,94.474322
RBI:BOP_INDI_RN(1.0),N_A,CURR_RCPTS_TO_GDP,AFY,2014,2013,0,2014-03-31,PT,29.739314
RBI:BOP_INDI_RN(1.0),N_A,EXT_TO_GDP,AFY,2014,2013,0,2014-03-31,PT,17.159666
RBI:BOP_INDI_RN(1.0),N_A,FI_TO_EXP,AFY,2014,2013,0,2014-03-31,PT,8.281678
RBI:BOP_INDI_RN(1.0),N_A,FI_TO_GDP,AFY,2014,2013,0,2014-03-31,PT,1.421108
RBI:BOP_INDI_RN(1.0),N_A,IMP_TO_GDP,AFY,2014,2013,0,2014-03-31,PT,25.109654
RBI:BOP_INDI_RN(1.0),N_A,NET_TO_GDP,AFY,2014,2013,0,2014-03-31,PT,6.210575
RBI:BOP_INDI_RN(1.0),N_A,PYMTS_TO_GDP,AFY,2014,2013,0,2014-03-31,PT,6.369074
RBI:BOP_INDI_RN(1.0),N_A,RCPTS_TO_GDP,AFY,2014,2013,0,2014-03-31,PT,12.579648
RBI:BOP_INDI_RN(1.0),N_A,TERM_IMP_RES,AFY,2014,2013,0,2014-03-31,PT,7.830439
RBI:BOP_INDI_RN(1.0),N_A,CAD_TO_GDP,AFY,2015,2014,0,2015-03-31,PT,-1.317163
RBI:BOP_INDI_RN(1.0),N_A,CURR_RCPTS_TO_CURR_PYMTS,AFY,2015,2014,0,2015-03-31,PT,95.409163
RBI:BOP_INDI_RN(1.0),N_A,CURR_RCPTS_TO_GDP,AFY,2015,2014,0,2015-03-31,PT,27.373972
RBI:BOP_INDI_RN(1.0),N_A,EXT_TO_GDP,AFY,2015,2014,0,2015-03-31,PT,15.523545
RBI:BOP_INDI_RN(1.0),N_A,FI_TO_EXP,AFY,2015,2014,0,2015-03-31,PT,23.20561
RBI:BOP_INDI_RN(1.0),N_A,FI_TO_GDP,AFY,2015,2014,0,2015-03-31,PT,3.602333
RBI:BOP_INDI_RN(1.0),N_A,IMP_TO_GDP,AFY,2015,2014,0,2015-03-31,PT,22.631477
RBI:BOP_INDI_RN(1.0),N_A,NET_TO_GDP,AFY,2015,2014,0,2015-03-31,PT,5.790768
RBI:BOP_INDI_RN(1.0),N_A,PYMTS_TO_GDP,AFY,2015,2014,0,2015-03-31,PT,6.059658
RBI:BOP_INDI_RN(1.0),N_A,RCPTS_TO_GDP,AFY,2015,2014,0,2015-03-31,PT,11.850426
RBI:BOP_INDI_RN(1.0),N_A,TERM_IMP_RES,AFY,2015,2014,0,2015-03-31,PT,8.883636
RBI:BOP_INDI_RN(1.0),N_A,CAD_TO_GDP,AFY,2016,2015,0,2016-03-31,PT,-1.052991
RBI:BOP_INDI_RN(1.0),N_A,CURR_RCPTS_TO_CURR_PYMTS,AFY,2016,2015,0,2016-03-31,PT,95.769238
RBI:BOP_INDI_RN(1.0),N_A,CURR_RCPTS_TO_GDP,AFY,2016,2015,0,2016-03-31,PT,23.835925
RBI:BOP_INDI_RN(1.0),N_A,EXT_TO_GDP,AFY,2016,2015,0,2016-03-31,PT,12.662427
RBI:BOP_INDI_RN(1.0),N_A,FI_TO_EXP,AFY,2016,2015,0,2016-03-31,PT,11.97273
RBI:BOP_INDI_RN(1.0),N_A,FI_TO_GDP,AFY,2016,2015,0,2016-03-31,PT,1.516038
RBI:BOP_INDI_RN(1.0),N_A,IMP_TO_GDP,AFY,2016,2015,0,2016-03-31,PT,18.846085
RBI:BOP_INDI_RN(1.0),N_A,NET_TO_GDP,AFY,2016,2015,0,2016-03-31,PT,5.130668
RBI:BOP_INDI_RN(1.0),N_A,PYMTS_TO_GDP,AFY,2016,2015,0,2016-03-31,PT,6.04283
RBI:BOP_INDI_RN(1.0),N_A,RCPTS_TO_GDP,AFY,2016,2015,0,2016-03-31,PT,11.173498
RBI:BOP_INDI_RN(1.0),N_A,TERM_IMP_RES,AFY,2016,2015,0,2016-03-31,PT,10.902207
RBI:BOP_INDI_RN(1.0),N_A,CAD_TO_GDP,AFY,2017,2016,0,2017-03-31,PT,-0.628235
RBI:BOP_INDI_RN(1.0),N_A,CURR_RCPTS_TO_CURR_PYMTS,AFY,2017,2016,0,2017-03-31,PT,97.313352
RBI:BOP_INDI_RN(1.0),N_A,CURR_RCPTS_TO_GDP,AFY,2017,2016,0,2017-03-31,PT,22.755356
RBI:BOP_INDI_RN(1.0),N_A,EXT_TO_GDP,AFY,2017,2016,0,2017-03-31,PT,12.207529
RBI:BOP_INDI_RN(1.0),N_A,FI_TO_EXP,AFY,2017,2016,0,2017-03-31,PT,15.429448
RBI:BOP_INDI_RN(1.0),N_A,FI_TO_GDP,AFY,2017,2016,0,2017-03-31,PT,1.883554
RBI:BOP_INDI_RN(1.0),N_A,IMP_TO_GDP,AFY,2017,2016,0,2017-03-31,PT,17.107417
RBI:BOP_INDI_RN(1.0),N_A,NET_TO_GDP,AFY,2017,2016,0,2017-03-31,PT,4.271653
RBI:BOP_INDI_RN(1.0),N_A,PYMTS_TO_GDP,AFY,2017,2016,0,2017-03-31,PT,6.276175
RBI:BOP_INDI_RN(1.0),N_A,RCPTS_TO_GDP,AFY,2017,2016,0,2017-03-31,PT,10.547827
RBI:BOP_INDI_RN(1.0),N_A,TERM_IMP_RES,AFY,2017,2016,0,2017-03-31,PT,11.308398
RBI:BOP_INDI_RN(1.0),N_A,CAD_TO_GDP,AFY,2018,2017,0,2018-03-31,PT,-1.837363
RBI:BOP_INDI_RN(1.0),N_A,CURR_RCPTS_TO_CURR_PYMTS,AFY,2018,2017,0,2018-03-31,PT,92.400916
RBI:BOP_INDI_RN(1.0),N_A,CURR_RCPTS_TO_GDP,AFY,2018,2017,0,2018-03-31,PT,22.341382
RBI:BOP_INDI_RN(1.0),N_A,EXT_TO_GDP,AFY,2018,2017,0,2018-03-31,PT,11.652778
RBI:BOP_INDI_RN(1.0),N_A,FI_TO_EXP,AFY,2018,2017,0,2018-03-31,PT,16.959877
RBI:BOP_INDI_RN(1.0),N_A,FI_TO_GDP,AFY,2018,2017,0,2018-03-31,PT,1.976297
RBI:BOP_INDI_RN(1.0),N_A,IMP_TO_GDP,AFY,2018,2017,0,2018-03-31,PT,17.688509
RBI:BOP_INDI_RN(1.0),N_A,NET_TO_GDP,AFY,2018,2017,0,2018-03-31,PT,4.198368
RBI:BOP_INDI_RN(1.0),N_A,PYMTS_TO_GDP,AFY,2018,2017,0,2018-03-31,PT,6.490236
RBI:BOP_INDI_RN(1.0),N_A,RCPTS_TO_GDP,AFY,2018,2017,0,2018-03-31,PT,10.688604
RBI:BOP_INDI_RN(1.0),N_A,TERM_IMP_RES,AFY,2018,2017,0,2018-03-31,PT,10.86241
RBI:BOP_INDI_RN(1.0),N_A,CAD_TO_GDP,AFY,2019,2018,0,2019-03-31,PT,-2.118308
RBI:BOP_INDI_RN(1.0),N_A,CURR_RCPTS_TO_CURR_PYMTS,AFY,2019,2018,0,2019-03-31,PT,91.831907
RBI:BOP_INDI_RN(1.0),N_A,CURR_RCPTS_TO_GDP,AFY,2019,2018,0,2019-03-31,PT,23.815622
RBI:BOP_INDI_RN(1.0),N_A,EXT_TO_GDP,AFY,2019,2018,0,2019-03-31,PT,12.476705
RBI:BOP_INDI_RN(1.0),N_A,FI_TO_EXP,AFY,2019,2018,0,2019-03-31,PT,8.923712
RBI:BOP_INDI_RN(1.0),N_A,FI_TO_GDP,AFY,2019,2018,0,2019-03-31,PT,1.113385
RBI:BOP_INDI_RN(1.0),N_A,IMP_TO_GDP,AFY,2019,2018,0,2019-03-31,PT,19.146602
RBI:BOP_INDI_RN(1.0),N_A,NET_TO_GDP,AFY,2019,2018,0,2019-03-31,PT,4.551589
RBI:BOP_INDI_RN(1.0),N_A,PYMTS_TO_GDP,AFY,2019,2018,0,2019-03-31,PT,6.787327
RBI:BOP_INDI_RN(1.0),N_A,RCPTS_TO_GDP,AFY,2019,2018,0,2019-03-31,PT,11.338916
RBI:BOP_INDI_RN(1.0),N_A,TERM_IMP_RES,AFY,2019,2018,0,2019-03-31,PT,9.573462
RBI:BOP_INDI_RN(1.0),N_A,CAD_TO_GDP,AFY,2020,2019,0,2020-03-31,PT,-0.869524
RBI:BOP_INDI_RN(1.0),N_A,CURR_RCPTS_TO_CURR_PYMTS,AFY,2020,2019,0,2020-03-31,PT,96.302295
RBI:BOP_INDI_RN(1.0),N_A,CURR_RCPTS_TO_GDP,AFY,2020,2019,0,2020-03-31,PT,22.645703
RBI:BOP_INDI_RN(1.0),N_A,EXT_TO_GDP,AFY,2020,2019,0,2020-03-31,PT,11.300259
RBI:BOP_INDI_RN(1.0),N_A,FI_TO_EXP,AFY,2020,2019,0,2020-03-31,PT,13.861525
RBI:BOP_INDI_RN(1.0),N_A,FI_TO_GDP,AFY,2020,2019,0,2020-03-31,PT,1.566388
RBI:BOP_INDI_RN(1.0),N_A,IMP_TO_GDP,AFY,2020,2019,0,2020-03-31,PT,16.854835
RBI:BOP_INDI_RN(1.0),N_A,NET_TO_GDP,AFY,2020,2019,0,2020-03-31,PT,4.685052
RBI:BOP_INDI_RN(1.0),N_A,PYMTS_TO_GDP,AFY,2020,2019,0,2020-03-31,PT,6.660392
RBI:BOP_INDI_RN(1.0),N_A,RCPTS_TO_GDP,AFY,2020,2019,0,2020-03-31,PT,11.345444
RBI:BOP_INDI_RN(1.0),N_A,TERM_IMP_RES,AFY,2020,2019,0,2020-03-31,PT,11.996737
RBI:BOP_INDI_RN(1.0),N_A,CAD_TO_GDP,AFY,2021,2020,0,2021-03-31,PT,0.893968
RBI:BOP_INDI_RN(1.0),N_A,CURR_RCPTS_TO_CURR_PYMTS,AFY,2021,2020,0,2021-03-31,PT,104.125373
RBI:BOP_INDI_RN(1.0),N_A,CURR_RCPTS_TO_GDP,AFY,2021,2020,0,2021-03-31,PT,22.563969
RBI:BOP_INDI_RN(1.0),N_A,EXT_TO_GDP,AFY,2021,2020,0,2021-03-31,PT,11.077242
RBI:BOP_INDI_RN(1.0),N_A,FI_TO_EXP,AFY,2021,2020,0,2021-03-31,PT,27.030701
RBI:BOP_INDI_RN(1.0),N_A,FI_TO_GDP,AFY,2021,2020,0,2021-03-31,PT,2.994256
RBI:BOP_INDI_RN(1.0),N_A,IMP_TO_GDP,AFY,2021,2020,0,2021-03-31,PT,14.896238
RBI:BOP_INDI_RN(1.0),N_A,NET_TO_GDP,AFY,2021,2020,0,2021-03-31,PT,4.712964
RBI:BOP_INDI_RN(1.0),N_A,PYMTS_TO_GDP,AFY,2021,2020,0,2021-03-31,PT,6.773763
RBI:BOP_INDI_RN(1.0),N_A,RCPTS_TO_GDP,AFY,2021,2020,0,2021-03-31,PT,11.486727
RBI:BOP_INDI_RN(1.0),N_A,TERM_IMP_RES,AFY,2021,2020,0,2021-03-31,PT,17.376754
RBI:BOP_INDI_RN(1.0),N_A,CAD_TO_GDP,AFY,2022,2021,0,2022-03-31,PT,-1.223942
RBI:BOP_INDI_RN(1.0),N_A,CURR_RCPTS_TO_CURR_PYMTS,AFY,2022,2021,0,2022-03-31,PT,95.371438
RBI:BOP_INDI_RN(1.0),N_A,CURR_RCPTS_TO_GDP,AFY,2022,2021,0,2022-03-31,PT,25.219307
RBI:BOP_INDI_RN(1.0),N_A,EXT_TO_GDP,AFY,2022,2021,0,2022-03-31,PT,13.549952
RBI:BOP_INDI_RN(1.0),N_A,FI_TO_EXP,AFY,2022,2021,0,2022-03-31,PT,5.081805
RBI:BOP_INDI_RN(1.0),N_A,FI_TO_GDP,AFY,2022,2021,0,2022-03-31,PT,0.688582
RBI:BOP_INDI_RN(1.0),N_A,IMP_TO_GDP,AFY,2022,2021,0,2022-03-31,PT,19.531738
RBI:BOP_INDI_RN(1.0),N_A,NET_TO_GDP,AFY,2022,2021,0,2022-03-31,PT,4.757844
RBI:BOP_INDI_RN(1.0),N_A,PYMTS_TO_GDP,AFY,2022,2021,0,2022-03-31,PT,6.911511
RBI:BOP_INDI_RN(1.0),N_A,RCPTS_TO_GDP,AFY,2022,2021,0,2022-03-31,PT,11.669355
RBI:BOP_INDI_RN(1.0),N_A,TERM_IMP_RES,AFY,2022,2021,0,2022-03-31,PT,11.780534
RBI:BOP_INDI_RN(1.0),N_A,CAD_TO_GDP,AFY,2023,2022,0,2023-03-31,PT,-2.003964
RBI:BOP_INDI_RN(1.0),N_A,CURR_RCPTS_TO_CURR_PYMTS,AFY,2023,2022,0,2023-03-31,PT,93.219472
RBI:BOP_INDI_RN(1.0),N_A,CURR_RCPTS_TO_GDP,AFY,2023,2022,0,2023-03-31,PT,27.550725
RBI:BOP_INDI_RN(1.0),N_A,EXT_TO_GDP,AFY,2023,2022,0,2023-03-31,PT,13.629955
RBI:BOP_INDI_RN(1.0),N_A,FI_TO_EXP,AFY,2023,2022,0,2023-03-31,PT,5.006749
RBI:BOP_INDI_RN(1.0),N_A,FI_TO_GDP,AFY,2023,2022,0,2023-03-31,PT,0.682418
RBI:BOP_INDI_RN(1.0),N_A,IMP_TO_GDP,AFY,2023,2022,0,2023-03-31,PT,21.558304
RBI:BOP_INDI_RN(1.0),N_A,NET_TO_GDP,AFY,2023,2022,0,2023-03-31,PT,5.924384
RBI:BOP_INDI_RN(1.0),N_A,PYMTS_TO_GDP,AFY,2023,2022,0,2023-03-31,PT,7.996385
RBI:BOP_INDI_RN(1.0),N_A,RCPTS_TO_GDP,AFY,2023,2022,0,2023-03-31,PT,13.920769
RBI:BOP_INDI_RN(1.0),N_A,TERM_IMP_RES,AFY,2023,2022,0,2023-03-31,PT,9.62259
RBI:BOP_INDI_RN(1.0),N_A,CAD_TO_GDP,AFY,2024,2023,0,2024-03-31,PT,-0.717629
RBI:BOP_INDI_RN(1.0),N_A,CURR_RCPTS_TO_CURR_PYMTS,AFY,2024,2023,0,2024-03-31,PT,97.305298
RBI:BOP_INDI_RN(1.0),N_A,CURR_RCPTS_TO_GDP,AFY,2024,2023,0,2024-03-31,PT,25.913497
RBI:BOP_INDI_RN(1.0),N_A,EXT_TO_GDP,AFY,2024,2023,0,2024-03-31,PT,12.132584
RBI:BOP_INDI_RN(1.0),N_A,FI_TO_EXP,AFY,2024,2023,0,2024-03-31,PT,12.285375
RBI:BOP_INDI_RN(1.0),N_A,FI_TO_GDP,AFY,2024,2023,0,2024-03-31,PT,1.490534
RBI:BOP_INDI_RN(1.0),N_A,IMP_TO_GDP,AFY,2024,2023,0,2024-03-31,PT,18.863705
RBI:BOP_INDI_RN(1.0),N_A,NET_TO_GDP,AFY,2024,2023,0,2024-03-31,PT,6.013491
RBI:BOP_INDI_RN(1.0),N_A,PYMTS_TO_GDP,AFY,2024,2023,0,2024-03-31,PT,7.767421
RBI:BOP_INDI_RN(1.0),N_A,RCPTS_TO_GDP,AFY,2024,2023,0,2024-03-31,PT,13.780912
RBI:BOP_INDI_RN(1.0),N_A,TERM_IMP_RES,AFY,2024,2023,0,2024-03-31,PT,11.301789
RBI:BOP_INDI_RN(1.0),N_A,CAD_TO_GDP,AFY,2025,2024,0,2025-03-31,PT,-0.597668
RBI:BOP_INDI_RN(1.0),N_A,CURR_RCPTS_TO_CURR_PYMTS,AFY,2025,2024,0,2025-03-31,PT,97.756715
RBI:BOP_INDI_RN(1.0),N_A,CURR_RCPTS_TO_GDP,AFY,2025,2024,0,2025-03-31,PT,26.044854
RBI:BOP_INDI_RN(1.0),N_A,EXT_TO_GDP,AFY,2025,2024,0,2025-03-31,PT,11.299292
RBI:BOP_INDI_RN(1.0),N_A,FI_TO_EXP,AFY,2025,2024,0,2025-03-31,PT,1.023796
RBI:BOP_INDI_RN(1.0),N_A,FI_TO_GDP,AFY,2025,2024,0,2025-03-31,PT,0.115682
RBI:BOP_INDI_RN(1.0),N_A,IMP_TO_GDP,AFY,2025,2024,0,2025-03-31,PT,18.645128
RBI:BOP_INDI_RN(1.0),N_A,NET_TO_GDP,AFY,2025,2024,0,2025-03-31,PT,6.748168
RBI:BOP_INDI_RN(1.0),N_A,PYMTS_TO_GDP,AFY,2025,2024,0,2025-03-31,PT,7.997394
RBI:BOP_INDI_RN(1.0),N_A,RCPTS_TO_GDP,AFY,2025,2024,0,2025-03-31,PT,14.745562
RBI:BOP_INDI_RN(1.0),N_A,TERM_IMP_RES,AFY,2025,2024,0,2025-03-31,PT,11.00119
