DATAFLOW,AUDST,FREQ,REPYEAREND,REPYEARSTART,TYP_OF_COM_TRD,UNIT_MULT,TIME_PERIOD,UNIT_MEASURE,OBS_VALUE
RBI:IFT_OIL_NON_OIL_A_RN(1.0),N_A,AFY,1986,1985,COMM_NON_OIL,0,1986-03-31,INR,146683000000
RBI:IFT_OIL_NON_OIL_A_RN(1.0),N_A,AFY,1986,1985,COMM_NON_OIL,0,1986-03-31,USD,11988900000
RBI:IFT_OIL_NON_OIL_A_RN(1.0),N_A,AFY,1986,1985,COMM_NON_OIL1,0,1986-03-31,INR,102499000000
RBI:IFT_OIL_NON_OIL_A_RN(1.0),N_A,AFY,1986,1985,COMM_NON_OIL1,0,1986-03-31,USD,8377500000
RBI:IFT_OIL_NON_OIL_A_RN(1.0),N_A,AFY,1986,1985,COMM_NON_OIL2,0,1986-03-31,INR,-44184000000
RBI:IFT_OIL_NON_OIL_A_RN(1.0),N_A,AFY,1986,1985,COMM_NON_OIL2,0,1986-03-31,USD,-3611400000
RBI:IFT_OIL_NON_OIL_A_RN(1.0),N_A,AFY,1986,1985,COMM_OIL,0,1986-03-31,INR,49894000000
RBI:IFT_OIL_NON_OIL_A_RN(1.0),N_A,AFY,1986,1985,COMM_OIL,0,1986-03-31,USD,4078000000
RBI:IFT_OIL_NON_OIL_A_RN(1.0),N_A,AFY,1986,1985,COMM_OIL1,0,1986-03-31,INR,6447000000
RBI:IFT_OIL_NON_OIL_A_RN(1.0),N_A,AFY,1986,1985,COMM_OIL1,0,1986-03-31,USD,527000000
RBI:IFT_OIL_NON_OIL_A_RN(1.0),N_A,AFY,1986,1985,COMM_OIL2,0,1986-03-31,INR,-43447000000
RBI:IFT_OIL_NON_OIL_A_RN(1.0),N_A,AFY,1986,1985,COMM_OIL2,0,1986-03-31,USD,-3551000000
RBI:IFT_OIL_NON_OIL_A_RN(1.0),N_A,AFY,1986,1985,TERM_TRD_EXP,0,1986-03-31,INR,108946000000
RBI:IFT_OIL_NON_OIL_A_RN(1.0),N_A,AFY,1986,1985,TERM_TRD_EXP,0,1986-03-31,USD,8904500000
RBI:IFT_OIL_NON_OIL_A_RN(1.0),N_A,AFY,1986,1985,TERM_TRD_IMP,0,1986-03-31,INR,196577000000
RBI:IFT_OIL_NON_OIL_A_RN(1.0),N_A,AFY,1986,1985,TERM_TRD_IMP,0,1986-03-31,USD,16066900000
RBI:IFT_OIL_NON_OIL_A_RN(1.0),N_A,AFY,1986,1985,TERM_TTL_TRD_BAL,0,1986-03-31,INR,-87631000000
RBI:IFT_OIL_NON_OIL_A_RN(1.0),N_A,AFY,1986,1985,TERM_TTL_TRD_BAL,0,1986-03-31,USD,-7162400000
RBI:IFT_OIL_NON_OIL_A_RN(1.0),N_A,AFY,1987,1986,COMM_NON_OIL,0,1987-03-31,INR,172852000000
RBI:IFT_OIL_NON_OIL_A_RN(1.0),N_A,AFY,1987,1986,COMM_NON_OIL,0,1987-03-31,USD,13527200000
RBI:IFT_OIL_NON_OIL_A_RN(1.0),N_A,AFY,1987,1986,COMM_NON_OIL1,0,1987-03-31,INR,120407000000
RBI:IFT_OIL_NON_OIL_A_RN(1.0),N_A,AFY,1987,1986,COMM_NON_OIL1,0,1987-03-31,USD,9422900000
RBI:IFT_OIL_NON_OIL_A_RN(1.0),N_A,AFY,1987,1986,COMM_NON_OIL2,0,1987-03-31,INR,-52445000000
RBI:IFT_OIL_NON_OIL_A_RN(1.0),N_A,AFY,1987,1986,COMM_NON_OIL2,0,1987-03-31,USD,-4104300000
RBI:IFT_OIL_NON_OIL_A_RN(1.0),N_A,AFY,1987,1986,COMM_OIL,0,1987-03-31,INR,28106000000
RBI:IFT_OIL_NON_OIL_A_RN(1.0),N_A,AFY,1987,1986,COMM_OIL,0,1987-03-31,USD,2199500000
RBI:IFT_OIL_NON_OIL_A_RN(1.0),N_A,AFY,1987,1986,COMM_OIL1,0,1987-03-31,INR,4112000000
RBI:IFT_OIL_NON_OIL_A_RN(1.0),N_A,AFY,1987,1986,COMM_OIL1,0,1987-03-31,USD,321800000
RBI:IFT_OIL_NON_OIL_A_RN(1.0),N_A,AFY,1987,1986,COMM_OIL2,0,1987-03-31,INR,-23994000000
RBI:IFT_OIL_NON_OIL_A_RN(1.0),N_A,AFY,1987,1986,COMM_OIL2,0,1987-03-31,USD,-1877700000
RBI:IFT_OIL_NON_OIL_A_RN(1.0),N_A,AFY,1987,1986,TERM_TRD_EXP,0,1987-03-31,INR,124519000000
RBI:IFT_OIL_NON_OIL_A_RN(1.0),N_A,AFY,1987,1986,TERM_TRD_EXP,0,1987-03-31,USD,9744700000
RBI:IFT_OIL_NON_OIL_A_RN(1.0),N_A,AFY,1987,1986,TERM_TRD_IMP,0,1987-03-31,INR,200958000000
RBI:IFT_OIL_NON_OIL_A_RN(1.0),N_A,AFY,1987,1986,TERM_TRD_IMP,0,1987-03-31,USD,15726700000
RBI:IFT_OIL_NON_OIL_A_RN(1.0),N_A,AFY,1987,1986,TERM_TTL_TRD_BAL,0,1987-03-31,INR,-76439000000
RBI:IFT_OIL_NON_OIL_A_RN(1.0),N_A,AFY,1987,1986,TERM_TTL_TRD_BAL,0,1987-03-31,USD,-5982000000
RBI:IFT_OIL_NON_OIL_A_RN(1.0),N_A,AFY,1988,1987,COMM_NON_OIL,0,1988-03-31,INR,182008000000
RBI:IFT_OIL_NON_OIL_A_RN(1.0),N_A,AFY,1988,1987,COMM_NON_OIL,0,1988-03-31,USD,14037600000
RBI:IFT_OIL_NON_OIL_A_RN(1.0),N_A,AFY,1988,1987,COMM_NON_OIL1,0,1988-03-31,INR,150249000000
RBI:IFT_OIL_NON_OIL_A_RN(1.0),N_A,AFY,1988,1987,COMM_NON_OIL1,0,1988-03-31,USD,11588100000
RBI:IFT_OIL_NON_OIL_A_RN(1.0),N_A,AFY,1988,1987,COMM_NON_OIL2,0,1988-03-31,INR,-31759000000
RBI:IFT_OIL_NON_OIL_A_RN(1.0),N_A,AFY,1988,1987,COMM_NON_OIL2,0,1988-03-31,USD,-2449500000
RBI:IFT_OIL_NON_OIL_A_RN(1.0),N_A,AFY,1988,1987,COMM_OIL,0,1988-03-31,INR,40429000000
RBI:IFT_OIL_NON_OIL_A_RN(1.0),N_A,AFY,1988,1987,COMM_OIL,0,1988-03-31,USD,3118100000
RBI:IFT_OIL_NON_OIL_A_RN(1.0),N_A,AFY,1988,1987,COMM_OIL1,0,1988-03-31,INR,6488000000
RBI:IFT_OIL_NON_OIL_A_RN(1.0),N_A,AFY,1988,1987,COMM_OIL1,0,1988-03-31,USD,500400000
RBI:IFT_OIL_NON_OIL_A_RN(1.0),N_A,AFY,1988,1987,COMM_OIL2,0,1988-03-31,INR,-33941000000
RBI:IFT_OIL_NON_OIL_A_RN(1.0),N_A,AFY,1988,1987,COMM_OIL2,0,1988-03-31,USD,-2617700000
RBI:IFT_OIL_NON_OIL_A_RN(1.0),N_A,AFY,1988,1987,TERM_TRD_EXP,0,1988-03-31,INR,156737000000
RBI:IFT_OIL_NON_OIL_A_RN(1.0),N_A,AFY,1988,1987,TERM_TRD_EXP,0,1988-03-31,USD,12088500000
RBI:IFT_OIL_NON_OIL_A_RN(1.0),N_A,AFY,1988,1987,TERM_TRD_IMP,0,1988-03-31,INR,222437000000
RBI:IFT_OIL_NON_OIL_A_RN(1.0),N_A,AFY,1988,1987,TERM_TRD_IMP,0,1988-03-31,USD,17155700000
RBI:IFT_OIL_NON_OIL_A_RN(1.0),N_A,AFY,1988,1987,TERM_TTL_TRD_BAL,0,1988-03-31,INR,-65700000000
RBI:IFT_OIL_NON_OIL_A_RN(1.0),N_A,AFY,1988,1987,TERM_TTL_TRD_BAL,0,1988-03-31,USD,-5067200000
RBI:IFT_OIL_NON_OIL_A_RN(1.0),N_A,AFY,1989,1988,COMM_NON_OIL,0,1989-03-31,INR,238776000000
RBI:IFT_OIL_NON_OIL_A_RN(1.0),N_A,AFY,1989,1988,COMM_NON_OIL,0,1989-03-31,USD,16488200000
RBI:IFT_OIL_NON_OIL_A_RN(1.0),N_A,AFY,1989,1988,COMM_NON_OIL1,0,1989-03-31,INR,197265000000
RBI:IFT_OIL_NON_OIL_A_RN(1.0),N_A,AFY,1989,1988,COMM_NON_OIL1,0,1989-03-31,USD,13621700000
RBI:IFT_OIL_NON_OIL_A_RN(1.0),N_A,AFY,1989,1988,COMM_NON_OIL2,0,1989-03-31,INR,-41511000000
RBI:IFT_OIL_NON_OIL_A_RN(1.0),N_A,AFY,1989,1988,COMM_NON_OIL2,0,1989-03-31,USD,-2866500000
RBI:IFT_OIL_NON_OIL_A_RN(1.0),N_A,AFY,1989,1988,COMM_OIL,0,1989-03-31,INR,43576000000
RBI:IFT_OIL_NON_OIL_A_RN(1.0),N_A,AFY,1989,1988,COMM_OIL,0,1989-03-31,USD,3009000000
RBI:IFT_OIL_NON_OIL_A_RN(1.0),N_A,AFY,1989,1988,COMM_OIL1,0,1989-03-31,INR,5050000000
RBI:IFT_OIL_NON_OIL_A_RN(1.0),N_A,AFY,1989,1988,COMM_OIL1,0,1989-03-31,USD,348700000
RBI:IFT_OIL_NON_OIL_A_RN(1.0),N_A,AFY,1989,1988,COMM_OIL2,0,1989-03-31,INR,-38526000000
RBI:IFT_OIL_NON_OIL_A_RN(1.0),N_A,AFY,1989,1988,COMM_OIL2,0,1989-03-31,USD,-2660300000
RBI:IFT_OIL_NON_OIL_A_RN(1.0),N_A,AFY,1989,1988,TERM_TRD_EXP,0,1989-03-31,INR,202315000000
RBI:IFT_OIL_NON_OIL_A_RN(1.0),N_A,AFY,1989,1988,TERM_TRD_EXP,0,1989-03-31,USD,13970400000
RBI:IFT_OIL_NON_OIL_A_RN(1.0),N_A,AFY,1989,1988,TERM_TRD_IMP,0,1989-03-31,INR,282352000000
RBI:IFT_OIL_NON_OIL_A_RN(1.0),N_A,AFY,1989,1988,TERM_TRD_IMP,0,1989-03-31,USD,19497200000
RBI:IFT_OIL_NON_OIL_A_RN(1.0),N_A,AFY,1989,1988,TERM_TTL_TRD_BAL,0,1989-03-31,INR,-80037000000
RBI:IFT_OIL_NON_OIL_A_RN(1.0),N_A,AFY,1989,1988,TERM_TTL_TRD_BAL,0,1989-03-31,USD,-5526800000
RBI:IFT_OIL_NON_OIL_A_RN(1.0),N_A,AFY,1990,1989,COMM_NON_OIL,0,1990-03-31,INR,290558000000
RBI:IFT_OIL_NON_OIL_A_RN(1.0),N_A,AFY,1990,1989,COMM_NON_OIL,0,1990-03-31,USD,17451700000
RBI:IFT_OIL_NON_OIL_A_RN(1.0),N_A,AFY,1990,1989,COMM_NON_OIL1,0,1990-03-31,INR,269618000000
RBI:IFT_OIL_NON_OIL_A_RN(1.0),N_A,AFY,1990,1989,COMM_NON_OIL1,0,1990-03-31,USD,16194100000
RBI:IFT_OIL_NON_OIL_A_RN(1.0),N_A,AFY,1990,1989,COMM_NON_OIL2,0,1990-03-31,INR,-20940000000
RBI:IFT_OIL_NON_OIL_A_RN(1.0),N_A,AFY,1990,1989,COMM_NON_OIL2,0,1990-03-31,USD,-1257600000
RBI:IFT_OIL_NON_OIL_A_RN(1.0),N_A,AFY,1990,1989,COMM_OIL,0,1990-03-31,INR,62725000000
RBI:IFT_OIL_NON_OIL_A_RN(1.0),N_A,AFY,1990,1989,COMM_OIL,0,1990-03-31,USD,3767500000
RBI:IFT_OIL_NON_OIL_A_RN(1.0),N_A,AFY,1990,1989,COMM_OIL1,0,1990-03-31,INR,6967000000
RBI:IFT_OIL_NON_OIL_A_RN(1.0),N_A,AFY,1990,1989,COMM_OIL1,0,1990-03-31,USD,418400000
RBI:IFT_OIL_NON_OIL_A_RN(1.0),N_A,AFY,1990,1989,COMM_OIL2,0,1990-03-31,INR,-55758000000
RBI:IFT_OIL_NON_OIL_A_RN(1.0),N_A,AFY,1990,1989,COMM_OIL2,0,1990-03-31,USD,-3349100000
RBI:IFT_OIL_NON_OIL_A_RN(1.0),N_A,AFY,1990,1989,TERM_TRD_EXP,0,1990-03-31,INR,276585000000
RBI:IFT_OIL_NON_OIL_A_RN(1.0),N_A,AFY,1990,1989,TERM_TRD_EXP,0,1990-03-31,USD,16612500000
RBI:IFT_OIL_NON_OIL_A_RN(1.0),N_A,AFY,1990,1989,TERM_TRD_IMP,0,1990-03-31,INR,353283000000
RBI:IFT_OIL_NON_OIL_A_RN(1.0),N_A,AFY,1990,1989,TERM_TRD_IMP,0,1990-03-31,USD,21219200000
RBI:IFT_OIL_NON_OIL_A_RN(1.0),N_A,AFY,1990,1989,TERM_TTL_TRD_BAL,0,1990-03-31,INR,-76698000000
RBI:IFT_OIL_NON_OIL_A_RN(1.0),N_A,AFY,1990,1989,TERM_TTL_TRD_BAL,0,1990-03-31,USD,-4606700000
RBI:IFT_OIL_NON_OIL_A_RN(1.0),N_A,AFY,1991,1990,COMM_NON_OIL,0,1991-03-31,INR,323768000000
RBI:IFT_OIL_NON_OIL_A_RN(1.0),N_A,AFY,1991,1990,COMM_NON_OIL,0,1991-03-31,USD,18044400000
RBI:IFT_OIL_NON_OIL_A_RN(1.0),N_A,AFY,1991,1990,COMM_NON_OIL1,0,1991-03-31,INR,316198000000
RBI:IFT_OIL_NON_OIL_A_RN(1.0),N_A,AFY,1991,1990,COMM_NON_OIL1,0,1991-03-31,USD,17622500000
RBI:IFT_OIL_NON_OIL_A_RN(1.0),N_A,AFY,1991,1990,COMM_NON_OIL2,0,1991-03-31,INR,-7570000000
RBI:IFT_OIL_NON_OIL_A_RN(1.0),N_A,AFY,1991,1990,COMM_NON_OIL2,0,1991-03-31,USD,-421900000
RBI:IFT_OIL_NON_OIL_A_RN(1.0),N_A,AFY,1991,1990,COMM_OIL,0,1991-03-31,INR,108161000000
RBI:IFT_OIL_NON_OIL_A_RN(1.0),N_A,AFY,1991,1990,COMM_OIL,0,1991-03-31,USD,6028100000
RBI:IFT_OIL_NON_OIL_A_RN(1.0),N_A,AFY,1991,1990,COMM_OIL1,0,1991-03-31,INR,9378000000
RBI:IFT_OIL_NON_OIL_A_RN(1.0),N_A,AFY,1991,1990,COMM_OIL1,0,1991-03-31,USD,522700000
RBI:IFT_OIL_NON_OIL_A_RN(1.0),N_A,AFY,1991,1990,COMM_OIL2,0,1991-03-31,INR,-98783000000
RBI:IFT_OIL_NON_OIL_A_RN(1.0),N_A,AFY,1991,1990,COMM_OIL2,0,1991-03-31,USD,-5505400000
RBI:IFT_OIL_NON_OIL_A_RN(1.0),N_A,AFY,1991,1990,TERM_TRD_EXP,0,1991-03-31,INR,325576000000
RBI:IFT_OIL_NON_OIL_A_RN(1.0),N_A,AFY,1991,1990,TERM_TRD_EXP,0,1991-03-31,USD,18145200000
RBI:IFT_OIL_NON_OIL_A_RN(1.0),N_A,AFY,1991,1990,TERM_TRD_IMP,0,1991-03-31,INR,431929000000
RBI:IFT_OIL_NON_OIL_A_RN(1.0),N_A,AFY,1991,1990,TERM_TRD_IMP,0,1991-03-31,USD,24072500000
RBI:IFT_OIL_NON_OIL_A_RN(1.0),N_A,AFY,1991,1990,TERM_TTL_TRD_BAL,0,1991-03-31,INR,-106353000000
RBI:IFT_OIL_NON_OIL_A_RN(1.0),N_A,AFY,1991,1990,TERM_TTL_TRD_BAL,0,1991-03-31,USD,-5927300000
RBI:IFT_OIL_NON_OIL_A_RN(1.0),N_A,AFY,1992,1991,COMM_NON_OIL,0,1992-03-31,INR,347241000000
RBI:IFT_OIL_NON_OIL_A_RN(1.0),N_A,AFY,1992,1991,COMM_NON_OIL,0,1992-03-31,USD,14085700000
RBI:IFT_OIL_NON_OIL_A_RN(1.0),N_A,AFY,1992,1991,COMM_NON_OIL1,0,1992-03-31,INR,430195000000
RBI:IFT_OIL_NON_OIL_A_RN(1.0),N_A,AFY,1992,1991,COMM_NON_OIL1,0,1992-03-31,USD,17450700000
RBI:IFT_OIL_NON_OIL_A_RN(1.0),N_A,AFY,1992,1991,COMM_NON_OIL2,0,1992-03-31,INR,82954000000
RBI:IFT_OIL_NON_OIL_A_RN(1.0),N_A,AFY,1992,1991,COMM_NON_OIL2,0,1992-03-31,USD,3365000000
RBI:IFT_OIL_NON_OIL_A_RN(1.0),N_A,AFY,1992,1991,COMM_OIL,0,1992-03-31,INR,131267000000
RBI:IFT_OIL_NON_OIL_A_RN(1.0),N_A,AFY,1992,1991,COMM_OIL,0,1992-03-31,USD,5324800000
RBI:IFT_OIL_NON_OIL_A_RN(1.0),N_A,AFY,1992,1991,COMM_OIL1,0,1992-03-31,INR,10223000000
RBI:IFT_OIL_NON_OIL_A_RN(1.0),N_A,AFY,1992,1991,COMM_OIL1,0,1992-03-31,USD,414700000
RBI:IFT_OIL_NON_OIL_A_RN(1.0),N_A,AFY,1992,1991,COMM_OIL2,0,1992-03-31,INR,-121044000000
RBI:IFT_OIL_NON_OIL_A_RN(1.0),N_A,AFY,1992,1991,COMM_OIL2,0,1992-03-31,USD,-4910100000
RBI:IFT_OIL_NON_OIL_A_RN(1.0),N_A,AFY,1992,1991,TERM_TRD_EXP,0,1992-03-31,INR,440418000000
RBI:IFT_OIL_NON_OIL_A_RN(1.0),N_A,AFY,1992,1991,TERM_TRD_EXP,0,1992-03-31,USD,17865400000
RBI:IFT_OIL_NON_OIL_A_RN(1.0),N_A,AFY,1992,1991,TERM_TRD_IMP,0,1992-03-31,INR,478508000000
RBI:IFT_OIL_NON_OIL_A_RN(1.0),N_A,AFY,1992,1991,TERM_TRD_IMP,0,1992-03-31,USD,19410500000
RBI:IFT_OIL_NON_OIL_A_RN(1.0),N_A,AFY,1992,1991,TERM_TTL_TRD_BAL,0,1992-03-31,INR,-38090000000
RBI:IFT_OIL_NON_OIL_A_RN(1.0),N_A,AFY,1992,1991,TERM_TTL_TRD_BAL,0,1992-03-31,USD,-1545100000
RBI:IFT_OIL_NON_OIL_A_RN(1.0),N_A,AFY,1993,1992,COMM_NON_OIL,0,1993-03-31,INR,462328000000
RBI:IFT_OIL_NON_OIL_A_RN(1.0),N_A,AFY,1993,1992,COMM_NON_OIL,0,1993-03-31,USD,15781600000
RBI:IFT_OIL_NON_OIL_A_RN(1.0),N_A,AFY,1993,1992,COMM_NON_OIL1,0,1993-03-31,INR,523090000000.00006
RBI:IFT_OIL_NON_OIL_A_RN(1.0),N_A,AFY,1993,1992,COMM_NON_OIL1,0,1993-03-31,USD,18061000000
RBI:IFT_OIL_NON_OIL_A_RN(1.0),N_A,AFY,1993,1992,COMM_NON_OIL2,0,1993-03-31,INR,60762000000
RBI:IFT_OIL_NON_OIL_A_RN(1.0),N_A,AFY,1993,1992,COMM_NON_OIL2,0,1993-03-31,USD,2279400000
RBI:IFT_OIL_NON_OIL_A_RN(1.0),N_A,AFY,1993,1992,COMM_OIL,0,1993-03-31,INR,171417000000
RBI:IFT_OIL_NON_OIL_A_RN(1.0),N_A,AFY,1993,1992,COMM_OIL,0,1993-03-31,USD,6100000000
RBI:IFT_OIL_NON_OIL_A_RN(1.0),N_A,AFY,1993,1992,COMM_OIL1,0,1993-03-31,INR,13793000000
RBI:IFT_OIL_NON_OIL_A_RN(1.0),N_A,AFY,1993,1992,COMM_OIL1,0,1993-03-31,USD,476200000
RBI:IFT_OIL_NON_OIL_A_RN(1.0),N_A,AFY,1993,1992,COMM_OIL2,0,1993-03-31,INR,-157624000000
RBI:IFT_OIL_NON_OIL_A_RN(1.0),N_A,AFY,1993,1992,COMM_OIL2,0,1993-03-31,USD,-5623800000
RBI:IFT_OIL_NON_OIL_A_RN(1.0),N_A,AFY,1993,1992,TERM_TRD_EXP,0,1993-03-31,INR,536883000000
RBI:IFT_OIL_NON_OIL_A_RN(1.0),N_A,AFY,1993,1992,TERM_TRD_EXP,0,1993-03-31,USD,18537200000
RBI:IFT_OIL_NON_OIL_A_RN(1.0),N_A,AFY,1993,1992,TERM_TRD_IMP,0,1993-03-31,INR,633745000000
RBI:IFT_OIL_NON_OIL_A_RN(1.0),N_A,AFY,1993,1992,TERM_TRD_IMP,0,1993-03-31,USD,21881600000
RBI:IFT_OIL_NON_OIL_A_RN(1.0),N_A,AFY,1993,1992,TERM_TTL_TRD_BAL,0,1993-03-31,INR,-96862000000
RBI:IFT_OIL_NON_OIL_A_RN(1.0),N_A,AFY,1993,1992,TERM_TTL_TRD_BAL,0,1993-03-31,USD,-3344400000
RBI:IFT_OIL_NON_OIL_A_RN(1.0),N_A,AFY,1994,1993,COMM_NON_OIL,0,1994-03-31,INR,550548000000
RBI:IFT_OIL_NON_OIL_A_RN(1.0),N_A,AFY,1994,1993,COMM_NON_OIL,0,1994-03-31,USD,17552700000
RBI:IFT_OIL_NON_OIL_A_RN(1.0),N_A,AFY,1994,1993,COMM_NON_OIL1,0,1994-03-31,INR,685036000000
RBI:IFT_OIL_NON_OIL_A_RN(1.0),N_A,AFY,1994,1993,COMM_NON_OIL1,0,1994-03-31,USD,21840500000
RBI:IFT_OIL_NON_OIL_A_RN(1.0),N_A,AFY,1994,1993,COMM_NON_OIL2,0,1994-03-31,INR,134488000000
RBI:IFT_OIL_NON_OIL_A_RN(1.0),N_A,AFY,1994,1993,COMM_NON_OIL2,0,1994-03-31,USD,4287800000
RBI:IFT_OIL_NON_OIL_A_RN(1.0),N_A,AFY,1994,1993,COMM_OIL,0,1994-03-31,INR,180462000000
RBI:IFT_OIL_NON_OIL_A_RN(1.0),N_A,AFY,1994,1993,COMM_OIL,0,1994-03-31,USD,5753500000
RBI:IFT_OIL_NON_OIL_A_RN(1.0),N_A,AFY,1994,1993,COMM_OIL1,0,1994-03-31,INR,12478000000
RBI:IFT_OIL_NON_OIL_A_RN(1.0),N_A,AFY,1994,1993,COMM_OIL1,0,1994-03-31,USD,397800000
RBI:IFT_OIL_NON_OIL_A_RN(1.0),N_A,AFY,1994,1993,COMM_OIL2,0,1994-03-31,INR,-167984000000
RBI:IFT_OIL_NON_OIL_A_RN(1.0),N_A,AFY,1994,1993,COMM_OIL2,0,1994-03-31,USD,-5355700000
RBI:IFT_OIL_NON_OIL_A_RN(1.0),N_A,AFY,1994,1993,TERM_TRD_EXP,0,1994-03-31,INR,697514000000
RBI:IFT_OIL_NON_OIL_A_RN(1.0),N_A,AFY,1994,1993,TERM_TRD_EXP,0,1994-03-31,USD,22238300000
RBI:IFT_OIL_NON_OIL_A_RN(1.0),N_A,AFY,1994,1993,TERM_TRD_IMP,0,1994-03-31,INR,731010000000
RBI:IFT_OIL_NON_OIL_A_RN(1.0),N_A,AFY,1994,1993,TERM_TRD_IMP,0,1994-03-31,USD,23306200000
RBI:IFT_OIL_NON_OIL_A_RN(1.0),N_A,AFY,1994,1993,TERM_TTL_TRD_BAL,0,1994-03-31,INR,-33496000000
RBI:IFT_OIL_NON_OIL_A_RN(1.0),N_A,AFY,1994,1993,TERM_TTL_TRD_BAL,0,1994-03-31,USD,-1067900000
RBI:IFT_OIL_NON_OIL_A_RN(1.0),N_A,AFY,1995,1994,COMM_NON_OIL,0,1995-03-31,INR,713581000000
RBI:IFT_OIL_NON_OIL_A_RN(1.0),N_A,AFY,1995,1994,COMM_NON_OIL,0,1995-03-31,USD,22726500000
RBI:IFT_OIL_NON_OIL_A_RN(1.0),N_A,AFY,1995,1994,COMM_NON_OIL1,0,1995-03-31,INR,813651000000
RBI:IFT_OIL_NON_OIL_A_RN(1.0),N_A,AFY,1995,1994,COMM_NON_OIL1,0,1995-03-31,USD,25913600000
RBI:IFT_OIL_NON_OIL_A_RN(1.0),N_A,AFY,1995,1994,COMM_NON_OIL2,0,1995-03-31,INR,100070000000
RBI:IFT_OIL_NON_OIL_A_RN(1.0),N_A,AFY,1995,1994,COMM_NON_OIL2,0,1995-03-31,USD,3187100000
RBI:IFT_OIL_NON_OIL_A_RN(1.0),N_A,AFY,1995,1994,COMM_OIL,0,1995-03-31,INR,186126000000
RBI:IFT_OIL_NON_OIL_A_RN(1.0),N_A,AFY,1995,1994,COMM_OIL,0,1995-03-31,USD,5927800000
RBI:IFT_OIL_NON_OIL_A_RN(1.0),N_A,AFY,1995,1994,COMM_OIL1,0,1995-03-31,INR,13090000000
RBI:IFT_OIL_NON_OIL_A_RN(1.0),N_A,AFY,1995,1994,COMM_OIL1,0,1995-03-31,USD,416900000
RBI:IFT_OIL_NON_OIL_A_RN(1.0),N_A,AFY,1995,1994,COMM_OIL2,0,1995-03-31,INR,-173036000000
RBI:IFT_OIL_NON_OIL_A_RN(1.0),N_A,AFY,1995,1994,COMM_OIL2,0,1995-03-31,USD,-5510900000
RBI:IFT_OIL_NON_OIL_A_RN(1.0),N_A,AFY,1995,1994,TERM_TRD_EXP,0,1995-03-31,INR,826741000000
RBI:IFT_OIL_NON_OIL_A_RN(1.0),N_A,AFY,1995,1994,TERM_TRD_EXP,0,1995-03-31,USD,26330500000
RBI:IFT_OIL_NON_OIL_A_RN(1.0),N_A,AFY,1995,1994,TERM_TRD_IMP,0,1995-03-31,INR,899707000000
RBI:IFT_OIL_NON_OIL_A_RN(1.0),N_A,AFY,1995,1994,TERM_TRD_IMP,0,1995-03-31,USD,28654300000
RBI:IFT_OIL_NON_OIL_A_RN(1.0),N_A,AFY,1995,1994,TERM_TTL_TRD_BAL,0,1995-03-31,INR,-72966000000
RBI:IFT_OIL_NON_OIL_A_RN(1.0),N_A,AFY,1995,1994,TERM_TTL_TRD_BAL,0,1995-03-31,USD,-2323800000
RBI:IFT_OIL_NON_OIL_A_RN(1.0),N_A,AFY,1996,1995,COMM_NON_OIL,0,1996-03-31,INR,975045000000
RBI:IFT_OIL_NON_OIL_A_RN(1.0),N_A,AFY,1996,1995,COMM_NON_OIL,0,1996-03-31,USD,29149500000
RBI:IFT_OIL_NON_OIL_A_RN(1.0),N_A,AFY,1996,1995,COMM_NON_OIL1,0,1996-03-31,INR,1048356000000
RBI:IFT_OIL_NON_OIL_A_RN(1.0),N_A,AFY,1996,1995,COMM_NON_OIL1,0,1996-03-31,USD,31341200000
RBI:IFT_OIL_NON_OIL_A_RN(1.0),N_A,AFY,1996,1995,COMM_NON_OIL2,0,1996-03-31,INR,73311000000
RBI:IFT_OIL_NON_OIL_A_RN(1.0),N_A,AFY,1996,1995,COMM_NON_OIL2,0,1996-03-31,USD,2191700000
RBI:IFT_OIL_NON_OIL_A_RN(1.0),N_A,AFY,1996,1995,COMM_OIL,0,1996-03-31,INR,251736000000
RBI:IFT_OIL_NON_OIL_A_RN(1.0),N_A,AFY,1996,1995,COMM_OIL,0,1996-03-31,USD,7525800000
RBI:IFT_OIL_NON_OIL_A_RN(1.0),N_A,AFY,1996,1995,COMM_OIL1,0,1996-03-31,INR,15178000000
RBI:IFT_OIL_NON_OIL_A_RN(1.0),N_A,AFY,1996,1995,COMM_OIL1,0,1996-03-31,USD,453700000
RBI:IFT_OIL_NON_OIL_A_RN(1.0),N_A,AFY,1996,1995,COMM_OIL2,0,1996-03-31,INR,-236558000000
RBI:IFT_OIL_NON_OIL_A_RN(1.0),N_A,AFY,1996,1995,COMM_OIL2,0,1996-03-31,USD,-7072100000
RBI:IFT_OIL_NON_OIL_A_RN(1.0),N_A,AFY,1996,1995,TERM_TRD_EXP,0,1996-03-31,INR,1063534000000
RBI:IFT_OIL_NON_OIL_A_RN(1.0),N_A,AFY,1996,1995,TERM_TRD_EXP,0,1996-03-31,USD,31794900000
RBI:IFT_OIL_NON_OIL_A_RN(1.0),N_A,AFY,1996,1995,TERM_TRD_IMP,0,1996-03-31,INR,1226781000000
RBI:IFT_OIL_NON_OIL_A_RN(1.0),N_A,AFY,1996,1995,TERM_TRD_IMP,0,1996-03-31,USD,36675300000
RBI:IFT_OIL_NON_OIL_A_RN(1.0),N_A,AFY,1996,1995,TERM_TTL_TRD_BAL,0,1996-03-31,INR,-163247000000
RBI:IFT_OIL_NON_OIL_A_RN(1.0),N_A,AFY,1996,1995,TERM_TTL_TRD_BAL,0,1996-03-31,USD,-4880400000
RBI:IFT_OIL_NON_OIL_A_RN(1.0),N_A,AFY,1997,1996,COMM_NON_OIL,0,1997-03-31,INR,1032912000000
RBI:IFT_OIL_NON_OIL_A_RN(1.0),N_A,AFY,1997,1996,COMM_NON_OIL,0,1997-03-31,USD,29096200000
RBI:IFT_OIL_NON_OIL_A_RN(1.0),N_A,AFY,1997,1996,COMM_NON_OIL1,0,1997-03-31,INR,1171067000000
RBI:IFT_OIL_NON_OIL_A_RN(1.0),N_A,AFY,1997,1996,COMM_NON_OIL1,0,1997-03-31,USD,32987900000
RBI:IFT_OIL_NON_OIL_A_RN(1.0),N_A,AFY,1997,1996,COMM_NON_OIL2,0,1997-03-31,INR,138155000000
RBI:IFT_OIL_NON_OIL_A_RN(1.0),N_A,AFY,1997,1996,COMM_NON_OIL2,0,1997-03-31,USD,3891700000
RBI:IFT_OIL_NON_OIL_A_RN(1.0),N_A,AFY,1997,1996,COMM_OIL,0,1997-03-31,INR,356285000000
RBI:IFT_OIL_NON_OIL_A_RN(1.0),N_A,AFY,1997,1996,COMM_OIL,0,1997-03-31,USD,10036200000
RBI:IFT_OIL_NON_OIL_A_RN(1.0),N_A,AFY,1997,1996,COMM_OIL1,0,1997-03-31,INR,17104000000
RBI:IFT_OIL_NON_OIL_A_RN(1.0),N_A,AFY,1997,1996,COMM_OIL1,0,1997-03-31,USD,481800000
RBI:IFT_OIL_NON_OIL_A_RN(1.0),N_A,AFY,1997,1996,COMM_OIL2,0,1997-03-31,INR,-339181000000
RBI:IFT_OIL_NON_OIL_A_RN(1.0),N_A,AFY,1997,1996,COMM_OIL2,0,1997-03-31,USD,-9554400000
RBI:IFT_OIL_NON_OIL_A_RN(1.0),N_A,AFY,1997,1996,TERM_TRD_EXP,0,1997-03-31,INR,1188171000000
RBI:IFT_OIL_NON_OIL_A_RN(1.0),N_A,AFY,1997,1996,TERM_TRD_EXP,0,1997-03-31,USD,33469699999.999996
RBI:IFT_OIL_NON_OIL_A_RN(1.0),N_A,AFY,1997,1996,TERM_TRD_IMP,0,1997-03-31,INR,1389197000000
RBI:IFT_OIL_NON_OIL_A_RN(1.0),N_A,AFY,1997,1996,TERM_TRD_IMP,0,1997-03-31,USD,39132400000
RBI:IFT_OIL_NON_OIL_A_RN(1.0),N_A,AFY,1997,1996,TERM_TTL_TRD_BAL,0,1997-03-31,INR,-201026000000
RBI:IFT_OIL_NON_OIL_A_RN(1.0),N_A,AFY,1997,1996,TERM_TTL_TRD_BAL,0,1997-03-31,USD,-5662700000
RBI:IFT_OIL_NON_OIL_A_RN(1.0),N_A,AFY,1998,1997,COMM_NON_OIL,0,1998-03-31,INR,1238351000000
RBI:IFT_OIL_NON_OIL_A_RN(1.0),N_A,AFY,1998,1997,COMM_NON_OIL,0,1998-03-31,USD,33320500000
RBI:IFT_OIL_NON_OIL_A_RN(1.0),N_A,AFY,1998,1997,COMM_NON_OIL1,0,1998-03-31,INR,1287897000000
RBI:IFT_OIL_NON_OIL_A_RN(1.0),N_A,AFY,1998,1997,COMM_NON_OIL1,0,1998-03-31,USD,34653700000
RBI:IFT_OIL_NON_OIL_A_RN(1.0),N_A,AFY,1998,1997,COMM_NON_OIL2,0,1998-03-31,INR,49546000000
RBI:IFT_OIL_NON_OIL_A_RN(1.0),N_A,AFY,1998,1997,COMM_NON_OIL2,0,1998-03-31,USD,1333200000
RBI:IFT_OIL_NON_OIL_A_RN(1.0),N_A,AFY,1998,1997,COMM_OIL,0,1998-03-31,INR,303412000000
RBI:IFT_OIL_NON_OIL_A_RN(1.0),N_A,AFY,1998,1997,COMM_OIL,0,1998-03-31,USD,8164000000
RBI:IFT_OIL_NON_OIL_A_RN(1.0),N_A,AFY,1998,1997,COMM_OIL1,0,1998-03-31,INR,13110000000
RBI:IFT_OIL_NON_OIL_A_RN(1.0),N_A,AFY,1998,1997,COMM_OIL1,0,1998-03-31,USD,352800000
RBI:IFT_OIL_NON_OIL_A_RN(1.0),N_A,AFY,1998,1997,COMM_OIL2,0,1998-03-31,INR,-290302000000
RBI:IFT_OIL_NON_OIL_A_RN(1.0),N_A,AFY,1998,1997,COMM_OIL2,0,1998-03-31,USD,-7811200000
RBI:IFT_OIL_NON_OIL_A_RN(1.0),N_A,AFY,1998,1997,TERM_TRD_EXP,0,1998-03-31,INR,1301007000000
RBI:IFT_OIL_NON_OIL_A_RN(1.0),N_A,AFY,1998,1997,TERM_TRD_EXP,0,1998-03-31,USD,35006500000
RBI:IFT_OIL_NON_OIL_A_RN(1.0),N_A,AFY,1998,1997,TERM_TRD_IMP,0,1998-03-31,INR,1541763000000
RBI:IFT_OIL_NON_OIL_A_RN(1.0),N_A,AFY,1998,1997,TERM_TRD_IMP,0,1998-03-31,USD,41484500000
RBI:IFT_OIL_NON_OIL_A_RN(1.0),N_A,AFY,1998,1997,TERM_TTL_TRD_BAL,0,1998-03-31,INR,-240756000000
RBI:IFT_OIL_NON_OIL_A_RN(1.0),N_A,AFY,1998,1997,TERM_TTL_TRD_BAL,0,1998-03-31,USD,-6478000000
RBI:IFT_OIL_NON_OIL_A_RN(1.0),N_A,AFY,1999,1998,COMM_NON_OIL,0,1999-03-31,INR,1514126000000
RBI:IFT_OIL_NON_OIL_A_RN(1.0),N_A,AFY,1999,1998,COMM_NON_OIL,0,1999-03-31,USD,35990100000
RBI:IFT_OIL_NON_OIL_A_RN(1.0),N_A,AFY,1999,1998,COMM_NON_OIL1,0,1999-03-31,INR,1393769000000
RBI:IFT_OIL_NON_OIL_A_RN(1.0),N_A,AFY,1999,1998,COMM_NON_OIL1,0,1999-03-31,USD,33129300000.000004
RBI:IFT_OIL_NON_OIL_A_RN(1.0),N_A,AFY,1999,1998,COMM_NON_OIL2,0,1999-03-31,INR,-120357000000
RBI:IFT_OIL_NON_OIL_A_RN(1.0),N_A,AFY,1999,1998,COMM_NON_OIL2,0,1999-03-31,USD,-2860800000
RBI:IFT_OIL_NON_OIL_A_RN(1.0),N_A,AFY,1999,1998,COMM_OIL,0,1999-03-31,INR,269192999999.99997
RBI:IFT_OIL_NON_OIL_A_RN(1.0),N_A,AFY,1999,1998,COMM_OIL,0,1999-03-31,USD,6398600000
RBI:IFT_OIL_NON_OIL_A_RN(1.0),N_A,AFY,1999,1998,COMM_OIL1,0,1999-03-31,INR,3762000000
RBI:IFT_OIL_NON_OIL_A_RN(1.0),N_A,AFY,1999,1998,COMM_OIL1,0,1999-03-31,USD,89400000
RBI:IFT_OIL_NON_OIL_A_RN(1.0),N_A,AFY,1999,1998,COMM_OIL2,0,1999-03-31,INR,-265431000000
RBI:IFT_OIL_NON_OIL_A_RN(1.0),N_A,AFY,1999,1998,COMM_OIL2,0,1999-03-31,USD,-6309200000
RBI:IFT_OIL_NON_OIL_A_RN(1.0),N_A,AFY,1999,1998,TERM_TRD_EXP,0,1999-03-31,INR,1397531000000
RBI:IFT_OIL_NON_OIL_A_RN(1.0),N_A,AFY,1999,1998,TERM_TRD_EXP,0,1999-03-31,USD,33218699999.999996
RBI:IFT_OIL_NON_OIL_A_RN(1.0),N_A,AFY,1999,1998,TERM_TRD_IMP,0,1999-03-31,INR,1783319000000
RBI:IFT_OIL_NON_OIL_A_RN(1.0),N_A,AFY,1999,1998,TERM_TRD_IMP,0,1999-03-31,USD,42388700000
RBI:IFT_OIL_NON_OIL_A_RN(1.0),N_A,AFY,1999,1998,TERM_TTL_TRD_BAL,0,1999-03-31,INR,-385788000000
RBI:IFT_OIL_NON_OIL_A_RN(1.0),N_A,AFY,1999,1998,TERM_TTL_TRD_BAL,0,1999-03-31,USD,-9170000000
RBI:IFT_OIL_NON_OIL_A_RN(1.0),N_A,AFY,2000,1999,COMM_NON_OIL,0,2000-03-31,INR,1605879000000
RBI:IFT_OIL_NON_OIL_A_RN(1.0),N_A,AFY,2000,1999,COMM_NON_OIL,0,2000-03-31,USD,37059300000
RBI:IFT_OIL_NON_OIL_A_RN(1.0),N_A,AFY,2000,1999,COMM_NON_OIL1,0,2000-03-31,INR,1593929000000
RBI:IFT_OIL_NON_OIL_A_RN(1.0),N_A,AFY,2000,1999,COMM_NON_OIL1,0,2000-03-31,USD,36783500000
RBI:IFT_OIL_NON_OIL_A_RN(1.0),N_A,AFY,2000,1999,COMM_NON_OIL2,0,2000-03-31,INR,-11950000000
RBI:IFT_OIL_NON_OIL_A_RN(1.0),N_A,AFY,2000,1999,COMM_NON_OIL2,0,2000-03-31,USD,-275800000
RBI:IFT_OIL_NON_OIL_A_RN(1.0),N_A,AFY,2000,1999,COMM_OIL,0,2000-03-31,INR,546486000000
RBI:IFT_OIL_NON_OIL_A_RN(1.0),N_A,AFY,2000,1999,COMM_OIL,0,2000-03-31,USD,12611400000
RBI:IFT_OIL_NON_OIL_A_RN(1.0),N_A,AFY,2000,1999,COMM_OIL1,0,2000-03-31,INR,1685000000
RBI:IFT_OIL_NON_OIL_A_RN(1.0),N_A,AFY,2000,1999,COMM_OIL1,0,2000-03-31,USD,38900000
RBI:IFT_OIL_NON_OIL_A_RN(1.0),N_A,AFY,2000,1999,COMM_OIL2,0,2000-03-31,INR,-544801000000
RBI:IFT_OIL_NON_OIL_A_RN(1.0),N_A,AFY,2000,1999,COMM_OIL2,0,2000-03-31,USD,-12572500000
RBI:IFT_OIL_NON_OIL_A_RN(1.0),N_A,AFY,2000,1999,TERM_TRD_EXP,0,2000-03-31,INR,1595614000000
RBI:IFT_OIL_NON_OIL_A_RN(1.0),N_A,AFY,2000,1999,TERM_TRD_EXP,0,2000-03-31,USD,36822400000
RBI:IFT_OIL_NON_OIL_A_RN(1.0),N_A,AFY,2000,1999,TERM_TRD_IMP,0,2000-03-31,INR,2152365000000
RBI:IFT_OIL_NON_OIL_A_RN(1.0),N_A,AFY,2000,1999,TERM_TRD_IMP,0,2000-03-31,USD,49670700000
RBI:IFT_OIL_NON_OIL_A_RN(1.0),N_A,AFY,2000,1999,TERM_TTL_TRD_BAL,0,2000-03-31,INR,-556751000000
RBI:IFT_OIL_NON_OIL_A_RN(1.0),N_A,AFY,2000,1999,TERM_TTL_TRD_BAL,0,2000-03-31,USD,-12848300000
RBI:IFT_OIL_NON_OIL_A_RN(1.0),N_A,AFY,2001,2000,COMM_NON_OIL,0,2001-03-31,INR,1593762391033
RBI:IFT_OIL_NON_OIL_A_RN(1.0),N_A,AFY,2001,2000,COMM_NON_OIL,0,2001-03-31,USD,34890847910
RBI:IFT_OIL_NON_OIL_A_RN(1.0),N_A,AFY,2001,2000,COMM_NON_OIL1,0,2001-03-31,INR,1949250381334
RBI:IFT_OIL_NON_OIL_A_RN(1.0),N_A,AFY,2001,2000,COMM_NON_OIL1,0,2001-03-31,USD,42638075210
RBI:IFT_OIL_NON_OIL_A_RN(1.0),N_A,AFY,2001,2000,COMM_NON_OIL2,0,2001-03-31,INR,355487990301
RBI:IFT_OIL_NON_OIL_A_RN(1.0),N_A,AFY,2001,2000,COMM_NON_OIL2,0,2001-03-31,USD,7747227302
RBI:IFT_OIL_NON_OIL_A_RN(1.0),N_A,AFY,2001,2000,COMM_OIL,0,2001-03-31,INR,714965200000
RBI:IFT_OIL_NON_OIL_A_RN(1.0),N_A,AFY,2001,2000,COMM_OIL,0,2001-03-31,USD,15663584570
RBI:IFT_OIL_NON_OIL_A_RN(1.0),N_A,AFY,2001,2000,COMM_OIL1,0,2001-03-31,INR,86459734535
RBI:IFT_OIL_NON_OIL_A_RN(1.0),N_A,AFY,2001,2000,COMM_OIL1,0,2001-03-31,USD,1872917158
RBI:IFT_OIL_NON_OIL_A_RN(1.0),N_A,AFY,2001,2000,COMM_OIL2,0,2001-03-31,INR,-628505465465
RBI:IFT_OIL_NON_OIL_A_RN(1.0),N_A,AFY,2001,2000,COMM_OIL2,0,2001-03-31,USD,-13790667410
RBI:IFT_OIL_NON_OIL_A_RN(1.0),N_A,AFY,2001,2000,TERM_TRD_EXP,0,2001-03-31,INR,2035710115869
RBI:IFT_OIL_NON_OIL_A_RN(1.0),N_A,AFY,2001,2000,TERM_TRD_EXP,0,2001-03-31,USD,44510992370
RBI:IFT_OIL_NON_OIL_A_RN(1.0),N_A,AFY,2001,2000,TERM_TRD_IMP,0,2001-03-31,INR,2308727591033
RBI:IFT_OIL_NON_OIL_A_RN(1.0),N_A,AFY,2001,2000,TERM_TRD_IMP,0,2001-03-31,USD,50554432480
RBI:IFT_OIL_NON_OIL_A_RN(1.0),N_A,AFY,2001,2000,TERM_TTL_TRD_BAL,0,2001-03-31,INR,-273017475164
RBI:IFT_OIL_NON_OIL_A_RN(1.0),N_A,AFY,2001,2000,TERM_TTL_TRD_BAL,0,2001-03-31,USD,-6043440109
RBI:IFT_OIL_NON_OIL_A_RN(1.0),N_A,AFY,2002,2001,COMM_NON_OIL,0,2002-03-31,INR,1784298560489
RBI:IFT_OIL_NON_OIL_A_RN(1.0),N_A,AFY,2002,2001,COMM_NON_OIL,0,2002-03-31,USD,37412154050
RBI:IFT_OIL_NON_OIL_A_RN(1.0),N_A,AFY,2002,2001,COMM_NON_OIL1,0,2002-03-31,INR,1989113938746
RBI:IFT_OIL_NON_OIL_A_RN(1.0),N_A,AFY,2002,2001,COMM_NON_OIL1,0,2002-03-31,USD,41680209550
RBI:IFT_OIL_NON_OIL_A_RN(1.0),N_A,AFY,2002,2001,COMM_NON_OIL2,0,2002-03-31,INR,204815378257
RBI:IFT_OIL_NON_OIL_A_RN(1.0),N_A,AFY,2002,2001,COMM_NON_OIL2,0,2002-03-31,USD,4268055499
RBI:IFT_OIL_NON_OIL_A_RN(1.0),N_A,AFY,2002,2001,COMM_OIL,0,2002-03-31,INR,667698600000
RBI:IFT_OIL_NON_OIL_A_RN(1.0),N_A,AFY,2002,2001,COMM_OIL,0,2002-03-31,USD,14016365520
RBI:IFT_OIL_NON_OIL_A_RN(1.0),N_A,AFY,2002,2001,COMM_OIL1,0,2002-03-31,INR,101065795773
RBI:IFT_OIL_NON_OIL_A_RN(1.0),N_A,AFY,2002,2001,COMM_OIL1,0,2002-03-31,USD,2116982910
RBI:IFT_OIL_NON_OIL_A_RN(1.0),N_A,AFY,2002,2001,COMM_OIL2,0,2002-03-31,INR,-566632804227
RBI:IFT_OIL_NON_OIL_A_RN(1.0),N_A,AFY,2002,2001,COMM_OIL2,0,2002-03-31,USD,-11899382610
RBI:IFT_OIL_NON_OIL_A_RN(1.0),N_A,AFY,2002,2001,TERM_TRD_EXP,0,2002-03-31,INR,2090179734519
RBI:IFT_OIL_NON_OIL_A_RN(1.0),N_A,AFY,2002,2001,TERM_TRD_EXP,0,2002-03-31,USD,43797192460
RBI:IFT_OIL_NON_OIL_A_RN(1.0),N_A,AFY,2002,2001,TERM_TRD_IMP,0,2002-03-31,INR,2451997160489
RBI:IFT_OIL_NON_OIL_A_RN(1.0),N_A,AFY,2002,2001,TERM_TRD_IMP,0,2002-03-31,USD,51428519570
RBI:IFT_OIL_NON_OIL_A_RN(1.0),N_A,AFY,2002,2001,TERM_TTL_TRD_BAL,0,2002-03-31,INR,-361817425970
RBI:IFT_OIL_NON_OIL_A_RN(1.0),N_A,AFY,2002,2001,TERM_TTL_TRD_BAL,0,2002-03-31,USD,-7631327110
RBI:IFT_OIL_NON_OIL_A_RN(1.0),N_A,AFY,2003,2002,COMM_NON_OIL,0,2003-03-31,INR,2109927226203
RBI:IFT_OIL_NON_OIL_A_RN(1.0),N_A,AFY,2003,2002,COMM_NON_OIL,0,2003-03-31,USD,43618038720
RBI:IFT_OIL_NON_OIL_A_RN(1.0),N_A,AFY,2003,2002,COMM_NON_OIL1,0,2003-03-31,INR,2424062047189
RBI:IFT_OIL_NON_OIL_A_RN(1.0),N_A,AFY,2003,2002,COMM_NON_OIL1,0,2003-03-31,USD,50107416740
RBI:IFT_OIL_NON_OIL_A_RN(1.0),N_A,AFY,2003,2002,COMM_NON_OIL2,0,2003-03-31,INR,314134820986
RBI:IFT_OIL_NON_OIL_A_RN(1.0),N_A,AFY,2003,2002,COMM_NON_OIL2,0,2003-03-31,USD,6489378023
RBI:IFT_OIL_NON_OIL_A_RN(1.0),N_A,AFY,2003,2002,COMM_OIL,0,2003-03-31,INR,853670000000
RBI:IFT_OIL_NON_OIL_A_RN(1.0),N_A,AFY,2003,2002,COMM_OIL,0,2003-03-31,USD,17648115660
RBI:IFT_OIL_NON_OIL_A_RN(1.0),N_A,AFY,2003,2002,COMM_OIL1,0,2003-03-31,INR,125071644873
RBI:IFT_OIL_NON_OIL_A_RN(1.0),N_A,AFY,2003,2002,COMM_OIL1,0,2003-03-31,USD,2587997919
RBI:IFT_OIL_NON_OIL_A_RN(1.0),N_A,AFY,2003,2002,COMM_OIL2,0,2003-03-31,INR,-728598355127
RBI:IFT_OIL_NON_OIL_A_RN(1.0),N_A,AFY,2003,2002,COMM_OIL2,0,2003-03-31,USD,-15060117740
RBI:IFT_OIL_NON_OIL_A_RN(1.0),N_A,AFY,2003,2002,TERM_TRD_EXP,0,2003-03-31,INR,2549133692062
RBI:IFT_OIL_NON_OIL_A_RN(1.0),N_A,AFY,2003,2002,TERM_TRD_EXP,0,2003-03-31,USD,52695414660
RBI:IFT_OIL_NON_OIL_A_RN(1.0),N_A,AFY,2003,2002,TERM_TRD_IMP,0,2003-03-31,INR,2963597226203
RBI:IFT_OIL_NON_OIL_A_RN(1.0),N_A,AFY,2003,2002,TERM_TRD_IMP,0,2003-03-31,USD,61266154380
RBI:IFT_OIL_NON_OIL_A_RN(1.0),N_A,AFY,2003,2002,TERM_TTL_TRD_BAL,0,2003-03-31,INR,-414463534141
RBI:IFT_OIL_NON_OIL_A_RN(1.0),N_A,AFY,2003,2002,TERM_TTL_TRD_BAL,0,2003-03-31,USD,-8570739715
RBI:IFT_OIL_NON_OIL_A_RN(1.0),N_A,AFY,2004,2003,COMM_NON_OIL,0,2004-03-31,INR,2645876597726
RBI:IFT_OIL_NON_OIL_A_RN(1.0),N_A,AFY,2004,2003,COMM_NON_OIL,0,2004-03-31,USD,57651395080
RBI:IFT_OIL_NON_OIL_A_RN(1.0),N_A,AFY,2004,2003,COMM_NON_OIL1,0,2004-03-31,INR,2769693066171
RBI:IFT_OIL_NON_OIL_A_RN(1.0),N_A,AFY,2004,2003,COMM_NON_OIL1,0,2004-03-31,USD,60404601710
RBI:IFT_OIL_NON_OIL_A_RN(1.0),N_A,AFY,2004,2003,COMM_NON_OIL2,0,2004-03-31,INR,123816468445
RBI:IFT_OIL_NON_OIL_A_RN(1.0),N_A,AFY,2004,2003,COMM_NON_OIL2,0,2004-03-31,USD,2753206623
RBI:IFT_OIL_NON_OIL_A_RN(1.0),N_A,AFY,2004,2003,COMM_OIL,0,2004-03-31,INR,945200000000
RBI:IFT_OIL_NON_OIL_A_RN(1.0),N_A,AFY,2004,2003,COMM_OIL,0,2004-03-31,USD,20599091770
RBI:IFT_OIL_NON_OIL_A_RN(1.0),N_A,AFY,2004,2003,COMM_OIL1,0,2004-03-31,INR,163974416465
RBI:IFT_OIL_NON_OIL_A_RN(1.0),N_A,AFY,2004,2003,COMM_OIL1,0,2004-03-31,USD,3573883806
RBI:IFT_OIL_NON_OIL_A_RN(1.0),N_A,AFY,2004,2003,COMM_OIL2,0,2004-03-31,INR,-781225583535
RBI:IFT_OIL_NON_OIL_A_RN(1.0),N_A,AFY,2004,2003,COMM_OIL2,0,2004-03-31,USD,-17025207960
RBI:IFT_OIL_NON_OIL_A_RN(1.0),N_A,AFY,2004,2003,TERM_TRD_EXP,0,2004-03-31,INR,2933667482636
RBI:IFT_OIL_NON_OIL_A_RN(1.0),N_A,AFY,2004,2003,TERM_TRD_EXP,0,2004-03-31,USD,63978485510
RBI:IFT_OIL_NON_OIL_A_RN(1.0),N_A,AFY,2004,2003,TERM_TRD_IMP,0,2004-03-31,INR,3591076597726
RBI:IFT_OIL_NON_OIL_A_RN(1.0),N_A,AFY,2004,2003,TERM_TRD_IMP,0,2004-03-31,USD,78250486850
RBI:IFT_OIL_NON_OIL_A_RN(1.0),N_A,AFY,2004,2003,TERM_TTL_TRD_BAL,0,2004-03-31,INR,-657409115090
RBI:IFT_OIL_NON_OIL_A_RN(1.0),N_A,AFY,2004,2003,TERM_TTL_TRD_BAL,0,2004-03-31,USD,-14272001340
RBI:IFT_OIL_NON_OIL_A_RN(1.0),N_A,AFY,2005,2004,COMM_NON_OIL,0,2005-03-31,INR,3669705384125
RBI:IFT_OIL_NON_OIL_A_RN(1.0),N_A,AFY,2005,2004,COMM_NON_OIL,0,2005-03-31,USD,81881704090
RBI:IFT_OIL_NON_OIL_A_RN(1.0),N_A,AFY,2005,2004,COMM_NON_OIL1,0,2005-03-31,INR,3439353725484
RBI:IFT_OIL_NON_OIL_A_RN(1.0),N_A,AFY,2005,2004,COMM_NON_OIL1,0,2005-03-31,USD,76750910260
RBI:IFT_OIL_NON_OIL_A_RN(1.0),N_A,AFY,2005,2004,COMM_NON_OIL2,0,2005-03-31,INR,-230351658641
RBI:IFT_OIL_NON_OIL_A_RN(1.0),N_A,AFY,2005,2004,COMM_NON_OIL2,0,2005-03-31,USD,-5130793830
RBI:IFT_OIL_NON_OIL_A_RN(1.0),N_A,AFY,2005,2004,COMM_OIL,0,2005-03-31,INR,1340940000000
RBI:IFT_OIL_NON_OIL_A_RN(1.0),N_A,AFY,2005,2004,COMM_OIL,0,2005-03-31,USD,29858276830
RBI:IFT_OIL_NON_OIL_A_RN(1.0),N_A,AFY,2005,2004,COMM_OIL1,0,2005-03-31,INR,314041544955
RBI:IFT_OIL_NON_OIL_A_RN(1.0),N_A,AFY,2005,2004,COMM_OIL1,0,2005-03-31,USD,7001100716
RBI:IFT_OIL_NON_OIL_A_RN(1.0),N_A,AFY,2005,2004,COMM_OIL2,0,2005-03-31,INR,-1026898455045
RBI:IFT_OIL_NON_OIL_A_RN(1.0),N_A,AFY,2005,2004,COMM_OIL2,0,2005-03-31,USD,-22857176120
RBI:IFT_OIL_NON_OIL_A_RN(1.0),N_A,AFY,2005,2004,TERM_TRD_EXP,0,2005-03-31,INR,3753395270439
RBI:IFT_OIL_NON_OIL_A_RN(1.0),N_A,AFY,2005,2004,TERM_TRD_EXP,0,2005-03-31,USD,83752010980
RBI:IFT_OIL_NON_OIL_A_RN(1.0),N_A,AFY,2005,2004,TERM_TRD_IMP,0,2005-03-31,INR,5010645384125
RBI:IFT_OIL_NON_OIL_A_RN(1.0),N_A,AFY,2005,2004,TERM_TRD_IMP,0,2005-03-31,USD,111739980900
RBI:IFT_OIL_NON_OIL_A_RN(1.0),N_A,AFY,2005,2004,TERM_TTL_TRD_BAL,0,2005-03-31,INR,-1257250113686
RBI:IFT_OIL_NON_OIL_A_RN(1.0),N_A,AFY,2005,2004,TERM_TTL_TRD_BAL,0,2005-03-31,USD,-27987969950
RBI:IFT_OIL_NON_OIL_A_RN(1.0),N_A,AFY,2006,2005,COMM_NON_OIL,0,2006-03-31,INR,4657688990443
RBI:IFT_OIL_NON_OIL_A_RN(1.0),N_A,AFY,2006,2005,COMM_NON_OIL,0,2006-03-31,USD,105232657600
RBI:IFT_OIL_NON_OIL_A_RN(1.0),N_A,AFY,2006,2005,COMM_NON_OIL1,0,2006-03-31,INR,4048850603381
RBI:IFT_OIL_NON_OIL_A_RN(1.0),N_A,AFY,2006,2005,COMM_NON_OIL1,0,2006-03-31,USD,91428131490
RBI:IFT_OIL_NON_OIL_A_RN(1.0),N_A,AFY,2006,2005,COMM_NON_OIL2,0,2006-03-31,INR,-608838387062
RBI:IFT_OIL_NON_OIL_A_RN(1.0),N_A,AFY,2006,2005,COMM_NON_OIL2,0,2006-03-31,USD,-13804526150
RBI:IFT_OIL_NON_OIL_A_RN(1.0),N_A,AFY,2006,2005,COMM_OIL,0,2006-03-31,INR,1946400000000
RBI:IFT_OIL_NON_OIL_A_RN(1.0),N_A,AFY,2006,2005,COMM_OIL,0,2006-03-31,USD,43951271360
RBI:IFT_OIL_NON_OIL_A_RN(1.0),N_A,AFY,2006,2005,COMM_OIL1,0,2006-03-31,INR,515328013213
RBI:IFT_OIL_NON_OIL_A_RN(1.0),N_A,AFY,2006,2005,COMM_OIL1,0,2006-03-31,USD,11616171680
RBI:IFT_OIL_NON_OIL_A_RN(1.0),N_A,AFY,2006,2005,COMM_OIL2,0,2006-03-31,INR,-1431071986787
RBI:IFT_OIL_NON_OIL_A_RN(1.0),N_A,AFY,2006,2005,COMM_OIL2,0,2006-03-31,USD,-32335099670
RBI:IFT_OIL_NON_OIL_A_RN(1.0),N_A,AFY,2006,2005,TERM_TRD_EXP,0,2006-03-31,INR,4564178616594
RBI:IFT_OIL_NON_OIL_A_RN(1.0),N_A,AFY,2006,2005,TERM_TRD_EXP,0,2006-03-31,USD,103044303200
RBI:IFT_OIL_NON_OIL_A_RN(1.0),N_A,AFY,2006,2005,TERM_TRD_IMP,0,2006-03-31,INR,6604088990443
RBI:IFT_OIL_NON_OIL_A_RN(1.0),N_A,AFY,2006,2005,TERM_TRD_IMP,0,2006-03-31,USD,149183929000
RBI:IFT_OIL_NON_OIL_A_RN(1.0),N_A,AFY,2006,2005,TERM_TTL_TRD_BAL,0,2006-03-31,INR,-2039910373849
RBI:IFT_OIL_NON_OIL_A_RN(1.0),N_A,AFY,2006,2005,TERM_TTL_TRD_BAL,0,2006-03-31,USD,-46139625830
RBI:IFT_OIL_NON_OIL_A_RN(1.0),N_A,AFY,2007,2006,COMM_NON_OIL,0,2007-03-31,INR,5819345546564
RBI:IFT_OIL_NON_OIL_A_RN(1.0),N_A,AFY,2007,2006,COMM_NON_OIL,0,2007-03-31,USD,128676328300
RBI:IFT_OIL_NON_OIL_A_RN(1.0),N_A,AFY,2007,2006,COMM_NON_OIL1,0,2007-03-31,INR,4872591361770
RBI:IFT_OIL_NON_OIL_A_RN(1.0),N_A,AFY,2007,2006,COMM_NON_OIL1,0,2007-03-31,USD,107779462500
RBI:IFT_OIL_NON_OIL_A_RN(1.0),N_A,AFY,2007,2006,COMM_NON_OIL2,0,2007-03-31,INR,-946754184794
RBI:IFT_OIL_NON_OIL_A_RN(1.0),N_A,AFY,2007,2006,COMM_NON_OIL2,0,2007-03-31,USD,-20896865820
RBI:IFT_OIL_NON_OIL_A_RN(1.0),N_A,AFY,2007,2006,COMM_OIL,0,2007-03-31,INR,2995807586429
RBI:IFT_OIL_NON_OIL_A_RN(1.0),N_A,AFY,2007,2006,COMM_OIL,0,2007-03-31,USD,66132531680
RBI:IFT_OIL_NON_OIL_A_RN(1.0),N_A,AFY,2007,2006,COMM_OIL1,0,2007-03-31,INR,845201490398
RBI:IFT_OIL_NON_OIL_A_RN(1.0),N_A,AFY,2007,2006,COMM_OIL1,0,2007-03-31,USD,18634591040
RBI:IFT_OIL_NON_OIL_A_RN(1.0),N_A,AFY,2007,2006,COMM_OIL2,0,2007-03-31,INR,-2150606096031
RBI:IFT_OIL_NON_OIL_A_RN(1.0),N_A,AFY,2007,2006,COMM_OIL2,0,2007-03-31,USD,-47497940640
RBI:IFT_OIL_NON_OIL_A_RN(1.0),N_A,AFY,2007,2006,TERM_TRD_EXP,0,2007-03-31,INR,5717792852168
RBI:IFT_OIL_NON_OIL_A_RN(1.0),N_A,AFY,2007,2006,TERM_TRD_EXP,0,2007-03-31,USD,126414053600
RBI:IFT_OIL_NON_OIL_A_RN(1.0),N_A,AFY,2007,2006,TERM_TRD_IMP,0,2007-03-31,INR,8815153132993
RBI:IFT_OIL_NON_OIL_A_RN(1.0),N_A,AFY,2007,2006,TERM_TRD_IMP,0,2007-03-31,USD,194808860000
RBI:IFT_OIL_NON_OIL_A_RN(1.0),N_A,AFY,2007,2006,TERM_TTL_TRD_BAL,0,2007-03-31,INR,-3097360280825
RBI:IFT_OIL_NON_OIL_A_RN(1.0),N_A,AFY,2007,2006,TERM_TTL_TRD_BAL,0,2007-03-31,USD,-68394806460
RBI:IFT_OIL_NON_OIL_A_RN(1.0),N_A,AFY,2008,2007,COMM_NON_OIL,0,2008-03-31,INR,6916571985278
RBI:IFT_OIL_NON_OIL_A_RN(1.0),N_A,AFY,2008,2007,COMM_NON_OIL,0,2008-03-31,USD,171874098800
RBI:IFT_OIL_NON_OIL_A_RN(1.0),N_A,AFY,2008,2007,COMM_NON_OIL1,0,2008-03-31,INR,5416718433038
RBI:IFT_OIL_NON_OIL_A_RN(1.0),N_A,AFY,2008,2007,COMM_NON_OIL1,0,2008-03-31,USD,134718828500
RBI:IFT_OIL_NON_OIL_A_RN(1.0),N_A,AFY,2008,2007,COMM_NON_OIL2,0,2008-03-31,INR,-1499853552240
RBI:IFT_OIL_NON_OIL_A_RN(1.0),N_A,AFY,2008,2007,COMM_NON_OIL2,0,2008-03-31,USD,-37155270370
RBI:IFT_OIL_NON_OIL_A_RN(1.0),N_A,AFY,2008,2007,COMM_OIL,0,2008-03-31,INR,3206545007341
RBI:IFT_OIL_NON_OIL_A_RN(1.0),N_A,AFY,2008,2007,COMM_OIL,0,2008-03-31,USD,79779852650
RBI:IFT_OIL_NON_OIL_A_RN(1.0),N_A,AFY,2008,2007,COMM_OIL1,0,2008-03-31,INR,1141916784735
RBI:IFT_OIL_NON_OIL_A_RN(1.0),N_A,AFY,2008,2007,COMM_OIL1,0,2008-03-31,USD,28413320150
RBI:IFT_OIL_NON_OIL_A_RN(1.0),N_A,AFY,2008,2007,COMM_OIL2,0,2008-03-31,INR,-2064628222606
RBI:IFT_OIL_NON_OIL_A_RN(1.0),N_A,AFY,2008,2007,COMM_OIL2,0,2008-03-31,USD,-51366532500
RBI:IFT_OIL_NON_OIL_A_RN(1.0),N_A,AFY,2008,2007,TERM_TRD_EXP,0,2008-03-31,INR,6558635217773
RBI:IFT_OIL_NON_OIL_A_RN(1.0),N_A,AFY,2008,2007,TERM_TRD_EXP,0,2008-03-31,USD,163132148600
RBI:IFT_OIL_NON_OIL_A_RN(1.0),N_A,AFY,2008,2007,TERM_TRD_IMP,0,2008-03-31,INR,10123116992619
RBI:IFT_OIL_NON_OIL_A_RN(1.0),N_A,AFY,2008,2007,TERM_TRD_IMP,0,2008-03-31,USD,251653951500
RBI:IFT_OIL_NON_OIL_A_RN(1.0),N_A,AFY,2008,2007,TERM_TTL_TRD_BAL,0,2008-03-31,INR,-3564481774846
RBI:IFT_OIL_NON_OIL_A_RN(1.0),N_A,AFY,2008,2007,TERM_TTL_TRD_BAL,0,2008-03-31,USD,-88521802870
RBI:IFT_OIL_NON_OIL_A_RN(1.0),N_A,AFY,2009,2008,COMM_NON_OIL,0,2009-03-31,INR,9544679541691
RBI:IFT_OIL_NON_OIL_A_RN(1.0),N_A,AFY,2009,2008,COMM_NON_OIL,0,2009-03-31,USD,210024608000
RBI:IFT_OIL_NON_OIL_A_RN(1.0),N_A,AFY,2009,2008,COMM_NON_OIL1,0,2009-03-31,INR,7173571529315
RBI:IFT_OIL_NON_OIL_A_RN(1.0),N_A,AFY,2009,2008,COMM_NON_OIL1,0,2009-03-31,USD,157748407500
RBI:IFT_OIL_NON_OIL_A_RN(1.0),N_A,AFY,2009,2008,COMM_NON_OIL2,0,2009-03-31,INR,-2371108012376
RBI:IFT_OIL_NON_OIL_A_RN(1.0),N_A,AFY,2009,2008,COMM_NON_OIL2,0,2009-03-31,USD,-52276200530
RBI:IFT_OIL_NON_OIL_A_RN(1.0),N_A,AFY,2009,2008,COMM_OIL,0,2009-03-31,INR,4199676003218
RBI:IFT_OIL_NON_OIL_A_RN(1.0),N_A,AFY,2009,2008,COMM_OIL,0,2009-03-31,USD,93671704890
RBI:IFT_OIL_NON_OIL_A_RN(1.0),N_A,AFY,2009,2008,COMM_OIL1,0,2009-03-31,INR,1233979057800
RBI:IFT_OIL_NON_OIL_A_RN(1.0),N_A,AFY,2009,2008,COMM_OIL1,0,2009-03-31,USD,27546953280
RBI:IFT_OIL_NON_OIL_A_RN(1.0),N_A,AFY,2009,2008,COMM_OIL2,0,2009-03-31,INR,-2965696945418
RBI:IFT_OIL_NON_OIL_A_RN(1.0),N_A,AFY,2009,2008,COMM_OIL2,0,2009-03-31,USD,-66124751610
RBI:IFT_OIL_NON_OIL_A_RN(1.0),N_A,AFY,2009,2008,TERM_TRD_EXP,0,2009-03-31,INR,8407550587115
RBI:IFT_OIL_NON_OIL_A_RN(1.0),N_A,AFY,2009,2008,TERM_TRD_EXP,0,2009-03-31,USD,185295360800
RBI:IFT_OIL_NON_OIL_A_RN(1.0),N_A,AFY,2009,2008,TERM_TRD_IMP,0,2009-03-31,INR,13744355544909
RBI:IFT_OIL_NON_OIL_A_RN(1.0),N_A,AFY,2009,2008,TERM_TRD_IMP,0,2009-03-31,USD,303696312900
RBI:IFT_OIL_NON_OIL_A_RN(1.0),N_A,AFY,2009,2008,TERM_TTL_TRD_BAL,0,2009-03-31,INR,-5336804957794
RBI:IFT_OIL_NON_OIL_A_RN(1.0),N_A,AFY,2009,2008,TERM_TTL_TRD_BAL,0,2009-03-31,USD,-118400952100
RBI:IFT_OIL_NON_OIL_A_RN(1.0),N_A,AFY,2010,2009,COMM_NON_OIL,0,2010-03-31,INR,9520866962225
RBI:IFT_OIL_NON_OIL_A_RN(1.0),N_A,AFY,2010,2009,COMM_NON_OIL,0,2010-03-31,USD,201237022800
RBI:IFT_OIL_NON_OIL_A_RN(1.0),N_A,AFY,2010,2009,COMM_NON_OIL1,0,2010-03-31,INR,7126621411231
RBI:IFT_OIL_NON_OIL_A_RN(1.0),N_A,AFY,2010,2009,COMM_NON_OIL1,0,2010-03-31,USD,150565505700
RBI:IFT_OIL_NON_OIL_A_RN(1.0),N_A,AFY,2010,2009,COMM_NON_OIL2,0,2010-03-31,INR,-2394245550994
RBI:IFT_OIL_NON_OIL_A_RN(1.0),N_A,AFY,2010,2009,COMM_NON_OIL2,0,2010-03-31,USD,-50671517150
RBI:IFT_OIL_NON_OIL_A_RN(1.0),N_A,AFY,2010,2009,COMM_OIL,0,2010-03-31,INR,4116488513885
RBI:IFT_OIL_NON_OIL_A_RN(1.0),N_A,AFY,2010,2009,COMM_OIL,0,2010-03-31,USD,87135856480
RBI:IFT_OIL_NON_OIL_A_RN(1.0),N_A,AFY,2010,2009,COMM_OIL1,0,2010-03-31,INR,1328715027024
RBI:IFT_OIL_NON_OIL_A_RN(1.0),N_A,AFY,2010,2009,COMM_OIL1,0,2010-03-31,USD,28185925300
RBI:IFT_OIL_NON_OIL_A_RN(1.0),N_A,AFY,2010,2009,COMM_OIL2,0,2010-03-31,INR,-2787773486861
RBI:IFT_OIL_NON_OIL_A_RN(1.0),N_A,AFY,2010,2009,COMM_OIL2,0,2010-03-31,USD,-58949931180
RBI:IFT_OIL_NON_OIL_A_RN(1.0),N_A,AFY,2010,2009,TERM_TRD_EXP,0,2010-03-31,INR,8455336438255
RBI:IFT_OIL_NON_OIL_A_RN(1.0),N_A,AFY,2010,2009,TERM_TRD_EXP,0,2010-03-31,USD,178751431000
RBI:IFT_OIL_NON_OIL_A_RN(1.0),N_A,AFY,2010,2009,TERM_TRD_IMP,0,2010-03-31,INR,13637355476110
RBI:IFT_OIL_NON_OIL_A_RN(1.0),N_A,AFY,2010,2009,TERM_TRD_IMP,0,2010-03-31,USD,288372879300
RBI:IFT_OIL_NON_OIL_A_RN(1.0),N_A,AFY,2010,2009,TERM_TTL_TRD_BAL,0,2010-03-31,INR,-5182019037855
RBI:IFT_OIL_NON_OIL_A_RN(1.0),N_A,AFY,2010,2009,TERM_TTL_TRD_BAL,0,2010-03-31,USD,-109621448300
RBI:IFT_OIL_NON_OIL_A_RN(1.0),N_A,AFY,2011,2010,COMM_NON_OIL,0,2011-03-31,INR,12011855793894
RBI:IFT_OIL_NON_OIL_A_RN(1.0),N_A,AFY,2011,2010,COMM_NON_OIL,0,2011-03-31,USD,263804817500
RBI:IFT_OIL_NON_OIL_A_RN(1.0),N_A,AFY,2011,2010,COMM_NON_OIL1,0,2011-03-31,INR,9713695173826
RBI:IFT_OIL_NON_OIL_A_RN(1.0),N_A,AFY,2011,2010,COMM_NON_OIL1,0,2011-03-31,USD,213445430900
RBI:IFT_OIL_NON_OIL_A_RN(1.0),N_A,AFY,2011,2010,COMM_NON_OIL2,0,2011-03-31,INR,-2298160620068
RBI:IFT_OIL_NON_OIL_A_RN(1.0),N_A,AFY,2011,2010,COMM_NON_OIL2,0,2011-03-31,USD,-50359386570
RBI:IFT_OIL_NON_OIL_A_RN(1.0),N_A,AFY,2011,2010,COMM_OIL,0,2011-03-31,INR,4822813763394
RBI:IFT_OIL_NON_OIL_A_RN(1.0),N_A,AFY,2011,2010,COMM_OIL,0,2011-03-31,USD,105964312600
RBI:IFT_OIL_NON_OIL_A_RN(1.0),N_A,AFY,2011,2010,COMM_OIL1,0,2011-03-31,INR,1655947030761
RBI:IFT_OIL_NON_OIL_A_RN(1.0),N_A,AFY,2011,2010,COMM_OIL1,0,2011-03-31,USD,36370105720
RBI:IFT_OIL_NON_OIL_A_RN(1.0),N_A,AFY,2011,2010,COMM_OIL2,0,2011-03-31,INR,-3166866732633
RBI:IFT_OIL_NON_OIL_A_RN(1.0),N_A,AFY,2011,2010,COMM_OIL2,0,2011-03-31,USD,-69594206890
RBI:IFT_OIL_NON_OIL_A_RN(1.0),N_A,AFY,2011,2010,TERM_TRD_EXP,0,2011-03-31,INR,11369642204587
RBI:IFT_OIL_NON_OIL_A_RN(1.0),N_A,AFY,2011,2010,TERM_TRD_EXP,0,2011-03-31,USD,249815536700
RBI:IFT_OIL_NON_OIL_A_RN(1.0),N_A,AFY,2011,2010,TERM_TRD_IMP,0,2011-03-31,INR,16834669557288
RBI:IFT_OIL_NON_OIL_A_RN(1.0),N_A,AFY,2011,2010,TERM_TRD_IMP,0,2011-03-31,USD,369769130100
RBI:IFT_OIL_NON_OIL_A_RN(1.0),N_A,AFY,2011,2010,TERM_TTL_TRD_BAL,0,2011-03-31,INR,-5465027352701
RBI:IFT_OIL_NON_OIL_A_RN(1.0),N_A,AFY,2011,2010,TERM_TTL_TRD_BAL,0,2011-03-31,USD,-119953593500
RBI:IFT_OIL_NON_OIL_A_RN(1.0),N_A,AFY,2012,2011,COMM_NON_OIL,0,2012-03-31,INR,16023883600703
RBI:IFT_OIL_NON_OIL_A_RN(1.0),N_A,AFY,2012,2011,COMM_NON_OIL,0,2012-03-31,USD,334351937800
RBI:IFT_OIL_NON_OIL_A_RN(1.0),N_A,AFY,2012,2011,COMM_NON_OIL1,0,2012-03-31,INR,11950181074684
RBI:IFT_OIL_NON_OIL_A_RN(1.0),N_A,AFY,2012,2011,COMM_NON_OIL1,0,2012-03-31,USD,249247182200
RBI:IFT_OIL_NON_OIL_A_RN(1.0),N_A,AFY,2012,2011,COMM_NON_OIL2,0,2012-03-31,INR,-4073702526019
RBI:IFT_OIL_NON_OIL_A_RN(1.0),N_A,AFY,2012,2011,COMM_NON_OIL2,0,2012-03-31,USD,-85104755550
RBI:IFT_OIL_NON_OIL_A_RN(1.0),N_A,AFY,2012,2011,COMM_OIL,0,2012-03-31,INR,7430748844119
RBI:IFT_OIL_NON_OIL_A_RN(1.0),N_A,AFY,2012,2011,COMM_OIL,0,2012-03-31,USD,154967553600
RBI:IFT_OIL_NON_OIL_A_RN(1.0),N_A,AFY,2012,2011,COMM_OIL1,0,2012-03-31,INR,2709412009932
RBI:IFT_OIL_NON_OIL_A_RN(1.0),N_A,AFY,2012,2011,COMM_OIL1,0,2012-03-31,USD,56716721590
RBI:IFT_OIL_NON_OIL_A_RN(1.0),N_A,AFY,2012,2011,COMM_OIL2,0,2012-03-31,INR,-4721336834187
RBI:IFT_OIL_NON_OIL_A_RN(1.0),N_A,AFY,2012,2011,COMM_OIL2,0,2012-03-31,USD,-98250831980
RBI:IFT_OIL_NON_OIL_A_RN(1.0),N_A,AFY,2012,2011,TERM_TRD_EXP,0,2012-03-31,INR,14659593084616
RBI:IFT_OIL_NON_OIL_A_RN(1.0),N_A,AFY,2012,2011,TERM_TRD_EXP,0,2012-03-31,USD,305963903800
RBI:IFT_OIL_NON_OIL_A_RN(1.0),N_A,AFY,2012,2011,TERM_TRD_IMP,0,2012-03-31,INR,23454632444822
RBI:IFT_OIL_NON_OIL_A_RN(1.0),N_A,AFY,2012,2011,TERM_TRD_IMP,0,2012-03-31,USD,489319491400
RBI:IFT_OIL_NON_OIL_A_RN(1.0),N_A,AFY,2012,2011,TERM_TTL_TRD_BAL,0,2012-03-31,INR,-8795039360206
RBI:IFT_OIL_NON_OIL_A_RN(1.0),N_A,AFY,2012,2011,TERM_TTL_TRD_BAL,0,2012-03-31,USD,-183355587500
RBI:IFT_OIL_NON_OIL_A_RN(1.0),N_A,AFY,2013,2012,COMM_NON_OIL,0,2013-03-31,INR,17772910980058
RBI:IFT_OIL_NON_OIL_A_RN(1.0),N_A,AFY,2013,2012,COMM_NON_OIL,0,2013-03-31,USD,326696092200
RBI:IFT_OIL_NON_OIL_A_RN(1.0),N_A,AFY,2013,2012,COMM_NON_OIL1,0,2013-03-31,INR,13034995274462
RBI:IFT_OIL_NON_OIL_A_RN(1.0),N_A,AFY,2013,2012,COMM_NON_OIL1,0,2013-03-31,USD,239535474400
RBI:IFT_OIL_NON_OIL_A_RN(1.0),N_A,AFY,2013,2012,COMM_NON_OIL2,0,2013-03-31,INR,-4737915705596
RBI:IFT_OIL_NON_OIL_A_RN(1.0),N_A,AFY,2013,2012,COMM_NON_OIL2,0,2013-03-31,USD,-87160617770
RBI:IFT_OIL_NON_OIL_A_RN(1.0),N_A,AFY,2013,2012,COMM_OIL,0,2013-03-31,INR,8918708588522
RBI:IFT_OIL_NON_OIL_A_RN(1.0),N_A,AFY,2013,2012,COMM_OIL,0,2013-03-31,USD,164040556600
RBI:IFT_OIL_NON_OIL_A_RN(1.0),N_A,AFY,2013,2012,COMM_OIL1,0,2013-03-31,INR,3308187619748
RBI:IFT_OIL_NON_OIL_A_RN(1.0),N_A,AFY,2013,2012,COMM_OIL1,0,2013-03-31,USD,60865107890
RBI:IFT_OIL_NON_OIL_A_RN(1.0),N_A,AFY,2013,2012,COMM_OIL2,0,2013-03-31,INR,-5610520968774
RBI:IFT_OIL_NON_OIL_A_RN(1.0),N_A,AFY,2013,2012,COMM_OIL2,0,2013-03-31,USD,-103175448700
RBI:IFT_OIL_NON_OIL_A_RN(1.0),N_A,AFY,2013,2012,TERM_TRD_EXP,0,2013-03-31,INR,16343182894210
RBI:IFT_OIL_NON_OIL_A_RN(1.0),N_A,AFY,2013,2012,TERM_TRD_EXP,0,2013-03-31,USD,300400582300
RBI:IFT_OIL_NON_OIL_A_RN(1.0),N_A,AFY,2013,2012,TERM_TRD_IMP,0,2013-03-31,INR,26691619568580
RBI:IFT_OIL_NON_OIL_A_RN(1.0),N_A,AFY,2013,2012,TERM_TRD_IMP,0,2013-03-31,USD,490736648800
RBI:IFT_OIL_NON_OIL_A_RN(1.0),N_A,AFY,2013,2012,TERM_TTL_TRD_BAL,0,2013-03-31,INR,-10348436674370
RBI:IFT_OIL_NON_OIL_A_RN(1.0),N_A,AFY,2013,2012,TERM_TTL_TRD_BAL,0,2013-03-31,USD,-190336066500
RBI:IFT_OIL_NON_OIL_A_RN(1.0),N_A,AFY,2014,2013,COMM_NON_OIL,0,2014-03-31,INR,17175484585647
RBI:IFT_OIL_NON_OIL_A_RN(1.0),N_A,AFY,2014,2013,COMM_NON_OIL,0,2014-03-31,USD,285443301400
RBI:IFT_OIL_NON_OIL_A_RN(1.0),N_A,AFY,2014,2013,COMM_NON_OIL1,0,2014-03-31,INR,15217632111854
RBI:IFT_OIL_NON_OIL_A_RN(1.0),N_A,AFY,2014,2013,COMM_NON_OIL1,0,2014-03-31,USD,251236359500
RBI:IFT_OIL_NON_OIL_A_RN(1.0),N_A,AFY,2014,2013,COMM_NON_OIL2,0,2014-03-31,INR,-1957852473793
RBI:IFT_OIL_NON_OIL_A_RN(1.0),N_A,AFY,2014,2013,COMM_NON_OIL2,0,2014-03-31,USD,-34206941920
RBI:IFT_OIL_NON_OIL_A_RN(1.0),N_A,AFY,2014,2013,COMM_OIL,0,2014-03-31,INR,9978854488775
RBI:IFT_OIL_NON_OIL_A_RN(1.0),N_A,AFY,2014,2013,COMM_OIL,0,2014-03-31,USD,164770331300
RBI:IFT_OIL_NON_OIL_A_RN(1.0),N_A,AFY,2014,2013,COMM_OIL1,0,2014-03-31,INR,3832478774176
RBI:IFT_OIL_NON_OIL_A_RN(1.0),N_A,AFY,2014,2013,COMM_OIL1,0,2014-03-31,USD,63179369810
RBI:IFT_OIL_NON_OIL_A_RN(1.0),N_A,AFY,2014,2013,COMM_OIL2,0,2014-03-31,INR,-6146375714599
RBI:IFT_OIL_NON_OIL_A_RN(1.0),N_A,AFY,2014,2013,COMM_OIL2,0,2014-03-31,USD,-101590961500
RBI:IFT_OIL_NON_OIL_A_RN(1.0),N_A,AFY,2014,2013,TERM_TRD_EXP,0,2014-03-31,INR,19050110886030
RBI:IFT_OIL_NON_OIL_A_RN(1.0),N_A,AFY,2014,2013,TERM_TRD_EXP,0,2014-03-31,USD,314415729300
RBI:IFT_OIL_NON_OIL_A_RN(1.0),N_A,AFY,2014,2013,TERM_TRD_IMP,0,2014-03-31,INR,27154339074422
RBI:IFT_OIL_NON_OIL_A_RN(1.0),N_A,AFY,2014,2013,TERM_TRD_IMP,0,2014-03-31,USD,450213632700
RBI:IFT_OIL_NON_OIL_A_RN(1.0),N_A,AFY,2014,2013,TERM_TTL_TRD_BAL,0,2014-03-31,INR,-8104228188392
RBI:IFT_OIL_NON_OIL_A_RN(1.0),N_A,AFY,2014,2013,TERM_TTL_TRD_BAL,0,2014-03-31,USD,-135797903400
RBI:IFT_OIL_NON_OIL_A_RN(1.0),N_A,AFY,2015,2014,COMM_NON_OIL,0,2015-03-31,INR,18942121012470
RBI:IFT_OIL_NON_OIL_A_RN(1.0),N_A,AFY,2015,2014,COMM_NON_OIL,0,2015-03-31,USD,309707897500
RBI:IFT_OIL_NON_OIL_A_RN(1.0),N_A,AFY,2015,2014,COMM_NON_OIL1,0,2015-03-31,INR,15503629754976
RBI:IFT_OIL_NON_OIL_A_RN(1.0),N_A,AFY,2015,2014,COMM_NON_OIL1,0,2015-03-31,USD,253557859100
RBI:IFT_OIL_NON_OIL_A_RN(1.0),N_A,AFY,2015,2014,COMM_NON_OIL2,0,2015-03-31,INR,-3438491257494
RBI:IFT_OIL_NON_OIL_A_RN(1.0),N_A,AFY,2015,2014,COMM_NON_OIL2,0,2015-03-31,USD,-56150038350
RBI:IFT_OIL_NON_OIL_A_RN(1.0),N_A,AFY,2015,2014,COMM_OIL,0,2015-03-31,INR,8428744771066
RBI:IFT_OIL_NON_OIL_A_RN(1.0),N_A,AFY,2015,2014,COMM_OIL,0,2015-03-31,USD,138325510900
RBI:IFT_OIL_NON_OIL_A_RN(1.0),N_A,AFY,2015,2014,COMM_OIL1,0,2015-03-31,INR,3460824935656
RBI:IFT_OIL_NON_OIL_A_RN(1.0),N_A,AFY,2015,2014,COMM_OIL1,0,2015-03-31,USD,56794149960
RBI:IFT_OIL_NON_OIL_A_RN(1.0),N_A,AFY,2015,2014,COMM_OIL2,0,2015-03-31,INR,-4967919835410
RBI:IFT_OIL_NON_OIL_A_RN(1.0),N_A,AFY,2015,2014,COMM_OIL2,0,2015-03-31,USD,-81531360900
RBI:IFT_OIL_NON_OIL_A_RN(1.0),N_A,AFY,2015,2014,TERM_TRD_EXP,0,2015-03-31,INR,18964454690632
RBI:IFT_OIL_NON_OIL_A_RN(1.0),N_A,AFY,2015,2014,TERM_TRD_EXP,0,2015-03-31,USD,310352009100
RBI:IFT_OIL_NON_OIL_A_RN(1.0),N_A,AFY,2015,2014,TERM_TRD_IMP,0,2015-03-31,INR,27370865783536
RBI:IFT_OIL_NON_OIL_A_RN(1.0),N_A,AFY,2015,2014,TERM_TRD_IMP,0,2015-03-31,USD,448033408400
RBI:IFT_OIL_NON_OIL_A_RN(1.0),N_A,AFY,2015,2014,TERM_TTL_TRD_BAL,0,2015-03-31,INR,-8406411092904
RBI:IFT_OIL_NON_OIL_A_RN(1.0),N_A,AFY,2015,2014,TERM_TTL_TRD_BAL,0,2015-03-31,USD,-137681399300
RBI:IFT_OIL_NON_OIL_A_RN(1.0),N_A,AFY,2016,2015,COMM_NON_OIL,0,2016-03-31,INR,19498008455471
RBI:IFT_OIL_NON_OIL_A_RN(1.0),N_A,AFY,2016,2015,COMM_NON_OIL,0,2016-03-31,USD,298063284800
RBI:IFT_OIL_NON_OIL_A_RN(1.0),N_A,AFY,2016,2015,COMM_NON_OIL1,0,2016-03-31,INR,15167466469013
RBI:IFT_OIL_NON_OIL_A_RN(1.0),N_A,AFY,2016,2015,COMM_NON_OIL1,0,2016-03-31,USD,231708448900
RBI:IFT_OIL_NON_OIL_A_RN(1.0),N_A,AFY,2016,2015,COMM_NON_OIL2,0,2016-03-31,INR,-4330541986458
RBI:IFT_OIL_NON_OIL_A_RN(1.0),N_A,AFY,2016,2015,COMM_NON_OIL2,0,2016-03-31,USD,-66354835860
RBI:IFT_OIL_NON_OIL_A_RN(1.0),N_A,AFY,2016,2015,COMM_OIL,0,2016-03-31,INR,5405046922984
RBI:IFT_OIL_NON_OIL_A_RN(1.0),N_A,AFY,2016,2015,COMM_OIL,0,2016-03-31,USD,82944470750
RBI:IFT_OIL_NON_OIL_A_RN(1.0),N_A,AFY,2016,2015,COMM_OIL1,0,2016-03-31,INR,1996377575034
RBI:IFT_OIL_NON_OIL_A_RN(1.0),N_A,AFY,2016,2015,COMM_OIL1,0,2016-03-31,USD,30582636770
RBI:IFT_OIL_NON_OIL_A_RN(1.0),N_A,AFY,2016,2015,COMM_OIL2,0,2016-03-31,INR,-3408669347950
RBI:IFT_OIL_NON_OIL_A_RN(1.0),N_A,AFY,2016,2015,COMM_OIL2,0,2016-03-31,USD,-52361833970
RBI:IFT_OIL_NON_OIL_A_RN(1.0),N_A,AFY,2016,2015,TERM_TRD_EXP,0,2016-03-31,INR,17163844044047
RBI:IFT_OIL_NON_OIL_A_RN(1.0),N_A,AFY,2016,2015,TERM_TRD_EXP,0,2016-03-31,USD,262291085700
RBI:IFT_OIL_NON_OIL_A_RN(1.0),N_A,AFY,2016,2015,TERM_TRD_IMP,0,2016-03-31,INR,24903055378455
RBI:IFT_OIL_NON_OIL_A_RN(1.0),N_A,AFY,2016,2015,TERM_TRD_IMP,0,2016-03-31,USD,381007755500
RBI:IFT_OIL_NON_OIL_A_RN(1.0),N_A,AFY,2016,2015,TERM_TTL_TRD_BAL,0,2016-03-31,INR,-7739211334408
RBI:IFT_OIL_NON_OIL_A_RN(1.0),N_A,AFY,2016,2015,TERM_TTL_TRD_BAL,0,2016-03-31,USD,-118716669800
RBI:IFT_OIL_NON_OIL_A_RN(1.0),N_A,AFY,2017,2016,COMM_NON_OIL,0,2017-03-31,INR,19944581999712
RBI:IFT_OIL_NON_OIL_A_RN(1.0),N_A,AFY,2017,2016,COMM_NON_OIL,0,2017-03-31,USD,297393186500
RBI:IFT_OIL_NON_OIL_A_RN(1.0),N_A,AFY,2017,2016,COMM_NON_OIL1,0,2017-03-31,INR,16379245200639
RBI:IFT_OIL_NON_OIL_A_RN(1.0),N_A,AFY,2017,2016,COMM_NON_OIL1,0,2017-03-31,USD,244307176300
RBI:IFT_OIL_NON_OIL_A_RN(1.0),N_A,AFY,2017,2016,COMM_NON_OIL2,0,2017-03-31,INR,-3565336799073
RBI:IFT_OIL_NON_OIL_A_RN(1.0),N_A,AFY,2017,2016,COMM_NON_OIL2,0,2017-03-31,USD,-53086010150
RBI:IFT_OIL_NON_OIL_A_RN(1.0),N_A,AFY,2017,2016,COMM_OIL,0,2017-03-31,INR,5832171668575
RBI:IFT_OIL_NON_OIL_A_RN(1.0),N_A,AFY,2017,2016,COMM_OIL,0,2017-03-31,USD,86963841840
RBI:IFT_OIL_NON_OIL_A_RN(1.0),N_A,AFY,2017,2016,COMM_OIL1,0,2017-03-31,INR,2115090333397
RBI:IFT_OIL_NON_OIL_A_RN(1.0),N_A,AFY,2017,2016,COMM_OIL1,0,2017-03-31,USD,31545256180
RBI:IFT_OIL_NON_OIL_A_RN(1.0),N_A,AFY,2017,2016,COMM_OIL2,0,2017-03-31,INR,-3717081335178
RBI:IFT_OIL_NON_OIL_A_RN(1.0),N_A,AFY,2017,2016,COMM_OIL2,0,2017-03-31,USD,-55418585660
RBI:IFT_OIL_NON_OIL_A_RN(1.0),N_A,AFY,2017,2016,TERM_TRD_EXP,0,2017-03-31,INR,18494335534036
RBI:IFT_OIL_NON_OIL_A_RN(1.0),N_A,AFY,2017,2016,TERM_TRD_EXP,0,2017-03-31,USD,275852432500
RBI:IFT_OIL_NON_OIL_A_RN(1.0),N_A,AFY,2017,2016,TERM_TRD_IMP,0,2017-03-31,INR,25776753668287
RBI:IFT_OIL_NON_OIL_A_RN(1.0),N_A,AFY,2017,2016,TERM_TRD_IMP,0,2017-03-31,USD,384357028300
RBI:IFT_OIL_NON_OIL_A_RN(1.0),N_A,AFY,2017,2016,TERM_TTL_TRD_BAL,0,2017-03-31,INR,-7282418134251
RBI:IFT_OIL_NON_OIL_A_RN(1.0),N_A,AFY,2017,2016,TERM_TTL_TRD_BAL,0,2017-03-31,USD,-108504595800
RBI:IFT_OIL_NON_OIL_A_RN(1.0),N_A,AFY,2018,2017,COMM_NON_OIL,0,2018-03-31,INR,23007126245910
RBI:IFT_OIL_NON_OIL_A_RN(1.0),N_A,AFY,2018,2017,COMM_NON_OIL,0,2018-03-31,USD,356922301800
RBI:IFT_OIL_NON_OIL_A_RN(1.0),N_A,AFY,2018,2017,COMM_NON_OIL1,0,2018-03-31,INR,17150800108207
RBI:IFT_OIL_NON_OIL_A_RN(1.0),N_A,AFY,2018,2017,COMM_NON_OIL1,0,2018-03-31,USD,266061083700
RBI:IFT_OIL_NON_OIL_A_RN(1.0),N_A,AFY,2018,2017,COMM_NON_OIL2,0,2018-03-31,INR,-5856326137703
RBI:IFT_OIL_NON_OIL_A_RN(1.0),N_A,AFY,2018,2017,COMM_NON_OIL2,0,2018-03-31,USD,-90861218040
RBI:IFT_OIL_NON_OIL_A_RN(1.0),N_A,AFY,2018,2017,COMM_OIL,0,2018-03-31,INR,7003208088700
RBI:IFT_OIL_NON_OIL_A_RN(1.0),N_A,AFY,2018,2017,COMM_OIL,0,2018-03-31,USD,108658688300
RBI:IFT_OIL_NON_OIL_A_RN(1.0),N_A,AFY,2018,2017,COMM_OIL1,0,2018-03-31,INR,2414345172275
RBI:IFT_OIL_NON_OIL_A_RN(1.0),N_A,AFY,2018,2017,COMM_OIL1,0,2018-03-31,USD,37465077350
RBI:IFT_OIL_NON_OIL_A_RN(1.0),N_A,AFY,2018,2017,COMM_OIL2,0,2018-03-31,INR,-4588862916425
RBI:IFT_OIL_NON_OIL_A_RN(1.0),N_A,AFY,2018,2017,COMM_OIL2,0,2018-03-31,USD,-71193610990
RBI:IFT_OIL_NON_OIL_A_RN(1.0),N_A,AFY,2018,2017,TERM_TRD_EXP,0,2018-03-31,INR,19565145280482
RBI:IFT_OIL_NON_OIL_A_RN(1.0),N_A,AFY,2018,2017,TERM_TRD_EXP,0,2018-03-31,USD,303526161100
RBI:IFT_OIL_NON_OIL_A_RN(1.0),N_A,AFY,2018,2017,TERM_TRD_IMP,0,2018-03-31,INR,30010334334610
RBI:IFT_OIL_NON_OIL_A_RN(1.0),N_A,AFY,2018,2017,TERM_TRD_IMP,0,2018-03-31,USD,465580990100
RBI:IFT_OIL_NON_OIL_A_RN(1.0),N_A,AFY,2018,2017,TERM_TTL_TRD_BAL,0,2018-03-31,INR,-10445189054128
RBI:IFT_OIL_NON_OIL_A_RN(1.0),N_A,AFY,2018,2017,TERM_TTL_TRD_BAL,0,2018-03-31,USD,-162054829000
RBI:IFT_OIL_NON_OIL_A_RN(1.0),N_A,AFY,2019,2018,COMM_NON_OIL,0,2019-03-31,INR,26083995533440
RBI:IFT_OIL_NON_OIL_A_RN(1.0),N_A,AFY,2019,2018,COMM_NON_OIL,0,2019-03-31,USD,373157773700
RBI:IFT_OIL_NON_OIL_A_RN(1.0),N_A,AFY,2019,2018,COMM_NON_OIL1,0,2019-03-31,INR,19817970672443
RBI:IFT_OIL_NON_OIL_A_RN(1.0),N_A,AFY,2019,2018,COMM_NON_OIL1,0,2019-03-31,USD,283524511600
RBI:IFT_OIL_NON_OIL_A_RN(1.0),N_A,AFY,2019,2018,COMM_NON_OIL2,0,2019-03-31,INR,-6266024860997
RBI:IFT_OIL_NON_OIL_A_RN(1.0),N_A,AFY,2019,2018,COMM_NON_OIL2,0,2019-03-31,USD,-89633262010
RBI:IFT_OIL_NON_OIL_A_RN(1.0),N_A,AFY,2019,2018,COMM_OIL,0,2019-03-31,INR,9862750585785
RBI:IFT_OIL_NON_OIL_A_RN(1.0),N_A,AFY,2019,2018,COMM_OIL,0,2019-03-31,USD,140920644100
RBI:IFT_OIL_NON_OIL_A_RN(1.0),N_A,AFY,2019,2018,COMM_OIL1,0,2019-03-31,INR,3259291265766
RBI:IFT_OIL_NON_OIL_A_RN(1.0),N_A,AFY,2019,2018,COMM_OIL1,0,2019-03-31,USD,46553580900
RBI:IFT_OIL_NON_OIL_A_RN(1.0),N_A,AFY,2019,2018,COMM_OIL2,0,2019-03-31,INR,-6603459320019
RBI:IFT_OIL_NON_OIL_A_RN(1.0),N_A,AFY,2019,2018,COMM_OIL2,0,2019-03-31,USD,-94367063250
RBI:IFT_OIL_NON_OIL_A_RN(1.0),N_A,AFY,2019,2018,TERM_TRD_EXP,0,2019-03-31,INR,23077261938209
RBI:IFT_OIL_NON_OIL_A_RN(1.0),N_A,AFY,2019,2018,TERM_TRD_EXP,0,2019-03-31,USD,330078092500
RBI:IFT_OIL_NON_OIL_A_RN(1.0),N_A,AFY,2019,2018,TERM_TRD_IMP,0,2019-03-31,INR,35946746119225
RBI:IFT_OIL_NON_OIL_A_RN(1.0),N_A,AFY,2019,2018,TERM_TRD_IMP,0,2019-03-31,USD,514078417800
RBI:IFT_OIL_NON_OIL_A_RN(1.0),N_A,AFY,2019,2018,TERM_TTL_TRD_BAL,0,2019-03-31,INR,-12869484181016
RBI:IFT_OIL_NON_OIL_A_RN(1.0),N_A,AFY,2019,2018,TERM_TTL_TRD_BAL,0,2019-03-31,USD,-184000325300
RBI:IFT_OIL_NON_OIL_A_RN(1.0),N_A,AFY,2020,2019,COMM_NON_OIL,0,2020-03-31,INR,24357869344143
RBI:IFT_OIL_NON_OIL_A_RN(1.0),N_A,AFY,2020,2019,COMM_NON_OIL,0,2020-03-31,USD,344158968700
RBI:IFT_OIL_NON_OIL_A_RN(1.0),N_A,AFY,2020,2019,COMM_NON_OIL1,0,2020-03-31,INR,19275142080002
RBI:IFT_OIL_NON_OIL_A_RN(1.0),N_A,AFY,2020,2019,COMM_NON_OIL1,0,2020-03-31,USD,272072306800
RBI:IFT_OIL_NON_OIL_A_RN(1.0),N_A,AFY,2020,2019,COMM_NON_OIL2,0,2020-03-31,INR,-5082727264141
RBI:IFT_OIL_NON_OIL_A_RN(1.0),N_A,AFY,2020,2019,COMM_NON_OIL2,0,2020-03-31,USD,-72086661890
RBI:IFT_OIL_NON_OIL_A_RN(1.0),N_A,AFY,2020,2019,COMM_OIL,0,2020-03-31,INR,9251675216974
RBI:IFT_OIL_NON_OIL_A_RN(1.0),N_A,AFY,2020,2019,COMM_OIL,0,2020-03-31,USD,130550311700
RBI:IFT_OIL_NON_OIL_A_RN(1.0),N_A,AFY,2020,2019,COMM_OIL1,0,2020-03-31,INR,2923399729524
RBI:IFT_OIL_NON_OIL_A_RN(1.0),N_A,AFY,2020,2019,COMM_OIL1,0,2020-03-31,USD,41288736020
RBI:IFT_OIL_NON_OIL_A_RN(1.0),N_A,AFY,2020,2019,COMM_OIL2,0,2020-03-31,INR,-6328275487450
RBI:IFT_OIL_NON_OIL_A_RN(1.0),N_A,AFY,2020,2019,COMM_OIL2,0,2020-03-31,USD,-89261575680
RBI:IFT_OIL_NON_OIL_A_RN(1.0),N_A,AFY,2020,2019,TERM_TRD_EXP,0,2020-03-31,INR,22198541809526
RBI:IFT_OIL_NON_OIL_A_RN(1.0),N_A,AFY,2020,2019,TERM_TRD_EXP,0,2020-03-31,USD,313361042800
RBI:IFT_OIL_NON_OIL_A_RN(1.0),N_A,AFY,2020,2019,TERM_TRD_IMP,0,2020-03-31,INR,33609544561117
RBI:IFT_OIL_NON_OIL_A_RN(1.0),N_A,AFY,2020,2019,TERM_TRD_IMP,0,2020-03-31,USD,474709280400
RBI:IFT_OIL_NON_OIL_A_RN(1.0),N_A,AFY,2020,2019,TERM_TTL_TRD_BAL,0,2020-03-31,INR,-11411002751591
RBI:IFT_OIL_NON_OIL_A_RN(1.0),N_A,AFY,2020,2019,TERM_TTL_TRD_BAL,0,2020-03-31,USD,-161348237600
RBI:IFT_OIL_NON_OIL_A_RN(1.0),N_A,AFY,2021,2020,COMM_NON_OIL,0,2021-03-31,INR,23046045718789
RBI:IFT_OIL_NON_OIL_A_RN(1.0),N_A,AFY,2021,2020,COMM_NON_OIL,0,2021-03-31,USD,311751999100
RBI:IFT_OIL_NON_OIL_A_RN(1.0),N_A,AFY,2021,2020,COMM_NON_OIL1,0,2021-03-31,INR,19681468766237
RBI:IFT_OIL_NON_OIL_A_RN(1.0),N_A,AFY,2021,2020,COMM_NON_OIL1,0,2021-03-31,USD,266004116200
RBI:IFT_OIL_NON_OIL_A_RN(1.0),N_A,AFY,2021,2020,COMM_NON_OIL2,0,2021-03-31,INR,-3364576952552
RBI:IFT_OIL_NON_OIL_A_RN(1.0),N_A,AFY,2021,2020,COMM_NON_OIL2,0,2021-03-31,USD,-45747882940
RBI:IFT_OIL_NON_OIL_A_RN(1.0),N_A,AFY,2021,2020,COMM_OIL,0,2021-03-31,INR,6113531285348
RBI:IFT_OIL_NON_OIL_A_RN(1.0),N_A,AFY,2021,2020,COMM_OIL,0,2021-03-31,USD,82683879020
RBI:IFT_OIL_NON_OIL_A_RN(1.0),N_A,AFY,2021,2020,COMM_OIL1,0,2021-03-31,INR,1908963446825
RBI:IFT_OIL_NON_OIL_A_RN(1.0),N_A,AFY,2021,2020,COMM_OIL1,0,2021-03-31,USD,25804366350
RBI:IFT_OIL_NON_OIL_A_RN(1.0),N_A,AFY,2021,2020,COMM_OIL2,0,2021-03-31,INR,-4204567838523
RBI:IFT_OIL_NON_OIL_A_RN(1.0),N_A,AFY,2021,2020,COMM_OIL2,0,2021-03-31,USD,-56879512670
RBI:IFT_OIL_NON_OIL_A_RN(1.0),N_A,AFY,2021,2020,TERM_TRD_EXP,0,2021-03-31,INR,21590432213062
RBI:IFT_OIL_NON_OIL_A_RN(1.0),N_A,AFY,2021,2020,TERM_TRD_EXP,0,2021-03-31,USD,291808482500
RBI:IFT_OIL_NON_OIL_A_RN(1.0),N_A,AFY,2021,2020,TERM_TRD_IMP,0,2021-03-31,INR,29159577004137
RBI:IFT_OIL_NON_OIL_A_RN(1.0),N_A,AFY,2021,2020,TERM_TRD_IMP,0,2021-03-31,USD,394435878100
RBI:IFT_OIL_NON_OIL_A_RN(1.0),N_A,AFY,2021,2020,TERM_TTL_TRD_BAL,0,2021-03-31,INR,-7569144791075
RBI:IFT_OIL_NON_OIL_A_RN(1.0),N_A,AFY,2021,2020,TERM_TTL_TRD_BAL,0,2021-03-31,USD,-102627395600
RBI:IFT_OIL_NON_OIL_A_RN(1.0),N_A,AFY,2022,2021,COMM_NON_OIL,0,2022-03-31,INR,33649716280844
RBI:IFT_OIL_NON_OIL_A_RN(1.0),N_A,AFY,2022,2021,COMM_NON_OIL,0,2022-03-31,USD,451241599200
RBI:IFT_OIL_NON_OIL_A_RN(1.0),N_A,AFY,2022,2021,COMM_NON_OIL1,0,2022-03-31,INR,26431712213022
RBI:IFT_OIL_NON_OIL_A_RN(1.0),N_A,AFY,2022,2021,COMM_NON_OIL1,0,2022-03-31,USD,354532701700
RBI:IFT_OIL_NON_OIL_A_RN(1.0),N_A,AFY,2022,2021,COMM_NON_OIL2,0,2022-03-31,INR,-7218004067822
RBI:IFT_OIL_NON_OIL_A_RN(1.0),N_A,AFY,2022,2021,COMM_NON_OIL2,0,2022-03-31,USD,-96708897450
RBI:IFT_OIL_NON_OIL_A_RN(1.0),N_A,AFY,2022,2021,COMM_OIL,0,2022-03-31,INR,12078029609947
RBI:IFT_OIL_NON_OIL_A_RN(1.0),N_A,AFY,2022,2021,COMM_OIL,0,2022-03-31,USD,161810451100
RBI:IFT_OIL_NON_OIL_A_RN(1.0),N_A,AFY,2022,2021,COMM_OIL1,0,2022-03-31,INR,5038502714803
RBI:IFT_OIL_NON_OIL_A_RN(1.0),N_A,AFY,2022,2021,COMM_OIL1,0,2022-03-31,USD,67471695880
RBI:IFT_OIL_NON_OIL_A_RN(1.0),N_A,AFY,2022,2021,COMM_OIL2,0,2022-03-31,INR,-7039526895144
RBI:IFT_OIL_NON_OIL_A_RN(1.0),N_A,AFY,2022,2021,COMM_OIL2,0,2022-03-31,USD,-94338755240
RBI:IFT_OIL_NON_OIL_A_RN(1.0),N_A,AFY,2022,2021,TERM_TRD_EXP,0,2022-03-31,INR,31470214927825
RBI:IFT_OIL_NON_OIL_A_RN(1.0),N_A,AFY,2022,2021,TERM_TRD_EXP,0,2022-03-31,USD,422004397600
RBI:IFT_OIL_NON_OIL_A_RN(1.0),N_A,AFY,2022,2021,TERM_TRD_IMP,0,2022-03-31,INR,45727745890791
RBI:IFT_OIL_NON_OIL_A_RN(1.0),N_A,AFY,2022,2021,TERM_TRD_IMP,0,2022-03-31,USD,613052050300
RBI:IFT_OIL_NON_OIL_A_RN(1.0),N_A,AFY,2022,2021,TERM_TTL_TRD_BAL,0,2022-03-31,INR,-14257530962966
RBI:IFT_OIL_NON_OIL_A_RN(1.0),N_A,AFY,2022,2021,TERM_TTL_TRD_BAL,0,2022-03-31,USD,-191047652700
RBI:IFT_OIL_NON_OIL_A_RN(1.0),N_A,AFY,2023,2022,COMM_NON_OIL,0,2023-03-31,INR,40673259024831
RBI:IFT_OIL_NON_OIL_A_RN(1.0),N_A,AFY,2023,2022,COMM_NON_OIL,0,2023-03-31,USD,506550731798
RBI:IFT_OIL_NON_OIL_A_RN(1.0),N_A,AFY,2023,2022,COMM_NON_OIL1,0,2023-03-31,INR,28392465618717
RBI:IFT_OIL_NON_OIL_A_RN(1.0),N_A,AFY,2023,2022,COMM_NON_OIL1,0,2023-03-31,USD,353601548629
RBI:IFT_OIL_NON_OIL_A_RN(1.0),N_A,AFY,2023,2022,COMM_NON_OIL2,0,2023-03-31,INR,-12280793406114
RBI:IFT_OIL_NON_OIL_A_RN(1.0),N_A,AFY,2023,2022,COMM_NON_OIL2,0,2023-03-31,USD,-152949183169
RBI:IFT_OIL_NON_OIL_A_RN(1.0),N_A,AFY,2023,2022,COMM_OIL,0,2023-03-31,INR,16824753685917
RBI:IFT_OIL_NON_OIL_A_RN(1.0),N_A,AFY,2023,2022,COMM_OIL,0,2023-03-31,USD,209418165311
RBI:IFT_OIL_NON_OIL_A_RN(1.0),N_A,AFY,2023,2022,COMM_OIL1,0,2023-03-31,INR,7823033138119
RBI:IFT_OIL_NON_OIL_A_RN(1.0),N_A,AFY,2023,2022,COMM_OIL1,0,2023-03-31,USD,97468447163
RBI:IFT_OIL_NON_OIL_A_RN(1.0),N_A,AFY,2023,2022,COMM_OIL2,0,2023-03-31,INR,-9001720547798
RBI:IFT_OIL_NON_OIL_A_RN(1.0),N_A,AFY,2023,2022,COMM_OIL2,0,2023-03-31,USD,-111949718148
RBI:IFT_OIL_NON_OIL_A_RN(1.0),N_A,AFY,2023,2022,TERM_TRD_EXP,0,2023-03-31,INR,36215498756836
RBI:IFT_OIL_NON_OIL_A_RN(1.0),N_A,AFY,2023,2022,TERM_TRD_EXP,0,2023-03-31,USD,451069995792
RBI:IFT_OIL_NON_OIL_A_RN(1.0),N_A,AFY,2023,2022,TERM_TRD_IMP,0,2023-03-31,INR,57498012710748
RBI:IFT_OIL_NON_OIL_A_RN(1.0),N_A,AFY,2023,2022,TERM_TRD_IMP,0,2023-03-31,USD,715968897109
RBI:IFT_OIL_NON_OIL_A_RN(1.0),N_A,AFY,2023,2022,TERM_TTL_TRD_BAL,0,2023-03-31,INR,-21282513953912
RBI:IFT_OIL_NON_OIL_A_RN(1.0),N_A,AFY,2023,2022,TERM_TTL_TRD_BAL,0,2023-03-31,USD,-264898901317
RBI:IFT_OIL_NON_OIL_A_RN(1.0),N_A,AFY,2024,2023,COMM_NON_OIL,0,2024-03-31,INR,41358100234036
RBI:IFT_OIL_NON_OIL_A_RN(1.0),N_A,AFY,2024,2023,COMM_NON_OIL,0,2024-03-31,USD,499482078798
RBI:IFT_OIL_NON_OIL_A_RN(1.0),N_A,AFY,2024,2023,COMM_NON_OIL1,0,2024-03-31,INR,29221024072117
RBI:IFT_OIL_NON_OIL_A_RN(1.0),N_A,AFY,2024,2023,COMM_NON_OIL1,0,2024-03-31,USD,352915318799
RBI:IFT_OIL_NON_OIL_A_RN(1.0),N_A,AFY,2024,2023,COMM_NON_OIL2,0,2024-03-31,INR,-12137076161919.002
RBI:IFT_OIL_NON_OIL_A_RN(1.0),N_A,AFY,2024,2023,COMM_NON_OIL2,0,2024-03-31,USD,-146566759999
RBI:IFT_OIL_NON_OIL_A_RN(1.0),N_A,AFY,2024,2023,COMM_OIL,0,2024-03-31,INR,14802323428907
RBI:IFT_OIL_NON_OIL_A_RN(1.0),N_A,AFY,2024,2023,COMM_OIL,0,2024-03-31,USD,178732695143
RBI:IFT_OIL_NON_OIL_A_RN(1.0),N_A,AFY,2024,2023,COMM_OIL1,0,2024-03-31,INR,6968498632976.999
RBI:IFT_OIL_NON_OIL_A_RN(1.0),N_A,AFY,2024,2023,COMM_OIL1,0,2024-03-31,USD,84156715885
RBI:IFT_OIL_NON_OIL_A_RN(1.0),N_A,AFY,2024,2023,COMM_OIL2,0,2024-03-31,INR,-7833824795930
RBI:IFT_OIL_NON_OIL_A_RN(1.0),N_A,AFY,2024,2023,COMM_OIL2,0,2024-03-31,USD,-94575979258
RBI:IFT_OIL_NON_OIL_A_RN(1.0),N_A,AFY,2024,2023,TERM_TRD_EXP,0,2024-03-31,INR,36189522705094
RBI:IFT_OIL_NON_OIL_A_RN(1.0),N_A,AFY,2024,2023,TERM_TRD_EXP,0,2024-03-31,USD,437072034684
RBI:IFT_OIL_NON_OIL_A_RN(1.0),N_A,AFY,2024,2023,TERM_TRD_IMP,0,2024-03-31,INR,56160423662943
RBI:IFT_OIL_NON_OIL_A_RN(1.0),N_A,AFY,2024,2023,TERM_TRD_IMP,0,2024-03-31,USD,678214773941
RBI:IFT_OIL_NON_OIL_A_RN(1.0),N_A,AFY,2024,2023,TERM_TTL_TRD_BAL,0,2024-03-31,INR,-19970900957849
RBI:IFT_OIL_NON_OIL_A_RN(1.0),N_A,AFY,2024,2023,TERM_TTL_TRD_BAL,0,2024-03-31,USD,-241142739257
RBI:IFT_OIL_NON_OIL_A_RN(1.0),N_A,AFY,2025,2024,COMM_NON_OIL,0,2025-03-31,INR,45196831735700
RBI:IFT_OIL_NON_OIL_A_RN(1.0),N_A,AFY,2025,2024,COMM_NON_OIL,0,2025-03-31,USD,534461955978
RBI:IFT_OIL_NON_OIL_A_RN(1.0),N_A,AFY,2025,2024,COMM_NON_OIL1,0,2025-03-31,INR,31661534974521
RBI:IFT_OIL_NON_OIL_A_RN(1.0),N_A,AFY,2025,2024,COMM_NON_OIL1,0,2025-03-31,USD,374074902904
RBI:IFT_OIL_NON_OIL_A_RN(1.0),N_A,AFY,2025,2024,COMM_NON_OIL2,0,2025-03-31,INR,-13535296761179
RBI:IFT_OIL_NON_OIL_A_RN(1.0),N_A,AFY,2025,2024,COMM_NON_OIL2,0,2025-03-31,USD,-160387053074
RBI:IFT_OIL_NON_OIL_A_RN(1.0),N_A,AFY,2025,2024,COMM_OIL,0,2025-03-31,INR,15702260598690
RBI:IFT_OIL_NON_OIL_A_RN(1.0),N_A,AFY,2025,2024,COMM_OIL,0,2025-03-31,USD,185779305444
RBI:IFT_OIL_NON_OIL_A_RN(1.0),N_A,AFY,2025,2024,COMM_OIL1,0,2025-03-31,INR,5349165972218
RBI:IFT_OIL_NON_OIL_A_RN(1.0),N_A,AFY,2025,2024,COMM_OIL1,0,2025-03-31,USD,63341004071
RBI:IFT_OIL_NON_OIL_A_RN(1.0),N_A,AFY,2025,2024,COMM_OIL2,0,2025-03-31,INR,-10353094626472
RBI:IFT_OIL_NON_OIL_A_RN(1.0),N_A,AFY,2025,2024,COMM_OIL2,0,2025-03-31,USD,-122438301373
RBI:IFT_OIL_NON_OIL_A_RN(1.0),N_A,AFY,2025,2024,TERM_TRD_EXP,0,2025-03-31,INR,37010700946739
RBI:IFT_OIL_NON_OIL_A_RN(1.0),N_A,AFY,2025,2024,TERM_TRD_EXP,0,2025-03-31,USD,437415906974.9999
RBI:IFT_OIL_NON_OIL_A_RN(1.0),N_A,AFY,2025,2024,TERM_TRD_IMP,0,2025-03-31,INR,60899092334390
RBI:IFT_OIL_NON_OIL_A_RN(1.0),N_A,AFY,2025,2024,TERM_TRD_IMP,0,2025-03-31,USD,720241261422
RBI:IFT_OIL_NON_OIL_A_RN(1.0),N_A,AFY,2025,2024,TERM_TTL_TRD_BAL,0,2025-03-31,INR,-23888391387651
RBI:IFT_OIL_NON_OIL_A_RN(1.0),N_A,AFY,2025,2024,TERM_TTL_TRD_BAL,0,2025-03-31,USD,-282825354447
