DATAFLOW,AUDST,BASE_PER,CURR_BASK_RN,FREQ,REPYEAREND,REPYEARSTART,TYP_OF_RATE,TYP_REP_RN,TYP_TRD_WTS_RN,TIME_PERIOD,UNIT_MEASURE,OBS_VALUE
RBI:INX_NEER_REER_A_RN(1.0),N_A,BY_2004_05,CURR_BASK_36CURR,AFY,2005,2004,NEER,REP_FY_ANN_AVG,EXP_WTS,2005-03-31,IX,100.00485
RBI:INX_NEER_REER_A_RN(1.0),N_A,BY_2004_05,CURR_BASK_36CURR,AFY,2005,2004,NEER,REP_FY_ANN_AVG,TRD_WTS,2005-03-31,IX,99.996391666667
RBI:INX_NEER_REER_A_RN(1.0),N_A,BY_2004_05,CURR_BASK_36CURR,AFY,2005,2004,REER,REP_FY_ANN_AVG,EXP_WTS,2005-03-31,IX,100.000958333333
RBI:INX_NEER_REER_A_RN(1.0),N_A,BY_2004_05,CURR_BASK_36CURR,AFY,2005,2004,REER,REP_FY_ANN_AVG,TRD_WTS,2005-03-31,IX,99.989775
RBI:INX_NEER_REER_A_RN(1.0),N_A,BY_2015_16,CURR_BASK_40CURR,AFY,2005,2004,NEER,REP_FY_ANN_AVG,EXP_WTS,2005-03-31,IX,130.810983333333
RBI:INX_NEER_REER_A_RN(1.0),N_A,BY_2015_16,CURR_BASK_40CURR,AFY,2005,2004,NEER,REP_FY_ANN_AVG,TRD_WTS,2005-03-31,IX,133.769283333333
RBI:INX_NEER_REER_A_RN(1.0),N_A,BY_2015_16,CURR_BASK_40CURR,AFY,2005,2004,REER,REP_FY_ANN_AVG,EXP_WTS,2005-03-31,IX,87.37745
RBI:INX_NEER_REER_A_RN(1.0),N_A,BY_2015_16,CURR_BASK_40CURR,AFY,2005,2004,REER,REP_FY_ANN_AVG,TRD_WTS,2005-03-31,IX,89.208975
RBI:INX_NEER_REER_A_RN(1.0),N_A,BY_2004_05,CURR_BASK_36CURR,AFY,2006,2005,NEER,REP_CY_ANN_AVG,EXP_WTS,2005-12-31,IX,101.972158333333
RBI:INX_NEER_REER_A_RN(1.0),N_A,BY_2004_05,CURR_BASK_36CURR,AFY,2006,2005,NEER,REP_CY_ANN_AVG,TRD_WTS,2005-12-31,IX,101.897991666667
RBI:INX_NEER_REER_A_RN(1.0),N_A,BY_2004_05,CURR_BASK_36CURR,AFY,2006,2005,REER,REP_CY_ANN_AVG,EXP_WTS,2005-12-31,IX,101.791241666667
RBI:INX_NEER_REER_A_RN(1.0),N_A,BY_2004_05,CURR_BASK_36CURR,AFY,2006,2005,REER,REP_CY_ANN_AVG,TRD_WTS,2005-12-31,IX,101.976266666667
RBI:INX_NEER_REER_A_RN(1.0),N_A,BY_2015_16,CURR_BASK_40CURR,AFY,2006,2005,NEER,REP_CY_ANN_AVG,EXP_WTS,2005-12-31,IX,133.3843
RBI:INX_NEER_REER_A_RN(1.0),N_A,BY_2015_16,CURR_BASK_40CURR,AFY,2006,2005,NEER,REP_CY_ANN_AVG,TRD_WTS,2005-12-31,IX,136.313141666667
RBI:INX_NEER_REER_A_RN(1.0),N_A,BY_2015_16,CURR_BASK_40CURR,AFY,2006,2005,REER,REP_CY_ANN_AVG,EXP_WTS,2005-12-31,IX,88.941741666667
RBI:INX_NEER_REER_A_RN(1.0),N_A,BY_2015_16,CURR_BASK_40CURR,AFY,2006,2005,REER,REP_CY_ANN_AVG,TRD_WTS,2005-12-31,IX,90.981283333333
RBI:INX_NEER_REER_A_RN(1.0),N_A,BY_2004_05,CURR_BASK_36CURR,AFY,2006,2005,NEER,REP_FY_ANN_AVG,EXP_WTS,2006-03-31,IX,102.204158333333
RBI:INX_NEER_REER_A_RN(1.0),N_A,BY_2004_05,CURR_BASK_36CURR,AFY,2006,2005,NEER,REP_FY_ANN_AVG,TRD_WTS,2006-03-31,IX,102.243433333333
RBI:INX_NEER_REER_A_RN(1.0),N_A,BY_2004_05,CURR_BASK_36CURR,AFY,2006,2005,REER,REP_FY_ANN_AVG,EXP_WTS,2006-03-31,IX,102.009016666667
RBI:INX_NEER_REER_A_RN(1.0),N_A,BY_2004_05,CURR_BASK_36CURR,AFY,2006,2005,REER,REP_FY_ANN_AVG,TRD_WTS,2006-03-31,IX,102.384833333333
RBI:INX_NEER_REER_A_RN(1.0),N_A,BY_2015_16,CURR_BASK_40CURR,AFY,2006,2005,NEER,REP_FY_ANN_AVG,EXP_WTS,2006-03-31,IX,133.687775
RBI:INX_NEER_REER_A_RN(1.0),N_A,BY_2015_16,CURR_BASK_40CURR,AFY,2006,2005,NEER,REP_FY_ANN_AVG,TRD_WTS,2006-03-31,IX,136.775258333333
RBI:INX_NEER_REER_A_RN(1.0),N_A,BY_2015_16,CURR_BASK_40CURR,AFY,2006,2005,REER,REP_FY_ANN_AVG,EXP_WTS,2006-03-31,IX,89.132041666667
RBI:INX_NEER_REER_A_RN(1.0),N_A,BY_2015_16,CURR_BASK_40CURR,AFY,2006,2005,REER,REP_FY_ANN_AVG,TRD_WTS,2006-03-31,IX,91.3458
RBI:INX_NEER_REER_A_RN(1.0),N_A,BY_2004_05,CURR_BASK_36CURR,AFY,2007,2006,NEER,REP_CY_ANN_AVG,EXP_WTS,2006-12-31,IX,98.610133333333
RBI:INX_NEER_REER_A_RN(1.0),N_A,BY_2004_05,CURR_BASK_36CURR,AFY,2007,2006,NEER,REP_CY_ANN_AVG,TRD_WTS,2006-12-31,IX,98.356908333333
RBI:INX_NEER_REER_A_RN(1.0),N_A,BY_2004_05,CURR_BASK_36CURR,AFY,2007,2006,REER,REP_CY_ANN_AVG,EXP_WTS,2006-12-31,IX,100.380175
RBI:INX_NEER_REER_A_RN(1.0),N_A,BY_2004_05,CURR_BASK_36CURR,AFY,2007,2006,REER,REP_CY_ANN_AVG,TRD_WTS,2006-12-31,IX,100.679058333333
RBI:INX_NEER_REER_A_RN(1.0),N_A,BY_2015_16,CURR_BASK_40CURR,AFY,2007,2006,NEER,REP_CY_ANN_AVG,EXP_WTS,2006-12-31,IX,128.986633333333
RBI:INX_NEER_REER_A_RN(1.0),N_A,BY_2015_16,CURR_BASK_40CURR,AFY,2007,2006,NEER,REP_CY_ANN_AVG,TRD_WTS,2006-12-31,IX,131.576091666667
RBI:INX_NEER_REER_A_RN(1.0),N_A,BY_2015_16,CURR_BASK_40CURR,AFY,2007,2006,REER,REP_CY_ANN_AVG,EXP_WTS,2006-12-31,IX,87.7088
RBI:INX_NEER_REER_A_RN(1.0),N_A,BY_2015_16,CURR_BASK_40CURR,AFY,2007,2006,REER,REP_CY_ANN_AVG,TRD_WTS,2006-12-31,IX,89.823975
RBI:INX_NEER_REER_A_RN(1.0),N_A,BY_2015_16,CURR_BASK_40CURR,AFY,2007,2006,NEER,REP_FY_ANN_AVG,EXP_WTS,2007-03-31,IX,128.189408333333
RBI:INX_NEER_REER_A_RN(1.0),N_A,BY_2015_16,CURR_BASK_40CURR,AFY,2007,2006,NEER,REP_FY_ANN_AVG,TRD_WTS,2007-03-31,IX,130.607375
RBI:INX_NEER_REER_A_RN(1.0),N_A,BY_2015_16,CURR_BASK_40CURR,AFY,2007,2006,REER,REP_FY_ANN_AVG,EXP_WTS,2007-03-31,IX,87.784366666667
RBI:INX_NEER_REER_A_RN(1.0),N_A,BY_2015_16,CURR_BASK_40CURR,AFY,2007,2006,REER,REP_FY_ANN_AVG,TRD_WTS,2007-03-31,IX,89.892841666667
RBI:INX_NEER_REER_A_RN(1.0),N_A,BY_2004_05,CURR_BASK_36CURR,AFY,2008,2007,NEER,REP_CY_ANN_AVG,EXP_WTS,2007-12-31,IX,104.389258333333
RBI:INX_NEER_REER_A_RN(1.0),N_A,BY_2004_05,CURR_BASK_36CURR,AFY,2008,2007,NEER,REP_CY_ANN_AVG,TRD_WTS,2007-12-31,IX,103.728241666667
RBI:INX_NEER_REER_A_RN(1.0),N_A,BY_2004_05,CURR_BASK_36CURR,AFY,2008,2007,REER,REP_CY_ANN_AVG,EXP_WTS,2007-12-31,IX,107.897441666667
RBI:INX_NEER_REER_A_RN(1.0),N_A,BY_2004_05,CURR_BASK_36CURR,AFY,2008,2007,REER,REP_CY_ANN_AVG,TRD_WTS,2007-12-31,IX,108.047825
RBI:INX_NEER_REER_A_RN(1.0),N_A,BY_2015_16,CURR_BASK_40CURR,AFY,2008,2007,NEER,REP_CY_ANN_AVG,EXP_WTS,2007-12-31,IX,136.545992
RBI:INX_NEER_REER_A_RN(1.0),N_A,BY_2015_16,CURR_BASK_40CURR,AFY,2008,2007,NEER,REP_CY_ANN_AVG,TRD_WTS,2007-12-31,IX,138.761542
RBI:INX_NEER_REER_A_RN(1.0),N_A,BY_2015_16,CURR_BASK_40CURR,AFY,2008,2007,REER,REP_CY_ANN_AVG,EXP_WTS,2007-12-31,IX,94.277125
RBI:INX_NEER_REER_A_RN(1.0),N_A,BY_2015_16,CURR_BASK_40CURR,AFY,2008,2007,REER,REP_CY_ANN_AVG,TRD_WTS,2007-12-31,IX,96.398217
RBI:INX_NEER_REER_A_RN(1.0),N_A,BY_2004_05,CURR_BASK_36CURR,AFY,2008,2007,NEER,REP_FY_ANN_AVG,EXP_WTS,2008-03-31,IX,105.614041666667
RBI:INX_NEER_REER_A_RN(1.0),N_A,BY_2004_05,CURR_BASK_36CURR,AFY,2008,2007,NEER,REP_FY_ANN_AVG,TRD_WTS,2008-03-31,IX,104.752766666667
RBI:INX_NEER_REER_A_RN(1.0),N_A,BY_2004_05,CURR_BASK_36CURR,AFY,2008,2007,REER,REP_FY_ANN_AVG,EXP_WTS,2008-03-31,IX,109.225566666667
RBI:INX_NEER_REER_A_RN(1.0),N_A,BY_2004_05,CURR_BASK_36CURR,AFY,2008,2007,REER,REP_FY_ANN_AVG,TRD_WTS,2008-03-31,IX,109.196666666667
RBI:INX_NEER_REER_A_RN(1.0),N_A,BY_2015_16,CURR_BASK_40CURR,AFY,2008,2007,NEER,REP_FY_ANN_AVG,EXP_WTS,2008-03-31,IX,138.148075
RBI:INX_NEER_REER_A_RN(1.0),N_A,BY_2015_16,CURR_BASK_40CURR,AFY,2008,2007,NEER,REP_FY_ANN_AVG,TRD_WTS,2008-03-31,IX,140.132075
RBI:INX_NEER_REER_A_RN(1.0),N_A,BY_2015_16,CURR_BASK_40CURR,AFY,2008,2007,REER,REP_FY_ANN_AVG,EXP_WTS,2008-03-31,IX,95.4376
RBI:INX_NEER_REER_A_RN(1.0),N_A,BY_2015_16,CURR_BASK_40CURR,AFY,2008,2007,REER,REP_FY_ANN_AVG,TRD_WTS,2008-03-31,IX,97.423192
RBI:INX_NEER_REER_A_RN(1.0),N_A,BY_2004_05,CURR_BASK_36CURR,AFY,2009,2008,NEER,REP_CY_ANN_AVG,EXP_WTS,2008-12-31,IX,97.413983333333
RBI:INX_NEER_REER_A_RN(1.0),N_A,BY_2004_05,CURR_BASK_36CURR,AFY,2009,2008,NEER,REP_CY_ANN_AVG,TRD_WTS,2008-12-31,IX,96.475725
RBI:INX_NEER_REER_A_RN(1.0),N_A,BY_2004_05,CURR_BASK_36CURR,AFY,2009,2008,REER,REP_CY_ANN_AVG,EXP_WTS,2008-12-31,IX,101.987225
RBI:INX_NEER_REER_A_RN(1.0),N_A,BY_2004_05,CURR_BASK_36CURR,AFY,2009,2008,REER,REP_CY_ANN_AVG,TRD_WTS,2008-12-31,IX,101.756275
RBI:INX_NEER_REER_A_RN(1.0),N_A,BY_2015_16,CURR_BASK_40CURR,AFY,2009,2008,NEER,REP_CY_ANN_AVG,EXP_WTS,2008-12-31,IX,127.422008
RBI:INX_NEER_REER_A_RN(1.0),N_A,BY_2015_16,CURR_BASK_40CURR,AFY,2009,2008,NEER,REP_CY_ANN_AVG,TRD_WTS,2008-12-31,IX,129.059525
RBI:INX_NEER_REER_A_RN(1.0),N_A,BY_2015_16,CURR_BASK_40CURR,AFY,2009,2008,REER,REP_CY_ANN_AVG,EXP_WTS,2008-12-31,IX,89.112992
RBI:INX_NEER_REER_A_RN(1.0),N_A,BY_2015_16,CURR_BASK_40CURR,AFY,2009,2008,REER,REP_CY_ANN_AVG,TRD_WTS,2008-12-31,IX,90.785025
RBI:INX_NEER_REER_A_RN(1.0),N_A,BY_2004_05,CURR_BASK_36CURR,AFY,2009,2008,NEER,REP_FY_ANN_AVG,EXP_WTS,2009-03-31,IX,93.996408333333
RBI:INX_NEER_REER_A_RN(1.0),N_A,BY_2004_05,CURR_BASK_36CURR,AFY,2009,2008,NEER,REP_FY_ANN_AVG,TRD_WTS,2009-03-31,IX,93.336341666667
RBI:INX_NEER_REER_A_RN(1.0),N_A,BY_2004_05,CURR_BASK_36CURR,AFY,2009,2008,REER,REP_FY_ANN_AVG,EXP_WTS,2009-03-31,IX,99.721491666667
RBI:INX_NEER_REER_A_RN(1.0),N_A,BY_2004_05,CURR_BASK_36CURR,AFY,2009,2008,REER,REP_FY_ANN_AVG,TRD_WTS,2009-03-31,IX,99.645683333333
RBI:INX_NEER_REER_A_RN(1.0),N_A,BY_2015_16,CURR_BASK_40CURR,AFY,2009,2008,NEER,REP_FY_ANN_AVG,EXP_WTS,2009-03-31,IX,122.951667
RBI:INX_NEER_REER_A_RN(1.0),N_A,BY_2015_16,CURR_BASK_40CURR,AFY,2009,2008,NEER,REP_FY_ANN_AVG,TRD_WTS,2009-03-31,IX,124.85985
RBI:INX_NEER_REER_A_RN(1.0),N_A,BY_2015_16,CURR_BASK_40CURR,AFY,2009,2008,REER,REP_FY_ANN_AVG,EXP_WTS,2009-03-31,IX,87.133258
RBI:INX_NEER_REER_A_RN(1.0),N_A,BY_2015_16,CURR_BASK_40CURR,AFY,2009,2008,REER,REP_FY_ANN_AVG,TRD_WTS,2009-03-31,IX,88.901983
RBI:INX_NEER_REER_A_RN(1.0),N_A,BY_2004_05,CURR_BASK_36CURR,AFY,2010,2009,NEER,REP_CY_ANN_AVG,EXP_WTS,2009-12-31,IX,90.560725
RBI:INX_NEER_REER_A_RN(1.0),N_A,BY_2004_05,CURR_BASK_36CURR,AFY,2010,2009,NEER,REP_CY_ANN_AVG,TRD_WTS,2009-12-31,IX,90.2289
RBI:INX_NEER_REER_A_RN(1.0),N_A,BY_2004_05,CURR_BASK_36CURR,AFY,2010,2009,REER,REP_CY_ANN_AVG,EXP_WTS,2009-12-31,IX,101.765108333333
RBI:INX_NEER_REER_A_RN(1.0),N_A,BY_2004_05,CURR_BASK_36CURR,AFY,2010,2009,REER,REP_CY_ANN_AVG,TRD_WTS,2009-12-31,IX,101.145683333333
RBI:INX_NEER_REER_A_RN(1.0),N_A,BY_2015_16,CURR_BASK_40CURR,AFY,2010,2009,NEER,REP_CY_ANN_AVG,EXP_WTS,2009-12-31,IX,118.45765
RBI:INX_NEER_REER_A_RN(1.0),N_A,BY_2015_16,CURR_BASK_40CURR,AFY,2010,2009,NEER,REP_CY_ANN_AVG,TRD_WTS,2009-12-31,IX,120.702917
RBI:INX_NEER_REER_A_RN(1.0),N_A,BY_2015_16,CURR_BASK_40CURR,AFY,2010,2009,REER,REP_CY_ANN_AVG,EXP_WTS,2009-12-31,IX,88.9189
RBI:INX_NEER_REER_A_RN(1.0),N_A,BY_2015_16,CURR_BASK_40CURR,AFY,2010,2009,REER,REP_CY_ANN_AVG,TRD_WTS,2009-12-31,IX,90.24025
RBI:INX_NEER_REER_A_RN(1.0),N_A,BY_2004_05,CURR_BASK_36CURR,AFY,2010,2009,NEER,REP_FY_ANN_AVG,EXP_WTS,2010-03-31,IX,91.418366666667
RBI:INX_NEER_REER_A_RN(1.0),N_A,BY_2004_05,CURR_BASK_36CURR,AFY,2010,2009,NEER,REP_FY_ANN_AVG,TRD_WTS,2010-03-31,IX,90.935816666667
RBI:INX_NEER_REER_A_RN(1.0),N_A,BY_2004_05,CURR_BASK_36CURR,AFY,2010,2009,REER,REP_FY_ANN_AVG,EXP_WTS,2010-03-31,IX,104.969508333333
RBI:INX_NEER_REER_A_RN(1.0),N_A,BY_2004_05,CURR_BASK_36CURR,AFY,2010,2009,REER,REP_FY_ANN_AVG,TRD_WTS,2010-03-31,IX,103.879633333333
RBI:INX_NEER_REER_A_RN(1.0),N_A,BY_2015_16,CURR_BASK_40CURR,AFY,2010,2009,NEER,REP_FY_ANN_AVG,EXP_WTS,2010-03-31,IX,119.579483
RBI:INX_NEER_REER_A_RN(1.0),N_A,BY_2015_16,CURR_BASK_40CURR,AFY,2010,2009,NEER,REP_FY_ANN_AVG,TRD_WTS,2010-03-31,IX,121.648592
RBI:INX_NEER_REER_A_RN(1.0),N_A,BY_2015_16,CURR_BASK_40CURR,AFY,2010,2009,REER,REP_FY_ANN_AVG,EXP_WTS,2010-03-31,IX,91.7188
RBI:INX_NEER_REER_A_RN(1.0),N_A,BY_2015_16,CURR_BASK_40CURR,AFY,2010,2009,REER,REP_FY_ANN_AVG,TRD_WTS,2010-03-31,IX,92.679433
RBI:INX_NEER_REER_A_RN(1.0),N_A,BY_2004_05,CURR_BASK_36CURR,AFY,2011,2010,NEER,REP_CY_ANN_AVG,EXP_WTS,2010-12-31,IX,94.802325
RBI:INX_NEER_REER_A_RN(1.0),N_A,BY_2004_05,CURR_BASK_36CURR,AFY,2011,2010,NEER,REP_CY_ANN_AVG,TRD_WTS,2010-12-31,IX,93.770458333333
RBI:INX_NEER_REER_A_RN(1.0),N_A,BY_2004_05,CURR_BASK_36CURR,AFY,2011,2010,REER,REP_CY_ANN_AVG,EXP_WTS,2010-12-31,IX,113.756283333333
RBI:INX_NEER_REER_A_RN(1.0),N_A,BY_2004_05,CURR_BASK_36CURR,AFY,2011,2010,REER,REP_CY_ANN_AVG,TRD_WTS,2010-12-31,IX,111.725016666667
RBI:INX_NEER_REER_A_RN(1.0),N_A,BY_2015_16,CURR_BASK_40CURR,AFY,2011,2010,NEER,REP_CY_ANN_AVG,EXP_WTS,2010-12-31,IX,124.005858
RBI:INX_NEER_REER_A_RN(1.0),N_A,BY_2015_16,CURR_BASK_40CURR,AFY,2011,2010,NEER,REP_CY_ANN_AVG,TRD_WTS,2010-12-31,IX,125.440608
RBI:INX_NEER_REER_A_RN(1.0),N_A,BY_2015_16,CURR_BASK_40CURR,AFY,2011,2010,REER,REP_CY_ANN_AVG,EXP_WTS,2010-12-31,IX,99.396375
RBI:INX_NEER_REER_A_RN(1.0),N_A,BY_2015_16,CURR_BASK_40CURR,AFY,2011,2010,REER,REP_CY_ANN_AVG,TRD_WTS,2010-12-31,IX,99.67895
RBI:INX_NEER_REER_A_RN(1.0),N_A,BY_2004_05,CURR_BASK_36CURR,AFY,2011,2010,NEER,REP_FY_ANN_AVG,EXP_WTS,2011-03-31,IX,94.738766666667
RBI:INX_NEER_REER_A_RN(1.0),N_A,BY_2004_05,CURR_BASK_36CURR,AFY,2011,2010,NEER,REP_FY_ANN_AVG,TRD_WTS,2011-03-31,IX,93.538125
RBI:INX_NEER_REER_A_RN(1.0),N_A,BY_2004_05,CURR_BASK_36CURR,AFY,2011,2010,REER,REP_FY_ANN_AVG,EXP_WTS,2011-03-31,IX,115.022025
RBI:INX_NEER_REER_A_RN(1.0),N_A,BY_2004_05,CURR_BASK_36CURR,AFY,2011,2010,REER,REP_FY_ANN_AVG,TRD_WTS,2011-03-31,IX,112.684116666667
RBI:INX_NEER_REER_A_RN(1.0),N_A,BY_2015_16,CURR_BASK_40CURR,AFY,2011,2010,NEER,REP_FY_ANN_AVG,EXP_WTS,2011-03-31,IX,123.922717
RBI:INX_NEER_REER_A_RN(1.0),N_A,BY_2015_16,CURR_BASK_40CURR,AFY,2011,2010,NEER,REP_FY_ANN_AVG,TRD_WTS,2011-03-31,IX,125.129817
RBI:INX_NEER_REER_A_RN(1.0),N_A,BY_2015_16,CURR_BASK_40CURR,AFY,2011,2010,REER,REP_FY_ANN_AVG,EXP_WTS,2011-03-31,IX,100.50235
RBI:INX_NEER_REER_A_RN(1.0),N_A,BY_2015_16,CURR_BASK_40CURR,AFY,2011,2010,REER,REP_FY_ANN_AVG,TRD_WTS,2011-03-31,IX,100.534642
RBI:INX_NEER_REER_A_RN(1.0),N_A,BY_2004_05,CURR_BASK_36CURR,AFY,2012,2011,NEER,REP_CY_ANN_AVG,EXP_WTS,2011-12-31,IX,91.085391666667
RBI:INX_NEER_REER_A_RN(1.0),N_A,BY_2004_05,CURR_BASK_36CURR,AFY,2012,2011,NEER,REP_CY_ANN_AVG,TRD_WTS,2011-12-31,IX,89.4093
RBI:INX_NEER_REER_A_RN(1.0),N_A,BY_2004_05,CURR_BASK_36CURR,AFY,2012,2011,REER,REP_CY_ANN_AVG,EXP_WTS,2011-12-31,IX,114.4733
RBI:INX_NEER_REER_A_RN(1.0),N_A,BY_2004_05,CURR_BASK_36CURR,AFY,2012,2011,REER,REP_CY_ANN_AVG,TRD_WTS,2011-12-31,IX,111.608516666667
RBI:INX_NEER_REER_A_RN(1.0),N_A,BY_2015_16,CURR_BASK_40CURR,AFY,2012,2011,NEER,REP_CY_ANN_AVG,EXP_WTS,2011-12-31,IX,119.143908
RBI:INX_NEER_REER_A_RN(1.0),N_A,BY_2015_16,CURR_BASK_40CURR,AFY,2012,2011,NEER,REP_CY_ANN_AVG,TRD_WTS,2011-12-31,IX,119.606483
RBI:INX_NEER_REER_A_RN(1.0),N_A,BY_2015_16,CURR_BASK_40CURR,AFY,2012,2011,REER,REP_CY_ANN_AVG,EXP_WTS,2011-12-31,IX,100.022908
RBI:INX_NEER_REER_A_RN(1.0),N_A,BY_2015_16,CURR_BASK_40CURR,AFY,2012,2011,REER,REP_CY_ANN_AVG,TRD_WTS,2011-12-31,IX,99.575017
RBI:INX_NEER_REER_A_RN(1.0),N_A,BY_2004_05,CURR_BASK_36CURR,AFY,2012,2011,NEER,REP_FY_ANN_AVG,EXP_WTS,2012-03-31,IX,89.12895
RBI:INX_NEER_REER_A_RN(1.0),N_A,BY_2004_05,CURR_BASK_36CURR,AFY,2012,2011,NEER,REP_FY_ANN_AVG,TRD_WTS,2012-03-31,IX,87.378358333333
RBI:INX_NEER_REER_A_RN(1.0),N_A,BY_2004_05,CURR_BASK_36CURR,AFY,2012,2011,REER,REP_FY_ANN_AVG,EXP_WTS,2012-03-31,IX,113.183291666667
RBI:INX_NEER_REER_A_RN(1.0),N_A,BY_2004_05,CURR_BASK_36CURR,AFY,2012,2011,REER,REP_FY_ANN_AVG,TRD_WTS,2012-03-31,IX,110.271733333333
RBI:INX_NEER_REER_A_RN(1.0),N_A,BY_2015_16,CURR_BASK_40CURR,AFY,2012,2011,NEER,REP_FY_ANN_AVG,EXP_WTS,2012-03-31,IX,116.5848
RBI:INX_NEER_REER_A_RN(1.0),N_A,BY_2015_16,CURR_BASK_40CURR,AFY,2012,2011,NEER,REP_FY_ANN_AVG,TRD_WTS,2012-03-31,IX,116.8896
RBI:INX_NEER_REER_A_RN(1.0),N_A,BY_2015_16,CURR_BASK_40CURR,AFY,2012,2011,REER,REP_FY_ANN_AVG,EXP_WTS,2012-03-31,IX,98.895733
RBI:INX_NEER_REER_A_RN(1.0),N_A,BY_2015_16,CURR_BASK_40CURR,AFY,2012,2011,REER,REP_FY_ANN_AVG,TRD_WTS,2012-03-31,IX,98.382358
RBI:INX_NEER_REER_A_RN(1.0),N_A,BY_2004_05,CURR_BASK_36CURR,AFY,2013,2012,NEER,REP_CY_ANN_AVG,EXP_WTS,2012-12-31,IX,81.519933333333
RBI:INX_NEER_REER_A_RN(1.0),N_A,BY_2004_05,CURR_BASK_36CURR,AFY,2013,2012,NEER,REP_CY_ANN_AVG,TRD_WTS,2012-12-31,IX,79.775925
RBI:INX_NEER_REER_A_RN(1.0),N_A,BY_2004_05,CURR_BASK_36CURR,AFY,2013,2012,REER,REP_CY_ANN_AVG,EXP_WTS,2012-12-31,IX,108.695075
RBI:INX_NEER_REER_A_RN(1.0),N_A,BY_2004_05,CURR_BASK_36CURR,AFY,2013,2012,REER,REP_CY_ANN_AVG,TRD_WTS,2012-12-31,IX,105.642925
RBI:INX_NEER_REER_A_RN(1.0),N_A,BY_2015_16,CURR_BASK_40CURR,AFY,2013,2012,NEER,REP_CY_ANN_AVG,EXP_WTS,2012-12-31,IX,106.632025
RBI:INX_NEER_REER_A_RN(1.0),N_A,BY_2015_16,CURR_BASK_40CURR,AFY,2013,2012,NEER,REP_CY_ANN_AVG,TRD_WTS,2012-12-31,IX,106.719842
RBI:INX_NEER_REER_A_RN(1.0),N_A,BY_2015_16,CURR_BASK_40CURR,AFY,2013,2012,REER,REP_CY_ANN_AVG,EXP_WTS,2012-12-31,IX,94.974808
RBI:INX_NEER_REER_A_RN(1.0),N_A,BY_2015_16,CURR_BASK_40CURR,AFY,2013,2012,REER,REP_CY_ANN_AVG,TRD_WTS,2012-12-31,IX,94.253158
RBI:INX_NEER_REER_A_RN(1.0),N_A,BY_2004_05,CURR_BASK_36CURR,AFY,2013,2012,NEER,REP_FY_ANN_AVG,EXP_WTS,2013-03-31,IX,80.051666666667
RBI:INX_NEER_REER_A_RN(1.0),N_A,BY_2004_05,CURR_BASK_36CURR,AFY,2013,2012,NEER,REP_FY_ANN_AVG,TRD_WTS,2013-03-31,IX,78.319166666667
RBI:INX_NEER_REER_A_RN(1.0),N_A,BY_2004_05,CURR_BASK_36CURR,AFY,2013,2012,REER,REP_FY_ANN_AVG,EXP_WTS,2013-03-31,IX,108.705
RBI:INX_NEER_REER_A_RN(1.0),N_A,BY_2004_05,CURR_BASK_36CURR,AFY,2013,2012,REER,REP_FY_ANN_AVG,TRD_WTS,2013-03-31,IX,105.5675
RBI:INX_NEER_REER_A_RN(1.0),N_A,BY_2015_16,CURR_BASK_40CURR,AFY,2013,2012,NEER,REP_FY_ANN_AVG,EXP_WTS,2013-03-31,IX,104.711508
RBI:INX_NEER_REER_A_RN(1.0),N_A,BY_2015_16,CURR_BASK_40CURR,AFY,2013,2012,NEER,REP_FY_ANN_AVG,TRD_WTS,2013-03-31,IX,104.771308
RBI:INX_NEER_REER_A_RN(1.0),N_A,BY_2015_16,CURR_BASK_40CURR,AFY,2013,2012,REER,REP_FY_ANN_AVG,EXP_WTS,2013-03-31,IX,94.983617
RBI:INX_NEER_REER_A_RN(1.0),N_A,BY_2015_16,CURR_BASK_40CURR,AFY,2013,2012,REER,REP_FY_ANN_AVG,TRD_WTS,2013-03-31,IX,94.185783
RBI:INX_NEER_REER_A_RN(1.0),N_A,BY_2004_05,CURR_BASK_36CURR,AFY,2014,2013,NEER,REP_CY_ANN_AVG,EXP_WTS,2013-12-31,IX,75.531458333333
RBI:INX_NEER_REER_A_RN(1.0),N_A,BY_2004_05,CURR_BASK_36CURR,AFY,2014,2013,NEER,REP_CY_ANN_AVG,TRD_WTS,2013-12-31,IX,74.1427
RBI:INX_NEER_REER_A_RN(1.0),N_A,BY_2004_05,CURR_BASK_36CURR,AFY,2014,2013,REER,REP_CY_ANN_AVG,EXP_WTS,2013-12-31,IX,107.0296
RBI:INX_NEER_REER_A_RN(1.0),N_A,BY_2004_05,CURR_BASK_36CURR,AFY,2014,2013,REER,REP_CY_ANN_AVG,TRD_WTS,2013-12-31,IX,104.495958333333
RBI:INX_NEER_REER_A_RN(1.0),N_A,BY_2015_16,CURR_BASK_40CURR,AFY,2014,2013,NEER,REP_CY_ANN_AVG,EXP_WTS,2013-12-31,IX,98.798717
RBI:INX_NEER_REER_A_RN(1.0),N_A,BY_2015_16,CURR_BASK_40CURR,AFY,2014,2013,NEER,REP_CY_ANN_AVG,TRD_WTS,2013-12-31,IX,99.183975
RBI:INX_NEER_REER_A_RN(1.0),N_A,BY_2015_16,CURR_BASK_40CURR,AFY,2014,2013,REER,REP_CY_ANN_AVG,EXP_WTS,2013-12-31,IX,93.518967
RBI:INX_NEER_REER_A_RN(1.0),N_A,BY_2015_16,CURR_BASK_40CURR,AFY,2014,2013,REER,REP_CY_ANN_AVG,TRD_WTS,2013-12-31,IX,93.229225
RBI:INX_NEER_REER_A_RN(1.0),N_A,BY_2004_05,CURR_BASK_36CURR,AFY,2014,2013,NEER,REP_FY_ANN_AVG,EXP_WTS,2014-03-31,IX,73.555033333333
RBI:INX_NEER_REER_A_RN(1.0),N_A,BY_2004_05,CURR_BASK_36CURR,AFY,2014,2013,NEER,REP_FY_ANN_AVG,TRD_WTS,2014-03-31,IX,72.323125
RBI:INX_NEER_REER_A_RN(1.0),N_A,BY_2004_05,CURR_BASK_36CURR,AFY,2014,2013,REER,REP_FY_ANN_AVG,EXP_WTS,2014-03-31,IX,105.480083333333
RBI:INX_NEER_REER_A_RN(1.0),N_A,BY_2004_05,CURR_BASK_36CURR,AFY,2014,2013,REER,REP_FY_ANN_AVG,TRD_WTS,2014-03-31,IX,103.265775
RBI:INX_NEER_REER_A_RN(1.0),N_A,BY_2015_16,CURR_BASK_40CURR,AFY,2014,2013,NEER,REP_FY_ANN_AVG,EXP_WTS,2014-03-31,IX,96.213408
RBI:INX_NEER_REER_A_RN(1.0),N_A,BY_2015_16,CURR_BASK_40CURR,AFY,2014,2013,NEER,REP_FY_ANN_AVG,TRD_WTS,2014-03-31,IX,96.749633
RBI:INX_NEER_REER_A_RN(1.0),N_A,BY_2015_16,CURR_BASK_40CURR,AFY,2014,2013,REER,REP_FY_ANN_AVG,EXP_WTS,2014-03-31,IX,92.164925
RBI:INX_NEER_REER_A_RN(1.0),N_A,BY_2015_16,CURR_BASK_40CURR,AFY,2014,2013,REER,REP_FY_ANN_AVG,TRD_WTS,2014-03-31,IX,92.131767
RBI:INX_NEER_REER_A_RN(1.0),N_A,BY_2004_05,CURR_BASK_36CURR,AFY,2015,2014,NEER,REP_CY_ANN_AVG,EXP_WTS,2014-12-31,IX,74.052783333333
RBI:INX_NEER_REER_A_RN(1.0),N_A,BY_2004_05,CURR_BASK_36CURR,AFY,2015,2014,NEER,REP_CY_ANN_AVG,TRD_WTS,2014-12-31,IX,72.947408333333
RBI:INX_NEER_REER_A_RN(1.0),N_A,BY_2004_05,CURR_BASK_36CURR,AFY,2015,2014,REER,REP_CY_ANN_AVG,EXP_WTS,2014-12-31,IX,108.905908333333
RBI:INX_NEER_REER_A_RN(1.0),N_A,BY_2004_05,CURR_BASK_36CURR,AFY,2015,2014,REER,REP_CY_ANN_AVG,TRD_WTS,2014-12-31,IX,106.732975
RBI:INX_NEER_REER_A_RN(1.0),N_A,BY_2015_16,CURR_BASK_40CURR,AFY,2015,2014,NEER,REP_CY_ANN_AVG,EXP_WTS,2014-12-31,IX,96.865025
RBI:INX_NEER_REER_A_RN(1.0),N_A,BY_2015_16,CURR_BASK_40CURR,AFY,2015,2014,NEER,REP_CY_ANN_AVG,TRD_WTS,2014-12-31,IX,97.585
RBI:INX_NEER_REER_A_RN(1.0),N_A,BY_2015_16,CURR_BASK_40CURR,AFY,2015,2014,REER,REP_CY_ANN_AVG,EXP_WTS,2014-12-31,IX,95.156767
RBI:INX_NEER_REER_A_RN(1.0),N_A,BY_2015_16,CURR_BASK_40CURR,AFY,2015,2014,REER,REP_CY_ANN_AVG,TRD_WTS,2014-12-31,IX,95.2241
RBI:INX_NEER_REER_A_RN(1.0),N_A,BY_2004_05,CURR_BASK_36CURR,AFY,2015,2014,NEER,REP_FY_ANN_AVG,EXP_WTS,2015-03-31,IX,75.214591666667
RBI:INX_NEER_REER_A_RN(1.0),N_A,BY_2004_05,CURR_BASK_36CURR,AFY,2015,2014,NEER,REP_FY_ANN_AVG,TRD_WTS,2015-03-31,IX,74.072941666667
RBI:INX_NEER_REER_A_RN(1.0),N_A,BY_2004_05,CURR_BASK_36CURR,AFY,2015,2014,REER,REP_FY_ANN_AVG,EXP_WTS,2015-03-31,IX,111.252016666667
RBI:INX_NEER_REER_A_RN(1.0),N_A,BY_2004_05,CURR_BASK_36CURR,AFY,2015,2014,REER,REP_FY_ANN_AVG,TRD_WTS,2015-03-31,IX,108.961966666667
RBI:INX_NEER_REER_A_RN(1.0),N_A,BY_2015_16,CURR_BASK_40CURR,AFY,2015,2014,NEER,REP_FY_ANN_AVG,EXP_WTS,2015-03-31,IX,98.384633
RBI:INX_NEER_REER_A_RN(1.0),N_A,BY_2015_16,CURR_BASK_40CURR,AFY,2015,2014,NEER,REP_FY_ANN_AVG,TRD_WTS,2015-03-31,IX,99.090575
RBI:INX_NEER_REER_A_RN(1.0),N_A,BY_2015_16,CURR_BASK_40CURR,AFY,2015,2014,REER,REP_FY_ANN_AVG,EXP_WTS,2015-03-31,IX,97.20585
RBI:INX_NEER_REER_A_RN(1.0),N_A,BY_2015_16,CURR_BASK_40CURR,AFY,2015,2014,REER,REP_FY_ANN_AVG,TRD_WTS,2015-03-31,IX,97.2122
RBI:INX_NEER_REER_A_RN(1.0),N_A,BY_2004_05,CURR_BASK_36CURR,AFY,2016,2015,NEER,REP_CY_ANN_AVG,EXP_WTS,2015-12-31,IX,76.8625
RBI:INX_NEER_REER_A_RN(1.0),N_A,BY_2004_05,CURR_BASK_36CURR,AFY,2016,2015,NEER,REP_CY_ANN_AVG,TRD_WTS,2015-12-31,IX,75.257716666667
RBI:INX_NEER_REER_A_RN(1.0),N_A,BY_2004_05,CURR_BASK_36CURR,AFY,2016,2015,REER,REP_CY_ANN_AVG,EXP_WTS,2015-12-31,IX,114.639633333333
RBI:INX_NEER_REER_A_RN(1.0),N_A,BY_2004_05,CURR_BASK_36CURR,AFY,2016,2015,REER,REP_CY_ANN_AVG,TRD_WTS,2015-12-31,IX,112.225825
RBI:INX_NEER_REER_A_RN(1.0),N_A,BY_2015_16,CURR_BASK_40CURR,AFY,2016,2015,NEER,REP_CY_ANN_AVG,EXP_WTS,2015-12-31,IX,100.518008
RBI:INX_NEER_REER_A_RN(1.0),N_A,BY_2015_16,CURR_BASK_40CURR,AFY,2016,2015,NEER,REP_CY_ANN_AVG,TRD_WTS,2015-12-31,IX,100.629442
RBI:INX_NEER_REER_A_RN(1.0),N_A,BY_2015_16,CURR_BASK_40CURR,AFY,2016,2015,REER,REP_CY_ANN_AVG,EXP_WTS,2015-12-31,IX,100.173775
RBI:INX_NEER_REER_A_RN(1.0),N_A,BY_2015_16,CURR_BASK_40CURR,AFY,2016,2015,REER,REP_CY_ANN_AVG,TRD_WTS,2015-12-31,IX,100.137975
RBI:INX_NEER_REER_A_RN(1.0),N_A,BY_2004_05,CURR_BASK_36CURR,AFY,2016,2015,NEER,REP_FY_ANN_AVG,EXP_WTS,2016-03-31,IX,76.450116666667
RBI:INX_NEER_REER_A_RN(1.0),N_A,BY_2004_05,CURR_BASK_36CURR,AFY,2016,2015,NEER,REP_FY_ANN_AVG,TRD_WTS,2016-03-31,IX,74.753166666667
RBI:INX_NEER_REER_A_RN(1.0),N_A,BY_2004_05,CURR_BASK_36CURR,AFY,2016,2015,REER,REP_FY_ANN_AVG,EXP_WTS,2016-03-31,IX,114.451158333333
RBI:INX_NEER_REER_A_RN(1.0),N_A,BY_2004_05,CURR_BASK_36CURR,AFY,2016,2015,REER,REP_FY_ANN_AVG,TRD_WTS,2016-03-31,IX,112.087508333333
RBI:INX_NEER_REER_A_RN(1.0),N_A,BY_2015_16,CURR_BASK_40CURR,AFY,2016,2015,NEER,REP_FY_ANN_AVG,EXP_WTS,2016-03-31,IX,100.0
RBI:INX_NEER_REER_A_RN(1.0),N_A,BY_2015_16,CURR_BASK_40CURR,AFY,2016,2015,NEER,REP_FY_ANN_AVG,TRD_WTS,2016-03-31,IX,100.0
RBI:INX_NEER_REER_A_RN(1.0),N_A,BY_2015_16,CURR_BASK_40CURR,AFY,2016,2015,REER,REP_FY_ANN_AVG,EXP_WTS,2016-03-31,IX,100.0
RBI:INX_NEER_REER_A_RN(1.0),N_A,BY_2015_16,CURR_BASK_40CURR,AFY,2016,2015,REER,REP_FY_ANN_AVG,TRD_WTS,2016-03-31,IX,100.0
RBI:INX_NEER_REER_A_RN(1.0),N_A,BY_2004_05,CURR_BASK_36CURR,AFY,2017,2016,NEER,REP_CY_ANN_AVG,EXP_WTS,2016-12-31,IX,75.74535
RBI:INX_NEER_REER_A_RN(1.0),N_A,BY_2004_05,CURR_BASK_36CURR,AFY,2017,2016,NEER,REP_CY_ANN_AVG,TRD_WTS,2016-12-31,IX,74.072775
RBI:INX_NEER_REER_A_RN(1.0),N_A,BY_2004_05,CURR_BASK_36CURR,AFY,2017,2016,REER,REP_CY_ANN_AVG,EXP_WTS,2016-12-31,IX,115.401108333333
RBI:INX_NEER_REER_A_RN(1.0),N_A,BY_2004_05,CURR_BASK_36CURR,AFY,2017,2016,REER,REP_CY_ANN_AVG,TRD_WTS,2016-12-31,IX,113.335525
RBI:INX_NEER_REER_A_RN(1.0),N_A,BY_2015_16,CURR_BASK_40CURR,AFY,2017,2016,NEER,REP_CY_ANN_AVG,EXP_WTS,2016-12-31,IX,98.871572
RBI:INX_NEER_REER_A_RN(1.0),N_A,BY_2015_16,CURR_BASK_40CURR,AFY,2017,2016,NEER,REP_CY_ANN_AVG,TRD_WTS,2016-12-31,IX,99.287246
RBI:INX_NEER_REER_A_RN(1.0),N_A,BY_2015_16,CURR_BASK_40CURR,AFY,2017,2016,REER,REP_CY_ANN_AVG,EXP_WTS,2016-12-31,IX,100.595859
RBI:INX_NEER_REER_A_RN(1.0),N_A,BY_2015_16,CURR_BASK_40CURR,AFY,2017,2016,REER,REP_CY_ANN_AVG,TRD_WTS,2016-12-31,IX,100.901563
RBI:INX_NEER_REER_A_RN(1.0),N_A,BY_2004_05,CURR_BASK_36CURR,AFY,2017,2016,NEER,REP_FY_ANN_AVG,EXP_WTS,2017-03-31,IX,76.381391666667
RBI:INX_NEER_REER_A_RN(1.0),N_A,BY_2004_05,CURR_BASK_36CURR,AFY,2017,2016,NEER,REP_FY_ANN_AVG,TRD_WTS,2017-03-31,IX,74.654991666667
RBI:INX_NEER_REER_A_RN(1.0),N_A,BY_2004_05,CURR_BASK_36CURR,AFY,2017,2016,REER,REP_FY_ANN_AVG,EXP_WTS,2017-03-31,IX,116.452608333333
RBI:INX_NEER_REER_A_RN(1.0),N_A,BY_2004_05,CURR_BASK_36CURR,AFY,2017,2016,REER,REP_FY_ANN_AVG,TRD_WTS,2017-03-31,IX,114.515358333333
RBI:INX_NEER_REER_A_RN(1.0),N_A,BY_2015_16,CURR_BASK_40CURR,AFY,2017,2016,NEER,REP_FY_ANN_AVG,EXP_WTS,2017-03-31,IX,99.615114
RBI:INX_NEER_REER_A_RN(1.0),N_A,BY_2015_16,CURR_BASK_40CURR,AFY,2017,2016,NEER,REP_FY_ANN_AVG,TRD_WTS,2017-03-31,IX,100.077209
RBI:INX_NEER_REER_A_RN(1.0),N_A,BY_2015_16,CURR_BASK_40CURR,AFY,2017,2016,REER,REP_FY_ANN_AVG,EXP_WTS,2017-03-31,IX,101.425682
RBI:INX_NEER_REER_A_RN(1.0),N_A,BY_2015_16,CURR_BASK_40CURR,AFY,2017,2016,REER,REP_FY_ANN_AVG,TRD_WTS,2017-03-31,IX,101.804575
RBI:INX_NEER_REER_A_RN(1.0),N_A,BY_2004_05,CURR_BASK_36CURR,AFY,2018,2017,NEER,REP_CY_ANN_AVG,EXP_WTS,2017-12-31,IX,78.870433333333
RBI:INX_NEER_REER_A_RN(1.0),N_A,BY_2004_05,CURR_BASK_36CURR,AFY,2018,2017,NEER,REP_CY_ANN_AVG,TRD_WTS,2017-12-31,IX,77.014283333333
RBI:INX_NEER_REER_A_RN(1.0),N_A,BY_2004_05,CURR_BASK_36CURR,AFY,2018,2017,REER,REP_CY_ANN_AVG,EXP_WTS,2017-12-31,IX,121.236341666667
RBI:INX_NEER_REER_A_RN(1.0),N_A,BY_2004_05,CURR_BASK_36CURR,AFY,2018,2017,REER,REP_CY_ANN_AVG,TRD_WTS,2017-12-31,IX,119.159741666667
RBI:INX_NEER_REER_A_RN(1.0),N_A,BY_2015_16,CURR_BASK_40CURR,AFY,2018,2017,NEER,REP_CY_ANN_AVG,EXP_WTS,2017-12-31,IX,103.008109
RBI:INX_NEER_REER_A_RN(1.0),N_A,BY_2015_16,CURR_BASK_40CURR,AFY,2018,2017,NEER,REP_CY_ANN_AVG,TRD_WTS,2017-12-31,IX,103.277401
RBI:INX_NEER_REER_A_RN(1.0),N_A,BY_2015_16,CURR_BASK_40CURR,AFY,2018,2017,REER,REP_CY_ANN_AVG,EXP_WTS,2017-12-31,IX,105.216561
RBI:INX_NEER_REER_A_RN(1.0),N_A,BY_2015_16,CURR_BASK_40CURR,AFY,2018,2017,REER,REP_CY_ANN_AVG,TRD_WTS,2017-12-31,IX,105.518725
RBI:INX_NEER_REER_A_RN(1.0),N_A,BY_2004_05,CURR_BASK_36CURR,AFY,2018,2017,NEER,REP_FY_ANN_AVG,EXP_WTS,2018-03-31,IX,78.88810833
RBI:INX_NEER_REER_A_RN(1.0),N_A,BY_2004_05,CURR_BASK_36CURR,AFY,2018,2017,NEER,REP_FY_ANN_AVG,TRD_WTS,2018-03-31,IX,76.937225
RBI:INX_NEER_REER_A_RN(1.0),N_A,BY_2004_05,CURR_BASK_36CURR,AFY,2018,2017,REER,REP_FY_ANN_AVG,EXP_WTS,2018-03-31,IX,121.9384917
RBI:INX_NEER_REER_A_RN(1.0),N_A,BY_2004_05,CURR_BASK_36CURR,AFY,2018,2017,REER,REP_FY_ANN_AVG,TRD_WTS,2018-03-31,IX,119.711325
RBI:INX_NEER_REER_A_RN(1.0),N_A,BY_2015_16,CURR_BASK_40CURR,AFY,2018,2017,NEER,REP_FY_ANN_AVG,EXP_WTS,2018-03-31,IX,103.088014
RBI:INX_NEER_REER_A_RN(1.0),N_A,BY_2015_16,CURR_BASK_40CURR,AFY,2018,2017,NEER,REP_FY_ANN_AVG,TRD_WTS,2018-03-31,IX,103.24343
RBI:INX_NEER_REER_A_RN(1.0),N_A,BY_2015_16,CURR_BASK_40CURR,AFY,2018,2017,REER,REP_FY_ANN_AVG,EXP_WTS,2018-03-31,IX,105.725164
RBI:INX_NEER_REER_A_RN(1.0),N_A,BY_2015_16,CURR_BASK_40CURR,AFY,2018,2017,REER,REP_FY_ANN_AVG,TRD_WTS,2018-03-31,IX,105.939594
RBI:INX_NEER_REER_A_RN(1.0),N_A,BY_2004_05,CURR_BASK_36CURR,AFY,2019,2018,NEER,REP_CY_ANN_AVG,EXP_WTS,2018-12-31,IX,75.14935833
RBI:INX_NEER_REER_A_RN(1.0),N_A,BY_2004_05,CURR_BASK_36CURR,AFY,2019,2018,NEER,REP_CY_ANN_AVG,TRD_WTS,2018-12-31,IX,73.46035
RBI:INX_NEER_REER_A_RN(1.0),N_A,BY_2004_05,CURR_BASK_36CURR,AFY,2019,2018,REER,REP_CY_ANN_AVG,EXP_WTS,2018-12-31,IX,117.4668083
RBI:INX_NEER_REER_A_RN(1.0),N_A,BY_2004_05,CURR_BASK_36CURR,AFY,2019,2018,REER,REP_CY_ANN_AVG,TRD_WTS,2018-12-31,IX,115.1631
RBI:INX_NEER_REER_A_RN(1.0),N_A,BY_2015_16,CURR_BASK_40CURR,AFY,2019,2018,NEER,REP_CY_ANN_AVG,EXP_WTS,2018-12-31,IX,98.354391
RBI:INX_NEER_REER_A_RN(1.0),N_A,BY_2015_16,CURR_BASK_40CURR,AFY,2019,2018,NEER,REP_CY_ANN_AVG,TRD_WTS,2018-12-31,IX,98.586663
RBI:INX_NEER_REER_A_RN(1.0),N_A,BY_2015_16,CURR_BASK_40CURR,AFY,2019,2018,REER,REP_CY_ANN_AVG,EXP_WTS,2018-12-31,IX,101.426504
RBI:INX_NEER_REER_A_RN(1.0),N_A,BY_2015_16,CURR_BASK_40CURR,AFY,2019,2018,REER,REP_CY_ANN_AVG,TRD_WTS,2018-12-31,IX,101.726497
RBI:INX_NEER_REER_A_RN(1.0),N_A,BY_2004_05,CURR_BASK_36CURR,AFY,2019,2018,NEER,REP_FY_ANN_AVG,EXP_WTS,2019-03-31,IX,74.18161667
RBI:INX_NEER_REER_A_RN(1.0),N_A,BY_2004_05,CURR_BASK_36CURR,AFY,2019,2018,NEER,REP_FY_ANN_AVG,TRD_WTS,2019-03-31,IX,72.64421667
RBI:INX_NEER_REER_A_RN(1.0),N_A,BY_2004_05,CURR_BASK_36CURR,AFY,2019,2018,REER,REP_FY_ANN_AVG,EXP_WTS,2019-03-31,IX,116.3150667
RBI:INX_NEER_REER_A_RN(1.0),N_A,BY_2004_05,CURR_BASK_36CURR,AFY,2019,2018,REER,REP_FY_ANN_AVG,TRD_WTS,2019-03-31,IX,114.013975
RBI:INX_NEER_REER_A_RN(1.0),N_A,BY_2015_16,CURR_BASK_40CURR,AFY,2019,2018,NEER,REP_FY_ANN_AVG,EXP_WTS,2019-03-31,IX,97.125469
RBI:INX_NEER_REER_A_RN(1.0),N_A,BY_2015_16,CURR_BASK_40CURR,AFY,2019,2018,NEER,REP_FY_ANN_AVG,TRD_WTS,2019-03-31,IX,97.451545
RBI:INX_NEER_REER_A_RN(1.0),N_A,BY_2015_16,CURR_BASK_40CURR,AFY,2019,2018,REER,REP_FY_ANN_AVG,EXP_WTS,2019-03-31,IX,100.288698
RBI:INX_NEER_REER_A_RN(1.0),N_A,BY_2015_16,CURR_BASK_40CURR,AFY,2019,2018,REER,REP_FY_ANN_AVG,TRD_WTS,2019-03-31,IX,100.629395
RBI:INX_NEER_REER_A_RN(1.0),N_A,BY_2004_05,CURR_BASK_36CURR,AFY,2020,2019,NEER,REP_CY_ANN_AVG,EXP_WTS,2019-12-31,IX,74.55880833
RBI:INX_NEER_REER_A_RN(1.0),N_A,BY_2004_05,CURR_BASK_36CURR,AFY,2020,2019,NEER,REP_CY_ANN_AVG,TRD_WTS,2019-12-31,IX,73.36743333
RBI:INX_NEER_REER_A_RN(1.0),N_A,BY_2004_05,CURR_BASK_36CURR,AFY,2020,2019,REER,REP_CY_ANN_AVG,EXP_WTS,2019-12-31,IX,118.6922833
RBI:INX_NEER_REER_A_RN(1.0),N_A,BY_2004_05,CURR_BASK_36CURR,AFY,2020,2019,REER,REP_CY_ANN_AVG,TRD_WTS,2019-12-31,IX,115.96745
RBI:INX_NEER_REER_A_RN(1.0),N_A,BY_2015_16,CURR_BASK_40CURR,AFY,2020,2019,NEER,REP_CY_ANN_AVG,EXP_WTS,2019-12-31,IX,97.635379
RBI:INX_NEER_REER_A_RN(1.0),N_A,BY_2015_16,CURR_BASK_40CURR,AFY,2020,2019,NEER,REP_CY_ANN_AVG,TRD_WTS,2019-12-31,IX,98.159116
RBI:INX_NEER_REER_A_RN(1.0),N_A,BY_2015_16,CURR_BASK_40CURR,AFY,2020,2019,REER,REP_CY_ANN_AVG,EXP_WTS,2019-12-31,IX,102.137708
RBI:INX_NEER_REER_A_RN(1.0),N_A,BY_2015_16,CURR_BASK_40CURR,AFY,2020,2019,REER,REP_CY_ANN_AVG,TRD_WTS,2019-12-31,IX,102.447406
RBI:INX_NEER_REER_A_RN(1.0),N_A,BY_2004_05,CURR_BASK_36CURR,AFY,2020,2019,NEER,REP_FY_ANN_AVG,EXP_WTS,2020-03-31,IX,74.334375
RBI:INX_NEER_REER_A_RN(1.0),N_A,BY_2004_05,CURR_BASK_36CURR,AFY,2020,2019,NEER,REP_FY_ANN_AVG,TRD_WTS,2020-03-31,IX,73.2787
RBI:INX_NEER_REER_A_RN(1.0),N_A,BY_2004_05,CURR_BASK_36CURR,AFY,2020,2019,REER,REP_FY_ANN_AVG,EXP_WTS,2020-03-31,IX,119.606375
RBI:INX_NEER_REER_A_RN(1.0),N_A,BY_2004_05,CURR_BASK_36CURR,AFY,2020,2019,REER,REP_FY_ANN_AVG,TRD_WTS,2020-03-31,IX,116.7525167
RBI:INX_NEER_REER_A_RN(1.0),N_A,BY_2015_16,CURR_BASK_40CURR,AFY,2020,2019,NEER,REP_FY_ANN_AVG,EXP_WTS,2020-03-31,IX,97.37767
RBI:INX_NEER_REER_A_RN(1.0),N_A,BY_2015_16,CURR_BASK_40CURR,AFY,2020,2019,NEER,REP_FY_ANN_AVG,TRD_WTS,2020-03-31,IX,97.996747
RBI:INX_NEER_REER_A_RN(1.0),N_A,BY_2015_16,CURR_BASK_40CURR,AFY,2020,2019,REER,REP_FY_ANN_AVG,EXP_WTS,2020-03-31,IX,102.876882
RBI:INX_NEER_REER_A_RN(1.0),N_A,BY_2015_16,CURR_BASK_40CURR,AFY,2020,2019,REER,REP_FY_ANN_AVG,TRD_WTS,2020-03-31,IX,103.19822
RBI:INX_NEER_REER_A_RN(1.0),N_A,BY_2004_05,CURR_BASK_36CURR,AFY,2021,2020,NEER,REP_CY_ANN_AVG,EXP_WTS,2020-12-31,IX,71.62460833
RBI:INX_NEER_REER_A_RN(1.0),N_A,BY_2004_05,CURR_BASK_36CURR,AFY,2021,2020,NEER,REP_CY_ANN_AVG,TRD_WTS,2020-12-31,IX,70.56874167
RBI:INX_NEER_REER_A_RN(1.0),N_A,BY_2004_05,CURR_BASK_36CURR,AFY,2021,2020,REER,REP_CY_ANN_AVG,EXP_WTS,2020-12-31,IX,119.6020833
RBI:INX_NEER_REER_A_RN(1.0),N_A,BY_2004_05,CURR_BASK_36CURR,AFY,2021,2020,REER,REP_CY_ANN_AVG,TRD_WTS,2020-12-31,IX,116.3291083
RBI:INX_NEER_REER_A_RN(1.0),N_A,BY_2015_16,CURR_BASK_40CURR,AFY,2021,2020,NEER,REP_CY_ANN_AVG,EXP_WTS,2020-12-31,IX,94.092965
RBI:INX_NEER_REER_A_RN(1.0),N_A,BY_2015_16,CURR_BASK_40CURR,AFY,2021,2020,NEER,REP_CY_ANN_AVG,TRD_WTS,2020-12-31,IX,94.485567
RBI:INX_NEER_REER_A_RN(1.0),N_A,BY_2015_16,CURR_BASK_40CURR,AFY,2021,2020,REER,REP_CY_ANN_AVG,EXP_WTS,2020-12-31,IX,102.901133
RBI:INX_NEER_REER_A_RN(1.0),N_A,BY_2015_16,CURR_BASK_40CURR,AFY,2021,2020,REER,REP_CY_ANN_AVG,TRD_WTS,2020-12-31,IX,103.333843
RBI:INX_NEER_REER_A_RN(1.0),N_A,BY_2004_05,CURR_BASK_36CURR,AFY,2021,2020,NEER,REP_FY_ANN_AVG,EXP_WTS,2021-03-31,IX,71.10786667
RBI:INX_NEER_REER_A_RN(1.0),N_A,BY_2004_05,CURR_BASK_36CURR,AFY,2021,2020,NEER,REP_FY_ANN_AVG,TRD_WTS,2021-03-31,IX,70.04161111
RBI:INX_NEER_REER_A_RN(1.0),N_A,BY_2004_05,CURR_BASK_36CURR,AFY,2021,2020,REER,REP_FY_ANN_AVG,EXP_WTS,2021-03-31,IX,119.6261778
RBI:INX_NEER_REER_A_RN(1.0),N_A,BY_2004_05,CURR_BASK_36CURR,AFY,2021,2020,REER,REP_FY_ANN_AVG,TRD_WTS,2021-03-31,IX,116.2127889
RBI:INX_NEER_REER_A_RN(1.0),N_A,BY_2015_16,CURR_BASK_40CURR,AFY,2021,2020,NEER,REP_FY_ANN_AVG,EXP_WTS,2021-03-31,IX,93.585376
RBI:INX_NEER_REER_A_RN(1.0),N_A,BY_2015_16,CURR_BASK_40CURR,AFY,2021,2020,NEER,REP_FY_ANN_AVG,TRD_WTS,2021-03-31,IX,93.920324
RBI:INX_NEER_REER_A_RN(1.0),N_A,BY_2015_16,CURR_BASK_40CURR,AFY,2021,2020,REER,REP_FY_ANN_AVG,EXP_WTS,2021-03-31,IX,102.958726
RBI:INX_NEER_REER_A_RN(1.0),N_A,BY_2015_16,CURR_BASK_40CURR,AFY,2021,2020,REER,REP_FY_ANN_AVG,TRD_WTS,2021-03-31,IX,103.459219
RBI:INX_NEER_REER_A_RN(1.0),N_A,BY_2004_05,CURR_BASK_36CURR,AFY,2022,2021,NEER,REP_CY_ANN_AVG,EXP_WTS,2021-12-31,IX,93.7339
RBI:INX_NEER_REER_A_RN(1.0),N_A,BY_2004_05,CURR_BASK_36CURR,AFY,2022,2021,NEER,REP_CY_ANN_AVG,TRD_WTS,2021-12-31,IX,92.9475
RBI:INX_NEER_REER_A_RN(1.0),N_A,BY_2004_05,CURR_BASK_36CURR,AFY,2022,2021,REER,REP_CY_ANN_AVG,EXP_WTS,2021-12-31,IX,104.1082
RBI:INX_NEER_REER_A_RN(1.0),N_A,BY_2004_05,CURR_BASK_36CURR,AFY,2022,2021,REER,REP_CY_ANN_AVG,TRD_WTS,2021-12-31,IX,105.0736
RBI:INX_NEER_REER_A_RN(1.0),N_A,BY_2015_16,CURR_BASK_40CURR,AFY,2022,2021,NEER,REP_CY_ANN_AVG,EXP_WTS,2021-12-31,IX,93.489667
RBI:INX_NEER_REER_A_RN(1.0),N_A,BY_2015_16,CURR_BASK_40CURR,AFY,2022,2021,NEER,REP_CY_ANN_AVG,TRD_WTS,2021-12-31,IX,93.389659
RBI:INX_NEER_REER_A_RN(1.0),N_A,BY_2015_16,CURR_BASK_40CURR,AFY,2022,2021,REER,REP_CY_ANN_AVG,EXP_WTS,2021-12-31,IX,103.451291
RBI:INX_NEER_REER_A_RN(1.0),N_A,BY_2015_16,CURR_BASK_40CURR,AFY,2022,2021,REER,REP_CY_ANN_AVG,TRD_WTS,2021-12-31,IX,104.471859
RBI:INX_NEER_REER_A_RN(1.0),N_A,BY_2015_16,CURR_BASK_40CURR,AFY,2022,2021,NEER,REP_FY_ANN_AVG,EXP_WTS,2022-03-31,IX,93.548384
RBI:INX_NEER_REER_A_RN(1.0),N_A,BY_2015_16,CURR_BASK_40CURR,AFY,2022,2021,NEER,REP_FY_ANN_AVG,TRD_WTS,2022-03-31,IX,93.13104
RBI:INX_NEER_REER_A_RN(1.0),N_A,BY_2015_16,CURR_BASK_40CURR,AFY,2022,2021,REER,REP_FY_ANN_AVG,EXP_WTS,2022-03-31,IX,103.481489
RBI:INX_NEER_REER_A_RN(1.0),N_A,BY_2015_16,CURR_BASK_40CURR,AFY,2022,2021,REER,REP_FY_ANN_AVG,TRD_WTS,2022-03-31,IX,104.669256
RBI:INX_NEER_REER_A_RN(1.0),N_A,BY_2015_16,CURR_BASK_40CURR,AFY,2023,2022,NEER,REP_CY_ANN_AVG,EXP_WTS,2022-12-31,IX,93.781321
RBI:INX_NEER_REER_A_RN(1.0),N_A,BY_2015_16,CURR_BASK_40CURR,AFY,2023,2022,NEER,REP_CY_ANN_AVG,TRD_WTS,2022-12-31,IX,92.283329
RBI:INX_NEER_REER_A_RN(1.0),N_A,BY_2015_16,CURR_BASK_40CURR,AFY,2023,2022,REER,REP_CY_ANN_AVG,EXP_WTS,2022-12-31,IX,102.289214
RBI:INX_NEER_REER_A_RN(1.0),N_A,BY_2015_16,CURR_BASK_40CURR,AFY,2023,2022,REER,REP_CY_ANN_AVG,TRD_WTS,2022-12-31,IX,103.865521
RBI:INX_NEER_REER_A_RN(1.0),N_A,BY_2015_16,CURR_BASK_40CURR,AFY,2023,2022,NEER,REP_FY_ANN_AVG,EXP_WTS,2023-03-31,IX,93.008636
RBI:INX_NEER_REER_A_RN(1.0),N_A,BY_2015_16,CURR_BASK_40CURR,AFY,2023,2022,NEER,REP_FY_ANN_AVG,TRD_WTS,2023-03-31,IX,91.19601
RBI:INX_NEER_REER_A_RN(1.0),N_A,BY_2015_16,CURR_BASK_40CURR,AFY,2023,2022,REER,REP_FY_ANN_AVG,EXP_WTS,2023-03-31,IX,101.098528
RBI:INX_NEER_REER_A_RN(1.0),N_A,BY_2015_16,CURR_BASK_40CURR,AFY,2023,2022,REER,REP_FY_ANN_AVG,TRD_WTS,2023-03-31,IX,102.779633
RBI:INX_NEER_REER_A_RN(1.0),N_A,BY_2015_16,CURR_BASK_40CURR,AFY,2024,2023,NEER,REP_CY_ANN_AVG,EXP_WTS,2023-12-31,IX,92.369303
RBI:INX_NEER_REER_A_RN(1.0),N_A,BY_2015_16,CURR_BASK_40CURR,AFY,2024,2023,NEER,REP_CY_ANN_AVG,TRD_WTS,2023-12-31,IX,90.08866
RBI:INX_NEER_REER_A_RN(1.0),N_A,BY_2015_16,CURR_BASK_40CURR,AFY,2024,2023,REER,REP_CY_ANN_AVG,EXP_WTS,2023-12-31,IX,100.410358
RBI:INX_NEER_REER_A_RN(1.0),N_A,BY_2015_16,CURR_BASK_40CURR,AFY,2024,2023,REER,REP_CY_ANN_AVG,TRD_WTS,2023-12-31,IX,102.61269
RBI:INX_NEER_REER_A_RN(1.0),N_A,BY_2015_16,CURR_BASK_40CURR,AFY,2024,2023,NEER,REP_FY_ANN_AVG,EXP_WTS,2024-03-31,IX,93.127006
RBI:INX_NEER_REER_A_RN(1.0),N_A,BY_2015_16,CURR_BASK_40CURR,AFY,2024,2023,NEER,REP_FY_ANN_AVG,TRD_WTS,2024-03-31,IX,90.748557
RBI:INX_NEER_REER_A_RN(1.0),N_A,BY_2015_16,CURR_BASK_40CURR,AFY,2024,2023,REER,REP_FY_ANN_AVG,EXP_WTS,2024-03-31,IX,101.223832
RBI:INX_NEER_REER_A_RN(1.0),N_A,BY_2015_16,CURR_BASK_40CURR,AFY,2024,2023,REER,REP_FY_ANN_AVG,TRD_WTS,2024-03-31,IX,103.711427
RBI:INX_NEER_REER_A_RN(1.0),N_A,BY_2015_16,CURR_BASK_40CURR,AFY,2025,2024,NEER,REP_CY_ANN_AVG,EXP_WTS,2024-12-31,IX,93.965929
RBI:INX_NEER_REER_A_RN(1.0),N_A,BY_2015_16,CURR_BASK_40CURR,AFY,2025,2024,NEER,REP_CY_ANN_AVG,TRD_WTS,2024-12-31,IX,91.495397
RBI:INX_NEER_REER_A_RN(1.0),N_A,BY_2015_16,CURR_BASK_40CURR,AFY,2025,2024,REER,REP_CY_ANN_AVG,EXP_WTS,2024-12-31,IX,102.744798
RBI:INX_NEER_REER_A_RN(1.0),N_A,BY_2015_16,CURR_BASK_40CURR,AFY,2025,2024,REER,REP_CY_ANN_AVG,TRD_WTS,2024-12-31,IX,105.616629
RBI:INX_NEER_REER_A_RN(1.0),N_A,BY_2015_16,CURR_BASK_40CURR,AFY,2025,2024,NEER,REP_FY_ANN_AVG,EXP_WTS,2025-03-31,IX,93.519247
RBI:INX_NEER_REER_A_RN(1.0),N_A,BY_2015_16,CURR_BASK_40CURR,AFY,2025,2024,NEER,REP_FY_ANN_AVG,TRD_WTS,2025-03-31,IX,91.024693
RBI:INX_NEER_REER_A_RN(1.0),N_A,BY_2015_16,CURR_BASK_40CURR,AFY,2025,2024,REER,REP_FY_ANN_AVG,EXP_WTS,2025-03-31,IX,102.338697
RBI:INX_NEER_REER_A_RN(1.0),N_A,BY_2015_16,CURR_BASK_40CURR,AFY,2025,2024,REER,REP_FY_ANN_AVG,TRD_WTS,2025-03-31,IX,105.258945
RBI:INX_NEER_REER_A_RN(1.0),N_A,BY_2015_16,CURR_BASK_40CURR,AFY,2026,2025,NEER,REP_CY_ANN_AVG,EXP_WTS,2025-12-31,IX,89.284389186455
RBI:INX_NEER_REER_A_RN(1.0),N_A,BY_2015_16,CURR_BASK_40CURR,AFY,2026,2025,NEER,REP_CY_ANN_AVG,TRD_WTS,2025-12-31,IX,87.134027919545
RBI:INX_NEER_REER_A_RN(1.0),N_A,BY_2015_16,CURR_BASK_40CURR,AFY,2026,2025,REER,REP_CY_ANN_AVG,EXP_WTS,2025-12-31,IX,97.193125636273
RBI:INX_NEER_REER_A_RN(1.0),N_A,BY_2015_16,CURR_BASK_40CURR,AFY,2026,2025,REER,REP_CY_ANN_AVG,TRD_WTS,2025-12-31,IX,99.976818908091
RBI:INX_NEER_REER_A_RN(1.0),N_A,BY_2015_16,CURR_BASK_40CURR,AFY,2026,2025,NEER,REP_FY_ANN_AVG,EXP_WTS,2026-03-31,IX,87.161034687273
RBI:INX_NEER_REER_A_RN(1.0),N_A,BY_2015_16,CURR_BASK_40CURR,AFY,2026,2025,NEER,REP_FY_ANN_AVG,TRD_WTS,2026-03-31,IX,85.07946085
RBI:INX_NEER_REER_A_RN(1.0),N_A,BY_2015_16,CURR_BASK_40CURR,AFY,2026,2025,REER,REP_FY_ANN_AVG,EXP_WTS,2026-03-31,IX,95.287617991818
RBI:INX_NEER_REER_A_RN(1.0),N_A,BY_2015_16,CURR_BASK_40CURR,AFY,2026,2025,REER,REP_FY_ANN_AVG,TRD_WTS,2026-03-31,IX,97.896828571818
