DATAFLOW,AUDST,COMP_COUNT,FREQ,IND_CLASF_RN,PERF_IND_RN,REPYEAREND,REPYEARSTART,UNIT_MULT,TIME_PERIOD,UNIT_MEASURE,OBS_VALUE
RBI:PRF_LNGNFC_IND_ANN_RN(1.0),N_A,1885,AFY,ICC_MANF,DEPRC,2016,2015,0,2016-03-31,INR,738128500000
RBI:PRF_LNGNFC_IND_ANN_RN(1.0),N_A,1885,AFY,ICC_MANF,DEPRC,2016,2015,0,2016-03-31,PT,1.627757446586
RBI:PRF_LNGNFC_IND_ANN_RN(1.0),N_A,1885,AFY,ICC_MANF,EBITDA,2016,2015,0,2016-03-31,INR,3148976100000
RBI:PRF_LNGNFC_IND_ANN_RN(1.0),N_A,1885,AFY,ICC_MANF,EBITDA,2016,2015,0,2016-03-31,PT,7.225595819089
RBI:PRF_LNGNFC_IND_ANN_RN(1.0),N_A,1885,AFY,ICC_MANF,EBT_BEFORE_NOP,2016,2015,0,2016-03-31,INR,1684864500000
RBI:PRF_LNGNFC_IND_ANN_RN(1.0),N_A,1885,AFY,ICC_MANF,EBT_BEFORE_NOP,2016,2015,0,2016-03-31,PT,12.596302641501
RBI:PRF_LNGNFC_IND_ANN_RN(1.0),N_A,1885,AFY,ICC_MANF,EXPD,2016,2015,0,2016-03-31,INR,17946735100000
RBI:PRF_LNGNFC_IND_ANN_RN(1.0),N_A,1885,AFY,ICC_MANF,EXPD,2016,2015,0,2016-03-31,PT,-6.580934422341
RBI:PRF_LNGNFC_IND_ANN_RN(1.0),N_A,1885,AFY,ICC_MANF,EXPD_OTH,2016,2015,0,2016-03-31,INR,5580734900000
RBI:PRF_LNGNFC_IND_ANN_RN(1.0),N_A,1885,AFY,ICC_MANF,EXPD_PNF,2016,2015,0,2016-03-31,INR,632606600000
RBI:PRF_LNGNFC_IND_ANN_RN(1.0),N_A,1885,AFY,ICC_MANF,EXPD_PNF,2016,2015,0,2016-03-31,PT,-1.471249716534
RBI:PRF_LNGNFC_IND_ANN_RN(1.0),N_A,1885,AFY,ICC_MANF,EXPD_RAW_MATR,2016,2015,0,2016-03-31,INR,10481271100000
RBI:PRF_LNGNFC_IND_ANN_RN(1.0),N_A,1885,AFY,ICC_MANF,EXPD_RAW_MATR,2016,2015,0,2016-03-31,PT,-12.732625834513
RBI:PRF_LNGNFC_IND_ANN_RN(1.0),N_A,1885,AFY,ICC_MANF,EXPD_STAFF_COST,2016,2015,0,2016-03-31,INR,1252122500000
RBI:PRF_LNGNFC_IND_ANN_RN(1.0),N_A,1885,AFY,ICC_MANF,EXPD_STAFF_COST,2016,2015,0,2016-03-31,PT,8.221384424041
RBI:PRF_LNGNFC_IND_ANN_RN(1.0),N_A,1885,AFY,ICC_MANF,GROSS_PFT_EBIT,2016,2015,0,2016-03-31,INR,2410847600000
RBI:PRF_LNGNFC_IND_ANN_RN(1.0),N_A,1885,AFY,ICC_MANF,GROSS_PFT_EBIT,2016,2015,0,2016-03-31,PT,9.064907222241
RBI:PRF_LNGNFC_IND_ANN_RN(1.0),N_A,1885,AFY,ICC_MANF,INT,2016,2015,0,2016-03-31,INR,725983100000
RBI:PRF_LNGNFC_IND_ANN_RN(1.0),N_A,1885,AFY,ICC_MANF,INT,2016,2015,0,2016-03-31,PT,1.664906627852
RBI:PRF_LNGNFC_IND_ANN_RN(1.0),N_A,1885,AFY,ICC_MANF,NET_PFT,2016,2015,0,2016-03-31,INR,1097633100000
RBI:PRF_LNGNFC_IND_ANN_RN(1.0),N_A,1885,AFY,ICC_MANF,NET_PFT,2016,2015,0,2016-03-31,PT,12.60290760336
RBI:PRF_LNGNFC_IND_ANN_RN(1.0),N_A,1885,AFY,ICC_MANF,OPR_PFT,2016,2015,0,2016-03-31,INR,2688381700000
RBI:PRF_LNGNFC_IND_ANN_RN(1.0),N_A,1885,AFY,ICC_MANF,OPR_PFT,2016,2015,0,2016-03-31,PT,9.621831872222
RBI:PRF_LNGNFC_IND_ANN_RN(1.0),N_A,1885,AFY,ICC_MANF,OTH_INC,2016,2015,0,2016-03-31,INR,460594400000
RBI:PRF_LNGNFC_IND_ANN_RN(1.0),N_A,1885,AFY,ICC_MANF,OTH_INC,2016,2015,0,2016-03-31,PT,-4.906991052147
RBI:PRF_LNGNFC_IND_ANN_RN(1.0),N_A,1885,AFY,ICC_MANF,SALES,2016,2015,0,2016-03-31,INR,20734843400000
RBI:PRF_LNGNFC_IND_ANN_RN(1.0),N_A,1885,AFY,ICC_MANF,SALES,2016,2015,0,2016-03-31,PT,-3.746794903055
RBI:PRF_LNGNFC_IND_ANN_RN(1.0),N_A,1885,AFY,ICC_MANF,TAX_PROV,2016,2015,0,2016-03-31,INR,480355700000
RBI:PRF_LNGNFC_IND_ANN_RN(1.0),N_A,1885,AFY,ICC_MANF,TAX_PROV,2016,2015,0,2016-03-31,PT,3.33323437898
RBI:PRF_LNGNFC_IND_ANN_RN(1.0),N_A,203,AFY,ICC_SRV_IT,DEPRC,2016,2015,0,2016-03-31,INR,64648800000
RBI:PRF_LNGNFC_IND_ANN_RN(1.0),N_A,203,AFY,ICC_SRV_IT,DEPRC,2016,2015,0,2016-03-31,PT,0.166870412807
RBI:PRF_LNGNFC_IND_ANN_RN(1.0),N_A,203,AFY,ICC_SRV_IT,EBITDA,2016,2015,0,2016-03-31,INR,847449200000
RBI:PRF_LNGNFC_IND_ANN_RN(1.0),N_A,203,AFY,ICC_SRV_IT,EBITDA,2016,2015,0,2016-03-31,PT,9.598394478031
RBI:PRF_LNGNFC_IND_ANN_RN(1.0),N_A,203,AFY,ICC_SRV_IT,EBT_BEFORE_NOP,2016,2015,0,2016-03-31,INR,765747600000
RBI:PRF_LNGNFC_IND_ANN_RN(1.0),N_A,203,AFY,ICC_SRV_IT,EBT_BEFORE_NOP,2016,2015,0,2016-03-31,PT,10.700183929854
RBI:PRF_LNGNFC_IND_ANN_RN(1.0),N_A,203,AFY,ICC_SRV_IT,EXPD,2016,2015,0,2016-03-31,INR,1963896400000.0002
RBI:PRF_LNGNFC_IND_ANN_RN(1.0),N_A,203,AFY,ICC_SRV_IT,EXPD,2016,2015,0,2016-03-31,PT,11.007600295486
RBI:PRF_LNGNFC_IND_ANN_RN(1.0),N_A,203,AFY,ICC_SRV_IT,EXPD_OTH,2016,2015,0,2016-03-31,INR,684026200000.0002
RBI:PRF_LNGNFC_IND_ANN_RN(1.0),N_A,203,AFY,ICC_SRV_IT,EXPD_RAW_MATR,2016,2015,0,2016-03-31,INR,29090300000.000004
RBI:PRF_LNGNFC_IND_ANN_RN(1.0),N_A,203,AFY,ICC_SRV_IT,EXPD_RAW_MATR,2016,2015,0,2016-03-31,PT,6.347906514245
RBI:PRF_LNGNFC_IND_ANN_RN(1.0),N_A,203,AFY,ICC_SRV_IT,EXPD_STAFF_COST,2016,2015,0,2016-03-31,INR,1250779900000
RBI:PRF_LNGNFC_IND_ANN_RN(1.0),N_A,203,AFY,ICC_SRV_IT,EXPD_STAFF_COST,2016,2015,0,2016-03-31,PT,21.373489053843
RBI:PRF_LNGNFC_IND_ANN_RN(1.0),N_A,203,AFY,ICC_SRV_IT,GROSS_PFT_EBIT,2016,2015,0,2016-03-31,INR,782800399999.9999
RBI:PRF_LNGNFC_IND_ANN_RN(1.0),N_A,203,AFY,ICC_SRV_IT,GROSS_PFT_EBIT,2016,2015,0,2016-03-31,PT,10.457332349547
RBI:PRF_LNGNFC_IND_ANN_RN(1.0),N_A,203,AFY,ICC_SRV_IT,INT,2016,2015,0,2016-03-31,INR,17052800000
RBI:PRF_LNGNFC_IND_ANN_RN(1.0),N_A,203,AFY,ICC_SRV_IT,INT,2016,2015,0,2016-03-31,PT,0.551912826077
RBI:PRF_LNGNFC_IND_ANN_RN(1.0),N_A,203,AFY,ICC_SRV_IT,NET_PFT,2016,2015,0,2016-03-31,INR,602026800000
RBI:PRF_LNGNFC_IND_ANN_RN(1.0),N_A,203,AFY,ICC_SRV_IT,NET_PFT,2016,2015,0,2016-03-31,PT,14.453002689146
RBI:PRF_LNGNFC_IND_ANN_RN(1.0),N_A,203,AFY,ICC_SRV_IT,OPR_PFT,2016,2015,0,2016-03-31,INR,712529800000
RBI:PRF_LNGNFC_IND_ANN_RN(1.0),N_A,203,AFY,ICC_SRV_IT,OPR_PFT,2016,2015,0,2016-03-31,PT,11.889501450655
RBI:PRF_LNGNFC_IND_ANN_RN(1.0),N_A,203,AFY,ICC_SRV_IT,OTH_INC,2016,2015,0,2016-03-31,INR,134919400000
RBI:PRF_LNGNFC_IND_ANN_RN(1.0),N_A,203,AFY,ICC_SRV_IT,OTH_INC,2016,2015,0,2016-03-31,PT,-1.096940383739
RBI:PRF_LNGNFC_IND_ANN_RN(1.0),N_A,203,AFY,ICC_SRV_IT,SALES,2016,2015,0,2016-03-31,INR,2675021400000
RBI:PRF_LNGNFC_IND_ANN_RN(1.0),N_A,203,AFY,ICC_SRV_IT,SALES,2016,2015,0,2016-03-31,PT,11.289911311179
RBI:PRF_LNGNFC_IND_ANN_RN(1.0),N_A,203,AFY,ICC_SRV_IT,TAX_PROV,2016,2015,0,2016-03-31,INR,180320500000
RBI:PRF_LNGNFC_IND_ANN_RN(1.0),N_A,203,AFY,ICC_SRV_IT,TAX_PROV,2016,2015,0,2016-03-31,PT,8.158013909591
RBI:PRF_LNGNFC_IND_ANN_RN(1.0),N_A,547,AFY,ICC_SRV_NON_IT,DEPRC,2016,2015,0,2016-03-31,INR,289235500000
RBI:PRF_LNGNFC_IND_ANN_RN(1.0),N_A,547,AFY,ICC_SRV_NON_IT,DEPRC,2016,2015,0,2016-03-31,PT,13.333552762793
RBI:PRF_LNGNFC_IND_ANN_RN(1.0),N_A,547,AFY,ICC_SRV_NON_IT,EBITDA,2016,2015,0,2016-03-31,INR,777849100000
RBI:PRF_LNGNFC_IND_ANN_RN(1.0),N_A,547,AFY,ICC_SRV_NON_IT,EBITDA,2016,2015,0,2016-03-31,PT,8.186674629712
RBI:PRF_LNGNFC_IND_ANN_RN(1.0),N_A,547,AFY,ICC_SRV_NON_IT,EBT_BEFORE_NOP,2016,2015,0,2016-03-31,INR,287964400000
RBI:PRF_LNGNFC_IND_ANN_RN(1.0),N_A,547,AFY,ICC_SRV_NON_IT,EBT_BEFORE_NOP,2016,2015,0,2016-03-31,PT,2.760935311488
RBI:PRF_LNGNFC_IND_ANN_RN(1.0),N_A,547,AFY,ICC_SRV_NON_IT,EXPD,2016,2015,0,2016-03-31,INR,2568970900000
RBI:PRF_LNGNFC_IND_ANN_RN(1.0),N_A,547,AFY,ICC_SRV_NON_IT,EXPD,2016,2015,0,2016-03-31,PT,0.265356892512
RBI:PRF_LNGNFC_IND_ANN_RN(1.0),N_A,547,AFY,ICC_SRV_NON_IT,EXPD_OTH,2016,2015,0,2016-03-31,INR,2075914900000
RBI:PRF_LNGNFC_IND_ANN_RN(1.0),N_A,547,AFY,ICC_SRV_NON_IT,EXPD_PNF,2016,2015,0,2016-03-31,INR,75965500000
RBI:PRF_LNGNFC_IND_ANN_RN(1.0),N_A,547,AFY,ICC_SRV_NON_IT,EXPD_PNF,2016,2015,0,2016-03-31,PT,-47.893745507224
RBI:PRF_LNGNFC_IND_ANN_RN(1.0),N_A,547,AFY,ICC_SRV_NON_IT,EXPD_RAW_MATR,2016,2015,0,2016-03-31,INR,192999400000
RBI:PRF_LNGNFC_IND_ANN_RN(1.0),N_A,547,AFY,ICC_SRV_NON_IT,EXPD_RAW_MATR,2016,2015,0,2016-03-31,PT,-6.723695879639
RBI:PRF_LNGNFC_IND_ANN_RN(1.0),N_A,547,AFY,ICC_SRV_NON_IT,EXPD_STAFF_COST,2016,2015,0,2016-03-31,INR,224091100000
RBI:PRF_LNGNFC_IND_ANN_RN(1.0),N_A,547,AFY,ICC_SRV_NON_IT,EXPD_STAFF_COST,2016,2015,0,2016-03-31,PT,8.230741069523
RBI:PRF_LNGNFC_IND_ANN_RN(1.0),N_A,547,AFY,ICC_SRV_NON_IT,GROSS_PFT_EBIT,2016,2015,0,2016-03-31,INR,488613600000
RBI:PRF_LNGNFC_IND_ANN_RN(1.0),N_A,547,AFY,ICC_SRV_NON_IT,GROSS_PFT_EBIT,2016,2015,0,2016-03-31,PT,5.354471489321
RBI:PRF_LNGNFC_IND_ANN_RN(1.0),N_A,547,AFY,ICC_SRV_NON_IT,INT,2016,2015,0,2016-03-31,INR,200649199999.99997
RBI:PRF_LNGNFC_IND_ANN_RN(1.0),N_A,547,AFY,ICC_SRV_NON_IT,INT,2016,2015,0,2016-03-31,PT,9.313980532064
RBI:PRF_LNGNFC_IND_ANN_RN(1.0),N_A,547,AFY,ICC_SRV_NON_IT,NET_PFT,2016,2015,0,2016-03-31,INR,162387300000
RBI:PRF_LNGNFC_IND_ANN_RN(1.0),N_A,547,AFY,ICC_SRV_NON_IT,NET_PFT,2016,2015,0,2016-03-31,PT,-16.947085939382
RBI:PRF_LNGNFC_IND_ANN_RN(1.0),N_A,547,AFY,ICC_SRV_NON_IT,OPR_PFT,2016,2015,0,2016-03-31,INR,681727200000
RBI:PRF_LNGNFC_IND_ANN_RN(1.0),N_A,547,AFY,ICC_SRV_NON_IT,OPR_PFT,2016,2015,0,2016-03-31,PT,21.914756068446
RBI:PRF_LNGNFC_IND_ANN_RN(1.0),N_A,547,AFY,ICC_SRV_NON_IT,OTH_INC,2016,2015,0,2016-03-31,INR,96121900000
RBI:PRF_LNGNFC_IND_ANN_RN(1.0),N_A,547,AFY,ICC_SRV_NON_IT,OTH_INC,2016,2015,0,2016-03-31,PT,-39.850279466648
RBI:PRF_LNGNFC_IND_ANN_RN(1.0),N_A,547,AFY,ICC_SRV_NON_IT,SALES,2016,2015,0,2016-03-31,INR,3247044400000
RBI:PRF_LNGNFC_IND_ANN_RN(1.0),N_A,547,AFY,ICC_SRV_NON_IT,SALES,2016,2015,0,2016-03-31,PT,4.878667990008
RBI:PRF_LNGNFC_IND_ANN_RN(1.0),N_A,547,AFY,ICC_SRV_NON_IT,TAX_PROV,2016,2015,0,2016-03-31,INR,74005800000
RBI:PRF_LNGNFC_IND_ANN_RN(1.0),N_A,547,AFY,ICC_SRV_NON_IT,TAX_PROV,2016,2015,0,2016-03-31,PT,-17.210480331759
RBI:PRF_LNGNFC_IND_ANN_RN(1.0),N_A,1875,AFY,ICC_MANF,DEPRC,2017,2016,0,2017-03-31,INR,820263400000
RBI:PRF_LNGNFC_IND_ANN_RN(1.0),N_A,1875,AFY,ICC_MANF,DEPRC,2017,2016,0,2017-03-31,PT,6.037422034197
RBI:PRF_LNGNFC_IND_ANN_RN(1.0),N_A,1875,AFY,ICC_MANF,EBITDA,2017,2016,0,2017-03-31,INR,3606023500000
RBI:PRF_LNGNFC_IND_ANN_RN(1.0),N_A,1875,AFY,ICC_MANF,EBITDA,2017,2016,0,2017-03-31,PT,11.64896395019
RBI:PRF_LNGNFC_IND_ANN_RN(1.0),N_A,1875,AFY,ICC_MANF,EBT_BEFORE_NOP,2017,2016,0,2017-03-31,INR,2018190500000
RBI:PRF_LNGNFC_IND_ANN_RN(1.0),N_A,1875,AFY,ICC_MANF,EBT_BEFORE_NOP,2017,2016,0,2017-03-31,PT,19.042311831217
RBI:PRF_LNGNFC_IND_ANN_RN(1.0),N_A,1875,AFY,ICC_MANF,EXPD,2017,2016,0,2017-03-31,INR,19023248000000
RBI:PRF_LNGNFC_IND_ANN_RN(1.0),N_A,1875,AFY,ICC_MANF,EXPD,2017,2016,0,2017-03-31,PT,4.684585405937
RBI:PRF_LNGNFC_IND_ANN_RN(1.0),N_A,1875,AFY,ICC_MANF,EXPD_OTH,2017,2016,0,2017-03-31,INR,5817553500000.002
RBI:PRF_LNGNFC_IND_ANN_RN(1.0),N_A,1875,AFY,ICC_MANF,EXPD_PNF,2017,2016,0,2017-03-31,INR,536391000000
RBI:PRF_LNGNFC_IND_ANN_RN(1.0),N_A,1875,AFY,ICC_MANF,EXPD_PNF,2017,2016,0,2017-03-31,PT,-1.318207758462
RBI:PRF_LNGNFC_IND_ANN_RN(1.0),N_A,1875,AFY,ICC_MANF,EXPD_RAW_MATR,2017,2016,0,2017-03-31,INR,11296108899999.998
RBI:PRF_LNGNFC_IND_ANN_RN(1.0),N_A,1875,AFY,ICC_MANF,EXPD_RAW_MATR,2017,2016,0,2017-03-31,PT,5.757238023562
RBI:PRF_LNGNFC_IND_ANN_RN(1.0),N_A,1875,AFY,ICC_MANF,EXPD_STAFF_COST,2017,2016,0,2017-03-31,INR,1373194600000
RBI:PRF_LNGNFC_IND_ANN_RN(1.0),N_A,1875,AFY,ICC_MANF,EXPD_STAFF_COST,2017,2016,0,2017-03-31,PT,8.034444335962
RBI:PRF_LNGNFC_IND_ANN_RN(1.0),N_A,1875,AFY,ICC_MANF,GROSS_PFT_EBIT,2017,2016,0,2017-03-31,INR,2785760100000
RBI:PRF_LNGNFC_IND_ANN_RN(1.0),N_A,1875,AFY,ICC_MANF,GROSS_PFT_EBIT,2017,2016,0,2017-03-31,PT,13.416254567728
RBI:PRF_LNGNFC_IND_ANN_RN(1.0),N_A,1875,AFY,ICC_MANF,INT,2017,2016,0,2017-03-31,INR,767569600000.0001
RBI:PRF_LNGNFC_IND_ANN_RN(1.0),N_A,1875,AFY,ICC_MANF,INT,2017,2016,0,2017-03-31,PT,0.880399026957
RBI:PRF_LNGNFC_IND_ANN_RN(1.0),N_A,1875,AFY,ICC_MANF,NET_PFT,2017,2016,0,2017-03-31,INR,1423611099999.9998
RBI:PRF_LNGNFC_IND_ANN_RN(1.0),N_A,1875,AFY,ICC_MANF,NET_PFT,2017,2016,0,2017-03-31,PT,27.958118580909
RBI:PRF_LNGNFC_IND_ANN_RN(1.0),N_A,1875,AFY,ICC_MANF,OPR_PFT,2017,2016,0,2017-03-31,INR,3079582100000
RBI:PRF_LNGNFC_IND_ANN_RN(1.0),N_A,1875,AFY,ICC_MANF,OPR_PFT,2017,2016,0,2017-03-31,PT,12.20765211374
RBI:PRF_LNGNFC_IND_ANN_RN(1.0),N_A,1875,AFY,ICC_MANF,OTH_INC,2017,2016,0,2017-03-31,INR,526441400000
RBI:PRF_LNGNFC_IND_ANN_RN(1.0),N_A,1875,AFY,ICC_MANF,OTH_INC,2017,2016,0,2017-03-31,PT,8.489054265815
RBI:PRF_LNGNFC_IND_ANN_RN(1.0),N_A,1875,AFY,ICC_MANF,SALES,2017,2016,0,2017-03-31,INR,21904326800000
RBI:PRF_LNGNFC_IND_ANN_RN(1.0),N_A,1875,AFY,ICC_MANF,SALES,2017,2016,0,2017-03-31,PT,4.220654672563
RBI:PRF_LNGNFC_IND_ANN_RN(1.0),N_A,1875,AFY,ICC_MANF,TAX_PROV,2017,2016,0,2017-03-31,INR,549941900000
RBI:PRF_LNGNFC_IND_ANN_RN(1.0),N_A,1875,AFY,ICC_MANF,TAX_PROV,2017,2016,0,2017-03-31,PT,9.447534065661
RBI:PRF_LNGNFC_IND_ANN_RN(1.0),N_A,199,AFY,ICC_SRV_IT,DEPRC,2017,2016,0,2017-03-31,INR,67018000000
RBI:PRF_LNGNFC_IND_ANN_RN(1.0),N_A,199,AFY,ICC_SRV_IT,DEPRC,2017,2016,0,2017-03-31,PT,1.658407243416
RBI:PRF_LNGNFC_IND_ANN_RN(1.0),N_A,199,AFY,ICC_SRV_IT,EBITDA,2017,2016,0,2017-03-31,INR,901063100000
RBI:PRF_LNGNFC_IND_ANN_RN(1.0),N_A,199,AFY,ICC_SRV_IT,EBITDA,2017,2016,0,2017-03-31,PT,6.412982183274
RBI:PRF_LNGNFC_IND_ANN_RN(1.0),N_A,199,AFY,ICC_SRV_IT,EBT_BEFORE_NOP,2017,2016,0,2017-03-31,INR,819437800000
RBI:PRF_LNGNFC_IND_ANN_RN(1.0),N_A,199,AFY,ICC_SRV_IT,EBT_BEFORE_NOP,2017,2016,0,2017-03-31,PT,7.118740757938
RBI:PRF_LNGNFC_IND_ANN_RN(1.0),N_A,199,AFY,ICC_SRV_IT,EXPD,2017,2016,0,2017-03-31,INR,2217013300000
RBI:PRF_LNGNFC_IND_ANN_RN(1.0),N_A,199,AFY,ICC_SRV_IT,EXPD,2017,2016,0,2017-03-31,PT,9.582331697352
RBI:PRF_LNGNFC_IND_ANN_RN(1.0),N_A,199,AFY,ICC_SRV_IT,EXPD_OTH,2017,2016,0,2017-03-31,INR,743925300000
RBI:PRF_LNGNFC_IND_ANN_RN(1.0),N_A,199,AFY,ICC_SRV_IT,EXPD_RAW_MATR,2017,2016,0,2017-03-31,INR,50097500000
RBI:PRF_LNGNFC_IND_ANN_RN(1.0),N_A,199,AFY,ICC_SRV_IT,EXPD_RAW_MATR,2017,2016,0,2017-03-31,PT,22.948606881048
RBI:PRF_LNGNFC_IND_ANN_RN(1.0),N_A,199,AFY,ICC_SRV_IT,EXPD_STAFF_COST,2017,2016,0,2017-03-31,INR,1422990500000
RBI:PRF_LNGNFC_IND_ANN_RN(1.0),N_A,199,AFY,ICC_SRV_IT,EXPD_STAFF_COST,2017,2016,0,2017-03-31,PT,10.238796800962
RBI:PRF_LNGNFC_IND_ANN_RN(1.0),N_A,199,AFY,ICC_SRV_IT,GROSS_PFT_EBIT,2017,2016,0,2017-03-31,INR,834045100000
RBI:PRF_LNGNFC_IND_ANN_RN(1.0),N_A,199,AFY,ICC_SRV_IT,GROSS_PFT_EBIT,2017,2016,0,2017-03-31,PT,6.814403233048
RBI:PRF_LNGNFC_IND_ANN_RN(1.0),N_A,199,AFY,ICC_SRV_IT,INT,2017,2016,0,2017-03-31,INR,14607300000
RBI:PRF_LNGNFC_IND_ANN_RN(1.0),N_A,199,AFY,ICC_SRV_IT,INT,2017,2016,0,2017-03-31,PT,-7.869441816462
RBI:PRF_LNGNFC_IND_ANN_RN(1.0),N_A,199,AFY,ICC_SRV_IT,NET_PFT,2017,2016,0,2017-03-31,INR,626015700000
RBI:PRF_LNGNFC_IND_ANN_RN(1.0),N_A,199,AFY,ICC_SRV_IT,NET_PFT,2017,2016,0,2017-03-31,PT,8.689262933394
RBI:PRF_LNGNFC_IND_ANN_RN(1.0),N_A,199,AFY,ICC_SRV_IT,OPR_PFT,2017,2016,0,2017-03-31,INR,760575700000.0001
RBI:PRF_LNGNFC_IND_ANN_RN(1.0),N_A,199,AFY,ICC_SRV_IT,OPR_PFT,2017,2016,0,2017-03-31,PT,8.038193275508
RBI:PRF_LNGNFC_IND_ANN_RN(1.0),N_A,199,AFY,ICC_SRV_IT,OTH_INC,2017,2016,0,2017-03-31,INR,140487400000
RBI:PRF_LNGNFC_IND_ANN_RN(1.0),N_A,199,AFY,ICC_SRV_IT,OTH_INC,2017,2016,0,2017-03-31,PT,-1.600656147849
RBI:PRF_LNGNFC_IND_ANN_RN(1.0),N_A,199,AFY,ICC_SRV_IT,SALES,2017,2016,0,2017-03-31,INR,2980125600000
RBI:PRF_LNGNFC_IND_ANN_RN(1.0),N_A,199,AFY,ICC_SRV_IT,SALES,2017,2016,0,2017-03-31,PT,9.362652151258
RBI:PRF_LNGNFC_IND_ANN_RN(1.0),N_A,199,AFY,ICC_SRV_IT,TAX_PROV,2017,2016,0,2017-03-31,INR,187090099999.99997
RBI:PRF_LNGNFC_IND_ANN_RN(1.0),N_A,199,AFY,ICC_SRV_IT,TAX_PROV,2017,2016,0,2017-03-31,PT,1.182836406116
RBI:PRF_LNGNFC_IND_ANN_RN(1.0),N_A,579,AFY,ICC_SRV_NON_IT,DEPRC,2017,2016,0,2017-03-31,INR,328157600000
RBI:PRF_LNGNFC_IND_ANN_RN(1.0),N_A,579,AFY,ICC_SRV_NON_IT,DEPRC,2017,2016,0,2017-03-31,PT,15.539012306037
RBI:PRF_LNGNFC_IND_ANN_RN(1.0),N_A,579,AFY,ICC_SRV_NON_IT,EBITDA,2017,2016,0,2017-03-31,INR,744570800000
RBI:PRF_LNGNFC_IND_ANN_RN(1.0),N_A,579,AFY,ICC_SRV_NON_IT,EBITDA,2017,2016,0,2017-03-31,PT,-5.431680791082
RBI:PRF_LNGNFC_IND_ANN_RN(1.0),N_A,579,AFY,ICC_SRV_NON_IT,EBT_BEFORE_NOP,2017,2016,0,2017-03-31,INR,189705700000
RBI:PRF_LNGNFC_IND_ANN_RN(1.0),N_A,579,AFY,ICC_SRV_NON_IT,EBT_BEFORE_NOP,2017,2016,0,2017-03-31,PT,-40.511640960754
RBI:PRF_LNGNFC_IND_ANN_RN(1.0),N_A,579,AFY,ICC_SRV_NON_IT,EXPD,2017,2016,0,2017-03-31,INR,2704220700000
RBI:PRF_LNGNFC_IND_ANN_RN(1.0),N_A,579,AFY,ICC_SRV_NON_IT,EXPD,2017,2016,0,2017-03-31,PT,0.038758155693
RBI:PRF_LNGNFC_IND_ANN_RN(1.0),N_A,579,AFY,ICC_SRV_NON_IT,EXPD_OTH,2017,2016,0,2017-03-31,INR,2092389500000
RBI:PRF_LNGNFC_IND_ANN_RN(1.0),N_A,579,AFY,ICC_SRV_NON_IT,EXPD_PNF,2017,2016,0,2017-03-31,INR,142704500000
RBI:PRF_LNGNFC_IND_ANN_RN(1.0),N_A,579,AFY,ICC_SRV_NON_IT,EXPD_PNF,2017,2016,0,2017-03-31,PT,20.249169995113
RBI:PRF_LNGNFC_IND_ANN_RN(1.0),N_A,579,AFY,ICC_SRV_NON_IT,EXPD_RAW_MATR,2017,2016,0,2017-03-31,INR,185086900000
RBI:PRF_LNGNFC_IND_ANN_RN(1.0),N_A,579,AFY,ICC_SRV_NON_IT,EXPD_RAW_MATR,2017,2016,0,2017-03-31,PT,6.979907046319
RBI:PRF_LNGNFC_IND_ANN_RN(1.0),N_A,579,AFY,ICC_SRV_NON_IT,EXPD_STAFF_COST,2017,2016,0,2017-03-31,INR,284039800000
RBI:PRF_LNGNFC_IND_ANN_RN(1.0),N_A,579,AFY,ICC_SRV_NON_IT,EXPD_STAFF_COST,2017,2016,0,2017-03-31,PT,8.119307402546
RBI:PRF_LNGNFC_IND_ANN_RN(1.0),N_A,579,AFY,ICC_SRV_NON_IT,GROSS_PFT_EBIT,2017,2016,0,2017-03-31,INR,416413200000
RBI:PRF_LNGNFC_IND_ANN_RN(1.0),N_A,579,AFY,ICC_SRV_NON_IT,GROSS_PFT_EBIT,2017,2016,0,2017-03-31,PT,-17.265591285903
RBI:PRF_LNGNFC_IND_ANN_RN(1.0),N_A,579,AFY,ICC_SRV_NON_IT,INT,2017,2016,0,2017-03-31,INR,226707500000
RBI:PRF_LNGNFC_IND_ANN_RN(1.0),N_A,579,AFY,ICC_SRV_NON_IT,INT,2017,2016,0,2017-03-31,PT,22.931529891111
RBI:PRF_LNGNFC_IND_ANN_RN(1.0),N_A,579,AFY,ICC_SRV_NON_IT,NET_PFT,2017,2016,0,2017-03-31,INR,-29809899999.999996
RBI:PRF_LNGNFC_IND_ANN_RN(1.0),N_A,579,AFY,ICC_SRV_NON_IT,NET_PFT,2017,2016,0,2017-03-31,PT,-114.530045759318
RBI:PRF_LNGNFC_IND_ANN_RN(1.0),N_A,579,AFY,ICC_SRV_NON_IT,OPR_PFT,2017,2016,0,2017-03-31,INR,639942400000
RBI:PRF_LNGNFC_IND_ANN_RN(1.0),N_A,579,AFY,ICC_SRV_NON_IT,OPR_PFT,2017,2016,0,2017-03-31,PT,-7.737112453785
RBI:PRF_LNGNFC_IND_ANN_RN(1.0),N_A,579,AFY,ICC_SRV_NON_IT,OTH_INC,2017,2016,0,2017-03-31,INR,104628400000
RBI:PRF_LNGNFC_IND_ANN_RN(1.0),N_A,579,AFY,ICC_SRV_NON_IT,OTH_INC,2017,2016,0,2017-03-31,PT,11.628869675063
RBI:PRF_LNGNFC_IND_ANN_RN(1.0),N_A,579,AFY,ICC_SRV_NON_IT,SALES,2017,2016,0,2017-03-31,INR,3335156700000
RBI:PRF_LNGNFC_IND_ANN_RN(1.0),N_A,579,AFY,ICC_SRV_NON_IT,SALES,2017,2016,0,2017-03-31,PT,-1.518138045004
RBI:PRF_LNGNFC_IND_ANN_RN(1.0),N_A,579,AFY,ICC_SRV_NON_IT,TAX_PROV,2017,2016,0,2017-03-31,INR,53951600000
RBI:PRF_LNGNFC_IND_ANN_RN(1.0),N_A,579,AFY,ICC_SRV_NON_IT,TAX_PROV,2017,2016,0,2017-03-31,PT,-38.211661444304
RBI:PRF_LNGNFC_IND_ANN_RN(1.0),N_A,1891,AFY,ICC_MANF,DEPRC,2018,2017,0,2018-03-31,INR,822215600000
RBI:PRF_LNGNFC_IND_ANN_RN(1.0),N_A,1891,AFY,ICC_MANF,DEPRC,2018,2017,0,2018-03-31,PT,4.816121438557
RBI:PRF_LNGNFC_IND_ANN_RN(1.0),N_A,1891,AFY,ICC_MANF,EBITDA,2018,2017,0,2018-03-31,INR,3960939200000
RBI:PRF_LNGNFC_IND_ANN_RN(1.0),N_A,1891,AFY,ICC_MANF,EBITDA,2018,2017,0,2018-03-31,PT,9.984896490017
RBI:PRF_LNGNFC_IND_ANN_RN(1.0),N_A,1891,AFY,ICC_MANF,EBT_BEFORE_NOP,2018,2017,0,2018-03-31,INR,2514022200000
RBI:PRF_LNGNFC_IND_ANN_RN(1.0),N_A,1891,AFY,ICC_MANF,EBT_BEFORE_NOP,2018,2017,0,2018-03-31,PT,13.729561091914
RBI:PRF_LNGNFC_IND_ANN_RN(1.0),N_A,1891,AFY,ICC_MANF,EXPD,2018,2017,0,2018-03-31,INR,20200778100000
RBI:PRF_LNGNFC_IND_ANN_RN(1.0),N_A,1891,AFY,ICC_MANF,EXPD,2018,2017,0,2018-03-31,PT,11.281681300957
RBI:PRF_LNGNFC_IND_ANN_RN(1.0),N_A,1891,AFY,ICC_MANF,EXPD_OTH,2018,2017,0,2018-03-31,INR,5918559600000
RBI:PRF_LNGNFC_IND_ANN_RN(1.0),N_A,1891,AFY,ICC_MANF,EXPD_PNF,2018,2017,0,2018-03-31,INR,583307000000
RBI:PRF_LNGNFC_IND_ANN_RN(1.0),N_A,1891,AFY,ICC_MANF,EXPD_PNF,2018,2017,0,2018-03-31,PT,21.161004695789
RBI:PRF_LNGNFC_IND_ANN_RN(1.0),N_A,1891,AFY,ICC_MANF,EXPD_RAW_MATR,2018,2017,0,2018-03-31,INR,12232950500000
RBI:PRF_LNGNFC_IND_ANN_RN(1.0),N_A,1891,AFY,ICC_MANF,EXPD_RAW_MATR,2018,2017,0,2018-03-31,PT,12.530142732273
RBI:PRF_LNGNFC_IND_ANN_RN(1.0),N_A,1891,AFY,ICC_MANF,EXPD_STAFF_COST,2018,2017,0,2018-03-31,INR,1465961000000
RBI:PRF_LNGNFC_IND_ANN_RN(1.0),N_A,1891,AFY,ICC_MANF,EXPD_STAFF_COST,2018,2017,0,2018-03-31,PT,8.909235332819
RBI:PRF_LNGNFC_IND_ANN_RN(1.0),N_A,1891,AFY,ICC_MANF,GROSS_PFT_EBIT,2018,2017,0,2018-03-31,INR,3138723600000
RBI:PRF_LNGNFC_IND_ANN_RN(1.0),N_A,1891,AFY,ICC_MANF,GROSS_PFT_EBIT,2018,2017,0,2018-03-31,PT,11.424264889203
RBI:PRF_LNGNFC_IND_ANN_RN(1.0),N_A,1891,AFY,ICC_MANF,INT,2018,2017,0,2018-03-31,INR,624701400000
RBI:PRF_LNGNFC_IND_ANN_RN(1.0),N_A,1891,AFY,ICC_MANF,INT,2018,2017,0,2018-03-31,PT,3.020504283166
RBI:PRF_LNGNFC_IND_ANN_RN(1.0),N_A,1891,AFY,ICC_MANF,NET_PFT,2018,2017,0,2018-03-31,INR,1598952600000
RBI:PRF_LNGNFC_IND_ANN_RN(1.0),N_A,1891,AFY,ICC_MANF,NET_PFT,2018,2017,0,2018-03-31,PT,1.993167594732
RBI:PRF_LNGNFC_IND_ANN_RN(1.0),N_A,1891,AFY,ICC_MANF,OPR_PFT,2018,2017,0,2018-03-31,INR,3392724900000
RBI:PRF_LNGNFC_IND_ANN_RN(1.0),N_A,1891,AFY,ICC_MANF,OPR_PFT,2018,2017,0,2018-03-31,PT,10.398368353572
RBI:PRF_LNGNFC_IND_ANN_RN(1.0),N_A,1891,AFY,ICC_MANF,OTH_INC,2018,2017,0,2018-03-31,INR,568214300000
RBI:PRF_LNGNFC_IND_ANN_RN(1.0),N_A,1891,AFY,ICC_MANF,OTH_INC,2018,2017,0,2018-03-31,PT,7.579160612099
RBI:PRF_LNGNFC_IND_ANN_RN(1.0),N_A,1891,AFY,ICC_MANF,SALES,2018,2017,0,2018-03-31,INR,23531470900000
RBI:PRF_LNGNFC_IND_ANN_RN(1.0),N_A,1891,AFY,ICC_MANF,SALES,2018,2017,0,2018-03-31,PT,11.932238755521
RBI:PRF_LNGNFC_IND_ANN_RN(1.0),N_A,1891,AFY,ICC_MANF,TAX_PROV,2018,2017,0,2018-03-31,INR,713386900000
RBI:PRF_LNGNFC_IND_ANN_RN(1.0),N_A,1891,AFY,ICC_MANF,TAX_PROV,2018,2017,0,2018-03-31,PT,19.19664264979
RBI:PRF_LNGNFC_IND_ANN_RN(1.0),N_A,192,AFY,ICC_SRV_IT,DEPRC,2018,2017,0,2018-03-31,INR,72045300000
RBI:PRF_LNGNFC_IND_ANN_RN(1.0),N_A,192,AFY,ICC_SRV_IT,DEPRC,2018,2017,0,2018-03-31,PT,7.379006295607
RBI:PRF_LNGNFC_IND_ANN_RN(1.0),N_A,192,AFY,ICC_SRV_IT,EBITDA,2018,2017,0,2018-03-31,INR,961673500000
RBI:PRF_LNGNFC_IND_ANN_RN(1.0),N_A,192,AFY,ICC_SRV_IT,EBITDA,2018,2017,0,2018-03-31,PT,6.49878664229
RBI:PRF_LNGNFC_IND_ANN_RN(1.0),N_A,192,AFY,ICC_SRV_IT,EBT_BEFORE_NOP,2018,2017,0,2018-03-31,INR,877612700000
RBI:PRF_LNGNFC_IND_ANN_RN(1.0),N_A,192,AFY,ICC_SRV_IT,EBT_BEFORE_NOP,2018,2017,0,2018-03-31,PT,6.758716748626
RBI:PRF_LNGNFC_IND_ANN_RN(1.0),N_A,192,AFY,ICC_SRV_IT,EXPD,2018,2017,0,2018-03-31,INR,2344177600000
RBI:PRF_LNGNFC_IND_ANN_RN(1.0),N_A,192,AFY,ICC_SRV_IT,EXPD,2018,2017,0,2018-03-31,PT,5.474380531192
RBI:PRF_LNGNFC_IND_ANN_RN(1.0),N_A,192,AFY,ICC_SRV_IT,EXPD_OTH,2018,2017,0,2018-03-31,INR,819154200000
RBI:PRF_LNGNFC_IND_ANN_RN(1.0),N_A,192,AFY,ICC_SRV_IT,EXPD_RAW_MATR,2018,2017,0,2018-03-31,INR,18045500000
RBI:PRF_LNGNFC_IND_ANN_RN(1.0),N_A,192,AFY,ICC_SRV_IT,EXPD_RAW_MATR,2018,2017,0,2018-03-31,PT,-28.482823671153
RBI:PRF_LNGNFC_IND_ANN_RN(1.0),N_A,192,AFY,ICC_SRV_IT,EXPD_STAFF_COST,2018,2017,0,2018-03-31,INR,1506977900000
RBI:PRF_LNGNFC_IND_ANN_RN(1.0),N_A,192,AFY,ICC_SRV_IT,EXPD_STAFF_COST,2018,2017,0,2018-03-31,PT,5.689325074343
RBI:PRF_LNGNFC_IND_ANN_RN(1.0),N_A,192,AFY,ICC_SRV_IT,GROSS_PFT_EBIT,2018,2017,0,2018-03-31,INR,889628200000.0001
RBI:PRF_LNGNFC_IND_ANN_RN(1.0),N_A,192,AFY,ICC_SRV_IT,GROSS_PFT_EBIT,2018,2017,0,2018-03-31,PT,6.428134514868
RBI:PRF_LNGNFC_IND_ANN_RN(1.0),N_A,192,AFY,ICC_SRV_IT,INT,2018,2017,0,2018-03-31,INR,12015500000
RBI:PRF_LNGNFC_IND_ANN_RN(1.0),N_A,192,AFY,ICC_SRV_IT,INT,2018,2017,0,2018-03-31,PT,-13.202872168285
RBI:PRF_LNGNFC_IND_ANN_RN(1.0),N_A,192,AFY,ICC_SRV_IT,NET_PFT,2018,2017,0,2018-03-31,INR,691445900000
RBI:PRF_LNGNFC_IND_ANN_RN(1.0),N_A,192,AFY,ICC_SRV_IT,NET_PFT,2018,2017,0,2018-03-31,PT,10.137276986421
RBI:PRF_LNGNFC_IND_ANN_RN(1.0),N_A,192,AFY,ICC_SRV_IT,OPR_PFT,2018,2017,0,2018-03-31,INR,784757200000
RBI:PRF_LNGNFC_IND_ANN_RN(1.0),N_A,192,AFY,ICC_SRV_IT,OPR_PFT,2018,2017,0,2018-03-31,PT,3.203819591252
RBI:PRF_LNGNFC_IND_ANN_RN(1.0),N_A,192,AFY,ICC_SRV_IT,OTH_INC,2018,2017,0,2018-03-31,INR,176916300000
RBI:PRF_LNGNFC_IND_ANN_RN(1.0),N_A,192,AFY,ICC_SRV_IT,OTH_INC,2018,2017,0,2018-03-31,PT,24.069424788877
RBI:PRF_LNGNFC_IND_ANN_RN(1.0),N_A,192,AFY,ICC_SRV_IT,SALES,2018,2017,0,2018-03-31,INR,3133333100000
RBI:PRF_LNGNFC_IND_ANN_RN(1.0),N_A,192,AFY,ICC_SRV_IT,SALES,2018,2017,0,2018-03-31,PT,4.958477808968
RBI:PRF_LNGNFC_IND_ANN_RN(1.0),N_A,192,AFY,ICC_SRV_IT,TAX_PROV,2018,2017,0,2018-03-31,INR,192517800000
RBI:PRF_LNGNFC_IND_ANN_RN(1.0),N_A,192,AFY,ICC_SRV_IT,TAX_PROV,2018,2017,0,2018-03-31,PT,1.068815462257
RBI:PRF_LNGNFC_IND_ANN_RN(1.0),N_A,626,AFY,ICC_SRV_NON_IT,DEPRC,2018,2017,0,2018-03-31,INR,329693700000
RBI:PRF_LNGNFC_IND_ANN_RN(1.0),N_A,626,AFY,ICC_SRV_NON_IT,DEPRC,2018,2017,0,2018-03-31,PT,6.437235213352
RBI:PRF_LNGNFC_IND_ANN_RN(1.0),N_A,626,AFY,ICC_SRV_NON_IT,EBITDA,2018,2017,0,2018-03-31,INR,632851000000
RBI:PRF_LNGNFC_IND_ANN_RN(1.0),N_A,626,AFY,ICC_SRV_NON_IT,EBITDA,2018,2017,0,2018-03-31,PT,-15.631318309062
RBI:PRF_LNGNFC_IND_ANN_RN(1.0),N_A,626,AFY,ICC_SRV_NON_IT,EBT_BEFORE_NOP,2018,2017,0,2018-03-31,INR,80633300000
RBI:PRF_LNGNFC_IND_ANN_RN(1.0),N_A,626,AFY,ICC_SRV_NON_IT,EBT_BEFORE_NOP,2018,2017,0,2018-03-31,PT,-66.270205465986
RBI:PRF_LNGNFC_IND_ANN_RN(1.0),N_A,626,AFY,ICC_SRV_NON_IT,EXPD,2018,2017,0,2018-03-31,INR,3048265000000
RBI:PRF_LNGNFC_IND_ANN_RN(1.0),N_A,626,AFY,ICC_SRV_NON_IT,EXPD,2018,2017,0,2018-03-31,PT,6.173490025
RBI:PRF_LNGNFC_IND_ANN_RN(1.0),N_A,626,AFY,ICC_SRV_NON_IT,EXPD_OTH,2018,2017,0,2018-03-31,INR,2388350900000
RBI:PRF_LNGNFC_IND_ANN_RN(1.0),N_A,626,AFY,ICC_SRV_NON_IT,EXPD_PNF,2018,2017,0,2018-03-31,INR,177488100000
RBI:PRF_LNGNFC_IND_ANN_RN(1.0),N_A,626,AFY,ICC_SRV_NON_IT,EXPD_PNF,2018,2017,0,2018-03-31,PT,26.024130091184
RBI:PRF_LNGNFC_IND_ANN_RN(1.0),N_A,626,AFY,ICC_SRV_NON_IT,EXPD_RAW_MATR,2018,2017,0,2018-03-31,INR,158465000000
RBI:PRF_LNGNFC_IND_ANN_RN(1.0),N_A,626,AFY,ICC_SRV_NON_IT,EXPD_RAW_MATR,2018,2017,0,2018-03-31,PT,3.305125131116
RBI:PRF_LNGNFC_IND_ANN_RN(1.0),N_A,626,AFY,ICC_SRV_NON_IT,EXPD_STAFF_COST,2018,2017,0,2018-03-31,INR,323961000000
RBI:PRF_LNGNFC_IND_ANN_RN(1.0),N_A,626,AFY,ICC_SRV_NON_IT,EXPD_STAFF_COST,2018,2017,0,2018-03-31,PT,9.538355212084
RBI:PRF_LNGNFC_IND_ANN_RN(1.0),N_A,626,AFY,ICC_SRV_NON_IT,GROSS_PFT_EBIT,2018,2017,0,2018-03-31,INR,303157300000
RBI:PRF_LNGNFC_IND_ANN_RN(1.0),N_A,626,AFY,ICC_SRV_NON_IT,GROSS_PFT_EBIT,2018,2017,0,2018-03-31,PT,-31.155016819663
RBI:PRF_LNGNFC_IND_ANN_RN(1.0),N_A,626,AFY,ICC_SRV_NON_IT,INT,2018,2017,0,2018-03-31,INR,222524000000
RBI:PRF_LNGNFC_IND_ANN_RN(1.0),N_A,626,AFY,ICC_SRV_NON_IT,INT,2018,2017,0,2018-03-31,PT,10.548355093693
RBI:PRF_LNGNFC_IND_ANN_RN(1.0),N_A,626,AFY,ICC_SRV_NON_IT,NET_PFT,2018,2017,0,2018-03-31,INR,-156349600000
RBI:PRF_LNGNFC_IND_ANN_RN(1.0),N_A,626,AFY,ICC_SRV_NON_IT,OPR_PFT,2018,2017,0,2018-03-31,INR,523534100000.00006
RBI:PRF_LNGNFC_IND_ANN_RN(1.0),N_A,626,AFY,ICC_SRV_NON_IT,OPR_PFT,2018,2017,0,2018-03-31,PT,-17.946893861386
RBI:PRF_LNGNFC_IND_ANN_RN(1.0),N_A,626,AFY,ICC_SRV_NON_IT,OTH_INC,2018,2017,0,2018-03-31,INR,109316900000
RBI:PRF_LNGNFC_IND_ANN_RN(1.0),N_A,626,AFY,ICC_SRV_NON_IT,OTH_INC,2018,2017,0,2018-03-31,PT,-2.446840408785
RBI:PRF_LNGNFC_IND_ANN_RN(1.0),N_A,626,AFY,ICC_SRV_NON_IT,SALES,2018,2017,0,2018-03-31,INR,3560115300000.0005
RBI:PRF_LNGNFC_IND_ANN_RN(1.0),N_A,626,AFY,ICC_SRV_NON_IT,SALES,2018,2017,0,2018-03-31,PT,1.770864316817
RBI:PRF_LNGNFC_IND_ANN_RN(1.0),N_A,626,AFY,ICC_SRV_NON_IT,TAX_PROV,2018,2017,0,2018-03-31,INR,66561100000
RBI:PRF_LNGNFC_IND_ANN_RN(1.0),N_A,626,AFY,ICC_SRV_NON_IT,TAX_PROV,2018,2017,0,2018-03-31,PT,9.68367592437
RBI:PRF_LNGNFC_IND_ANN_RN(1.0),N_A,1918,AFY,ICC_MANF,DEPRC,2019,2018,0,2019-03-31,INR,913926300000
RBI:PRF_LNGNFC_IND_ANN_RN(1.0),N_A,1918,AFY,ICC_MANF,DEPRC,2019,2018,0,2019-03-31,PT,6.770321672116
RBI:PRF_LNGNFC_IND_ANN_RN(1.0),N_A,1918,AFY,ICC_MANF,EBITDA,2019,2018,0,2019-03-31,INR,4675006900000
RBI:PRF_LNGNFC_IND_ANN_RN(1.0),N_A,1918,AFY,ICC_MANF,EBITDA,2019,2018,0,2019-03-31,PT,15.227806639596
RBI:PRF_LNGNFC_IND_ANN_RN(1.0),N_A,1918,AFY,ICC_MANF,EBT_BEFORE_NOP,2019,2018,0,2019-03-31,INR,3061807500000
RBI:PRF_LNGNFC_IND_ANN_RN(1.0),N_A,1918,AFY,ICC_MANF,EBT_BEFORE_NOP,2019,2018,0,2019-03-31,PT,21.45970019624
RBI:PRF_LNGNFC_IND_ANN_RN(1.0),N_A,1918,AFY,ICC_MANF,EXPD,2019,2018,0,2019-03-31,INR,23910543600000
RBI:PRF_LNGNFC_IND_ANN_RN(1.0),N_A,1918,AFY,ICC_MANF,EXPD,2019,2018,0,2019-03-31,PT,15.533346942218
RBI:PRF_LNGNFC_IND_ANN_RN(1.0),N_A,1918,AFY,ICC_MANF,EXPD_OTH,2019,2018,0,2019-03-31,INR,6712944100000
RBI:PRF_LNGNFC_IND_ANN_RN(1.0),N_A,1918,AFY,ICC_MANF,EXPD_PNF,2019,2018,0,2019-03-31,INR,724755900000
RBI:PRF_LNGNFC_IND_ANN_RN(1.0),N_A,1918,AFY,ICC_MANF,EXPD_PNF,2019,2018,0,2019-03-31,PT,16.88634723744
RBI:PRF_LNGNFC_IND_ANN_RN(1.0),N_A,1918,AFY,ICC_MANF,EXPD_RAW_MATR,2019,2018,0,2019-03-31,INR,14830107800000
RBI:PRF_LNGNFC_IND_ANN_RN(1.0),N_A,1918,AFY,ICC_MANF,EXPD_RAW_MATR,2019,2018,0,2019-03-31,PT,18.020266518861
RBI:PRF_LNGNFC_IND_ANN_RN(1.0),N_A,1918,AFY,ICC_MANF,EXPD_STAFF_COST,2019,2018,0,2019-03-31,INR,1642735799999.9998
RBI:PRF_LNGNFC_IND_ANN_RN(1.0),N_A,1918,AFY,ICC_MANF,EXPD_STAFF_COST,2019,2018,0,2019-03-31,PT,9.714317543329
RBI:PRF_LNGNFC_IND_ANN_RN(1.0),N_A,1918,AFY,ICC_MANF,GROSS_PFT_EBIT,2019,2018,0,2019-03-31,INR,3761080600000
RBI:PRF_LNGNFC_IND_ANN_RN(1.0),N_A,1918,AFY,ICC_MANF,GROSS_PFT_EBIT,2019,2018,0,2019-03-31,PT,17.489258678657
RBI:PRF_LNGNFC_IND_ANN_RN(1.0),N_A,1918,AFY,ICC_MANF,INT,2019,2018,0,2019-03-31,INR,699273100000
RBI:PRF_LNGNFC_IND_ANN_RN(1.0),N_A,1918,AFY,ICC_MANF,INT,2019,2018,0,2019-03-31,PT,2.778355894587
RBI:PRF_LNGNFC_IND_ANN_RN(1.0),N_A,1918,AFY,ICC_MANF,NET_PFT,2019,2018,0,2019-03-31,INR,1885909600000
RBI:PRF_LNGNFC_IND_ANN_RN(1.0),N_A,1918,AFY,ICC_MANF,NET_PFT,2019,2018,0,2019-03-31,PT,42.232271304093
RBI:PRF_LNGNFC_IND_ANN_RN(1.0),N_A,1918,AFY,ICC_MANF,OPR_PFT,2019,2018,0,2019-03-31,INR,4035272000000
RBI:PRF_LNGNFC_IND_ANN_RN(1.0),N_A,1918,AFY,ICC_MANF,OPR_PFT,2019,2018,0,2019-03-31,PT,16.349829137304
RBI:PRF_LNGNFC_IND_ANN_RN(1.0),N_A,1918,AFY,ICC_MANF,OTH_INC,2019,2018,0,2019-03-31,INR,639734900000
RBI:PRF_LNGNFC_IND_ANN_RN(1.0),N_A,1918,AFY,ICC_MANF,OTH_INC,2019,2018,0,2019-03-31,PT,8.620558507071
RBI:PRF_LNGNFC_IND_ANN_RN(1.0),N_A,1918,AFY,ICC_MANF,SALES,2019,2018,0,2019-03-31,INR,27660064600000
RBI:PRF_LNGNFC_IND_ANN_RN(1.0),N_A,1918,AFY,ICC_MANF,SALES,2019,2018,0,2019-03-31,PT,14.821457430171
RBI:PRF_LNGNFC_IND_ANN_RN(1.0),N_A,1918,AFY,ICC_MANF,TAX_PROV,2019,2018,0,2019-03-31,INR,847436700000
RBI:PRF_LNGNFC_IND_ANN_RN(1.0),N_A,1918,AFY,ICC_MANF,TAX_PROV,2019,2018,0,2019-03-31,PT,15.809308566101
RBI:PRF_LNGNFC_IND_ANN_RN(1.0),N_A,202,AFY,ICC_SRV_IT,DEPRC,2019,2018,0,2019-03-31,INR,79191500000
RBI:PRF_LNGNFC_IND_ANN_RN(1.0),N_A,202,AFY,ICC_SRV_IT,DEPRC,2019,2018,0,2019-03-31,PT,8.527147718287
RBI:PRF_LNGNFC_IND_ANN_RN(1.0),N_A,202,AFY,ICC_SRV_IT,EBITDA,2019,2018,0,2019-03-31,INR,1088064900000
RBI:PRF_LNGNFC_IND_ANN_RN(1.0),N_A,202,AFY,ICC_SRV_IT,EBITDA,2019,2018,0,2019-03-31,PT,12.280458617677
RBI:PRF_LNGNFC_IND_ANN_RN(1.0),N_A,202,AFY,ICC_SRV_IT,EBT_BEFORE_NOP,2019,2018,0,2019-03-31,INR,991309700000
RBI:PRF_LNGNFC_IND_ANN_RN(1.0),N_A,202,AFY,ICC_SRV_IT,EBT_BEFORE_NOP,2019,2018,0,2019-03-31,PT,12.260662790071
RBI:PRF_LNGNFC_IND_ANN_RN(1.0),N_A,202,AFY,ICC_SRV_IT,EXPD,2019,2018,0,2019-03-31,INR,2768499500000
RBI:PRF_LNGNFC_IND_ANN_RN(1.0),N_A,202,AFY,ICC_SRV_IT,EXPD,2019,2018,0,2019-03-31,PT,16.992573199395
RBI:PRF_LNGNFC_IND_ANN_RN(1.0),N_A,202,AFY,ICC_SRV_IT,EXPD_OTH,2019,2018,0,2019-03-31,INR,1054103800000
RBI:PRF_LNGNFC_IND_ANN_RN(1.0),N_A,202,AFY,ICC_SRV_IT,EXPD_RAW_MATR,2019,2018,0,2019-03-31,INR,14985100000
RBI:PRF_LNGNFC_IND_ANN_RN(1.0),N_A,202,AFY,ICC_SRV_IT,EXPD_RAW_MATR,2019,2018,0,2019-03-31,PT,-19.889337360669
RBI:PRF_LNGNFC_IND_ANN_RN(1.0),N_A,202,AFY,ICC_SRV_IT,EXPD_STAFF_COST,2019,2018,0,2019-03-31,INR,1699410600000
RBI:PRF_LNGNFC_IND_ANN_RN(1.0),N_A,202,AFY,ICC_SRV_IT,EXPD_STAFF_COST,2019,2018,0,2019-03-31,PT,11.716763155497
RBI:PRF_LNGNFC_IND_ANN_RN(1.0),N_A,202,AFY,ICC_SRV_IT,GROSS_PFT_EBIT,2019,2018,0,2019-03-31,INR,1008873400000
RBI:PRF_LNGNFC_IND_ANN_RN(1.0),N_A,202,AFY,ICC_SRV_IT,GROSS_PFT_EBIT,2019,2018,0,2019-03-31,PT,12.586093415108
RBI:PRF_LNGNFC_IND_ANN_RN(1.0),N_A,202,AFY,ICC_SRV_IT,INT,2019,2018,0,2019-03-31,INR,17563700000
RBI:PRF_LNGNFC_IND_ANN_RN(1.0),N_A,202,AFY,ICC_SRV_IT,INT,2019,2018,0,2019-03-31,PT,34.610432410061
RBI:PRF_LNGNFC_IND_ANN_RN(1.0),N_A,202,AFY,ICC_SRV_IT,NET_PFT,2019,2018,0,2019-03-31,INR,720699000000
RBI:PRF_LNGNFC_IND_ANN_RN(1.0),N_A,202,AFY,ICC_SRV_IT,NET_PFT,2019,2018,0,2019-03-31,PT,3.612616230097
RBI:PRF_LNGNFC_IND_ANN_RN(1.0),N_A,202,AFY,ICC_SRV_IT,OPR_PFT,2019,2018,0,2019-03-31,INR,899704200000
RBI:PRF_LNGNFC_IND_ANN_RN(1.0),N_A,202,AFY,ICC_SRV_IT,OPR_PFT,2019,2018,0,2019-03-31,PT,13.994151697798
RBI:PRF_LNGNFC_IND_ANN_RN(1.0),N_A,202,AFY,ICC_SRV_IT,OTH_INC,2019,2018,0,2019-03-31,INR,188360700000
RBI:PRF_LNGNFC_IND_ANN_RN(1.0),N_A,202,AFY,ICC_SRV_IT,OTH_INC,2019,2018,0,2019-03-31,PT,4.758204990734
RBI:PRF_LNGNFC_IND_ANN_RN(1.0),N_A,202,AFY,ICC_SRV_IT,SALES,2019,2018,0,2019-03-31,INR,3667964000000
RBI:PRF_LNGNFC_IND_ANN_RN(1.0),N_A,202,AFY,ICC_SRV_IT,SALES,2019,2018,0,2019-03-31,PT,16.165967325689
RBI:PRF_LNGNFC_IND_ANN_RN(1.0),N_A,202,AFY,ICC_SRV_IT,TAX_PROV,2019,2018,0,2019-03-31,INR,242950000000
RBI:PRF_LNGNFC_IND_ANN_RN(1.0),N_A,202,AFY,ICC_SRV_IT,TAX_PROV,2019,2018,0,2019-03-31,PT,25.349296042068
RBI:PRF_LNGNFC_IND_ANN_RN(1.0),N_A,628,AFY,ICC_SRV_NON_IT,DEPRC,2019,2018,0,2019-03-31,INR,273802400000.00003
RBI:PRF_LNGNFC_IND_ANN_RN(1.0),N_A,628,AFY,ICC_SRV_NON_IT,DEPRC,2019,2018,0,2019-03-31,PT,10.391952505267
RBI:PRF_LNGNFC_IND_ANN_RN(1.0),N_A,628,AFY,ICC_SRV_NON_IT,EBITDA,2019,2018,0,2019-03-31,INR,529705500000
RBI:PRF_LNGNFC_IND_ANN_RN(1.0),N_A,628,AFY,ICC_SRV_NON_IT,EBITDA,2019,2018,0,2019-03-31,PT,-8.62114412661
RBI:PRF_LNGNFC_IND_ANN_RN(1.0),N_A,628,AFY,ICC_SRV_NON_IT,EBT_BEFORE_NOP,2019,2018,0,2019-03-31,INR,77044400000
RBI:PRF_LNGNFC_IND_ANN_RN(1.0),N_A,628,AFY,ICC_SRV_NON_IT,EBT_BEFORE_NOP,2019,2018,0,2019-03-31,PT,-51.240838402102
RBI:PRF_LNGNFC_IND_ANN_RN(1.0),N_A,628,AFY,ICC_SRV_NON_IT,EXPD,2019,2018,0,2019-03-31,INR,3206386400000
RBI:PRF_LNGNFC_IND_ANN_RN(1.0),N_A,628,AFY,ICC_SRV_NON_IT,EXPD,2019,2018,0,2019-03-31,PT,16.086149582692
RBI:PRF_LNGNFC_IND_ANN_RN(1.0),N_A,628,AFY,ICC_SRV_NON_IT,EXPD_OTH,2019,2018,0,2019-03-31,INR,2559312300000
RBI:PRF_LNGNFC_IND_ANN_RN(1.0),N_A,628,AFY,ICC_SRV_NON_IT,EXPD_PNF,2019,2018,0,2019-03-31,INR,163360000000
RBI:PRF_LNGNFC_IND_ANN_RN(1.0),N_A,628,AFY,ICC_SRV_NON_IT,EXPD_PNF,2019,2018,0,2019-03-31,PT,51.103818201831
RBI:PRF_LNGNFC_IND_ANN_RN(1.0),N_A,628,AFY,ICC_SRV_NON_IT,EXPD_RAW_MATR,2019,2018,0,2019-03-31,INR,189034700000
RBI:PRF_LNGNFC_IND_ANN_RN(1.0),N_A,628,AFY,ICC_SRV_NON_IT,EXPD_RAW_MATR,2019,2018,0,2019-03-31,PT,8.784928514374
RBI:PRF_LNGNFC_IND_ANN_RN(1.0),N_A,628,AFY,ICC_SRV_NON_IT,EXPD_STAFF_COST,2019,2018,0,2019-03-31,INR,294679400000
RBI:PRF_LNGNFC_IND_ANN_RN(1.0),N_A,628,AFY,ICC_SRV_NON_IT,EXPD_STAFF_COST,2019,2018,0,2019-03-31,PT,10.741013266551
RBI:PRF_LNGNFC_IND_ANN_RN(1.0),N_A,628,AFY,ICC_SRV_NON_IT,GROSS_PFT_EBIT,2019,2018,0,2019-03-31,INR,255903100000
RBI:PRF_LNGNFC_IND_ANN_RN(1.0),N_A,628,AFY,ICC_SRV_NON_IT,GROSS_PFT_EBIT,2019,2018,0,2019-03-31,PT,-22.840130244524
RBI:PRF_LNGNFC_IND_ANN_RN(1.0),N_A,628,AFY,ICC_SRV_NON_IT,INT,2019,2018,0,2019-03-31,INR,178858700000
RBI:PRF_LNGNFC_IND_ANN_RN(1.0),N_A,628,AFY,ICC_SRV_NON_IT,INT,2019,2018,0,2019-03-31,PT,3.003691481949
RBI:PRF_LNGNFC_IND_ANN_RN(1.0),N_A,628,AFY,ICC_SRV_NON_IT,NET_PFT,2019,2018,0,2019-03-31,INR,77203300000
RBI:PRF_LNGNFC_IND_ANN_RN(1.0),N_A,628,AFY,ICC_SRV_NON_IT,OPR_PFT,2019,2018,0,2019-03-31,INR,419590000000
RBI:PRF_LNGNFC_IND_ANN_RN(1.0),N_A,628,AFY,ICC_SRV_NON_IT,OPR_PFT,2019,2018,0,2019-03-31,PT,-12.819441977109
RBI:PRF_LNGNFC_IND_ANN_RN(1.0),N_A,628,AFY,ICC_SRV_NON_IT,OTH_INC,2019,2018,0,2019-03-31,INR,110115500000
RBI:PRF_LNGNFC_IND_ANN_RN(1.0),N_A,628,AFY,ICC_SRV_NON_IT,OTH_INC,2019,2018,0,2019-03-31,PT,11.914980979164
RBI:PRF_LNGNFC_IND_ANN_RN(1.0),N_A,628,AFY,ICC_SRV_NON_IT,SALES,2019,2018,0,2019-03-31,INR,3590387700000
RBI:PRF_LNGNFC_IND_ANN_RN(1.0),N_A,628,AFY,ICC_SRV_NON_IT,SALES,2019,2018,0,2019-03-31,PT,11.327762688483
RBI:PRF_LNGNFC_IND_ANN_RN(1.0),N_A,628,AFY,ICC_SRV_NON_IT,TAX_PROV,2019,2018,0,2019-03-31,INR,66582100000
RBI:PRF_LNGNFC_IND_ANN_RN(1.0),N_A,628,AFY,ICC_SRV_NON_IT,TAX_PROV,2019,2018,0,2019-03-31,PT,-1.875767262202
RBI:PRF_LNGNFC_IND_ANN_RN(1.0),N_A,1841,AFY,ICC_MANF,DEPRC,2020,2019,0,2020-03-31,INR,1045666900000
RBI:PRF_LNGNFC_IND_ANN_RN(1.0),N_A,1841,AFY,ICC_MANF,DEPRC,2020,2019,0,2020-03-31,PT,10.670371248034
RBI:PRF_LNGNFC_IND_ANN_RN(1.0),N_A,1841,AFY,ICC_MANF,EBITDA,2020,2019,0,2020-03-31,INR,4322230800000
RBI:PRF_LNGNFC_IND_ANN_RN(1.0),N_A,1841,AFY,ICC_MANF,EBITDA,2020,2019,0,2020-03-31,PT,-10.674430728703
RBI:PRF_LNGNFC_IND_ANN_RN(1.0),N_A,1841,AFY,ICC_MANF,EBT_BEFORE_NOP,2020,2019,0,2020-03-31,INR,2514872000000
RBI:PRF_LNGNFC_IND_ANN_RN(1.0),N_A,1841,AFY,ICC_MANF,EBT_BEFORE_NOP,2020,2019,0,2020-03-31,PT,-19.473025148333
RBI:PRF_LNGNFC_IND_ANN_RN(1.0),N_A,1841,AFY,ICC_MANF,EXPD,2020,2019,0,2020-03-31,INR,22309379100000
RBI:PRF_LNGNFC_IND_ANN_RN(1.0),N_A,1841,AFY,ICC_MANF,EXPD,2020,2019,0,2020-03-31,PT,-7.647276629294
RBI:PRF_LNGNFC_IND_ANN_RN(1.0),N_A,1841,AFY,ICC_MANF,EXPD_OTH,2020,2019,0,2020-03-31,INR,6476743000000
RBI:PRF_LNGNFC_IND_ANN_RN(1.0),N_A,1841,AFY,ICC_MANF,EXPD_PNF,2020,2019,0,2020-03-31,INR,748837899999.9999
RBI:PRF_LNGNFC_IND_ANN_RN(1.0),N_A,1841,AFY,ICC_MANF,EXPD_PNF,2020,2019,0,2020-03-31,PT,-8.91518094711
RBI:PRF_LNGNFC_IND_ANN_RN(1.0),N_A,1841,AFY,ICC_MANF,EXPD_RAW_MATR,2020,2019,0,2020-03-31,INR,13378517200000
RBI:PRF_LNGNFC_IND_ANN_RN(1.0),N_A,1841,AFY,ICC_MANF,EXPD_RAW_MATR,2020,2019,0,2020-03-31,PT,-10.43293157783
RBI:PRF_LNGNFC_IND_ANN_RN(1.0),N_A,1841,AFY,ICC_MANF,EXPD_STAFF_COST,2020,2019,0,2020-03-31,INR,1705281000000
RBI:PRF_LNGNFC_IND_ANN_RN(1.0),N_A,1841,AFY,ICC_MANF,EXPD_STAFF_COST,2020,2019,0,2020-03-31,PT,3.984663783341
RBI:PRF_LNGNFC_IND_ANN_RN(1.0),N_A,1841,AFY,ICC_MANF,GROSS_PFT_EBIT,2020,2019,0,2020-03-31,INR,3276563900000
RBI:PRF_LNGNFC_IND_ANN_RN(1.0),N_A,1841,AFY,ICC_MANF,GROSS_PFT_EBIT,2020,2019,0,2020-03-31,PT,-15.85372264577
RBI:PRF_LNGNFC_IND_ANN_RN(1.0),N_A,1841,AFY,ICC_MANF,INT,2020,2019,0,2020-03-31,INR,761691900000
RBI:PRF_LNGNFC_IND_ANN_RN(1.0),N_A,1841,AFY,ICC_MANF,INT,2020,2019,0,2020-03-31,PT,-1.190923426497
RBI:PRF_LNGNFC_IND_ANN_RN(1.0),N_A,1841,AFY,ICC_MANF,NET_PFT,2020,2019,0,2020-03-31,INR,1798945600000
RBI:PRF_LNGNFC_IND_ANN_RN(1.0),N_A,1841,AFY,ICC_MANF,NET_PFT,2020,2019,0,2020-03-31,PT,-11.001655943666
RBI:PRF_LNGNFC_IND_ANN_RN(1.0),N_A,1841,AFY,ICC_MANF,OPR_PFT,2020,2019,0,2020-03-31,INR,3622970800000
RBI:PRF_LNGNFC_IND_ANN_RN(1.0),N_A,1841,AFY,ICC_MANF,OPR_PFT,2020,2019,0,2020-03-31,PT,-11.642633984795
RBI:PRF_LNGNFC_IND_ANN_RN(1.0),N_A,1841,AFY,ICC_MANF,OTH_INC,2020,2019,0,2020-03-31,INR,699260000000
RBI:PRF_LNGNFC_IND_ANN_RN(1.0),N_A,1841,AFY,ICC_MANF,OTH_INC,2020,2019,0,2020-03-31,PT,-5.2978028321
RBI:PRF_LNGNFC_IND_ANN_RN(1.0),N_A,1841,AFY,ICC_MANF,SALES,2020,2019,0,2020-03-31,INR,25893317100000
RBI:PRF_LNGNFC_IND_ANN_RN(1.0),N_A,1841,AFY,ICC_MANF,SALES,2020,2019,0,2020-03-31,PT,-7.443117570165
RBI:PRF_LNGNFC_IND_ANN_RN(1.0),N_A,1841,AFY,ICC_MANF,TAX_PROV,2020,2019,0,2020-03-31,INR,588494900000
RBI:PRF_LNGNFC_IND_ANN_RN(1.0),N_A,1841,AFY,ICC_MANF,TAX_PROV,2020,2019,0,2020-03-31,PT,-30.189243949484
RBI:PRF_LNGNFC_IND_ANN_RN(1.0),N_A,195,AFY,ICC_SRV_IT,DEPRC,2020,2019,0,2020-03-31,INR,116262000000
RBI:PRF_LNGNFC_IND_ANN_RN(1.0),N_A,195,AFY,ICC_SRV_IT,DEPRC,2020,2019,0,2020-03-31,PT,47.274095355359
RBI:PRF_LNGNFC_IND_ANN_RN(1.0),N_A,195,AFY,ICC_SRV_IT,EBITDA,2020,2019,0,2020-03-31,INR,1178187500000
RBI:PRF_LNGNFC_IND_ANN_RN(1.0),N_A,195,AFY,ICC_SRV_IT,EBITDA,2020,2019,0,2020-03-31,PT,8.307270489936
RBI:PRF_LNGNFC_IND_ANN_RN(1.0),N_A,195,AFY,ICC_SRV_IT,EBT_BEFORE_NOP,2020,2019,0,2020-03-31,INR,1027700399999.9999
RBI:PRF_LNGNFC_IND_ANN_RN(1.0),N_A,195,AFY,ICC_SRV_IT,EBT_BEFORE_NOP,2020,2019,0,2020-03-31,PT,3.659835294198
RBI:PRF_LNGNFC_IND_ANN_RN(1.0),N_A,195,AFY,ICC_SRV_IT,EXPD,2020,2019,0,2020-03-31,INR,2989482400000
RBI:PRF_LNGNFC_IND_ANN_RN(1.0),N_A,195,AFY,ICC_SRV_IT,EXPD,2020,2019,0,2020-03-31,PT,8.228996454796
RBI:PRF_LNGNFC_IND_ANN_RN(1.0),N_A,195,AFY,ICC_SRV_IT,EXPD_OTH,2020,2019,0,2020-03-31,INR,1045226900000
RBI:PRF_LNGNFC_IND_ANN_RN(1.0),N_A,195,AFY,ICC_SRV_IT,EXPD_RAW_MATR,2020,2019,0,2020-03-31,INR,11681700000
RBI:PRF_LNGNFC_IND_ANN_RN(1.0),N_A,195,AFY,ICC_SRV_IT,EXPD_RAW_MATR,2020,2019,0,2020-03-31,PT,-18.974988555495
RBI:PRF_LNGNFC_IND_ANN_RN(1.0),N_A,195,AFY,ICC_SRV_IT,EXPD_STAFF_COST,2020,2019,0,2020-03-31,INR,1932573800000
RBI:PRF_LNGNFC_IND_ANN_RN(1.0),N_A,195,AFY,ICC_SRV_IT,EXPD_STAFF_COST,2020,2019,0,2020-03-31,PT,11.811578678123
RBI:PRF_LNGNFC_IND_ANN_RN(1.0),N_A,195,AFY,ICC_SRV_IT,GROSS_PFT_EBIT,2020,2019,0,2020-03-31,INR,1061925500000
RBI:PRF_LNGNFC_IND_ANN_RN(1.0),N_A,195,AFY,ICC_SRV_IT,GROSS_PFT_EBIT,2020,2019,0,2020-03-31,PT,5.258194062942
RBI:PRF_LNGNFC_IND_ANN_RN(1.0),N_A,195,AFY,ICC_SRV_IT,INT,2020,2019,0,2020-03-31,INR,34225100000.000004
RBI:PRF_LNGNFC_IND_ANN_RN(1.0),N_A,195,AFY,ICC_SRV_IT,INT,2020,2019,0,2020-03-31,PT,96.013309966439
RBI:PRF_LNGNFC_IND_ANN_RN(1.0),N_A,195,AFY,ICC_SRV_IT,NET_PFT,2020,2019,0,2020-03-31,INR,793627500000
RBI:PRF_LNGNFC_IND_ANN_RN(1.0),N_A,195,AFY,ICC_SRV_IT,NET_PFT,2020,2019,0,2020-03-31,PT,10.025718452334
RBI:PRF_LNGNFC_IND_ANN_RN(1.0),N_A,195,AFY,ICC_SRV_IT,OPR_PFT,2020,2019,0,2020-03-31,INR,977602500000
RBI:PRF_LNGNFC_IND_ANN_RN(1.0),N_A,195,AFY,ICC_SRV_IT,OPR_PFT,2020,2019,0,2020-03-31,PT,8.729997724417
RBI:PRF_LNGNFC_IND_ANN_RN(1.0),N_A,195,AFY,ICC_SRV_IT,OTH_INC,2020,2019,0,2020-03-31,INR,200585000000
RBI:PRF_LNGNFC_IND_ANN_RN(1.0),N_A,195,AFY,ICC_SRV_IT,OTH_INC,2020,2019,0,2020-03-31,PT,6.293174895554
RBI:PRF_LNGNFC_IND_ANN_RN(1.0),N_A,195,AFY,ICC_SRV_IT,SALES,2020,2019,0,2020-03-31,INR,3968653600000
RBI:PRF_LNGNFC_IND_ANN_RN(1.0),N_A,195,AFY,ICC_SRV_IT,SALES,2020,2019,0,2020-03-31,PT,8.410137606845
RBI:PRF_LNGNFC_IND_ANN_RN(1.0),N_A,195,AFY,ICC_SRV_IT,TAX_PROV,2020,2019,0,2020-03-31,INR,222684700000
RBI:PRF_LNGNFC_IND_ANN_RN(1.0),N_A,195,AFY,ICC_SRV_IT,TAX_PROV,2020,2019,0,2020-03-31,PT,-8.356736139804
RBI:PRF_LNGNFC_IND_ANN_RN(1.0),N_A,616,AFY,ICC_SRV_NON_IT,DEPRC,2020,2019,0,2020-03-31,INR,625437900000
RBI:PRF_LNGNFC_IND_ANN_RN(1.0),N_A,616,AFY,ICC_SRV_NON_IT,DEPRC,2020,2019,0,2020-03-31,PT,57.125343204113
RBI:PRF_LNGNFC_IND_ANN_RN(1.0),N_A,616,AFY,ICC_SRV_NON_IT,EBITDA,2020,2019,0,2020-03-31,INR,811766200000
RBI:PRF_LNGNFC_IND_ANN_RN(1.0),N_A,616,AFY,ICC_SRV_NON_IT,EBITDA,2020,2019,0,2020-03-31,PT,53.106495678683
RBI:PRF_LNGNFC_IND_ANN_RN(1.0),N_A,616,AFY,ICC_SRV_NON_IT,EBT_BEFORE_NOP,2020,2019,0,2020-03-31,INR,-222958200000
RBI:PRF_LNGNFC_IND_ANN_RN(1.0),N_A,616,AFY,ICC_SRV_NON_IT,EXPD,2020,2019,0,2020-03-31,INR,3225938300000
RBI:PRF_LNGNFC_IND_ANN_RN(1.0),N_A,616,AFY,ICC_SRV_NON_IT,EXPD,2020,2019,0,2020-03-31,PT,0.185987383157
RBI:PRF_LNGNFC_IND_ANN_RN(1.0),N_A,616,AFY,ICC_SRV_NON_IT,EXPD_OTH,2020,2019,0,2020-03-31,INR,2567902900000
RBI:PRF_LNGNFC_IND_ANN_RN(1.0),N_A,616,AFY,ICC_SRV_NON_IT,EXPD_PNF,2020,2019,0,2020-03-31,INR,180826600000
RBI:PRF_LNGNFC_IND_ANN_RN(1.0),N_A,616,AFY,ICC_SRV_NON_IT,EXPD_PNF,2020,2019,0,2020-03-31,PT,10.188163705288
RBI:PRF_LNGNFC_IND_ANN_RN(1.0),N_A,616,AFY,ICC_SRV_NON_IT,EXPD_RAW_MATR,2020,2019,0,2020-03-31,INR,151181800000
RBI:PRF_LNGNFC_IND_ANN_RN(1.0),N_A,616,AFY,ICC_SRV_NON_IT,EXPD_RAW_MATR,2020,2019,0,2020-03-31,PT,-11.885829454075
RBI:PRF_LNGNFC_IND_ANN_RN(1.0),N_A,616,AFY,ICC_SRV_NON_IT,EXPD_STAFF_COST,2020,2019,0,2020-03-31,INR,326027000000
RBI:PRF_LNGNFC_IND_ANN_RN(1.0),N_A,616,AFY,ICC_SRV_NON_IT,EXPD_STAFF_COST,2020,2019,0,2020-03-31,PT,10.835631452411
RBI:PRF_LNGNFC_IND_ANN_RN(1.0),N_A,616,AFY,ICC_SRV_NON_IT,GROSS_PFT_EBIT,2020,2019,0,2020-03-31,INR,186328300000.00003
RBI:PRF_LNGNFC_IND_ANN_RN(1.0),N_A,616,AFY,ICC_SRV_NON_IT,GROSS_PFT_EBIT,2020,2019,0,2020-03-31,PT,41.000992835241
RBI:PRF_LNGNFC_IND_ANN_RN(1.0),N_A,616,AFY,ICC_SRV_NON_IT,INT,2020,2019,0,2020-03-31,INR,409286500000
RBI:PRF_LNGNFC_IND_ANN_RN(1.0),N_A,616,AFY,ICC_SRV_NON_IT,INT,2020,2019,0,2020-03-31,PT,59.090290702104
RBI:PRF_LNGNFC_IND_ANN_RN(1.0),N_A,616,AFY,ICC_SRV_NON_IT,NET_PFT,2020,2019,0,2020-03-31,INR,-1555102600000
RBI:PRF_LNGNFC_IND_ANN_RN(1.0),N_A,616,AFY,ICC_SRV_NON_IT,OPR_PFT,2020,2019,0,2020-03-31,INR,647031100000
RBI:PRF_LNGNFC_IND_ANN_RN(1.0),N_A,616,AFY,ICC_SRV_NON_IT,OPR_PFT,2020,2019,0,2020-03-31,PT,47.888597468644
RBI:PRF_LNGNFC_IND_ANN_RN(1.0),N_A,616,AFY,ICC_SRV_NON_IT,OTH_INC,2020,2019,0,2020-03-31,INR,164735099999.99997
RBI:PRF_LNGNFC_IND_ANN_RN(1.0),N_A,616,AFY,ICC_SRV_NON_IT,OTH_INC,2020,2019,0,2020-03-31,PT,77.737294005692
RBI:PRF_LNGNFC_IND_ANN_RN(1.0),N_A,616,AFY,ICC_SRV_NON_IT,SALES,2020,2019,0,2020-03-31,INR,3877401400000
RBI:PRF_LNGNFC_IND_ANN_RN(1.0),N_A,616,AFY,ICC_SRV_NON_IT,SALES,2020,2019,0,2020-03-31,PT,6.913885244885
RBI:PRF_LNGNFC_IND_ANN_RN(1.0),N_A,616,AFY,ICC_SRV_NON_IT,TAX_PROV,2020,2019,0,2020-03-31,INR,51872900000
RBI:PRF_LNGNFC_IND_ANN_RN(1.0),N_A,616,AFY,ICC_SRV_NON_IT,TAX_PROV,2020,2019,0,2020-03-31,PT,-15.517137482594
RBI:PRF_LNGNFC_IND_ANN_RN(1.0),N_A,1830,AFY,ICC_MANF,DEPRC,2021,2020,0,2021-03-31,INR,1009893800000
RBI:PRF_LNGNFC_IND_ANN_RN(1.0),N_A,1830,AFY,ICC_MANF,DEPRC,2021,2020,0,2021-03-31,PT,-0.55425660724
RBI:PRF_LNGNFC_IND_ANN_RN(1.0),N_A,1830,AFY,ICC_MANF,EBITDA,2021,2020,0,2021-03-31,INR,4687039800000
RBI:PRF_LNGNFC_IND_ANN_RN(1.0),N_A,1830,AFY,ICC_MANF,EBITDA,2021,2020,0,2021-03-31,PT,11.224943335561
RBI:PRF_LNGNFC_IND_ANN_RN(1.0),N_A,1830,AFY,ICC_MANF,EBT_BEFORE_NOP,2021,2020,0,2021-03-31,INR,2941430100000
RBI:PRF_LNGNFC_IND_ANN_RN(1.0),N_A,1830,AFY,ICC_MANF,EBT_BEFORE_NOP,2021,2020,0,2021-03-31,PT,19.760748858978
RBI:PRF_LNGNFC_IND_ANN_RN(1.0),N_A,1830,AFY,ICC_MANF,EXPD,2021,2020,0,2021-03-31,INR,20258963400000
RBI:PRF_LNGNFC_IND_ANN_RN(1.0),N_A,1830,AFY,ICC_MANF,EXPD,2021,2020,0,2021-03-31,PT,-5.409919454013
RBI:PRF_LNGNFC_IND_ANN_RN(1.0),N_A,1830,AFY,ICC_MANF,EXPD_OTH,2021,2020,0,2021-03-31,INR,6048854500000
RBI:PRF_LNGNFC_IND_ANN_RN(1.0),N_A,1830,AFY,ICC_MANF,EXPD_PNF,2021,2020,0,2021-03-31,INR,648512500000
RBI:PRF_LNGNFC_IND_ANN_RN(1.0),N_A,1830,AFY,ICC_MANF,EXPD_PNF,2021,2020,0,2021-03-31,PT,-11.402975491134
RBI:PRF_LNGNFC_IND_ANN_RN(1.0),N_A,1830,AFY,ICC_MANF,EXPD_RAW_MATR,2021,2020,0,2021-03-31,INR,11909567900000
RBI:PRF_LNGNFC_IND_ANN_RN(1.0),N_A,1830,AFY,ICC_MANF,EXPD_RAW_MATR,2021,2020,0,2021-03-31,PT,-6.566175138276
RBI:PRF_LNGNFC_IND_ANN_RN(1.0),N_A,1830,AFY,ICC_MANF,EXPD_STAFF_COST,2021,2020,0,2021-03-31,INR,1652028500000
RBI:PRF_LNGNFC_IND_ANN_RN(1.0),N_A,1830,AFY,ICC_MANF,EXPD_STAFF_COST,2021,2020,0,2021-03-31,PT,-1.390242279159
RBI:PRF_LNGNFC_IND_ANN_RN(1.0),N_A,1830,AFY,ICC_MANF,GROSS_PFT_EBIT,2021,2020,0,2021-03-31,INR,3677146000000
RBI:PRF_LNGNFC_IND_ANN_RN(1.0),N_A,1830,AFY,ICC_MANF,GROSS_PFT_EBIT,2021,2020,0,2021-03-31,PT,14.964838788928
RBI:PRF_LNGNFC_IND_ANN_RN(1.0),N_A,1830,AFY,ICC_MANF,INT,2021,2020,0,2021-03-31,INR,735715900000
RBI:PRF_LNGNFC_IND_ANN_RN(1.0),N_A,1830,AFY,ICC_MANF,INT,2021,2020,0,2021-03-31,PT,-0.901351225392
RBI:PRF_LNGNFC_IND_ANN_RN(1.0),N_A,1830,AFY,ICC_MANF,NET_PFT,2021,2020,0,2021-03-31,INR,2258223700000
RBI:PRF_LNGNFC_IND_ANN_RN(1.0),N_A,1830,AFY,ICC_MANF,NET_PFT,2021,2020,0,2021-03-31,PT,22.99980756631
RBI:PRF_LNGNFC_IND_ANN_RN(1.0),N_A,1830,AFY,ICC_MANF,OPR_PFT,2021,2020,0,2021-03-31,INR,3892870200000
RBI:PRF_LNGNFC_IND_ANN_RN(1.0),N_A,1830,AFY,ICC_MANF,OPR_PFT,2021,2020,0,2021-03-31,PT,10.644566877875
RBI:PRF_LNGNFC_IND_ANN_RN(1.0),N_A,1830,AFY,ICC_MANF,OTH_INC,2021,2020,0,2021-03-31,INR,794169600000.0001
RBI:PRF_LNGNFC_IND_ANN_RN(1.0),N_A,1830,AFY,ICC_MANF,OTH_INC,2021,2020,0,2021-03-31,PT,14.160234665618
RBI:PRF_LNGNFC_IND_ANN_RN(1.0),N_A,1830,AFY,ICC_MANF,SALES,2021,2020,0,2021-03-31,INR,24185865200000
RBI:PRF_LNGNFC_IND_ANN_RN(1.0),N_A,1830,AFY,ICC_MANF,SALES,2021,2020,0,2021-03-31,PT,-2.77232085649
RBI:PRF_LNGNFC_IND_ANN_RN(1.0),N_A,1830,AFY,ICC_MANF,TAX_PROV,2021,2020,0,2021-03-31,INR,604322000000
RBI:PRF_LNGNFC_IND_ANN_RN(1.0),N_A,1830,AFY,ICC_MANF,TAX_PROV,2021,2020,0,2021-03-31,PT,7.46536088766
RBI:PRF_LNGNFC_IND_ANN_RN(1.0),N_A,198,AFY,ICC_SRV_IT,DEPRC,2021,2020,0,2021-03-31,INR,127869700000
RBI:PRF_LNGNFC_IND_ANN_RN(1.0),N_A,198,AFY,ICC_SRV_IT,DEPRC,2021,2020,0,2021-03-31,PT,11.661673156338
RBI:PRF_LNGNFC_IND_ANN_RN(1.0),N_A,198,AFY,ICC_SRV_IT,EBITDA,2021,2020,0,2021-03-31,INR,1271827500000
RBI:PRF_LNGNFC_IND_ANN_RN(1.0),N_A,198,AFY,ICC_SRV_IT,EBITDA,2021,2020,0,2021-03-31,PT,8.533892256285
RBI:PRF_LNGNFC_IND_ANN_RN(1.0),N_A,198,AFY,ICC_SRV_IT,EBT_BEFORE_NOP,2021,2020,0,2021-03-31,INR,1121682200000
RBI:PRF_LNGNFC_IND_ANN_RN(1.0),N_A,198,AFY,ICC_SRV_IT,EBT_BEFORE_NOP,2021,2020,0,2021-03-31,PT,8.928173271669
RBI:PRF_LNGNFC_IND_ANN_RN(1.0),N_A,198,AFY,ICC_SRV_IT,EXPD,2021,2020,0,2021-03-31,INR,2998544300000
RBI:PRF_LNGNFC_IND_ANN_RN(1.0),N_A,198,AFY,ICC_SRV_IT,EXPD,2021,2020,0,2021-03-31,PT,0.880580083867
RBI:PRF_LNGNFC_IND_ANN_RN(1.0),N_A,198,AFY,ICC_SRV_IT,EXPD_OTH,2021,2020,0,2021-03-31,INR,961329800000
RBI:PRF_LNGNFC_IND_ANN_RN(1.0),N_A,198,AFY,ICC_SRV_IT,EXPD_RAW_MATR,2021,2020,0,2021-03-31,INR,11508599999.999998
RBI:PRF_LNGNFC_IND_ANN_RN(1.0),N_A,198,AFY,ICC_SRV_IT,EXPD_RAW_MATR,2021,2020,0,2021-03-31,PT,2.22052475441
RBI:PRF_LNGNFC_IND_ANN_RN(1.0),N_A,198,AFY,ICC_SRV_IT,EXPD_STAFF_COST,2021,2020,0,2021-03-31,INR,2025705900000
RBI:PRF_LNGNFC_IND_ANN_RN(1.0),N_A,198,AFY,ICC_SRV_IT,EXPD_STAFF_COST,2021,2020,0,2021-03-31,PT,5.530309751421
RBI:PRF_LNGNFC_IND_ANN_RN(1.0),N_A,198,AFY,ICC_SRV_IT,GROSS_PFT_EBIT,2021,2020,0,2021-03-31,INR,1143957800000
RBI:PRF_LNGNFC_IND_ANN_RN(1.0),N_A,198,AFY,ICC_SRV_IT,GROSS_PFT_EBIT,2021,2020,0,2021-03-31,PT,8.195128031999
RBI:PRF_LNGNFC_IND_ANN_RN(1.0),N_A,198,AFY,ICC_SRV_IT,INT,2021,2020,0,2021-03-31,INR,22275600000
RBI:PRF_LNGNFC_IND_ANN_RN(1.0),N_A,198,AFY,ICC_SRV_IT,INT,2021,2020,0,2021-03-31,PT,-19.189119575115
RBI:PRF_LNGNFC_IND_ANN_RN(1.0),N_A,198,AFY,ICC_SRV_IT,NET_PFT,2021,2020,0,2021-03-31,INR,859146300000
RBI:PRF_LNGNFC_IND_ANN_RN(1.0),N_A,198,AFY,ICC_SRV_IT,NET_PFT,2021,2020,0,2021-03-31,PT,8.045286783093
RBI:PRF_LNGNFC_IND_ANN_RN(1.0),N_A,198,AFY,ICC_SRV_IT,OPR_PFT,2021,2020,0,2021-03-31,INR,1122916300000
RBI:PRF_LNGNFC_IND_ANN_RN(1.0),N_A,198,AFY,ICC_SRV_IT,OPR_PFT,2021,2020,0,2021-03-31,PT,15.484831793009
RBI:PRF_LNGNFC_IND_ANN_RN(1.0),N_A,198,AFY,ICC_SRV_IT,OTH_INC,2021,2020,0,2021-03-31,INR,148911200000
RBI:PRF_LNGNFC_IND_ANN_RN(1.0),N_A,198,AFY,ICC_SRV_IT,OTH_INC,2021,2020,0,2021-03-31,PT,-25.348664197526
RBI:PRF_LNGNFC_IND_ANN_RN(1.0),N_A,198,AFY,ICC_SRV_IT,SALES,2021,2020,0,2021-03-31,INR,4121554900000
RBI:PRF_LNGNFC_IND_ANN_RN(1.0),N_A,198,AFY,ICC_SRV_IT,SALES,2021,2020,0,2021-03-31,PT,4.43851041931
RBI:PRF_LNGNFC_IND_ANN_RN(1.0),N_A,198,AFY,ICC_SRV_IT,TAX_PROV,2021,2020,0,2021-03-31,INR,268310400000
RBI:PRF_LNGNFC_IND_ANN_RN(1.0),N_A,198,AFY,ICC_SRV_IT,TAX_PROV,2021,2020,0,2021-03-31,PT,21.092306852169
RBI:PRF_LNGNFC_IND_ANN_RN(1.0),N_A,637,AFY,ICC_SRV_NON_IT,DEPRC,2021,2020,0,2021-03-31,INR,629281600000
RBI:PRF_LNGNFC_IND_ANN_RN(1.0),N_A,637,AFY,ICC_SRV_NON_IT,DEPRC,2021,2020,0,2021-03-31,PT,0.146061883259
RBI:PRF_LNGNFC_IND_ANN_RN(1.0),N_A,637,AFY,ICC_SRV_NON_IT,EBITDA,2021,2020,0,2021-03-31,INR,799654600000.0001
RBI:PRF_LNGNFC_IND_ANN_RN(1.0),N_A,637,AFY,ICC_SRV_NON_IT,EBITDA,2021,2020,0,2021-03-31,PT,-1.588324416871
RBI:PRF_LNGNFC_IND_ANN_RN(1.0),N_A,637,AFY,ICC_SRV_NON_IT,EBT_BEFORE_NOP,2021,2020,0,2021-03-31,INR,-269379000000
RBI:PRF_LNGNFC_IND_ANN_RN(1.0),N_A,637,AFY,ICC_SRV_NON_IT,EXPD,2021,2020,0,2021-03-31,INR,2657503600000
RBI:PRF_LNGNFC_IND_ANN_RN(1.0),N_A,637,AFY,ICC_SRV_NON_IT,EXPD,2021,2020,0,2021-03-31,PT,-18.488235636926
RBI:PRF_LNGNFC_IND_ANN_RN(1.0),N_A,637,AFY,ICC_SRV_NON_IT,EXPD_OTH,2021,2020,0,2021-03-31,INR,2168908000000
RBI:PRF_LNGNFC_IND_ANN_RN(1.0),N_A,637,AFY,ICC_SRV_NON_IT,EXPD_PNF,2021,2020,0,2021-03-31,INR,60089600000
RBI:PRF_LNGNFC_IND_ANN_RN(1.0),N_A,637,AFY,ICC_SRV_NON_IT,EXPD_PNF,2021,2020,0,2021-03-31,PT,-66.926693896781
RBI:PRF_LNGNFC_IND_ANN_RN(1.0),N_A,637,AFY,ICC_SRV_NON_IT,EXPD_RAW_MATR,2021,2020,0,2021-03-31,INR,146054100000
RBI:PRF_LNGNFC_IND_ANN_RN(1.0),N_A,637,AFY,ICC_SRV_NON_IT,EXPD_RAW_MATR,2021,2020,0,2021-03-31,PT,-6.184819389168
RBI:PRF_LNGNFC_IND_ANN_RN(1.0),N_A,637,AFY,ICC_SRV_NON_IT,EXPD_STAFF_COST,2021,2020,0,2021-03-31,INR,282451900000
RBI:PRF_LNGNFC_IND_ANN_RN(1.0),N_A,637,AFY,ICC_SRV_NON_IT,EXPD_STAFF_COST,2021,2020,0,2021-03-31,PT,-14.534899905594
RBI:PRF_LNGNFC_IND_ANN_RN(1.0),N_A,637,AFY,ICC_SRV_NON_IT,GROSS_PFT_EBIT,2021,2020,0,2021-03-31,INR,170373000000
RBI:PRF_LNGNFC_IND_ANN_RN(1.0),N_A,637,AFY,ICC_SRV_NON_IT,GROSS_PFT_EBIT,2021,2020,0,2021-03-31,PT,-7.504958009608
RBI:PRF_LNGNFC_IND_ANN_RN(1.0),N_A,637,AFY,ICC_SRV_NON_IT,INT,2021,2020,0,2021-03-31,INR,439752000000
RBI:PRF_LNGNFC_IND_ANN_RN(1.0),N_A,637,AFY,ICC_SRV_NON_IT,INT,2021,2020,0,2021-03-31,PT,6.492334039808
RBI:PRF_LNGNFC_IND_ANN_RN(1.0),N_A,637,AFY,ICC_SRV_NON_IT,NET_PFT,2021,2020,0,2021-03-31,INR,-806963800000
RBI:PRF_LNGNFC_IND_ANN_RN(1.0),N_A,637,AFY,ICC_SRV_NON_IT,OPR_PFT,2021,2020,0,2021-03-31,INR,663204200000
RBI:PRF_LNGNFC_IND_ANN_RN(1.0),N_A,637,AFY,ICC_SRV_NON_IT,OPR_PFT,2021,2020,0,2021-03-31,PT,3.077381216971
RBI:PRF_LNGNFC_IND_ANN_RN(1.0),N_A,637,AFY,ICC_SRV_NON_IT,OTH_INC,2021,2020,0,2021-03-31,INR,136450400000.00002
RBI:PRF_LNGNFC_IND_ANN_RN(1.0),N_A,637,AFY,ICC_SRV_NON_IT,OTH_INC,2021,2020,0,2021-03-31,PT,-19.334817166352
RBI:PRF_LNGNFC_IND_ANN_RN(1.0),N_A,637,AFY,ICC_SRV_NON_IT,SALES,2021,2020,0,2021-03-31,INR,3337929699999.9995
RBI:PRF_LNGNFC_IND_ANN_RN(1.0),N_A,637,AFY,ICC_SRV_NON_IT,SALES,2021,2020,0,2021-03-31,PT,-14.580814431509
RBI:PRF_LNGNFC_IND_ANN_RN(1.0),N_A,637,AFY,ICC_SRV_NON_IT,TAX_PROV,2021,2020,0,2021-03-31,INR,41286700000
RBI:PRF_LNGNFC_IND_ANN_RN(1.0),N_A,637,AFY,ICC_SRV_NON_IT,TAX_PROV,2021,2020,0,2021-03-31,PT,-33.536009169512
RBI:PRF_LNGNFC_IND_ANN_RN(1.0),N_A,1865,AFY,ICC_MANF,DEPRC,2022,2021,0,2022-03-31,INR,1121887400000
RBI:PRF_LNGNFC_IND_ANN_RN(1.0),N_A,1865,AFY,ICC_MANF,DEPRC,2022,2021,0,2022-03-31,PT,6.931322517698
RBI:PRF_LNGNFC_IND_ANN_RN(1.0),N_A,1865,AFY,ICC_MANF,EBITDA,2022,2021,0,2022-03-31,INR,6341158100000.001
RBI:PRF_LNGNFC_IND_ANN_RN(1.0),N_A,1865,AFY,ICC_MANF,EBITDA,2022,2021,0,2022-03-31,PT,28.552603311823
RBI:PRF_LNGNFC_IND_ANN_RN(1.0),N_A,1865,AFY,ICC_MANF,EBT_BEFORE_NOP,2022,2021,0,2022-03-31,INR,4600507100000
RBI:PRF_LNGNFC_IND_ANN_RN(1.0),N_A,1865,AFY,ICC_MANF,EBT_BEFORE_NOP,2022,2021,0,2022-03-31,PT,47.088643687175
RBI:PRF_LNGNFC_IND_ANN_RN(1.0),N_A,1865,AFY,ICC_MANF,EXPD,2022,2021,0,2022-03-31,INR,29481893400000
RBI:PRF_LNGNFC_IND_ANN_RN(1.0),N_A,1865,AFY,ICC_MANF,EXPD,2022,2021,0,2022-03-31,PT,40.274257004798
RBI:PRF_LNGNFC_IND_ANN_RN(1.0),N_A,1865,AFY,ICC_MANF,EXPD_OTH,2022,2021,0,2022-03-31,INR,8040909000000
RBI:PRF_LNGNFC_IND_ANN_RN(1.0),N_A,1865,AFY,ICC_MANF,EXPD_PNF,2022,2021,0,2022-03-31,INR,1055245500000
RBI:PRF_LNGNFC_IND_ANN_RN(1.0),N_A,1865,AFY,ICC_MANF,EXPD_PNF,2022,2021,0,2022-03-31,PT,53.190824973673
RBI:PRF_LNGNFC_IND_ANN_RN(1.0),N_A,1865,AFY,ICC_MANF,EXPD_RAW_MATR,2022,2021,0,2022-03-31,INR,18505491000000
RBI:PRF_LNGNFC_IND_ANN_RN(1.0),N_A,1865,AFY,ICC_MANF,EXPD_RAW_MATR,2022,2021,0,2022-03-31,PT,48.612964663891
RBI:PRF_LNGNFC_IND_ANN_RN(1.0),N_A,1865,AFY,ICC_MANF,EXPD_STAFF_COST,2022,2021,0,2022-03-31,INR,1880247900000
RBI:PRF_LNGNFC_IND_ANN_RN(1.0),N_A,1865,AFY,ICC_MANF,EXPD_STAFF_COST,2022,2021,0,2022-03-31,PT,11.908413611578
RBI:PRF_LNGNFC_IND_ANN_RN(1.0),N_A,1865,AFY,ICC_MANF,GROSS_PFT_EBIT,2022,2021,0,2022-03-31,INR,5219270700000
RBI:PRF_LNGNFC_IND_ANN_RN(1.0),N_A,1865,AFY,ICC_MANF,GROSS_PFT_EBIT,2022,2021,0,2022-03-31,PT,34.393706220347
RBI:PRF_LNGNFC_IND_ANN_RN(1.0),N_A,1865,AFY,ICC_MANF,INT,2022,2021,0,2022-03-31,INR,618763600000
RBI:PRF_LNGNFC_IND_ANN_RN(1.0),N_A,1865,AFY,ICC_MANF,INT,2022,2021,0,2022-03-31,PT,-18.137500046305
RBI:PRF_LNGNFC_IND_ANN_RN(1.0),N_A,1865,AFY,ICC_MANF,NET_PFT,2022,2021,0,2022-03-31,INR,3636268000000
RBI:PRF_LNGNFC_IND_ANN_RN(1.0),N_A,1865,AFY,ICC_MANF,NET_PFT,2022,2021,0,2022-03-31,PT,50.158817585638
RBI:PRF_LNGNFC_IND_ANN_RN(1.0),N_A,1865,AFY,ICC_MANF,OPR_PFT,2022,2021,0,2022-03-31,INR,5545925900000
RBI:PRF_LNGNFC_IND_ANN_RN(1.0),N_A,1865,AFY,ICC_MANF,OPR_PFT,2022,2021,0,2022-03-31,PT,34.509867361943
RBI:PRF_LNGNFC_IND_ANN_RN(1.0),N_A,1865,AFY,ICC_MANF,OTH_INC,2022,2021,0,2022-03-31,INR,795232200000
RBI:PRF_LNGNFC_IND_ANN_RN(1.0),N_A,1865,AFY,ICC_MANF,OTH_INC,2022,2021,0,2022-03-31,PT,-1.783365008727
RBI:PRF_LNGNFC_IND_ANN_RN(1.0),N_A,1865,AFY,ICC_MANF,SALES,2022,2021,0,2022-03-31,INR,34375643700000
RBI:PRF_LNGNFC_IND_ANN_RN(1.0),N_A,1865,AFY,ICC_MANF,SALES,2022,2021,0,2022-03-31,PT,36.745608000283
RBI:PRF_LNGNFC_IND_ANN_RN(1.0),N_A,1865,AFY,ICC_MANF,TAX_PROV,2022,2021,0,2022-03-31,INR,946522600000
RBI:PRF_LNGNFC_IND_ANN_RN(1.0),N_A,1865,AFY,ICC_MANF,TAX_PROV,2022,2021,0,2022-03-31,PT,62.418591019333
RBI:PRF_LNGNFC_IND_ANN_RN(1.0),N_A,216,AFY,ICC_SRV_IT,DEPRC,2022,2021,0,2022-03-31,INR,136644700000
RBI:PRF_LNGNFC_IND_ANN_RN(1.0),N_A,216,AFY,ICC_SRV_IT,DEPRC,2022,2021,0,2022-03-31,PT,4.880650937669
RBI:PRF_LNGNFC_IND_ANN_RN(1.0),N_A,216,AFY,ICC_SRV_IT,EBITDA,2022,2021,0,2022-03-31,INR,1453049500000
RBI:PRF_LNGNFC_IND_ANN_RN(1.0),N_A,216,AFY,ICC_SRV_IT,EBITDA,2022,2021,0,2022-03-31,PT,15.376146774422
RBI:PRF_LNGNFC_IND_ANN_RN(1.0),N_A,216,AFY,ICC_SRV_IT,EBT_BEFORE_NOP,2022,2021,0,2022-03-31,INR,1293635800000
RBI:PRF_LNGNFC_IND_ANN_RN(1.0),N_A,216,AFY,ICC_SRV_IT,EBT_BEFORE_NOP,2022,2021,0,2022-03-31,PT,17.000510461199
RBI:PRF_LNGNFC_IND_ANN_RN(1.0),N_A,216,AFY,ICC_SRV_IT,EXPD,2022,2021,0,2022-03-31,INR,3750591900000
RBI:PRF_LNGNFC_IND_ANN_RN(1.0),N_A,216,AFY,ICC_SRV_IT,EXPD,2022,2021,0,2022-03-31,PT,23.025293157449
RBI:PRF_LNGNFC_IND_ANN_RN(1.0),N_A,216,AFY,ICC_SRV_IT,EXPD_OTH,2022,2021,0,2022-03-31,INR,1307587800000
RBI:PRF_LNGNFC_IND_ANN_RN(1.0),N_A,216,AFY,ICC_SRV_IT,EXPD_RAW_MATR,2022,2021,0,2022-03-31,INR,14906300000.000002
RBI:PRF_LNGNFC_IND_ANN_RN(1.0),N_A,216,AFY,ICC_SRV_IT,EXPD_RAW_MATR,2022,2021,0,2022-03-31,PT,5.702696761475
RBI:PRF_LNGNFC_IND_ANN_RN(1.0),N_A,216,AFY,ICC_SRV_IT,EXPD_STAFF_COST,2022,2021,0,2022-03-31,INR,2428097800000
RBI:PRF_LNGNFC_IND_ANN_RN(1.0),N_A,216,AFY,ICC_SRV_IT,EXPD_STAFF_COST,2022,2021,0,2022-03-31,PT,20.173597330432
RBI:PRF_LNGNFC_IND_ANN_RN(1.0),N_A,216,AFY,ICC_SRV_IT,GROSS_PFT_EBIT,2022,2021,0,2022-03-31,INR,1316404800000
RBI:PRF_LNGNFC_IND_ANN_RN(1.0),N_A,216,AFY,ICC_SRV_IT,GROSS_PFT_EBIT,2022,2021,0,2022-03-31,PT,16.587195949115
RBI:PRF_LNGNFC_IND_ANN_RN(1.0),N_A,216,AFY,ICC_SRV_IT,INT,2022,2021,0,2022-03-31,INR,22769000000
RBI:PRF_LNGNFC_IND_ANN_RN(1.0),N_A,216,AFY,ICC_SRV_IT,INT,2022,2021,0,2022-03-31,PT,-2.901152699654
RBI:PRF_LNGNFC_IND_ANN_RN(1.0),N_A,216,AFY,ICC_SRV_IT,NET_PFT,2022,2021,0,2022-03-31,INR,990010800000
RBI:PRF_LNGNFC_IND_ANN_RN(1.0),N_A,216,AFY,ICC_SRV_IT,NET_PFT,2022,2021,0,2022-03-31,PT,21.058302142819
RBI:PRF_LNGNFC_IND_ANN_RN(1.0),N_A,216,AFY,ICC_SRV_IT,OPR_PFT,2022,2021,0,2022-03-31,INR,1229039600000
RBI:PRF_LNGNFC_IND_ANN_RN(1.0),N_A,216,AFY,ICC_SRV_IT,OPR_PFT,2022,2021,0,2022-03-31,PT,11.000760181689
RBI:PRF_LNGNFC_IND_ANN_RN(1.0),N_A,216,AFY,ICC_SRV_IT,OTH_INC,2022,2021,0,2022-03-31,INR,224009900000.00003
RBI:PRF_LNGNFC_IND_ANN_RN(1.0),N_A,216,AFY,ICC_SRV_IT,OTH_INC,2022,2021,0,2022-03-31,PT,47.21348363341
RBI:PRF_LNGNFC_IND_ANN_RN(1.0),N_A,216,AFY,ICC_SRV_IT,SALES,2022,2021,0,2022-03-31,INR,4979162500000
RBI:PRF_LNGNFC_IND_ANN_RN(1.0),N_A,216,AFY,ICC_SRV_IT,SALES,2022,2021,0,2022-03-31,PT,19.816358006235
RBI:PRF_LNGNFC_IND_ANN_RN(1.0),N_A,216,AFY,ICC_SRV_IT,TAX_PROV,2022,2021,0,2022-03-31,INR,302226700000
RBI:PRF_LNGNFC_IND_ANN_RN(1.0),N_A,216,AFY,ICC_SRV_IT,TAX_PROV,2022,2021,0,2022-03-31,PT,15.940307141783
RBI:PRF_LNGNFC_IND_ANN_RN(1.0),N_A,699,AFY,ICC_SRV_NON_IT,DEPRC,2022,2021,0,2022-03-31,INR,655294600000
RBI:PRF_LNGNFC_IND_ANN_RN(1.0),N_A,699,AFY,ICC_SRV_NON_IT,DEPRC,2022,2021,0,2022-03-31,PT,4.317603155566
RBI:PRF_LNGNFC_IND_ANN_RN(1.0),N_A,699,AFY,ICC_SRV_NON_IT,EBITDA,2022,2021,0,2022-03-31,INR,1035790200000
RBI:PRF_LNGNFC_IND_ANN_RN(1.0),N_A,699,AFY,ICC_SRV_NON_IT,EBITDA,2022,2021,0,2022-03-31,PT,18.585641613581
RBI:PRF_LNGNFC_IND_ANN_RN(1.0),N_A,699,AFY,ICC_SRV_NON_IT,EBT_BEFORE_NOP,2022,2021,0,2022-03-31,INR,-141048200000
RBI:PRF_LNGNFC_IND_ANN_RN(1.0),N_A,699,AFY,ICC_SRV_NON_IT,EXPD,2022,2021,0,2022-03-31,INR,3467553300000
RBI:PRF_LNGNFC_IND_ANN_RN(1.0),N_A,699,AFY,ICC_SRV_NON_IT,EXPD,2022,2021,0,2022-03-31,PT,31.705003406616
RBI:PRF_LNGNFC_IND_ANN_RN(1.0),N_A,699,AFY,ICC_SRV_NON_IT,EXPD_OTH,2022,2021,0,2022-03-31,INR,2705467300000
RBI:PRF_LNGNFC_IND_ANN_RN(1.0),N_A,699,AFY,ICC_SRV_NON_IT,EXPD_PNF,2022,2021,0,2022-03-31,INR,103783100000
RBI:PRF_LNGNFC_IND_ANN_RN(1.0),N_A,699,AFY,ICC_SRV_NON_IT,EXPD_PNF,2022,2021,0,2022-03-31,PT,133.253996080335
RBI:PRF_LNGNFC_IND_ANN_RN(1.0),N_A,699,AFY,ICC_SRV_NON_IT,EXPD_RAW_MATR,2022,2021,0,2022-03-31,INR,262954199999.99997
RBI:PRF_LNGNFC_IND_ANN_RN(1.0),N_A,699,AFY,ICC_SRV_NON_IT,EXPD_RAW_MATR,2022,2021,0,2022-03-31,PT,62.621670545323
RBI:PRF_LNGNFC_IND_ANN_RN(1.0),N_A,699,AFY,ICC_SRV_NON_IT,EXPD_STAFF_COST,2022,2021,0,2022-03-31,INR,395348700000
RBI:PRF_LNGNFC_IND_ANN_RN(1.0),N_A,699,AFY,ICC_SRV_NON_IT,EXPD_STAFF_COST,2022,2021,0,2022-03-31,PT,15.07514036972
RBI:PRF_LNGNFC_IND_ANN_RN(1.0),N_A,699,AFY,ICC_SRV_NON_IT,GROSS_PFT_EBIT,2022,2021,0,2022-03-31,INR,380495600000
RBI:PRF_LNGNFC_IND_ANN_RN(1.0),N_A,699,AFY,ICC_SRV_NON_IT,GROSS_PFT_EBIT,2022,2021,0,2022-03-31,PT,55.12659577374
RBI:PRF_LNGNFC_IND_ANN_RN(1.0),N_A,699,AFY,ICC_SRV_NON_IT,INT,2022,2021,0,2022-03-31,INR,521543800000
RBI:PRF_LNGNFC_IND_ANN_RN(1.0),N_A,699,AFY,ICC_SRV_NON_IT,INT,2022,2021,0,2022-03-31,PT,13.02073750944
RBI:PRF_LNGNFC_IND_ANN_RN(1.0),N_A,699,AFY,ICC_SRV_NON_IT,NET_PFT,2022,2021,0,2022-03-31,INR,-286366600000
RBI:PRF_LNGNFC_IND_ANN_RN(1.0),N_A,699,AFY,ICC_SRV_NON_IT,OPR_PFT,2022,2021,0,2022-03-31,INR,860486000000
RBI:PRF_LNGNFC_IND_ANN_RN(1.0),N_A,699,AFY,ICC_SRV_NON_IT,OPR_PFT,2022,2021,0,2022-03-31,PT,21.888930959315
RBI:PRF_LNGNFC_IND_ANN_RN(1.0),N_A,699,AFY,ICC_SRV_NON_IT,OTH_INC,2022,2021,0,2022-03-31,INR,175304199999.99997
RBI:PRF_LNGNFC_IND_ANN_RN(1.0),N_A,699,AFY,ICC_SRV_NON_IT,OTH_INC,2022,2021,0,2022-03-31,PT,4.662848026976
RBI:PRF_LNGNFC_IND_ANN_RN(1.0),N_A,699,AFY,ICC_SRV_NON_IT,SALES,2022,2021,0,2022-03-31,INR,4263825900000.0005
RBI:PRF_LNGNFC_IND_ANN_RN(1.0),N_A,699,AFY,ICC_SRV_NON_IT,SALES,2022,2021,0,2022-03-31,PT,27.225223919868
RBI:PRF_LNGNFC_IND_ANN_RN(1.0),N_A,699,AFY,ICC_SRV_NON_IT,TAX_PROV,2022,2021,0,2022-03-31,INR,58290600000.00001
RBI:PRF_LNGNFC_IND_ANN_RN(1.0),N_A,699,AFY,ICC_SRV_NON_IT,TAX_PROV,2022,2021,0,2022-03-31,PT,16.587262537652
RBI:PRF_LNGNFC_IND_ANN_RN(1.0),N_A,1821,AFY,ICC_MANF,DEPRC,2023,2022,0,2023-03-31,INR,1153534200000
RBI:PRF_LNGNFC_IND_ANN_RN(1.0),N_A,1821,AFY,ICC_MANF,DEPRC,2023,2022,0,2023-03-31,PT,7.15021392252
RBI:PRF_LNGNFC_IND_ANN_RN(1.0),N_A,1821,AFY,ICC_MANF,EBITDA,2023,2022,0,2023-03-31,INR,6344559700000
RBI:PRF_LNGNFC_IND_ANN_RN(1.0),N_A,1821,AFY,ICC_MANF,EBITDA,2023,2022,0,2023-03-31,PT,2.115092774499
RBI:PRF_LNGNFC_IND_ANN_RN(1.0),N_A,1821,AFY,ICC_MANF,EBT_BEFORE_NOP,2023,2022,0,2023-03-31,INR,4484609100000
RBI:PRF_LNGNFC_IND_ANN_RN(1.0),N_A,1821,AFY,ICC_MANF,EBT_BEFORE_NOP,2023,2022,0,2023-03-31,PT,-1.69539694661
RBI:PRF_LNGNFC_IND_ANN_RN(1.0),N_A,1821,AFY,ICC_MANF,EXPD,2023,2022,0,2023-03-31,INR,35289350000000
RBI:PRF_LNGNFC_IND_ANN_RN(1.0),N_A,1821,AFY,ICC_MANF,EXPD,2023,2022,0,2023-03-31,PT,19.871967722603
RBI:PRF_LNGNFC_IND_ANN_RN(1.0),N_A,1821,AFY,ICC_MANF,EXPD_OTH,2023,2022,0,2023-03-31,INR,9482384900000
RBI:PRF_LNGNFC_IND_ANN_RN(1.0),N_A,1821,AFY,ICC_MANF,EXPD_PNF,2023,2022,0,2023-03-31,INR,1413232600000
RBI:PRF_LNGNFC_IND_ANN_RN(1.0),N_A,1821,AFY,ICC_MANF,EXPD_PNF,2023,2022,0,2023-03-31,PT,43.307742627584
RBI:PRF_LNGNFC_IND_ANN_RN(1.0),N_A,1821,AFY,ICC_MANF,EXPD_RAW_MATR,2023,2022,0,2023-03-31,INR,22307894100000
RBI:PRF_LNGNFC_IND_ANN_RN(1.0),N_A,1821,AFY,ICC_MANF,EXPD_RAW_MATR,2023,2022,0,2023-03-31,PT,20.238264668369
RBI:PRF_LNGNFC_IND_ANN_RN(1.0),N_A,1821,AFY,ICC_MANF,EXPD_STAFF_COST,2023,2022,0,2023-03-31,INR,2085838400000
RBI:PRF_LNGNFC_IND_ANN_RN(1.0),N_A,1821,AFY,ICC_MANF,EXPD_STAFF_COST,2023,2022,0,2023-03-31,PT,9.893354619664
RBI:PRF_LNGNFC_IND_ANN_RN(1.0),N_A,1821,AFY,ICC_MANF,GROSS_PFT_EBIT,2023,2022,0,2023-03-31,INR,5191025500000
RBI:PRF_LNGNFC_IND_ANN_RN(1.0),N_A,1821,AFY,ICC_MANF,GROSS_PFT_EBIT,2023,2022,0,2023-03-31,PT,1.059800806679
RBI:PRF_LNGNFC_IND_ANN_RN(1.0),N_A,1821,AFY,ICC_MANF,INT,2023,2022,0,2023-03-31,INR,706416400000
RBI:PRF_LNGNFC_IND_ANN_RN(1.0),N_A,1821,AFY,ICC_MANF,INT,2023,2022,0,2023-03-31,PT,22.932933497333
RBI:PRF_LNGNFC_IND_ANN_RN(1.0),N_A,1821,AFY,ICC_MANF,NET_PFT,2023,2022,0,2023-03-31,INR,3517327500000
RBI:PRF_LNGNFC_IND_ANN_RN(1.0),N_A,1821,AFY,ICC_MANF,NET_PFT,2023,2022,0,2023-03-31,PT,-3.759764382499
RBI:PRF_LNGNFC_IND_ANN_RN(1.0),N_A,1821,AFY,ICC_MANF,OPR_PFT,2023,2022,0,2023-03-31,INR,5388981700000
RBI:PRF_LNGNFC_IND_ANN_RN(1.0),N_A,1821,AFY,ICC_MANF,OPR_PFT,2023,2022,0,2023-03-31,PT,-1.200934313432
RBI:PRF_LNGNFC_IND_ANN_RN(1.0),N_A,1821,AFY,ICC_MANF,OTH_INC,2023,2022,0,2023-03-31,INR,955578000000
RBI:PRF_LNGNFC_IND_ANN_RN(1.0),N_A,1821,AFY,ICC_MANF,OTH_INC,2023,2022,0,2023-03-31,PT,25.956127347793
RBI:PRF_LNGNFC_IND_ANN_RN(1.0),N_A,1821,AFY,ICC_MANF,SALES,2023,2022,0,2023-03-31,INR,40407585500000
RBI:PRF_LNGNFC_IND_ANN_RN(1.0),N_A,1821,AFY,ICC_MANF,SALES,2023,2022,0,2023-03-31,PT,18.037546361936
RBI:PRF_LNGNFC_IND_ANN_RN(1.0),N_A,1821,AFY,ICC_MANF,TAX_PROV,2023,2022,0,2023-03-31,INR,969422200000
RBI:PRF_LNGNFC_IND_ANN_RN(1.0),N_A,1821,AFY,ICC_MANF,TAX_PROV,2023,2022,0,2023-03-31,PT,3.403567714719
RBI:PRF_LNGNFC_IND_ANN_RN(1.0),N_A,215,AFY,ICC_SRV_IT,DEPRC,2023,2022,0,2023-03-31,INR,154880800000
RBI:PRF_LNGNFC_IND_ANN_RN(1.0),N_A,215,AFY,ICC_SRV_IT,DEPRC,2023,2022,0,2023-03-31,PT,10.005021510104
RBI:PRF_LNGNFC_IND_ANN_RN(1.0),N_A,215,AFY,ICC_SRV_IT,EBITDA,2023,2022,0,2023-03-31,INR,1534350500000
RBI:PRF_LNGNFC_IND_ANN_RN(1.0),N_A,215,AFY,ICC_SRV_IT,EBITDA,2023,2022,0,2023-03-31,PT,4.881924393852
RBI:PRF_LNGNFC_IND_ANN_RN(1.0),N_A,215,AFY,ICC_SRV_IT,EBT_BEFORE_NOP,2023,2022,0,2023-03-31,INR,1348851900000
RBI:PRF_LNGNFC_IND_ANN_RN(1.0),N_A,215,AFY,ICC_SRV_IT,EBT_BEFORE_NOP,2023,2022,0,2023-03-31,PT,3.926407093845
RBI:PRF_LNGNFC_IND_ANN_RN(1.0),N_A,215,AFY,ICC_SRV_IT,EXPD,2023,2022,0,2023-03-31,INR,4645959800000
RBI:PRF_LNGNFC_IND_ANN_RN(1.0),N_A,215,AFY,ICC_SRV_IT,EXPD,2023,2022,0,2023-03-31,PT,22.822786018173
RBI:PRF_LNGNFC_IND_ANN_RN(1.0),N_A,215,AFY,ICC_SRV_IT,EXPD_OTH,2023,2022,0,2023-03-31,INR,1625872600000
RBI:PRF_LNGNFC_IND_ANN_RN(1.0),N_A,215,AFY,ICC_SRV_IT,EXPD_RAW_MATR,2023,2022,0,2023-03-31,INR,21268000000
RBI:PRF_LNGNFC_IND_ANN_RN(1.0),N_A,215,AFY,ICC_SRV_IT,EXPD_RAW_MATR,2023,2022,0,2023-03-31,PT,38.689272905119
RBI:PRF_LNGNFC_IND_ANN_RN(1.0),N_A,215,AFY,ICC_SRV_IT,EXPD_STAFF_COST,2023,2022,0,2023-03-31,INR,2998819200000
RBI:PRF_LNGNFC_IND_ANN_RN(1.0),N_A,215,AFY,ICC_SRV_IT,EXPD_STAFF_COST,2023,2022,0,2023-03-31,PT,21.966949722428
RBI:PRF_LNGNFC_IND_ANN_RN(1.0),N_A,215,AFY,ICC_SRV_IT,GROSS_PFT_EBIT,2023,2022,0,2023-03-31,INR,1379469700000
RBI:PRF_LNGNFC_IND_ANN_RN(1.0),N_A,215,AFY,ICC_SRV_IT,GROSS_PFT_EBIT,2023,2022,0,2023-03-31,PT,4.336366049812
RBI:PRF_LNGNFC_IND_ANN_RN(1.0),N_A,215,AFY,ICC_SRV_IT,INT,2023,2022,0,2023-03-31,INR,30617800000.000004
RBI:PRF_LNGNFC_IND_ANN_RN(1.0),N_A,215,AFY,ICC_SRV_IT,INT,2023,2022,0,2023-03-31,PT,26.281882073448
RBI:PRF_LNGNFC_IND_ANN_RN(1.0),N_A,215,AFY,ICC_SRV_IT,NET_PFT,2023,2022,0,2023-03-31,INR,1013587000000
RBI:PRF_LNGNFC_IND_ANN_RN(1.0),N_A,215,AFY,ICC_SRV_IT,NET_PFT,2023,2022,0,2023-03-31,PT,-0.416456332704
RBI:PRF_LNGNFC_IND_ANN_RN(1.0),N_A,215,AFY,ICC_SRV_IT,OPR_PFT,2023,2022,0,2023-03-31,INR,1344331099999.9998
RBI:PRF_LNGNFC_IND_ANN_RN(1.0),N_A,215,AFY,ICC_SRV_IT,OPR_PFT,2023,2022,0,2023-03-31,PT,8.820832178813
RBI:PRF_LNGNFC_IND_ANN_RN(1.0),N_A,215,AFY,ICC_SRV_IT,OTH_INC,2023,2022,0,2023-03-31,INR,190019400000
RBI:PRF_LNGNFC_IND_ANN_RN(1.0),N_A,215,AFY,ICC_SRV_IT,OTH_INC,2023,2022,0,2023-03-31,PT,-16.500460958283
RBI:PRF_LNGNFC_IND_ANN_RN(1.0),N_A,215,AFY,ICC_SRV_IT,SALES,2023,2022,0,2023-03-31,INR,5989291800000.001
RBI:PRF_LNGNFC_IND_ANN_RN(1.0),N_A,215,AFY,ICC_SRV_IT,SALES,2023,2022,0,2023-03-31,PT,19.367267514425
RBI:PRF_LNGNFC_IND_ANN_RN(1.0),N_A,215,AFY,ICC_SRV_IT,TAX_PROV,2023,2022,0,2023-03-31,INR,331637800000
RBI:PRF_LNGNFC_IND_ANN_RN(1.0),N_A,215,AFY,ICC_SRV_IT,TAX_PROV,2023,2022,0,2023-03-31,PT,9.652557397365
RBI:PRF_LNGNFC_IND_ANN_RN(1.0),N_A,689,AFY,ICC_SRV_NON_IT,DEPRC,2023,2022,0,2023-03-31,INR,732146300000
RBI:PRF_LNGNFC_IND_ANN_RN(1.0),N_A,689,AFY,ICC_SRV_NON_IT,DEPRC,2023,2022,0,2023-03-31,PT,4.166673780455
RBI:PRF_LNGNFC_IND_ANN_RN(1.0),N_A,689,AFY,ICC_SRV_NON_IT,EBITDA,2023,2022,0,2023-03-31,INR,1381156800000
RBI:PRF_LNGNFC_IND_ANN_RN(1.0),N_A,689,AFY,ICC_SRV_NON_IT,EBITDA,2023,2022,0,2023-03-31,PT,18.136808276746
RBI:PRF_LNGNFC_IND_ANN_RN(1.0),N_A,689,AFY,ICC_SRV_NON_IT,EBT_BEFORE_NOP,2023,2022,0,2023-03-31,INR,87113400000
RBI:PRF_LNGNFC_IND_ANN_RN(1.0),N_A,689,AFY,ICC_SRV_NON_IT,EXPD,2023,2022,0,2023-03-31,INR,4989270400000
RBI:PRF_LNGNFC_IND_ANN_RN(1.0),N_A,689,AFY,ICC_SRV_NON_IT,EXPD,2023,2022,0,2023-03-31,PT,37.773708578863
RBI:PRF_LNGNFC_IND_ANN_RN(1.0),N_A,689,AFY,ICC_SRV_NON_IT,EXPD_OTH,2023,2022,0,2023-03-31,INR,3928936400000
RBI:PRF_LNGNFC_IND_ANN_RN(1.0),N_A,689,AFY,ICC_SRV_NON_IT,EXPD_PNF,2023,2022,0,2023-03-31,INR,351365700000
RBI:PRF_LNGNFC_IND_ANN_RN(1.0),N_A,689,AFY,ICC_SRV_NON_IT,EXPD_PNF,2023,2022,0,2023-03-31,PT,69.638298159964
RBI:PRF_LNGNFC_IND_ANN_RN(1.0),N_A,689,AFY,ICC_SRV_NON_IT,EXPD_RAW_MATR,2023,2022,0,2023-03-31,INR,236574600000
RBI:PRF_LNGNFC_IND_ANN_RN(1.0),N_A,689,AFY,ICC_SRV_NON_IT,EXPD_RAW_MATR,2023,2022,0,2023-03-31,PT,16.18196658354
RBI:PRF_LNGNFC_IND_ANN_RN(1.0),N_A,689,AFY,ICC_SRV_NON_IT,EXPD_STAFF_COST,2023,2022,0,2023-03-31,INR,472393700000
RBI:PRF_LNGNFC_IND_ANN_RN(1.0),N_A,689,AFY,ICC_SRV_NON_IT,EXPD_STAFF_COST,2023,2022,0,2023-03-31,PT,17.702913783957
RBI:PRF_LNGNFC_IND_ANN_RN(1.0),N_A,689,AFY,ICC_SRV_NON_IT,GROSS_PFT_EBIT,2023,2022,0,2023-03-31,INR,649010500000
RBI:PRF_LNGNFC_IND_ANN_RN(1.0),N_A,689,AFY,ICC_SRV_NON_IT,GROSS_PFT_EBIT,2023,2022,0,2023-03-31,PT,39.196171202086
RBI:PRF_LNGNFC_IND_ANN_RN(1.0),N_A,689,AFY,ICC_SRV_NON_IT,INT,2023,2022,0,2023-03-31,INR,561897100000
RBI:PRF_LNGNFC_IND_ANN_RN(1.0),N_A,689,AFY,ICC_SRV_NON_IT,INT,2023,2022,0,2023-03-31,PT,9.725575290899
RBI:PRF_LNGNFC_IND_ANN_RN(1.0),N_A,689,AFY,ICC_SRV_NON_IT,NET_PFT,2023,2022,0,2023-03-31,INR,-146045300000
RBI:PRF_LNGNFC_IND_ANN_RN(1.0),N_A,689,AFY,ICC_SRV_NON_IT,OPR_PFT,2023,2022,0,2023-03-31,INR,1176612900000
RBI:PRF_LNGNFC_IND_ANN_RN(1.0),N_A,689,AFY,ICC_SRV_NON_IT,OPR_PFT,2023,2022,0,2023-03-31,PT,15.057470410136
RBI:PRF_LNGNFC_IND_ANN_RN(1.0),N_A,689,AFY,ICC_SRV_NON_IT,OTH_INC,2023,2022,0,2023-03-31,INR,204543900000
RBI:PRF_LNGNFC_IND_ANN_RN(1.0),N_A,689,AFY,ICC_SRV_NON_IT,OTH_INC,2023,2022,0,2023-03-31,PT,39.633944040992
RBI:PRF_LNGNFC_IND_ANN_RN(1.0),N_A,689,AFY,ICC_SRV_NON_IT,SALES,2023,2022,0,2023-03-31,INR,6105725200000
RBI:PRF_LNGNFC_IND_ANN_RN(1.0),N_A,689,AFY,ICC_SRV_NON_IT,SALES,2023,2022,0,2023-03-31,PT,33.527205074367
RBI:PRF_LNGNFC_IND_ANN_RN(1.0),N_A,689,AFY,ICC_SRV_NON_IT,TAX_PROV,2023,2022,0,2023-03-31,INR,90879000000
RBI:PRF_LNGNFC_IND_ANN_RN(1.0),N_A,689,AFY,ICC_SRV_NON_IT,TAX_PROV,2023,2022,0,2023-03-31,PT,15.254671492671
RBI:PRF_LNGNFC_IND_ANN_RN(1.0),N_A,1846,AFY,ICC_MANF,DEPRC,2024,2023,0,2024-03-31,INR,1308611300000
RBI:PRF_LNGNFC_IND_ANN_RN(1.0),N_A,1846,AFY,ICC_MANF,DEPRC,2024,2023,0,2024-03-31,PT,12.553852029001
RBI:PRF_LNGNFC_IND_ANN_RN(1.0),N_A,1846,AFY,ICC_MANF,EBITDA,2024,2023,0,2024-03-31,INR,7022908900000
RBI:PRF_LNGNFC_IND_ANN_RN(1.0),N_A,1846,AFY,ICC_MANF,EBITDA,2024,2023,0,2024-03-31,PT,10.35532628964
RBI:PRF_LNGNFC_IND_ANN_RN(1.0),N_A,1846,AFY,ICC_MANF,EBT_BEFORE_NOP,2024,2023,0,2024-03-31,INR,4928889800000
RBI:PRF_LNGNFC_IND_ANN_RN(1.0),N_A,1846,AFY,ICC_MANF,EBT_BEFORE_NOP,2024,2023,0,2024-03-31,PT,9.639554297795
RBI:PRF_LNGNFC_IND_ANN_RN(1.0),N_A,1846,AFY,ICC_MANF,EXPD,2024,2023,0,2024-03-31,INR,36453664500000
RBI:PRF_LNGNFC_IND_ANN_RN(1.0),N_A,1846,AFY,ICC_MANF,EXPD,2024,2023,0,2024-03-31,PT,1.920098498207
RBI:PRF_LNGNFC_IND_ANN_RN(1.0),N_A,1846,AFY,ICC_MANF,EXPD_OTH,2024,2023,0,2024-03-31,INR,10090363000000
RBI:PRF_LNGNFC_IND_ANN_RN(1.0),N_A,1846,AFY,ICC_MANF,EXPD_PNF,2024,2023,0,2024-03-31,INR,1259761300000
RBI:PRF_LNGNFC_IND_ANN_RN(1.0),N_A,1846,AFY,ICC_MANF,EXPD_PNF,2024,2023,0,2024-03-31,PT,-14.211167954333
RBI:PRF_LNGNFC_IND_ANN_RN(1.0),N_A,1846,AFY,ICC_MANF,EXPD_RAW_MATR,2024,2023,0,2024-03-31,INR,22772425000000
RBI:PRF_LNGNFC_IND_ANN_RN(1.0),N_A,1846,AFY,ICC_MANF,EXPD_RAW_MATR,2024,2023,0,2024-03-31,PT,0.004518387873
RBI:PRF_LNGNFC_IND_ANN_RN(1.0),N_A,1846,AFY,ICC_MANF,EXPD_STAFF_COST,2024,2023,0,2024-03-31,INR,2331115200000
RBI:PRF_LNGNFC_IND_ANN_RN(1.0),N_A,1846,AFY,ICC_MANF,EXPD_STAFF_COST,2024,2023,0,2024-03-31,PT,10.761662374845
RBI:PRF_LNGNFC_IND_ANN_RN(1.0),N_A,1846,AFY,ICC_MANF,GROSS_PFT_EBIT,2024,2023,0,2024-03-31,INR,5714297600000
RBI:PRF_LNGNFC_IND_ANN_RN(1.0),N_A,1846,AFY,ICC_MANF,GROSS_PFT_EBIT,2024,2023,0,2024-03-31,PT,9.863882393551
RBI:PRF_LNGNFC_IND_ANN_RN(1.0),N_A,1846,AFY,ICC_MANF,INT,2024,2023,0,2024-03-31,INR,785407800000
RBI:PRF_LNGNFC_IND_ANN_RN(1.0),N_A,1846,AFY,ICC_MANF,INT,2024,2023,0,2024-03-31,PT,11.292900620706
RBI:PRF_LNGNFC_IND_ANN_RN(1.0),N_A,1846,AFY,ICC_MANF,NET_PFT,2024,2023,0,2024-03-31,INR,3775343900000
RBI:PRF_LNGNFC_IND_ANN_RN(1.0),N_A,1846,AFY,ICC_MANF,NET_PFT,2024,2023,0,2024-03-31,PT,8.544459670911
RBI:PRF_LNGNFC_IND_ANN_RN(1.0),N_A,1846,AFY,ICC_MANF,OPR_PFT,2024,2023,0,2024-03-31,INR,6083436200000
RBI:PRF_LNGNFC_IND_ANN_RN(1.0),N_A,1846,AFY,ICC_MANF,OPR_PFT,2024,2023,0,2024-03-31,PT,12.357351210323
RBI:PRF_LNGNFC_IND_ANN_RN(1.0),N_A,1846,AFY,ICC_MANF,OTH_INC,2024,2023,0,2024-03-31,INR,939472700000
RBI:PRF_LNGNFC_IND_ANN_RN(1.0),N_A,1846,AFY,ICC_MANF,OTH_INC,2024,2023,0,2024-03-31,PT,-1.060385459719
RBI:PRF_LNGNFC_IND_ANN_RN(1.0),N_A,1846,AFY,ICC_MANF,SALES,2024,2023,0,2024-03-31,INR,42350133400000
RBI:PRF_LNGNFC_IND_ANN_RN(1.0),N_A,1846,AFY,ICC_MANF,SALES,2024,2023,0,2024-03-31,PT,3.486027907887
RBI:PRF_LNGNFC_IND_ANN_RN(1.0),N_A,1846,AFY,ICC_MANF,TAX_PROV,2024,2023,0,2024-03-31,INR,1104159700000
RBI:PRF_LNGNFC_IND_ANN_RN(1.0),N_A,1846,AFY,ICC_MANF,TAX_PROV,2024,2023,0,2024-03-31,PT,13.088256817421
RBI:PRF_LNGNFC_IND_ANN_RN(1.0),N_A,211,AFY,ICC_SRV_IT,DEPRC,2024,2023,0,2024-03-31,INR,0.0
RBI:PRF_LNGNFC_IND_ANN_RN(1.0),N_A,211,AFY,ICC_SRV_IT,DEPRC,2024,2023,0,2024-03-31,PT,3.288950651197
RBI:PRF_LNGNFC_IND_ANN_RN(1.0),N_A,211,AFY,ICC_SRV_IT,EBITDA,2024,2023,0,2024-03-31,INR,0.0
RBI:PRF_LNGNFC_IND_ANN_RN(1.0),N_A,211,AFY,ICC_SRV_IT,EBITDA,2024,2023,0,2024-03-31,PT,10.209231947564
RBI:PRF_LNGNFC_IND_ANN_RN(1.0),N_A,211,AFY,ICC_SRV_IT,EBT_BEFORE_NOP,2024,2023,0,2024-03-31,INR,0.0
RBI:PRF_LNGNFC_IND_ANN_RN(1.0),N_A,211,AFY,ICC_SRV_IT,EBT_BEFORE_NOP,2024,2023,0,2024-03-31,PT,10.805576120371
RBI:PRF_LNGNFC_IND_ANN_RN(1.0),N_A,211,AFY,ICC_SRV_IT,EXPD,2024,2023,0,2024-03-31,INR,0.0
RBI:PRF_LNGNFC_IND_ANN_RN(1.0),N_A,211,AFY,ICC_SRV_IT,EXPD,2024,2023,0,2024-03-31,PT,5.468026566603
RBI:PRF_LNGNFC_IND_ANN_RN(1.0),N_A,211,AFY,ICC_SRV_IT,EXPD_OTH,2024,2023,0,2024-03-31,INR,0.0
RBI:PRF_LNGNFC_IND_ANN_RN(1.0),N_A,211,AFY,ICC_SRV_IT,EXPD_RAW_MATR,2024,2023,0,2024-03-31,INR,0.0
RBI:PRF_LNGNFC_IND_ANN_RN(1.0),N_A,211,AFY,ICC_SRV_IT,EXPD_RAW_MATR,2024,2023,0,2024-03-31,PT,32.618302714448
RBI:PRF_LNGNFC_IND_ANN_RN(1.0),N_A,211,AFY,ICC_SRV_IT,EXPD_STAFF_COST,2024,2023,0,2024-03-31,INR,0.0
RBI:PRF_LNGNFC_IND_ANN_RN(1.0),N_A,211,AFY,ICC_SRV_IT,EXPD_STAFF_COST,2024,2023,0,2024-03-31,PT,6.57258938364
RBI:PRF_LNGNFC_IND_ANN_RN(1.0),N_A,211,AFY,ICC_SRV_IT,GROSS_PFT_EBIT,2024,2023,0,2024-03-31,INR,0.0
RBI:PRF_LNGNFC_IND_ANN_RN(1.0),N_A,211,AFY,ICC_SRV_IT,GROSS_PFT_EBIT,2024,2023,0,2024-03-31,PT,10.982348045438
RBI:PRF_LNGNFC_IND_ANN_RN(1.0),N_A,211,AFY,ICC_SRV_IT,INT,2024,2023,0,2024-03-31,INR,0.0
RBI:PRF_LNGNFC_IND_ANN_RN(1.0),N_A,211,AFY,ICC_SRV_IT,INT,2024,2023,0,2024-03-31,PT,19.054502569286
RBI:PRF_LNGNFC_IND_ANN_RN(1.0),N_A,211,AFY,ICC_SRV_IT,NET_PFT,2024,2023,0,2024-03-31,INR,0.0
RBI:PRF_LNGNFC_IND_ANN_RN(1.0),N_A,211,AFY,ICC_SRV_IT,NET_PFT,2024,2023,0,2024-03-31,PT,10.547553784387
RBI:PRF_LNGNFC_IND_ANN_RN(1.0),N_A,211,AFY,ICC_SRV_IT,OPR_PFT,2024,2023,0,2024-03-31,INR,0.0
RBI:PRF_LNGNFC_IND_ANN_RN(1.0),N_A,211,AFY,ICC_SRV_IT,OPR_PFT,2024,2023,0,2024-03-31,PT,5.578015666198
RBI:PRF_LNGNFC_IND_ANN_RN(1.0),N_A,211,AFY,ICC_SRV_IT,OTH_INC,2024,2023,0,2024-03-31,INR,0.0
RBI:PRF_LNGNFC_IND_ANN_RN(1.0),N_A,211,AFY,ICC_SRV_IT,OTH_INC,2024,2023,0,2024-03-31,PT,41.36916369879
RBI:PRF_LNGNFC_IND_ANN_RN(1.0),N_A,211,AFY,ICC_SRV_IT,SALES,2024,2023,0,2024-03-31,INR,0.0
RBI:PRF_LNGNFC_IND_ANN_RN(1.0),N_A,211,AFY,ICC_SRV_IT,SALES,2024,2023,0,2024-03-31,PT,5.491048307871
RBI:PRF_LNGNFC_IND_ANN_RN(1.0),N_A,211,AFY,ICC_SRV_IT,TAX_PROV,2024,2023,0,2024-03-31,INR,0.0
RBI:PRF_LNGNFC_IND_ANN_RN(1.0),N_A,211,AFY,ICC_SRV_IT,TAX_PROV,2024,2023,0,2024-03-31,PT,2.35810266538
RBI:PRF_LNGNFC_IND_ANN_RN(1.0),N_A,927,AFY,ICC_SRV_NON_IT,DEPRC,2024,2023,0,2024-03-31,INR,844808900000
RBI:PRF_LNGNFC_IND_ANN_RN(1.0),N_A,927,AFY,ICC_SRV_NON_IT,DEPRC,2024,2023,0,2024-03-31,PT,8.566790812067
RBI:PRF_LNGNFC_IND_ANN_RN(1.0),N_A,927,AFY,ICC_SRV_NON_IT,EBITDA,2024,2023,0,2024-03-31,INR,1902330200000
RBI:PRF_LNGNFC_IND_ANN_RN(1.0),N_A,927,AFY,ICC_SRV_NON_IT,EBITDA,2024,2023,0,2024-03-31,PT,24.520623175798
RBI:PRF_LNGNFC_IND_ANN_RN(1.0),N_A,927,AFY,ICC_SRV_NON_IT,EBT_BEFORE_NOP,2024,2023,0,2024-03-31,INR,416150600000
RBI:PRF_LNGNFC_IND_ANN_RN(1.0),N_A,927,AFY,ICC_SRV_NON_IT,EXPD,2024,2023,0,2024-03-31,INR,5790230300000
RBI:PRF_LNGNFC_IND_ANN_RN(1.0),N_A,927,AFY,ICC_SRV_NON_IT,EXPD,2024,2023,0,2024-03-31,PT,2.623105298798
RBI:PRF_LNGNFC_IND_ANN_RN(1.0),N_A,927,AFY,ICC_SRV_NON_IT,EXPD_OTH,2024,2023,0,2024-03-31,INR,4327063100000
RBI:PRF_LNGNFC_IND_ANN_RN(1.0),N_A,927,AFY,ICC_SRV_NON_IT,EXPD_PNF,2024,2023,0,2024-03-31,INR,357230800000
RBI:PRF_LNGNFC_IND_ANN_RN(1.0),N_A,927,AFY,ICC_SRV_NON_IT,EXPD_PNF,2024,2023,0,2024-03-31,PT,1.900136777444
RBI:PRF_LNGNFC_IND_ANN_RN(1.0),N_A,927,AFY,ICC_SRV_NON_IT,EXPD_RAW_MATR,2024,2023,0,2024-03-31,INR,312152100000
RBI:PRF_LNGNFC_IND_ANN_RN(1.0),N_A,927,AFY,ICC_SRV_NON_IT,EXPD_RAW_MATR,2024,2023,0,2024-03-31,PT,4.284471022542
RBI:PRF_LNGNFC_IND_ANN_RN(1.0),N_A,927,AFY,ICC_SRV_NON_IT,EXPD_STAFF_COST,2024,2023,0,2024-03-31,INR,793784300000
RBI:PRF_LNGNFC_IND_ANN_RN(1.0),N_A,927,AFY,ICC_SRV_NON_IT,EXPD_STAFF_COST,2024,2023,0,2024-03-31,PT,15.59544115649
RBI:PRF_LNGNFC_IND_ANN_RN(1.0),N_A,927,AFY,ICC_SRV_NON_IT,GROSS_PFT_EBIT,2024,2023,0,2024-03-31,INR,1057521300000
RBI:PRF_LNGNFC_IND_ANN_RN(1.0),N_A,927,AFY,ICC_SRV_NON_IT,GROSS_PFT_EBIT,2024,2023,0,2024-03-31,PT,41.082542230858
RBI:PRF_LNGNFC_IND_ANN_RN(1.0),N_A,927,AFY,ICC_SRV_NON_IT,INT,2024,2023,0,2024-03-31,INR,641370700000
RBI:PRF_LNGNFC_IND_ANN_RN(1.0),N_A,927,AFY,ICC_SRV_NON_IT,INT,2024,2023,0,2024-03-31,PT,6.048846868655
RBI:PRF_LNGNFC_IND_ANN_RN(1.0),N_A,927,AFY,ICC_SRV_NON_IT,NET_PFT,2024,2023,0,2024-03-31,INR,151600400000
RBI:PRF_LNGNFC_IND_ANN_RN(1.0),N_A,927,AFY,ICC_SRV_NON_IT,OPR_PFT,2024,2023,0,2024-03-31,INR,1661333000000
RBI:PRF_LNGNFC_IND_ANN_RN(1.0),N_A,927,AFY,ICC_SRV_NON_IT,OPR_PFT,2024,2023,0,2024-03-31,PT,27.916543985847
RBI:PRF_LNGNFC_IND_ANN_RN(1.0),N_A,927,AFY,ICC_SRV_NON_IT,OTH_INC,2024,2023,0,2024-03-31,INR,240997200000
RBI:PRF_LNGNFC_IND_ANN_RN(1.0),N_A,927,AFY,ICC_SRV_NON_IT,OTH_INC,2024,2023,0,2024-03-31,PT,5.257429470152
RBI:PRF_LNGNFC_IND_ANN_RN(1.0),N_A,927,AFY,ICC_SRV_NON_IT,SALES,2024,2023,0,2024-03-31,INR,7431027500000
RBI:PRF_LNGNFC_IND_ANN_RN(1.0),N_A,927,AFY,ICC_SRV_NON_IT,SALES,2024,2023,0,2024-03-31,PT,7.939013622635
RBI:PRF_LNGNFC_IND_ANN_RN(1.0),N_A,927,AFY,ICC_SRV_NON_IT,TAX_PROV,2024,2023,0,2024-03-31,INR,145272900000
RBI:PRF_LNGNFC_IND_ANN_RN(1.0),N_A,927,AFY,ICC_SRV_NON_IT,TAX_PROV,2024,2023,0,2024-03-31,PT,34.225100433518
RBI:PRF_LNGNFC_IND_ANN_RN(1.0),N_A,2055,AFY,ICC_MANF,DEPRC,2025,2024,0,2025-03-31,INR,1437654300000
RBI:PRF_LNGNFC_IND_ANN_RN(1.0),N_A,2055,AFY,ICC_MANF,DEPRC,2025,2024,0,2025-03-31,PT,8.24476849889
RBI:PRF_LNGNFC_IND_ANN_RN(1.0),N_A,2055,AFY,ICC_MANF,EBITDA,2025,2024,0,2025-03-31,INR,7630732800000
RBI:PRF_LNGNFC_IND_ANN_RN(1.0),N_A,2055,AFY,ICC_MANF,EBITDA,2025,2024,0,2025-03-31,PT,8.206649293912
RBI:PRF_LNGNFC_IND_ANN_RN(1.0),N_A,2055,AFY,ICC_MANF,EBT_BEFORE_NOP,2025,2024,0,2025-03-31,INR,5406325500000
RBI:PRF_LNGNFC_IND_ANN_RN(1.0),N_A,2055,AFY,ICC_MANF,EBT_BEFORE_NOP,2025,2024,0,2025-03-31,PT,9.622859844419
RBI:PRF_LNGNFC_IND_ANN_RN(1.0),N_A,2055,AFY,ICC_MANF,EXPD,2025,2024,0,2025-03-31,INR,39614753900000
RBI:PRF_LNGNFC_IND_ANN_RN(1.0),N_A,2055,AFY,ICC_MANF,EXPD,2025,2024,0,2025-03-31,PT,6.537504328222
RBI:PRF_LNGNFC_IND_ANN_RN(1.0),N_A,2055,AFY,ICC_MANF,EXPD_OTH,2025,2024,0,2025-03-31,INR,10660110100000
RBI:PRF_LNGNFC_IND_ANN_RN(1.0),N_A,2055,AFY,ICC_MANF,EXPD_PNF,2025,2024,0,2025-03-31,INR,1170693500000
RBI:PRF_LNGNFC_IND_ANN_RN(1.0),N_A,2055,AFY,ICC_MANF,EXPD_PNF,2025,2024,0,2025-03-31,PT,-6.421665978567
RBI:PRF_LNGNFC_IND_ANN_RN(1.0),N_A,2055,AFY,ICC_MANF,EXPD_RAW_MATR,2025,2024,0,2025-03-31,INR,25214067500000
RBI:PRF_LNGNFC_IND_ANN_RN(1.0),N_A,2055,AFY,ICC_MANF,EXPD_RAW_MATR,2025,2024,0,2025-03-31,PT,6.561799751034
RBI:PRF_LNGNFC_IND_ANN_RN(1.0),N_A,2055,AFY,ICC_MANF,EXPD_STAFF_COST,2025,2024,0,2025-03-31,INR,2569882800000
RBI:PRF_LNGNFC_IND_ANN_RN(1.0),N_A,2055,AFY,ICC_MANF,EXPD_STAFF_COST,2025,2024,0,2025-03-31,PT,9.984595890677
RBI:PRF_LNGNFC_IND_ANN_RN(1.0),N_A,2055,AFY,ICC_MANF,GROSS_PFT_EBIT,2025,2024,0,2025-03-31,INR,6193078500000
RBI:PRF_LNGNFC_IND_ANN_RN(1.0),N_A,2055,AFY,ICC_MANF,GROSS_PFT_EBIT,2025,2024,0,2025-03-31,PT,8.19780418371
RBI:PRF_LNGNFC_IND_ANN_RN(1.0),N_A,2055,AFY,ICC_MANF,INT,2025,2024,0,2025-03-31,INR,786753000000
RBI:PRF_LNGNFC_IND_ANN_RN(1.0),N_A,2055,AFY,ICC_MANF,INT,2025,2024,0,2025-03-31,PT,-0.674852938113
RBI:PRF_LNGNFC_IND_ANN_RN(1.0),N_A,2055,AFY,ICC_MANF,NET_PFT,2025,2024,0,2025-03-31,INR,4387380900000
RBI:PRF_LNGNFC_IND_ANN_RN(1.0),N_A,2055,AFY,ICC_MANF,NET_PFT,2025,2024,0,2025-03-31,PT,12.190476292761
RBI:PRF_LNGNFC_IND_ANN_RN(1.0),N_A,2055,AFY,ICC_MANF,OPR_PFT,2025,2024,0,2025-03-31,INR,6482812000000
RBI:PRF_LNGNFC_IND_ANN_RN(1.0),N_A,2055,AFY,ICC_MANF,OPR_PFT,2025,2024,0,2025-03-31,PT,5.967366596816
RBI:PRF_LNGNFC_IND_ANN_RN(1.0),N_A,2055,AFY,ICC_MANF,OTH_INC,2025,2024,0,2025-03-31,INR,1147920800000
RBI:PRF_LNGNFC_IND_ANN_RN(1.0),N_A,2055,AFY,ICC_MANF,OTH_INC,2025,2024,0,2025-03-31,PT,22.870035314728
RBI:PRF_LNGNFC_IND_ANN_RN(1.0),N_A,2055,AFY,ICC_MANF,SALES,2025,2024,0,2025-03-31,INR,45688945400000
RBI:PRF_LNGNFC_IND_ANN_RN(1.0),N_A,2055,AFY,ICC_MANF,SALES,2025,2024,0,2025-03-31,PT,6.017292689717
RBI:PRF_LNGNFC_IND_ANN_RN(1.0),N_A,2055,AFY,ICC_MANF,TAX_PROV,2025,2024,0,2025-03-31,INR,1151879000000
RBI:PRF_LNGNFC_IND_ANN_RN(1.0),N_A,2055,AFY,ICC_MANF,TAX_PROV,2025,2024,0,2025-03-31,PT,4.525361904906
RBI:PRF_LNGNFC_IND_ANN_RN(1.0),N_A,255,AFY,ICC_SRV_IT,DEPRC,2025,2024,0,2025-03-31,INR,0.0
RBI:PRF_LNGNFC_IND_ANN_RN(1.0),N_A,255,AFY,ICC_SRV_IT,DEPRC,2025,2024,0,2025-03-31,PT,1.422820659503
RBI:PRF_LNGNFC_IND_ANN_RN(1.0),N_A,255,AFY,ICC_SRV_IT,EBITDA,2025,2024,0,2025-03-31,INR,0.0
RBI:PRF_LNGNFC_IND_ANN_RN(1.0),N_A,255,AFY,ICC_SRV_IT,EBITDA,2025,2024,0,2025-03-31,PT,7.351771659475
RBI:PRF_LNGNFC_IND_ANN_RN(1.0),N_A,255,AFY,ICC_SRV_IT,EBT_BEFORE_NOP,2025,2024,0,2025-03-31,INR,0.0
RBI:PRF_LNGNFC_IND_ANN_RN(1.0),N_A,255,AFY,ICC_SRV_IT,EBT_BEFORE_NOP,2025,2024,0,2025-03-31,PT,7.907445831255
RBI:PRF_LNGNFC_IND_ANN_RN(1.0),N_A,255,AFY,ICC_SRV_IT,EXPD,2025,2024,0,2025-03-31,INR,0.0
RBI:PRF_LNGNFC_IND_ANN_RN(1.0),N_A,255,AFY,ICC_SRV_IT,EXPD,2025,2024,0,2025-03-31,PT,7.357640579519
RBI:PRF_LNGNFC_IND_ANN_RN(1.0),N_A,255,AFY,ICC_SRV_IT,EXPD_OTH,2025,2024,0,2025-03-31,INR,0.0
RBI:PRF_LNGNFC_IND_ANN_RN(1.0),N_A,255,AFY,ICC_SRV_IT,EXPD_RAW_MATR,2025,2024,0,2025-03-31,INR,0.0
RBI:PRF_LNGNFC_IND_ANN_RN(1.0),N_A,255,AFY,ICC_SRV_IT,EXPD_RAW_MATR,2025,2024,0,2025-03-31,PT,0.659494686905
RBI:PRF_LNGNFC_IND_ANN_RN(1.0),N_A,255,AFY,ICC_SRV_IT,EXPD_STAFF_COST,2025,2024,0,2025-03-31,INR,0.0
RBI:PRF_LNGNFC_IND_ANN_RN(1.0),N_A,255,AFY,ICC_SRV_IT,EXPD_STAFF_COST,2025,2024,0,2025-03-31,PT,4.423919910169
RBI:PRF_LNGNFC_IND_ANN_RN(1.0),N_A,255,AFY,ICC_SRV_IT,GROSS_PFT_EBIT,2025,2024,0,2025-03-31,INR,0.0
RBI:PRF_LNGNFC_IND_ANN_RN(1.0),N_A,255,AFY,ICC_SRV_IT,GROSS_PFT_EBIT,2025,2024,0,2025-03-31,PT,7.973664240105
RBI:PRF_LNGNFC_IND_ANN_RN(1.0),N_A,255,AFY,ICC_SRV_IT,INT,2025,2024,0,2025-03-31,INR,0.0
RBI:PRF_LNGNFC_IND_ANN_RN(1.0),N_A,255,AFY,ICC_SRV_IT,INT,2025,2024,0,2025-03-31,PT,10.939700231509
RBI:PRF_LNGNFC_IND_ANN_RN(1.0),N_A,255,AFY,ICC_SRV_IT,NET_PFT,2025,2024,0,2025-03-31,INR,0.0
RBI:PRF_LNGNFC_IND_ANN_RN(1.0),N_A,255,AFY,ICC_SRV_IT,NET_PFT,2025,2024,0,2025-03-31,PT,6.991699920704
RBI:PRF_LNGNFC_IND_ANN_RN(1.0),N_A,255,AFY,ICC_SRV_IT,OPR_PFT,2025,2024,0,2025-03-31,INR,0.0
RBI:PRF_LNGNFC_IND_ANN_RN(1.0),N_A,255,AFY,ICC_SRV_IT,OPR_PFT,2025,2024,0,2025-03-31,PT,6.092402994479
RBI:PRF_LNGNFC_IND_ANN_RN(1.0),N_A,255,AFY,ICC_SRV_IT,OTH_INC,2025,2024,0,2025-03-31,INR,0.0
RBI:PRF_LNGNFC_IND_ANN_RN(1.0),N_A,255,AFY,ICC_SRV_IT,OTH_INC,2025,2024,0,2025-03-31,PT,13.520619949701
RBI:PRF_LNGNFC_IND_ANN_RN(1.0),N_A,255,AFY,ICC_SRV_IT,SALES,2025,2024,0,2025-03-31,INR,0.0
RBI:PRF_LNGNFC_IND_ANN_RN(1.0),N_A,255,AFY,ICC_SRV_IT,SALES,2025,2024,0,2025-03-31,PT,7.08191567321
RBI:PRF_LNGNFC_IND_ANN_RN(1.0),N_A,255,AFY,ICC_SRV_IT,TAX_PROV,2025,2024,0,2025-03-31,INR,0.0
RBI:PRF_LNGNFC_IND_ANN_RN(1.0),N_A,255,AFY,ICC_SRV_IT,TAX_PROV,2025,2024,0,2025-03-31,PT,20.440033478031
RBI:PRF_LNGNFC_IND_ANN_RN(1.0),N_A,1223,AFY,ICC_SRV_NON_IT,DEPRC,2025,2024,0,2025-03-31,INR,966981800000
RBI:PRF_LNGNFC_IND_ANN_RN(1.0),N_A,1223,AFY,ICC_SRV_NON_IT,DEPRC,2025,2024,0,2025-03-31,PT,8.737497904206
RBI:PRF_LNGNFC_IND_ANN_RN(1.0),N_A,1223,AFY,ICC_SRV_NON_IT,EBITDA,2025,2024,0,2025-03-31,INR,2504088300000
RBI:PRF_LNGNFC_IND_ANN_RN(1.0),N_A,1223,AFY,ICC_SRV_NON_IT,EBITDA,2025,2024,0,2025-03-31,PT,19.516328175492
RBI:PRF_LNGNFC_IND_ANN_RN(1.0),N_A,1223,AFY,ICC_SRV_NON_IT,EBT_BEFORE_NOP,2025,2024,0,2025-03-31,INR,832123000000
RBI:PRF_LNGNFC_IND_ANN_RN(1.0),N_A,1223,AFY,ICC_SRV_NON_IT,EBT_BEFORE_NOP,2025,2024,0,2025-03-31,PT,54.870862004403
RBI:PRF_LNGNFC_IND_ANN_RN(1.0),N_A,1223,AFY,ICC_SRV_NON_IT,EXPD,2025,2024,0,2025-03-31,INR,7542862200000
RBI:PRF_LNGNFC_IND_ANN_RN(1.0),N_A,1223,AFY,ICC_SRV_NON_IT,EXPD,2025,2024,0,2025-03-31,PT,10.751107233977
RBI:PRF_LNGNFC_IND_ANN_RN(1.0),N_A,1223,AFY,ICC_SRV_NON_IT,EXPD_OTH,2025,2024,0,2025-03-31,INR,5714923300000
RBI:PRF_LNGNFC_IND_ANN_RN(1.0),N_A,1223,AFY,ICC_SRV_NON_IT,EXPD_PNF,2025,2024,0,2025-03-31,INR,403173900000
RBI:PRF_LNGNFC_IND_ANN_RN(1.0),N_A,1223,AFY,ICC_SRV_NON_IT,EXPD_PNF,2025,2024,0,2025-03-31,PT,4.143134787299
RBI:PRF_LNGNFC_IND_ANN_RN(1.0),N_A,1223,AFY,ICC_SRV_NON_IT,EXPD_RAW_MATR,2025,2024,0,2025-03-31,INR,443303600000
RBI:PRF_LNGNFC_IND_ANN_RN(1.0),N_A,1223,AFY,ICC_SRV_NON_IT,EXPD_RAW_MATR,2025,2024,0,2025-03-31,PT,11.973601421167
RBI:PRF_LNGNFC_IND_ANN_RN(1.0),N_A,1223,AFY,ICC_SRV_NON_IT,EXPD_STAFF_COST,2025,2024,0,2025-03-31,INR,981461400000
RBI:PRF_LNGNFC_IND_ANN_RN(1.0),N_A,1223,AFY,ICC_SRV_NON_IT,EXPD_STAFF_COST,2025,2024,0,2025-03-31,PT,11.984399383451
RBI:PRF_LNGNFC_IND_ANN_RN(1.0),N_A,1223,AFY,ICC_SRV_NON_IT,GROSS_PFT_EBIT,2025,2024,0,2025-03-31,INR,1537106500000
RBI:PRF_LNGNFC_IND_ANN_RN(1.0),N_A,1223,AFY,ICC_SRV_NON_IT,GROSS_PFT_EBIT,2025,2024,0,2025-03-31,PT,27.465058998882
RBI:PRF_LNGNFC_IND_ANN_RN(1.0),N_A,1223,AFY,ICC_SRV_NON_IT,INT,2025,2024,0,2025-03-31,INR,704983500000
RBI:PRF_LNGNFC_IND_ANN_RN(1.0),N_A,1223,AFY,ICC_SRV_NON_IT,INT,2025,2024,0,2025-03-31,PT,5.441270828878
RBI:PRF_LNGNFC_IND_ANN_RN(1.0),N_A,1223,AFY,ICC_SRV_NON_IT,NET_PFT,2025,2024,0,2025-03-31,INR,735883200000
RBI:PRF_LNGNFC_IND_ANN_RN(1.0),N_A,1223,AFY,ICC_SRV_NON_IT,OPR_PFT,2025,2024,0,2025-03-31,INR,2114676900000
RBI:PRF_LNGNFC_IND_ANN_RN(1.0),N_A,1223,AFY,ICC_SRV_NON_IT,OPR_PFT,2025,2024,0,2025-03-31,PT,15.869837086775
RBI:PRF_LNGNFC_IND_ANN_RN(1.0),N_A,1223,AFY,ICC_SRV_NON_IT,OTH_INC,2025,2024,0,2025-03-31,INR,389411400000
RBI:PRF_LNGNFC_IND_ANN_RN(1.0),N_A,1223,AFY,ICC_SRV_NON_IT,OTH_INC,2025,2024,0,2025-03-31,PT,44.151752480844
RBI:PRF_LNGNFC_IND_ANN_RN(1.0),N_A,1223,AFY,ICC_SRV_NON_IT,SALES,2025,2024,0,2025-03-31,INR,9588408400000
RBI:PRF_LNGNFC_IND_ANN_RN(1.0),N_A,1223,AFY,ICC_SRV_NON_IT,SALES,2025,2024,0,2025-03-31,PT,11.381175078499
RBI:PRF_LNGNFC_IND_ANN_RN(1.0),N_A,1223,AFY,ICC_SRV_NON_IT,TAX_PROV,2025,2024,0,2025-03-31,INR,170854400000
RBI:PRF_LNGNFC_IND_ANN_RN(1.0),N_A,1223,AFY,ICC_SRV_NON_IT,TAX_PROV,2025,2024,0,2025-03-31,PT,4.925249210241
