DATAFLOW,AUDST,FREQ,INDS_PRI_CHAR_RN,REPYEAREND,REPYEARSTART,UNIT_MULT,TIME_PERIOD,UNIT_MEASURE,OBS_VALUE
RBI:ANN_SURV_INDS_RN(1.0),N_A,AFY,ADD_STC_FIN_GDS,1991,1990,0,1991-03-31,PN,30760000000
RBI:ANN_SURV_INDS_RN(1.0),N_A,AFY,ADD_STC_MAT_FUEL,1991,1990,0,1991-03-31,PN,40060000000
RBI:ANN_SURV_INDS_RN(1.0),N_A,AFY,ADD_STC_SEMI_FIN_GDS,1991,1990,0,1991-03-31,PN,11840000000
RBI:ANN_SURV_INDS_RN(1.0),N_A,AFY,DEPREC,1991,1990,0,1991-03-31,INR,100630000000
RBI:ANN_SURV_INDS_RN(1.0),N_A,AFY,FIX_CAP,1991,1990,0,1991-03-31,INR,1336480000000
RBI:ANN_SURV_INDS_RN(1.0),N_A,AFY,FUEL_CONS,1991,1990,0,1991-03-31,PN,209000000000
RBI:ANN_SURV_INDS_RN(1.0),N_A,AFY,GROSS_CAP_FORM,1991,1990,0,1991-03-31,INR,325590000000
RBI:ANN_SURV_INDS_RN(1.0),N_A,AFY,GRS_FXD_CAP_FORM,1991,1990,0,1991-03-31,INR,242930000000
RBI:ANN_SURV_INDS_RN(1.0),N_A,AFY,INT_PAID,1991,1990,0,1991-03-31,INR,148890000000
RBI:ANN_SURV_INDS_RN(1.0),N_A,AFY,INV_CAP,1991,1990,0,1991-03-31,INR,1949130000000
RBI:ANN_SURV_INDS_RN(1.0),N_A,AFY,MAN_DAYS_EMP,1991,1990,0,1991-03-31,PN,2542346000
RBI:ANN_SURV_INDS_RN(1.0),N_A,AFY,MAN_DAYS_WRK,1991,1990,0,1991-03-31,PN,1949506000
RBI:ANN_SURV_INDS_RN(1.0),N_A,AFY,MAT_CONSUMED,1991,1990,0,1991-03-31,PN,1669430000000
RBI:ANN_SURV_INDS_RN(1.0),N_A,AFY,NBR_EMP,1991,1990,0,1991-03-31,PS,8162504.0
RBI:ANN_SURV_INDS_RN(1.0),N_A,AFY,NBR_FACT,1991,1990,0,1991-03-31,PN,110179.0
RBI:ANN_SURV_INDS_RN(1.0),N_A,AFY,NBR_WRKRS,1991,1990,0,1991-03-31,PS,6307143.0
RBI:ANN_SURV_INDS_RN(1.0),N_A,AFY,NET_FIXD_CAPIT_FORMAT,1991,1990,0,1991-03-31,INR,142300000000
RBI:ANN_SURV_INDS_RN(1.0),N_A,AFY,NET_INCOME,1991,1990,0,1991-03-31,INR,357410000000
RBI:ANN_SURV_INDS_RN(1.0),N_A,AFY,NET_VALUE_ADDED,1991,1990,0,1991-03-31,INR,515150000000
RBI:ANN_SURV_INDS_RN(1.0),N_A,AFY,OUT_STND_LNS,1991,1990,0,1991-03-31,INR,1045660000000
RBI:ANN_SURV_INDS_RN(1.0),N_A,AFY,PFT,1991,1990,0,1991-03-31,INR,113890000000
RBI:ANN_SURV_INDS_RN(1.0),N_A,AFY,PROD_BY_PROD,1991,1990,0,1991-03-31,PN,2527570000000
RBI:ANN_SURV_INDS_RN(1.0),N_A,AFY,PRV_OTH_FNDS,1991,1990,0,1991-03-31,INR,21640000000
RBI:ANN_SURV_INDS_RN(1.0),N_A,AFY,RENT_PAID,1991,1990,0,1991-03-31,INR,8850000000
RBI:ANN_SURV_INDS_RN(1.0),N_A,AFY,TOTAL_PERSNS_ENGAGED,1991,1990,0,1991-03-31,PS,8279403.0
RBI:ANN_SURV_INDS_RN(1.0),N_A,AFY,TOT_EMOLUMENTS,1991,1990,0,1991-03-31,INR,205860000000
RBI:ANN_SURV_INDS_RN(1.0),N_A,AFY,TOT_INPUTS,1991,1990,0,1991-03-31,PN,2089860000000
RBI:ANN_SURV_INDS_RN(1.0),N_A,AFY,TTL_ADN_STOCK,1991,1990,0,1991-03-31,PN,82660000000
RBI:ANN_SURV_INDS_RN(1.0),N_A,AFY,VAL_OF_OUTPUT,1991,1990,0,1991-03-31,INR,2705640000000
RBI:ANN_SURV_INDS_RN(1.0),N_A,AFY,WGS_TO_WRKRS,1991,1990,0,1991-03-31,INR,131920000000
RBI:ANN_SURV_INDS_RN(1.0),N_A,AFY,WRK_CAP,1991,1990,0,1991-03-31,INR,425200000000
RBI:ANN_SURV_INDS_RN(1.0),N_A,AFY,WRK_STAF_WELF_EXPENS,1991,1990,0,1991-03-31,INR,16010000000
RBI:ANN_SURV_INDS_RN(1.0),N_A,AFY,ADD_STC_FIN_GDS,1992,1991,0,1992-03-31,PN,36660000000
RBI:ANN_SURV_INDS_RN(1.0),N_A,AFY,ADD_STC_MAT_FUEL,1992,1991,0,1992-03-31,PN,27430000000
RBI:ANN_SURV_INDS_RN(1.0),N_A,AFY,ADD_STC_SEMI_FIN_GDS,1992,1991,0,1992-03-31,PN,14250000000
RBI:ANN_SURV_INDS_RN(1.0),N_A,AFY,DEPREC,1992,1991,0,1992-03-31,INR,113410000000
RBI:ANN_SURV_INDS_RN(1.0),N_A,AFY,FIX_CAP,1992,1991,0,1992-03-31,INR,1519020000000
RBI:ANN_SURV_INDS_RN(1.0),N_A,AFY,FUEL_CONS,1992,1991,0,1992-03-31,PN,240560000000
RBI:ANN_SURV_INDS_RN(1.0),N_A,AFY,GROSS_CAP_FORM,1992,1991,0,1992-03-31,INR,384450000000
RBI:ANN_SURV_INDS_RN(1.0),N_A,AFY,GRS_FXD_CAP_FORM,1992,1991,0,1992-03-31,INR,306100000000
RBI:ANN_SURV_INDS_RN(1.0),N_A,AFY,INT_PAID,1992,1991,0,1992-03-31,INR,188120000000
RBI:ANN_SURV_INDS_RN(1.0),N_A,AFY,INV_CAP,1992,1991,0,1992-03-31,INR,2212340000000
RBI:ANN_SURV_INDS_RN(1.0),N_A,AFY,MAN_DAYS_EMP,1992,1991,0,1992-03-31,PN,2557384000
RBI:ANN_SURV_INDS_RN(1.0),N_A,AFY,MAN_DAYS_WRK,1992,1991,0,1992-03-31,PN,1935646000
RBI:ANN_SURV_INDS_RN(1.0),N_A,AFY,MAT_CONSUMED,1992,1991,0,1992-03-31,PN,1854080000000
RBI:ANN_SURV_INDS_RN(1.0),N_A,AFY,NBR_EMP,1992,1991,0,1992-03-31,PS,8193590.0
RBI:ANN_SURV_INDS_RN(1.0),N_A,AFY,NBR_FACT,1992,1991,0,1992-03-31,PN,112286.0
RBI:ANN_SURV_INDS_RN(1.0),N_A,AFY,NBR_WRKRS,1992,1991,0,1992-03-31,PS,6269039.0
RBI:ANN_SURV_INDS_RN(1.0),N_A,AFY,NET_FIXD_CAPIT_FORMAT,1992,1991,0,1992-03-31,INR,192690000000
RBI:ANN_SURV_INDS_RN(1.0),N_A,AFY,NET_INCOME,1992,1991,0,1992-03-31,INR,348240000000
RBI:ANN_SURV_INDS_RN(1.0),N_A,AFY,NET_VALUE_ADDED,1992,1991,0,1992-03-31,INR,548270000000
RBI:ANN_SURV_INDS_RN(1.0),N_A,AFY,OUT_STND_LNS,1992,1991,0,1992-03-31,INR,1101870000000
RBI:ANN_SURV_INDS_RN(1.0),N_A,AFY,PFT,1992,1991,0,1992-03-31,INR,96350000000
RBI:ANN_SURV_INDS_RN(1.0),N_A,AFY,PROD_BY_PROD,1992,1991,0,1992-03-31,PN,2796080000000
RBI:ANN_SURV_INDS_RN(1.0),N_A,AFY,PRV_OTH_FNDS,1992,1991,0,1992-03-31,INR,23640000000
RBI:ANN_SURV_INDS_RN(1.0),N_A,AFY,RENT_PAID,1992,1991,0,1992-03-31,INR,11910000000
RBI:ANN_SURV_INDS_RN(1.0),N_A,AFY,TOTAL_PERSNS_ENGAGED,1992,1991,0,1992-03-31,PS,8319563.0
RBI:ANN_SURV_INDS_RN(1.0),N_A,AFY,TOT_EMOLUMENTS,1992,1991,0,1992-03-31,INR,209700000000
RBI:ANN_SURV_INDS_RN(1.0),N_A,AFY,TOT_INPUTS,1992,1991,0,1992-03-31,PN,2330280000000
RBI:ANN_SURV_INDS_RN(1.0),N_A,AFY,TTL_ADN_STOCK,1992,1991,0,1992-03-31,PN,78340000000
RBI:ANN_SURV_INDS_RN(1.0),N_A,AFY,VAL_OF_OUTPUT,1992,1991,0,1992-03-31,INR,2991960000000
RBI:ANN_SURV_INDS_RN(1.0),N_A,AFY,WGS_TO_WRKRS,1992,1991,0,1992-03-31,INR,135830000000
RBI:ANN_SURV_INDS_RN(1.0),N_A,AFY,WRK_CAP,1992,1991,0,1992-03-31,INR,444680000000
RBI:ANN_SURV_INDS_RN(1.0),N_A,AFY,WRK_STAF_WELF_EXPENS,1992,1991,0,1992-03-31,INR,18540000000
RBI:ANN_SURV_INDS_RN(1.0),N_A,AFY,ADD_STC_FIN_GDS,1993,1992,0,1993-03-31,PN,67910000000
RBI:ANN_SURV_INDS_RN(1.0),N_A,AFY,ADD_STC_MAT_FUEL,1993,1992,0,1993-03-31,PN,121050000000
RBI:ANN_SURV_INDS_RN(1.0),N_A,AFY,ADD_STC_SEMI_FIN_GDS,1993,1992,0,1993-03-31,PN,15110000000
RBI:ANN_SURV_INDS_RN(1.0),N_A,AFY,DEPREC,1993,1992,0,1993-03-31,INR,144230000000
RBI:ANN_SURV_INDS_RN(1.0),N_A,AFY,FIX_CAP,1993,1992,0,1993-03-31,INR,1928710000000
RBI:ANN_SURV_INDS_RN(1.0),N_A,AFY,FUEL_CONS,1993,1992,0,1993-03-31,PN,310730000000
RBI:ANN_SURV_INDS_RN(1.0),N_A,AFY,GROSS_CAP_FORM,1993,1992,0,1993-03-31,INR,564470000000
RBI:ANN_SURV_INDS_RN(1.0),N_A,AFY,GRS_FXD_CAP_FORM,1993,1992,0,1993-03-31,INR,360410000000
RBI:ANN_SURV_INDS_RN(1.0),N_A,AFY,INT_PAID,1993,1992,0,1993-03-31,INR,226240000000
RBI:ANN_SURV_INDS_RN(1.0),N_A,AFY,INV_CAP,1993,1992,0,1993-03-31,INR,2777290000000
RBI:ANN_SURV_INDS_RN(1.0),N_A,AFY,MAN_DAYS_EMP,1993,1992,0,1993-03-31,PN,2715117000
RBI:ANN_SURV_INDS_RN(1.0),N_A,AFY,MAN_DAYS_WRK,1993,1992,0,1993-03-31,PN,2040458000
RBI:ANN_SURV_INDS_RN(1.0),N_A,AFY,MAT_CONSUMED,1993,1992,0,1993-03-31,PN,2236940000000
RBI:ANN_SURV_INDS_RN(1.0),N_A,AFY,NBR_EMP,1993,1992,0,1993-03-31,PS,8704947.0
RBI:ANN_SURV_INDS_RN(1.0),N_A,AFY,NBR_FACT,1993,1992,0,1993-03-31,PN,119494.0
RBI:ANN_SURV_INDS_RN(1.0),N_A,AFY,NBR_WRKRS,1993,1992,0,1993-03-31,PS,6649310.0
RBI:ANN_SURV_INDS_RN(1.0),N_A,AFY,NET_FIXD_CAPIT_FORMAT,1993,1992,0,1993-03-31,INR,216180000000
RBI:ANN_SURV_INDS_RN(1.0),N_A,AFY,NET_INCOME,1993,1992,0,1993-03-31,INR,472220000000
RBI:ANN_SURV_INDS_RN(1.0),N_A,AFY,NET_VALUE_ADDED,1993,1992,0,1993-03-31,INR,712480000000
RBI:ANN_SURV_INDS_RN(1.0),N_A,AFY,OUT_STND_LNS,1993,1992,0,1993-03-31,INR,1612870000000
RBI:ANN_SURV_INDS_RN(1.0),N_A,AFY,PFT,1993,1992,0,1993-03-31,INR,145370000000
RBI:ANN_SURV_INDS_RN(1.0),N_A,AFY,PROD_BY_PROD,1993,1992,0,1993-03-31,PN,3422500000000
RBI:ANN_SURV_INDS_RN(1.0),N_A,AFY,PRV_OTH_FNDS,1993,1992,0,1993-03-31,INR,28430000000
RBI:ANN_SURV_INDS_RN(1.0),N_A,AFY,RENT_PAID,1993,1992,0,1993-03-31,INR,14010000000
RBI:ANN_SURV_INDS_RN(1.0),N_A,AFY,TOTAL_PERSNS_ENGAGED,1993,1992,0,1993-03-31,PS,8835952.0
RBI:ANN_SURV_INDS_RN(1.0),N_A,AFY,TOT_EMOLUMENTS,1993,1992,0,1993-03-31,INR,275600000000
RBI:ANN_SURV_INDS_RN(1.0),N_A,AFY,TOT_INPUTS,1993,1992,0,1993-03-31,PN,2829430000000
RBI:ANN_SURV_INDS_RN(1.0),N_A,AFY,TTL_ADN_STOCK,1993,1992,0,1993-03-31,PN,204060000000
RBI:ANN_SURV_INDS_RN(1.0),N_A,AFY,VAL_OF_OUTPUT,1993,1992,0,1993-03-31,INR,3686140000000
RBI:ANN_SURV_INDS_RN(1.0),N_A,AFY,WGS_TO_WRKRS,1993,1992,0,1993-03-31,INR,168310000000
RBI:ANN_SURV_INDS_RN(1.0),N_A,AFY,WRK_CAP,1993,1992,0,1993-03-31,INR,624900000000
RBI:ANN_SURV_INDS_RN(1.0),N_A,AFY,WRK_STAF_WELF_EXPENS,1993,1992,0,1993-03-31,INR,22830000000
RBI:ANN_SURV_INDS_RN(1.0),N_A,AFY,ADD_STC_FIN_GDS,1994,1993,0,1994-03-31,PN,11270000000
RBI:ANN_SURV_INDS_RN(1.0),N_A,AFY,ADD_STC_MAT_FUEL,1994,1993,0,1994-03-31,PN,36880000000
RBI:ANN_SURV_INDS_RN(1.0),N_A,AFY,ADD_STC_SEMI_FIN_GDS,1994,1993,0,1994-03-31,PN,7020000000
RBI:ANN_SURV_INDS_RN(1.0),N_A,AFY,DEPREC,1994,1993,0,1994-03-31,INR,164550000000
RBI:ANN_SURV_INDS_RN(1.0),N_A,AFY,FIX_CAP,1994,1993,0,1994-03-31,INR,2244130000000
RBI:ANN_SURV_INDS_RN(1.0),N_A,AFY,FUEL_CONS,1994,1993,0,1994-03-31,PN,337250000000
RBI:ANN_SURV_INDS_RN(1.0),N_A,AFY,GROSS_CAP_FORM,1994,1993,0,1994-03-31,INR,327410000000
RBI:ANN_SURV_INDS_RN(1.0),N_A,AFY,GRS_FXD_CAP_FORM,1994,1993,0,1994-03-31,INR,272230000000
RBI:ANN_SURV_INDS_RN(1.0),N_A,AFY,INT_PAID,1994,1993,0,1994-03-31,INR,234550000000
RBI:ANN_SURV_INDS_RN(1.0),N_A,AFY,INV_CAP,1994,1993,0,1994-03-31,INR,3205470000000
RBI:ANN_SURV_INDS_RN(1.0),N_A,AFY,MAN_DAYS_EMP,1994,1993,0,1994-03-31,PN,2726927000
RBI:ANN_SURV_INDS_RN(1.0),N_A,AFY,MAN_DAYS_WRK,1994,1993,0,1994-03-31,PN,2045434000
RBI:ANN_SURV_INDS_RN(1.0),N_A,AFY,MAT_CONSUMED,1994,1993,0,1994-03-31,PN,2548260000000
RBI:ANN_SURV_INDS_RN(1.0),N_A,AFY,NBR_EMP,1994,1993,0,1994-03-31,PS,8707909.0
RBI:ANN_SURV_INDS_RN(1.0),N_A,AFY,NBR_FACT,1994,1993,0,1994-03-31,PN,121594.0
RBI:ANN_SURV_INDS_RN(1.0),N_A,AFY,NBR_WRKRS,1994,1993,0,1994-03-31,PS,6632323.0
RBI:ANN_SURV_INDS_RN(1.0),N_A,AFY,NET_FIXD_CAPIT_FORMAT,1994,1993,0,1994-03-31,INR,107680000000
RBI:ANN_SURV_INDS_RN(1.0),N_A,AFY,NET_INCOME,1994,1993,0,1994-03-31,INR,631650000000
RBI:ANN_SURV_INDS_RN(1.0),N_A,AFY,NET_VALUE_ADDED,1994,1993,0,1994-03-31,INR,884340000000
RBI:ANN_SURV_INDS_RN(1.0),N_A,AFY,OUT_STND_LNS,1994,1993,0,1994-03-31,INR,1627130000000
RBI:ANN_SURV_INDS_RN(1.0),N_A,AFY,PFT,1994,1993,0,1994-03-31,INR,285990000000
RBI:ANN_SURV_INDS_RN(1.0),N_A,AFY,PROD_BY_PROD,1994,1993,0,1994-03-31,PN,3929600000000
RBI:ANN_SURV_INDS_RN(1.0),N_A,AFY,PRV_OTH_FNDS,1994,1993,0,1994-03-31,INR,33780000000
RBI:ANN_SURV_INDS_RN(1.0),N_A,AFY,RENT_PAID,1994,1993,0,1994-03-31,INR,18130000000
RBI:ANN_SURV_INDS_RN(1.0),N_A,AFY,TOTAL_PERSNS_ENGAGED,1994,1993,0,1994-03-31,PS,8837716.0
RBI:ANN_SURV_INDS_RN(1.0),N_A,AFY,TOT_EMOLUMENTS,1994,1993,0,1994-03-31,INR,286400000000
RBI:ANN_SURV_INDS_RN(1.0),N_A,AFY,TOT_INPUTS,1994,1993,0,1994-03-31,PN,3208550000000
RBI:ANN_SURV_INDS_RN(1.0),N_A,AFY,TTL_ADN_STOCK,1994,1993,0,1994-03-31,PN,55170000000
RBI:ANN_SURV_INDS_RN(1.0),N_A,AFY,VAL_OF_OUTPUT,1994,1993,0,1994-03-31,INR,4257440000000
RBI:ANN_SURV_INDS_RN(1.0),N_A,AFY,WGS_TO_WRKRS,1994,1993,0,1994-03-31,INR,175970000000
RBI:ANN_SURV_INDS_RN(1.0),N_A,AFY,WRK_CAP,1994,1993,0,1994-03-31,INR,871090000000
RBI:ANN_SURV_INDS_RN(1.0),N_A,AFY,WRK_STAF_WELF_EXPENS,1994,1993,0,1994-03-31,INR,25500000000
RBI:ANN_SURV_INDS_RN(1.0),N_A,AFY,ADD_STC_FIN_GDS,1995,1994,0,1995-03-31,PN,54370000000
RBI:ANN_SURV_INDS_RN(1.0),N_A,AFY,ADD_STC_MAT_FUEL,1995,1994,0,1995-03-31,PN,101580000000
RBI:ANN_SURV_INDS_RN(1.0),N_A,AFY,ADD_STC_SEMI_FIN_GDS,1995,1994,0,1995-03-31,PN,20510000000
RBI:ANN_SURV_INDS_RN(1.0),N_A,AFY,DEPREC,1995,1994,0,1995-03-31,INR,186750000000
RBI:ANN_SURV_INDS_RN(1.0),N_A,AFY,FIX_CAP,1995,1994,0,1995-03-31,INR,2776450000000
RBI:ANN_SURV_INDS_RN(1.0),N_A,AFY,FUEL_CONS,1995,1994,0,1995-03-31,PN,403910000000
RBI:ANN_SURV_INDS_RN(1.0),N_A,AFY,GROSS_CAP_FORM,1995,1994,0,1995-03-31,INR,771690000000
RBI:ANN_SURV_INDS_RN(1.0),N_A,AFY,GRS_FXD_CAP_FORM,1995,1994,0,1995-03-31,INR,595220000000
RBI:ANN_SURV_INDS_RN(1.0),N_A,AFY,INT_PAID,1995,1994,0,1995-03-31,INR,267820000000
RBI:ANN_SURV_INDS_RN(1.0),N_A,AFY,INV_CAP,1995,1994,0,1995-03-31,INR,3875350000000
RBI:ANN_SURV_INDS_RN(1.0),N_A,AFY,MAN_DAYS_EMP,1995,1994,0,1995-03-31,PN,2854829000
RBI:ANN_SURV_INDS_RN(1.0),N_A,AFY,MAN_DAYS_WRK,1995,1994,0,1995-03-31,PN,2163012000
RBI:ANN_SURV_INDS_RN(1.0),N_A,AFY,MAT_CONSUMED,1995,1994,0,1995-03-31,PN,3116750000000
RBI:ANN_SURV_INDS_RN(1.0),N_A,AFY,NBR_EMP,1995,1994,0,1995-03-31,PS,9102407.0
RBI:ANN_SURV_INDS_RN(1.0),N_A,AFY,NBR_FACT,1995,1994,0,1995-03-31,PN,123010.0
RBI:ANN_SURV_INDS_RN(1.0),N_A,AFY,NBR_WRKRS,1995,1994,0,1995-03-31,PS,6970116.0
RBI:ANN_SURV_INDS_RN(1.0),N_A,AFY,NET_FIXD_CAPIT_FORMAT,1995,1994,0,1995-03-31,INR,408470000000
RBI:ANN_SURV_INDS_RN(1.0),N_A,AFY,NET_INCOME,1995,1994,0,1995-03-31,INR,793900000000
RBI:ANN_SURV_INDS_RN(1.0),N_A,AFY,NET_VALUE_ADDED,1995,1994,0,1995-03-31,INR,1085170000000
RBI:ANN_SURV_INDS_RN(1.0),N_A,AFY,OUT_STND_LNS,1995,1994,0,1995-03-31,INR,2063710000000
RBI:ANN_SURV_INDS_RN(1.0),N_A,AFY,PFT,1995,1994,0,1995-03-31,INR,372080000000
RBI:ANN_SURV_INDS_RN(1.0),N_A,AFY,PROD_BY_PROD,1995,1994,0,1995-03-31,PN,4804180000000
RBI:ANN_SURV_INDS_RN(1.0),N_A,AFY,PRV_OTH_FNDS,1995,1994,0,1995-03-31,INR,37770000000
RBI:ANN_SURV_INDS_RN(1.0),N_A,AFY,RENT_PAID,1995,1994,0,1995-03-31,INR,23450000000
RBI:ANN_SURV_INDS_RN(1.0),N_A,AFY,TOTAL_PERSNS_ENGAGED,1995,1994,0,1995-03-31,PS,9227097.0
RBI:ANN_SURV_INDS_RN(1.0),N_A,AFY,TOT_EMOLUMENTS,1995,1994,0,1995-03-31,INR,353420000000
RBI:ANN_SURV_INDS_RN(1.0),N_A,AFY,TOT_INPUTS,1995,1994,0,1995-03-31,PN,3907950000000
RBI:ANN_SURV_INDS_RN(1.0),N_A,AFY,TTL_ADN_STOCK,1995,1994,0,1995-03-31,PN,176470000000
RBI:ANN_SURV_INDS_RN(1.0),N_A,AFY,VAL_OF_OUTPUT,1995,1994,0,1995-03-31,INR,5179870000000
RBI:ANN_SURV_INDS_RN(1.0),N_A,AFY,WGS_TO_WRKRS,1995,1994,0,1995-03-31,INR,220190000000
RBI:ANN_SURV_INDS_RN(1.0),N_A,AFY,WRK_CAP,1995,1994,0,1995-03-31,INR,872960000000
RBI:ANN_SURV_INDS_RN(1.0),N_A,AFY,WRK_STAF_WELF_EXPENS,1995,1994,0,1995-03-31,INR,30640000000
RBI:ANN_SURV_INDS_RN(1.0),N_A,AFY,ADD_STC_FIN_GDS,1996,1995,0,1996-03-31,PN,81200000000
RBI:ANN_SURV_INDS_RN(1.0),N_A,AFY,ADD_STC_MAT_FUEL,1996,1995,0,1996-03-31,PN,99740000000
RBI:ANN_SURV_INDS_RN(1.0),N_A,AFY,ADD_STC_SEMI_FIN_GDS,1996,1995,0,1996-03-31,PN,34100000000
RBI:ANN_SURV_INDS_RN(1.0),N_A,AFY,DEPREC,1996,1995,0,1996-03-31,INR,236260000000
RBI:ANN_SURV_INDS_RN(1.0),N_A,AFY,FIX_CAP,1996,1995,0,1996-03-31,INR,3484680000000
RBI:ANN_SURV_INDS_RN(1.0),N_A,AFY,FUEL_CONS,1996,1995,0,1996-03-31,PN,485090000000
RBI:ANN_SURV_INDS_RN(1.0),N_A,AFY,GROSS_CAP_FORM,1996,1995,0,1996-03-31,INR,906240000000
RBI:ANN_SURV_INDS_RN(1.0),N_A,AFY,GRS_FXD_CAP_FORM,1996,1995,0,1996-03-31,INR,691200000000
RBI:ANN_SURV_INDS_RN(1.0),N_A,AFY,INT_PAID,1996,1995,0,1996-03-31,INR,358880000000
RBI:ANN_SURV_INDS_RN(1.0),N_A,AFY,INV_CAP,1996,1995,0,1996-03-31,INR,4899690000000
RBI:ANN_SURV_INDS_RN(1.0),N_A,AFY,MAN_DAYS_EMP,1996,1995,0,1996-03-31,PN,3196414000
RBI:ANN_SURV_INDS_RN(1.0),N_A,AFY,MAN_DAYS_WRK,1996,1995,0,1996-03-31,PN,2393812000
RBI:ANN_SURV_INDS_RN(1.0),N_A,AFY,MAT_CONSUMED,1996,1995,0,1996-03-31,PN,4103790000000
RBI:ANN_SURV_INDS_RN(1.0),N_A,AFY,NBR_EMP,1996,1995,0,1996-03-31,PS,10044697
RBI:ANN_SURV_INDS_RN(1.0),N_A,AFY,NBR_FACT,1996,1995,0,1996-03-31,PN,134571.0
RBI:ANN_SURV_INDS_RN(1.0),N_A,AFY,NBR_WRKRS,1996,1995,0,1996-03-31,PS,7632297.0
RBI:ANN_SURV_INDS_RN(1.0),N_A,AFY,NET_FIXD_CAPIT_FORMAT,1996,1995,0,1996-03-31,INR,454940000000
RBI:ANN_SURV_INDS_RN(1.0),N_A,AFY,NET_INCOME,1996,1995,0,1996-03-31,INR,996340000000
RBI:ANN_SURV_INDS_RN(1.0),N_A,AFY,NET_VALUE_ADDED,1996,1995,0,1996-03-31,INR,1393970000000
RBI:ANN_SURV_INDS_RN(1.0),N_A,AFY,OUT_STND_LNS,1996,1995,0,1996-03-31,INR,2469340000000
RBI:ANN_SURV_INDS_RN(1.0),N_A,AFY,PFT,1996,1995,0,1996-03-31,INR,440470000000
RBI:ANN_SURV_INDS_RN(1.0),N_A,AFY,PROD_BY_PROD,1996,1995,0,1996-03-31,PN,6211290000000
RBI:ANN_SURV_INDS_RN(1.0),N_A,AFY,PRV_OTH_FNDS,1996,1995,0,1996-03-31,INR,47120000000
RBI:ANN_SURV_INDS_RN(1.0),N_A,AFY,RENT_PAID,1996,1995,0,1996-03-31,INR,38750000000
RBI:ANN_SURV_INDS_RN(1.0),N_A,AFY,TOTAL_PERSNS_ENGAGED,1996,1995,0,1996-03-31,PS,10222169
RBI:ANN_SURV_INDS_RN(1.0),N_A,AFY,TOT_EMOLUMENTS,1996,1995,0,1996-03-31,INR,451160000000
RBI:ANN_SURV_INDS_RN(1.0),N_A,AFY,TOT_INPUTS,1996,1995,0,1996-03-31,PN,5074910000000
RBI:ANN_SURV_INDS_RN(1.0),N_A,AFY,TTL_ADN_STOCK,1996,1995,0,1996-03-31,PN,215040000000
RBI:ANN_SURV_INDS_RN(1.0),N_A,AFY,VAL_OF_OUTPUT,1996,1995,0,1996-03-31,INR,6705140000000
RBI:ANN_SURV_INDS_RN(1.0),N_A,AFY,WGS_TO_WRKRS,1996,1995,0,1996-03-31,INR,279700000000
RBI:ANN_SURV_INDS_RN(1.0),N_A,AFY,WRK_CAP,1996,1995,0,1996-03-31,INR,1076630000000
RBI:ANN_SURV_INDS_RN(1.0),N_A,AFY,WRK_STAF_WELF_EXPENS,1996,1995,0,1996-03-31,INR,57590000000
RBI:ANN_SURV_INDS_RN(1.0),N_A,AFY,ADD_STC_FIN_GDS,1997,1996,0,1997-03-31,PN,75000000000
RBI:ANN_SURV_INDS_RN(1.0),N_A,AFY,ADD_STC_MAT_FUEL,1997,1996,0,1997-03-31,PN,51070000000
RBI:ANN_SURV_INDS_RN(1.0),N_A,AFY,ADD_STC_SEMI_FIN_GDS,1997,1996,0,1997-03-31,PN,11590000000
RBI:ANN_SURV_INDS_RN(1.0),N_A,AFY,DEPREC,1997,1996,0,1997-03-31,INR,275350000000
RBI:ANN_SURV_INDS_RN(1.0),N_A,AFY,FIX_CAP,1997,1996,0,1997-03-31,INR,3800440000000
RBI:ANN_SURV_INDS_RN(1.0),N_A,AFY,FUEL_CONS,1997,1996,0,1997-03-31,PN,546470000000
RBI:ANN_SURV_INDS_RN(1.0),N_A,AFY,GROSS_CAP_FORM,1997,1996,0,1997-03-31,INR,937030000000
RBI:ANN_SURV_INDS_RN(1.0),N_A,AFY,GRS_FXD_CAP_FORM,1997,1996,0,1997-03-31,INR,799370000000
RBI:ANN_SURV_INDS_RN(1.0),N_A,AFY,INT_PAID,1997,1996,0,1997-03-31,INR,399440000000
RBI:ANN_SURV_INDS_RN(1.0),N_A,AFY,INV_CAP,1997,1996,0,1997-03-31,INR,5221540000000
RBI:ANN_SURV_INDS_RN(1.0),N_A,AFY,MAN_DAYS_EMP,1997,1996,0,1997-03-31,PN,3037414000
RBI:ANN_SURV_INDS_RN(1.0),N_A,AFY,MAN_DAYS_WRK,1997,1996,0,1997-03-31,PN,2303625000
RBI:ANN_SURV_INDS_RN(1.0),N_A,AFY,MAT_CONSUMED,1997,1996,0,1997-03-31,PN,4082030000000
RBI:ANN_SURV_INDS_RN(1.0),N_A,AFY,NBR_EMP,1997,1996,0,1997-03-31,PS,9448643.0
RBI:ANN_SURV_INDS_RN(1.0),N_A,AFY,NBR_FACT,1997,1996,0,1997-03-31,PN,132814.0
RBI:ANN_SURV_INDS_RN(1.0),N_A,AFY,NBR_WRKRS,1997,1996,0,1997-03-31,PS,7208143.0
RBI:ANN_SURV_INDS_RN(1.0),N_A,AFY,NET_FIXD_CAPIT_FORMAT,1997,1996,0,1997-03-31,INR,524610000000
RBI:ANN_SURV_INDS_RN(1.0),N_A,AFY,NET_INCOME,1997,1996,0,1997-03-31,INR,988650000000
RBI:ANN_SURV_INDS_RN(1.0),N_A,AFY,NET_VALUE_ADDED,1997,1996,0,1997-03-31,INR,1573590000000
RBI:ANN_SURV_INDS_RN(1.0),N_A,AFY,OUT_STND_LNS,1997,1996,0,1997-03-31,INR,2596090000000
RBI:ANN_SURV_INDS_RN(1.0),N_A,AFY,PFT,1997,1996,0,1997-03-31,INR,419780000000
RBI:ANN_SURV_INDS_RN(1.0),N_A,AFY,PROD_BY_PROD,1997,1996,0,1997-03-31,PN,6450660000000
RBI:ANN_SURV_INDS_RN(1.0),N_A,AFY,PRV_OTH_FNDS,1997,1996,0,1997-03-31,INR,53780000000
RBI:ANN_SURV_INDS_RN(1.0),N_A,AFY,RENT_PAID,1997,1996,0,1997-03-31,INR,42620000000
RBI:ANN_SURV_INDS_RN(1.0),N_A,AFY,TOTAL_PERSNS_ENGAGED,1997,1996,0,1997-03-31,PS,9536282.0
RBI:ANN_SURV_INDS_RN(1.0),N_A,AFY,TOT_EMOLUMENTS,1997,1996,0,1997-03-31,INR,464040000000
RBI:ANN_SURV_INDS_RN(1.0),N_A,AFY,TOT_INPUTS,1997,1996,0,1997-03-31,PN,5569150000000
RBI:ANN_SURV_INDS_RN(1.0),N_A,AFY,TTL_ADN_STOCK,1997,1996,0,1997-03-31,PN,137660000000
RBI:ANN_SURV_INDS_RN(1.0),N_A,AFY,VAL_OF_OUTPUT,1997,1996,0,1997-03-31,INR,7418080000000
RBI:ANN_SURV_INDS_RN(1.0),N_A,AFY,WGS_TO_WRKRS,1997,1996,0,1997-03-31,INR,265550000000
RBI:ANN_SURV_INDS_RN(1.0),N_A,AFY,WRK_CAP,1997,1996,0,1997-03-31,INR,1716590000000
RBI:ANN_SURV_INDS_RN(1.0),N_A,AFY,WRK_STAF_WELF_EXPENS,1997,1996,0,1997-03-31,INR,40920000000
RBI:ANN_SURV_INDS_RN(1.0),N_A,AFY,ADD_STC_FIN_GDS,1998,1997,0,1998-03-31,PN,63220000000
RBI:ANN_SURV_INDS_RN(1.0),N_A,AFY,ADD_STC_MAT_FUEL,1998,1997,0,1998-03-31,PN,22590000000
RBI:ANN_SURV_INDS_RN(1.0),N_A,AFY,ADD_STC_SEMI_FIN_GDS,1998,1997,0,1998-03-31,PN,11860000000
RBI:ANN_SURV_INDS_RN(1.0),N_A,AFY,DEPREC,1998,1997,0,1998-03-31,INR,317960000000
RBI:ANN_SURV_INDS_RN(1.0),N_A,AFY,FIX_CAP,1998,1997,0,1998-03-31,INR,4230820000000
RBI:ANN_SURV_INDS_RN(1.0),N_A,AFY,FUEL_CONS,1998,1997,0,1998-03-31,PN,605830000000
RBI:ANN_SURV_INDS_RN(1.0),N_A,AFY,GROSS_CAP_FORM,1998,1997,0,1998-03-31,INR,820370000000
RBI:ANN_SURV_INDS_RN(1.0),N_A,AFY,GRS_FXD_CAP_FORM,1998,1997,0,1998-03-31,INR,722710000000
RBI:ANN_SURV_INDS_RN(1.0),N_A,AFY,INT_PAID,1998,1997,0,1998-03-31,INR,456070000000
RBI:ANN_SURV_INDS_RN(1.0),N_A,AFY,INV_CAP,1998,1997,0,1998-03-31,INR,5768260000000
RBI:ANN_SURV_INDS_RN(1.0),N_A,AFY,MAT_CONSUMED,1998,1997,0,1998-03-31,PN,4584230000000
RBI:ANN_SURV_INDS_RN(1.0),N_A,AFY,NBR_EMP,1998,1997,0,1998-03-31,PS,9997573.0
RBI:ANN_SURV_INDS_RN(1.0),N_A,AFY,NBR_FACT,1998,1997,0,1998-03-31,PN,136012.0
RBI:ANN_SURV_INDS_RN(1.0),N_A,AFY,NBR_WRKRS,1998,1997,0,1998-03-31,PS,7652254.0
RBI:ANN_SURV_INDS_RN(1.0),N_A,AFY,NET_FIXD_CAPIT_FORMAT,1998,1997,0,1998-03-31,INR,404980000000
RBI:ANN_SURV_INDS_RN(1.0),N_A,AFY,NET_INCOME,1998,1997,0,1998-03-31,INR,1166500000000
RBI:ANN_SURV_INDS_RN(1.0),N_A,AFY,NET_VALUE_ADDED,1998,1997,0,1998-03-31,INR,1664410000000
RBI:ANN_SURV_INDS_RN(1.0),N_A,AFY,OUT_STND_LNS,1998,1997,0,1998-03-31,INR,3246050000000
RBI:ANN_SURV_INDS_RN(1.0),N_A,AFY,PFT,1998,1997,0,1998-03-31,INR,544560000000
RBI:ANN_SURV_INDS_RN(1.0),N_A,AFY,PROD_BY_PROD,1998,1997,0,1998-03-31,PN,7141170000000
RBI:ANN_SURV_INDS_RN(1.0),N_A,AFY,PRV_OTH_FNDS,1998,1997,0,1998-03-31,INR,97380000000
RBI:ANN_SURV_INDS_RN(1.0),N_A,AFY,RENT_PAID,1998,1997,0,1998-03-31,INR,41850000000
RBI:ANN_SURV_INDS_RN(1.0),N_A,AFY,TOTAL_PERSNS_ENGAGED,1998,1997,0,1998-03-31,PS,10073485
RBI:ANN_SURV_INDS_RN(1.0),N_A,AFY,TOT_EMOLUMENTS,1998,1997,0,1998-03-31,INR,523710000000
RBI:ANN_SURV_INDS_RN(1.0),N_A,AFY,TOT_INPUTS,1998,1997,0,1998-03-31,PN,6380990000000
RBI:ANN_SURV_INDS_RN(1.0),N_A,AFY,TTL_ADN_STOCK,1998,1997,0,1998-03-31,PN,97670000000
RBI:ANN_SURV_INDS_RN(1.0),N_A,AFY,VAL_OF_OUTPUT,1998,1997,0,1998-03-31,INR,8363360000000
RBI:ANN_SURV_INDS_RN(1.0),N_A,AFY,WGS_TO_WRKRS,1998,1997,0,1998-03-31,INR,297820000000
RBI:ANN_SURV_INDS_RN(1.0),N_A,AFY,WRK_CAP,1998,1997,0,1998-03-31,INR,1546170000000
RBI:ANN_SURV_INDS_RN(1.0),N_A,AFY,ADD_STC_FIN_GDS,1999,1998,0,1999-03-31,PN,17160000000
RBI:ANN_SURV_INDS_RN(1.0),N_A,AFY,ADD_STC_MAT_FUEL,1999,1998,0,1999-03-31,PN,380000000
RBI:ANN_SURV_INDS_RN(1.0),N_A,AFY,ADD_STC_SEMI_FIN_GDS,1999,1998,0,1999-03-31,PN,13540000000
RBI:ANN_SURV_INDS_RN(1.0),N_A,AFY,DEPREC,1999,1998,0,1999-03-31,INR,282660000000
RBI:ANN_SURV_INDS_RN(1.0),N_A,AFY,FIX_CAP,1999,1998,0,1999-03-31,INR,3911510000000
RBI:ANN_SURV_INDS_RN(1.0),N_A,AFY,FUEL_CONS,1999,1998,0,1999-03-31,PN,462600000000
RBI:ANN_SURV_INDS_RN(1.0),N_A,AFY,GROSS_CAP_FORM,1999,1998,0,1999-03-31,INR,721780000000
RBI:ANN_SURV_INDS_RN(1.0),N_A,AFY,GRS_FXD_CAP_FORM,1999,1998,0,1999-03-31,INR,690710000000
RBI:ANN_SURV_INDS_RN(1.0),N_A,AFY,INT_PAID,1999,1998,0,1999-03-31,INR,396930000000
RBI:ANN_SURV_INDS_RN(1.0),N_A,AFY,INV_CAP,1999,1998,0,1999-03-31,INR,5370680000000
RBI:ANN_SURV_INDS_RN(1.0),N_A,AFY,MAT_CONSUMED,1999,1998,0,1999-03-31,PN,4444800000000
RBI:ANN_SURV_INDS_RN(1.0),N_A,AFY,NBR_EMP,1999,1998,0,1999-03-31,PS,8588581.0
RBI:ANN_SURV_INDS_RN(1.0),N_A,AFY,NBR_FACT,1999,1998,0,1999-03-31,PN,131706.0
RBI:ANN_SURV_INDS_RN(1.0),N_A,AFY,NBR_WRKRS,1999,1998,0,1999-03-31,PS,6364464.0
RBI:ANN_SURV_INDS_RN(1.0),N_A,AFY,NET_FIXD_CAPIT_FORMAT,1999,1998,0,1999-03-31,INR,408050000000
RBI:ANN_SURV_INDS_RN(1.0),N_A,AFY,NET_INCOME,1999,1998,0,1999-03-31,INR,1016770000000
RBI:ANN_SURV_INDS_RN(1.0),N_A,AFY,NET_VALUE_ADDED,1999,1998,0,1999-03-31,INR,1454610000000
RBI:ANN_SURV_INDS_RN(1.0),N_A,AFY,OUT_STND_LNS,1999,1998,0,1999-03-31,INR,2282100000000
RBI:ANN_SURV_INDS_RN(1.0),N_A,AFY,PFT,1999,1998,0,1999-03-31,INR,473060000000
RBI:ANN_SURV_INDS_RN(1.0),N_A,AFY,PROD_BY_PROD,1999,1998,0,1999-03-31,PN,6810270000000
RBI:ANN_SURV_INDS_RN(1.0),N_A,AFY,RENT_PAID,1999,1998,0,1999-03-31,INR,40910000000
RBI:ANN_SURV_INDS_RN(1.0),N_A,AFY,TOT_EMOLUMENTS,1999,1998,0,1999-03-31,INR,446260000000
RBI:ANN_SURV_INDS_RN(1.0),N_A,AFY,TOT_INPUTS,1999,1998,0,1999-03-31,PN,6100440000000
RBI:ANN_SURV_INDS_RN(1.0),N_A,AFY,TTL_ADN_STOCK,1999,1998,0,1999-03-31,PN,31070000000
RBI:ANN_SURV_INDS_RN(1.0),N_A,AFY,VAL_OF_OUTPUT,1999,1998,0,1999-03-31,INR,7837710000000
RBI:ANN_SURV_INDS_RN(1.0),N_A,AFY,WGS_TO_WRKRS,1999,1998,0,1999-03-31,INR,248260000000
RBI:ANN_SURV_INDS_RN(1.0),N_A,AFY,WRK_CAP,1999,1998,0,1999-03-31,INR,1027400000000
RBI:ANN_SURV_INDS_RN(1.0),N_A,AFY,ADD_STC_FIN_GDS,2000,1999,0,2000-03-31,PN,69470000000
RBI:ANN_SURV_INDS_RN(1.0),N_A,AFY,ADD_STC_MAT_FUEL,2000,1999,0,2000-03-31,PN,74990000000
RBI:ANN_SURV_INDS_RN(1.0),N_A,AFY,ADD_STC_SEMI_FIN_GDS,2000,1999,0,2000-03-31,PN,15400000000
RBI:ANN_SURV_INDS_RN(1.0),N_A,AFY,DEPREC,2000,1999,0,2000-03-31,INR,335990000000
RBI:ANN_SURV_INDS_RN(1.0),N_A,AFY,FIX_CAP,2000,1999,0,2000-03-31,INR,4018650000000
RBI:ANN_SURV_INDS_RN(1.0),N_A,AFY,FUEL_CONS,2000,1999,0,2000-03-31,PN,551980000000
RBI:ANN_SURV_INDS_RN(1.0),N_A,AFY,GROSS_CAP_FORM,2000,1999,0,2000-03-31,INR,646650000000
RBI:ANN_SURV_INDS_RN(1.0),N_A,AFY,GRS_FXD_CAP_FORM,2000,1999,0,2000-03-31,INR,486790000000
RBI:ANN_SURV_INDS_RN(1.0),N_A,AFY,INT_PAID,2000,1999,0,2000-03-31,INR,438770000000
RBI:ANN_SURV_INDS_RN(1.0),N_A,AFY,INV_CAP,2000,1999,0,2000-03-31,INR,5666340000000
RBI:ANN_SURV_INDS_RN(1.0),N_A,AFY,MAN_DAYS_EMP,2000,1999,0,2000-03-31,PN,2482671000
RBI:ANN_SURV_INDS_RN(1.0),N_A,AFY,MAN_DAYS_WRK,2000,1999,0,2000-03-31,PN,1904067000
RBI:ANN_SURV_INDS_RN(1.0),N_A,AFY,MAT_CONSUMED,2000,1999,0,2000-03-31,PN,5251680000000
RBI:ANN_SURV_INDS_RN(1.0),N_A,AFY,NBR_FACT,2000,1999,0,2000-03-31,PN,131558.0
RBI:ANN_SURV_INDS_RN(1.0),N_A,AFY,NBR_WRKRS,2000,1999,0,2000-03-31,PS,6280659.0
RBI:ANN_SURV_INDS_RN(1.0),N_A,AFY,NET_FIXD_CAPIT_FORMAT,2000,1999,0,2000-03-31,INR,150800000000
RBI:ANN_SURV_INDS_RN(1.0),N_A,AFY,NET_INCOME,2000,1999,0,2000-03-31,INR,1065660000000
RBI:ANN_SURV_INDS_RN(1.0),N_A,AFY,NET_VALUE_ADDED,2000,1999,0,2000-03-31,INR,1549740000000
RBI:ANN_SURV_INDS_RN(1.0),N_A,AFY,OUT_STND_LNS,2000,1999,0,2000-03-31,INR,2537820000000
RBI:ANN_SURV_INDS_RN(1.0),N_A,AFY,PFT,2000,1999,0,2000-03-31,INR,473350000000
RBI:ANN_SURV_INDS_RN(1.0),N_A,AFY,PROD_BY_PROD,2000,1999,0,2000-03-31,PN,7831170000000
RBI:ANN_SURV_INDS_RN(1.0),N_A,AFY,PRV_OTH_FNDS,2000,1999,0,2000-03-31,INR,68320000000
RBI:ANN_SURV_INDS_RN(1.0),N_A,AFY,RENT_PAID,2000,1999,0,2000-03-31,INR,45310000000
RBI:ANN_SURV_INDS_RN(1.0),N_A,AFY,TOTAL_PERSNS_ENGAGED,2000,1999,0,2000-03-31,PS,8172836.0
RBI:ANN_SURV_INDS_RN(1.0),N_A,AFY,TOT_EMOLUMENTS,2000,1999,0,2000-03-31,INR,478440000000
RBI:ANN_SURV_INDS_RN(1.0),N_A,AFY,TOT_INPUTS,2000,1999,0,2000-03-31,PN,7093650000000
RBI:ANN_SURV_INDS_RN(1.0),N_A,AFY,TTL_ADN_STOCK,2000,1999,0,2000-03-31,PN,159870000000
RBI:ANN_SURV_INDS_RN(1.0),N_A,AFY,VAL_OF_OUTPUT,2000,1999,0,2000-03-31,INR,8979380000000
RBI:ANN_SURV_INDS_RN(1.0),N_A,AFY,WGS_TO_WRKRS,2000,1999,0,2000-03-31,INR,263040000000
RBI:ANN_SURV_INDS_RN(1.0),N_A,AFY,WRK_CAP,2000,1999,0,2000-03-31,INR,1037840000000
RBI:ANN_SURV_INDS_RN(1.0),N_A,AFY,WRK_STAF_WELF_EXPENS,2000,1999,0,2000-03-31,INR,45560000000
RBI:ANN_SURV_INDS_RN(1.0),N_A,AFY,ADD_STC_FIN_GDS,2001,2000,0,2001-03-31,PN,98530000000
RBI:ANN_SURV_INDS_RN(1.0),N_A,AFY,ADD_STC_MAT_FUEL,2001,2000,0,2001-03-31,PN,23630000000
RBI:ANN_SURV_INDS_RN(1.0),N_A,AFY,ADD_STC_SEMI_FIN_GDS,2001,2000,0,2001-03-31,PN,23200000000
RBI:ANN_SURV_INDS_RN(1.0),N_A,AFY,DEPREC,2001,2000,0,2001-03-31,INR,347290000000
RBI:ANN_SURV_INDS_RN(1.0),N_A,AFY,FIX_CAP,2001,2000,0,2001-03-31,INR,3996040000000
RBI:ANN_SURV_INDS_RN(1.0),N_A,AFY,FUEL_CONS,2001,2000,0,2001-03-31,PN,589680000000
RBI:ANN_SURV_INDS_RN(1.0),N_A,AFY,GROSS_CAP_FORM,2001,2000,0,2001-03-31,INR,614150000000
RBI:ANN_SURV_INDS_RN(1.0),N_A,AFY,GRS_FXD_CAP_FORM,2001,2000,0,2001-03-31,INR,468790000000
RBI:ANN_SURV_INDS_RN(1.0),N_A,AFY,INT_PAID,2001,2000,0,2001-03-31,INR,419870000000
RBI:ANN_SURV_INDS_RN(1.0),N_A,AFY,INV_CAP,2001,2000,0,2001-03-31,INR,5717990000000
RBI:ANN_SURV_INDS_RN(1.0),N_A,AFY,MAN_DAYS_EMP,2001,2000,0,2001-03-31,PN,2411969000
RBI:ANN_SURV_INDS_RN(1.0),N_A,AFY,MAN_DAYS_WRK,2001,2000,0,2001-03-31,PN,1858844000
RBI:ANN_SURV_INDS_RN(1.0),N_A,AFY,MAT_CONSUMED,2001,2000,0,2001-03-31,PN,5614490000000
RBI:ANN_SURV_INDS_RN(1.0),N_A,AFY,NBR_EMP,2001,2000,0,2001-03-31,PS,7917810.0
RBI:ANN_SURV_INDS_RN(1.0),N_A,AFY,NBR_FACT,2001,2000,0,2001-03-31,PN,131268.0
RBI:ANN_SURV_INDS_RN(1.0),N_A,AFY,NBR_WRKRS,2001,2000,0,2001-03-31,PS,6135238.0
RBI:ANN_SURV_INDS_RN(1.0),N_A,AFY,NET_FIXD_CAPIT_FORMAT,2001,2000,0,2001-03-31,INR,121500000000
RBI:ANN_SURV_INDS_RN(1.0),N_A,AFY,NET_INCOME,2001,2000,0,2001-03-31,INR,975560000000
RBI:ANN_SURV_INDS_RN(1.0),N_A,AFY,NET_VALUE_ADDED,2001,2000,0,2001-03-31,INR,1436210000000
RBI:ANN_SURV_INDS_RN(1.0),N_A,AFY,OUT_STND_LNS,2001,2000,0,2001-03-31,INR,2579540000000
RBI:ANN_SURV_INDS_RN(1.0),N_A,AFY,PFT,2001,2000,0,2001-03-31,INR,356990000000
RBI:ANN_SURV_INDS_RN(1.0),N_A,AFY,PROD_BY_PROD,2001,2000,0,2001-03-31,PN,8184790000000
RBI:ANN_SURV_INDS_RN(1.0),N_A,AFY,PRV_OTH_FNDS,2001,2000,0,2001-03-31,INR,66510000000
RBI:ANN_SURV_INDS_RN(1.0),N_A,AFY,RENT_PAID,2001,2000,0,2001-03-31,INR,40790000000
RBI:ANN_SURV_INDS_RN(1.0),N_A,AFY,TOTAL_PERSNS_ENGAGED,2001,2000,0,2001-03-31,PS,7987780.0
RBI:ANN_SURV_INDS_RN(1.0),N_A,AFY,TOT_EMOLUMENTS,2001,2000,0,2001-03-31,INR,507190000000
RBI:ANN_SURV_INDS_RN(1.0),N_A,AFY,TOT_INPUTS,2001,2000,0,2001-03-31,PN,7485520000000
RBI:ANN_SURV_INDS_RN(1.0),N_A,AFY,TTL_ADN_STOCK,2001,2000,0,2001-03-31,PN,145360000000
RBI:ANN_SURV_INDS_RN(1.0),N_A,AFY,VAL_OF_OUTPUT,2001,2000,0,2001-03-31,INR,9269020000000
RBI:ANN_SURV_INDS_RN(1.0),N_A,AFY,WGS_TO_WRKRS,2001,2000,0,2001-03-31,INR,276710000000
RBI:ANN_SURV_INDS_RN(1.0),N_A,AFY,WRK_CAP,2001,2000,0,2001-03-31,INR,1052080000000
RBI:ANN_SURV_INDS_RN(1.0),N_A,AFY,WRK_STAF_WELF_EXPENS,2001,2000,0,2001-03-31,INR,44880000000
RBI:ANN_SURV_INDS_RN(1.0),N_A,AFY,ADD_STC_FIN_GDS,2002,2001,0,2002-03-31,PN,-3970000000
RBI:ANN_SURV_INDS_RN(1.0),N_A,AFY,ADD_STC_MAT_FUEL,2002,2001,0,2002-03-31,PN,33320000000
RBI:ANN_SURV_INDS_RN(1.0),N_A,AFY,ADD_STC_SEMI_FIN_GDS,2002,2001,0,2002-03-31,PN,7870000000
RBI:ANN_SURV_INDS_RN(1.0),N_A,AFY,DEPREC,2002,2001,0,2002-03-31,INR,389270000000
RBI:ANN_SURV_INDS_RN(1.0),N_A,AFY,FIX_CAP,2002,2001,0,2002-03-31,INR,4319600000000
RBI:ANN_SURV_INDS_RN(1.0),N_A,AFY,FUEL_CONS,2002,2001,0,2002-03-31,PN,597260000000
RBI:ANN_SURV_INDS_RN(1.0),N_A,AFY,GROSS_CAP_FORM,2002,2001,0,2002-03-31,INR,738730000000
RBI:ANN_SURV_INDS_RN(1.0),N_A,AFY,GRS_FXD_CAP_FORM,2002,2001,0,2002-03-31,INR,701510000000
RBI:ANN_SURV_INDS_RN(1.0),N_A,AFY,INT_PAID,2002,2001,0,2002-03-31,INR,422180000000
RBI:ANN_SURV_INDS_RN(1.0),N_A,AFY,INV_CAP,2002,2001,0,2002-03-31,INR,6059130000000
RBI:ANN_SURV_INDS_RN(1.0),N_A,AFY,MAN_DAYS_EMP,2002,2001,0,2002-03-31,PN,2332893000
RBI:ANN_SURV_INDS_RN(1.0),N_A,AFY,MAN_DAYS_WRK,2002,2001,0,2002-03-31,PN,1800576000
RBI:ANN_SURV_INDS_RN(1.0),N_A,AFY,MAT_CONSUMED,2002,2001,0,2002-03-31,PN,5879610000000
RBI:ANN_SURV_INDS_RN(1.0),N_A,AFY,NBR_EMP,2002,2001,0,2002-03-31,PS,7686654.0
RBI:ANN_SURV_INDS_RN(1.0),N_A,AFY,NBR_FACT,2002,2001,0,2002-03-31,PN,128549.0
RBI:ANN_SURV_INDS_RN(1.0),N_A,AFY,NBR_WRKRS,2002,2001,0,2002-03-31,PS,5957848.0
RBI:ANN_SURV_INDS_RN(1.0),N_A,AFY,NET_FIXD_CAPIT_FORMAT,2002,2001,0,2002-03-31,INR,312240000000
RBI:ANN_SURV_INDS_RN(1.0),N_A,AFY,NET_INCOME,2002,2001,0,2002-03-31,INR,983330000000
RBI:ANN_SURV_INDS_RN(1.0),N_A,AFY,NET_VALUE_ADDED,2002,2001,0,2002-03-31,INR,1443020000000
RBI:ANN_SURV_INDS_RN(1.0),N_A,AFY,OUT_STND_LNS,2002,2001,0,2002-03-31,INR,2692190000000
RBI:ANN_SURV_INDS_RN(1.0),N_A,AFY,PFT,2002,2001,0,2002-03-31,INR,348840000000
RBI:ANN_SURV_INDS_RN(1.0),N_A,AFY,PROD_BY_PROD,2002,2001,0,2002-03-31,PN,8493660000000
RBI:ANN_SURV_INDS_RN(1.0),N_A,AFY,PRV_OTH_FNDS,2002,2001,0,2002-03-31,INR,78070000000
RBI:ANN_SURV_INDS_RN(1.0),N_A,AFY,RENT_PAID,2002,2001,0,2002-03-31,INR,37510000000
RBI:ANN_SURV_INDS_RN(1.0),N_A,AFY,TOTAL_PERSNS_ENGAGED,2002,2001,0,2002-03-31,PS,7750366.0
RBI:ANN_SURV_INDS_RN(1.0),N_A,AFY,TOT_EMOLUMENTS,2002,2001,0,2002-03-31,INR,510600000000
RBI:ANN_SURV_INDS_RN(1.0),N_A,AFY,TOT_INPUTS,2002,2001,0,2002-03-31,PN,7792270000000
RBI:ANN_SURV_INDS_RN(1.0),N_A,AFY,TTL_ADN_STOCK,2002,2001,0,2002-03-31,PN,37220000000
RBI:ANN_SURV_INDS_RN(1.0),N_A,AFY,VAL_OF_OUTPUT,2002,2001,0,2002-03-31,INR,9624570000000
RBI:ANN_SURV_INDS_RN(1.0),N_A,AFY,WGS_TO_WRKRS,2002,2001,0,2002-03-31,INR,274380000000
RBI:ANN_SURV_INDS_RN(1.0),N_A,AFY,WRK_CAP,2002,2001,0,2002-03-31,INR,1004060000000
RBI:ANN_SURV_INDS_RN(1.0),N_A,AFY,WRK_STAF_WELF_EXPENS,2002,2001,0,2002-03-31,INR,45830000000
RBI:ANN_SURV_INDS_RN(1.0),N_A,AFY,ADD_STC_FIN_GDS,2003,2002,0,2003-03-31,PN,33550000000
RBI:ANN_SURV_INDS_RN(1.0),N_A,AFY,ADD_STC_MAT_FUEL,2003,2002,0,2003-03-31,PN,108710000000
RBI:ANN_SURV_INDS_RN(1.0),N_A,AFY,ADD_STC_SEMI_FIN_GDS,2003,2002,0,2003-03-31,PN,22970000000
RBI:ANN_SURV_INDS_RN(1.0),N_A,AFY,DEPREC,2003,2002,0,2003-03-31,INR,420360000000
RBI:ANN_SURV_INDS_RN(1.0),N_A,AFY,FIX_CAP,2003,2002,0,2003-03-31,INR,4447590000000
RBI:ANN_SURV_INDS_RN(1.0),N_A,AFY,FUEL_CONS,2003,2002,0,2003-03-31,PN,665760000000
RBI:ANN_SURV_INDS_RN(1.0),N_A,AFY,GROSS_CAP_FORM,2003,2002,0,2003-03-31,INR,639760000000
RBI:ANN_SURV_INDS_RN(1.0),N_A,AFY,GRS_FXD_CAP_FORM,2003,2002,0,2003-03-31,INR,474540000000
RBI:ANN_SURV_INDS_RN(1.0),N_A,AFY,INT_PAID,2003,2002,0,2003-03-31,INR,383520000000
RBI:ANN_SURV_INDS_RN(1.0),N_A,AFY,INV_CAP,2003,2002,0,2003-03-31,INR,6374730000000
RBI:ANN_SURV_INDS_RN(1.0),N_A,AFY,MAN_DAYS_EMP,2003,2002,0,2003-03-31,PN,2397579000
RBI:ANN_SURV_INDS_RN(1.0),N_A,AFY,MAN_DAYS_WRK,2003,2002,0,2003-03-31,PN,1870226000
RBI:ANN_SURV_INDS_RN(1.0),N_A,AFY,MAT_CONSUMED,2003,2002,0,2003-03-31,PN,7007720000000
RBI:ANN_SURV_INDS_RN(1.0),N_A,AFY,NBR_EMP,2003,2002,0,2003-03-31,PS,7870529.0
RBI:ANN_SURV_INDS_RN(1.0),N_A,AFY,NBR_FACT,2003,2002,0,2003-03-31,PN,127957.0
RBI:ANN_SURV_INDS_RN(1.0),N_A,AFY,NBR_WRKRS,2003,2002,0,2003-03-31,PS,6161493.0
RBI:ANN_SURV_INDS_RN(1.0),N_A,AFY,NET_FIXD_CAPIT_FORMAT,2003,2002,0,2003-03-31,INR,54190000000
RBI:ANN_SURV_INDS_RN(1.0),N_A,AFY,NET_INCOME,2003,2002,0,2003-03-31,INR,1301950000000
RBI:ANN_SURV_INDS_RN(1.0),N_A,AFY,NET_VALUE_ADDED,2003,2002,0,2003-03-31,INR,1723400000000
RBI:ANN_SURV_INDS_RN(1.0),N_A,AFY,OUT_STND_LNS,2003,2002,0,2003-03-31,INR,2633920000000
RBI:ANN_SURV_INDS_RN(1.0),N_A,AFY,PFT,2003,2002,0,2003-03-31,INR,618530000000
RBI:ANN_SURV_INDS_RN(1.0),N_A,AFY,PROD_BY_PROD,2003,2002,0,2003-03-31,PN,10012860000000
RBI:ANN_SURV_INDS_RN(1.0),N_A,AFY,PRV_OTH_FNDS,2003,2002,0,2003-03-31,INR,81530000000
RBI:ANN_SURV_INDS_RN(1.0),N_A,AFY,RENT_PAID,2003,2002,0,2003-03-31,INR,37940000000
RBI:ANN_SURV_INDS_RN(1.0),N_A,AFY,TOTAL_PERSNS_ENGAGED,2003,2002,0,2003-03-31,PS,7935948.0
RBI:ANN_SURV_INDS_RN(1.0),N_A,AFY,TOT_EMOLUMENTS,2003,2002,0,2003-03-31,INR,551580000000
RBI:ANN_SURV_INDS_RN(1.0),N_A,AFY,TOT_INPUTS,2003,2002,0,2003-03-31,PN,9161850000000
RBI:ANN_SURV_INDS_RN(1.0),N_A,AFY,TTL_ADN_STOCK,2003,2002,0,2003-03-31,PN,165220000000
RBI:ANN_SURV_INDS_RN(1.0),N_A,AFY,VAL_OF_OUTPUT,2003,2002,0,2003-03-31,INR,11305610000000
RBI:ANN_SURV_INDS_RN(1.0),N_A,AFY,WGS_TO_WRKRS,2003,2002,0,2003-03-31,INR,296890000000
RBI:ANN_SURV_INDS_RN(1.0),N_A,AFY,WRK_CAP,2003,2002,0,2003-03-31,INR,1001210000000
RBI:ANN_SURV_INDS_RN(1.0),N_A,AFY,WRK_STAF_WELF_EXPENS,2003,2002,0,2003-03-31,INR,50310000000
RBI:ANN_SURV_INDS_RN(1.0),N_A,AFY,ADD_STC_FIN_GDS,2004,2003,0,2004-03-31,PN,21560000000
RBI:ANN_SURV_INDS_RN(1.0),N_A,AFY,ADD_STC_MAT_FUEL,2004,2003,0,2004-03-31,PN,131890000000
RBI:ANN_SURV_INDS_RN(1.0),N_A,AFY,ADD_STC_SEMI_FIN_GDS,2004,2003,0,2004-03-31,PN,13090000000
RBI:ANN_SURV_INDS_RN(1.0),N_A,AFY,DEPREC,2004,2003,0,2004-03-31,INR,448230000000
RBI:ANN_SURV_INDS_RN(1.0),N_A,AFY,FIX_CAP,2004,2003,0,2004-03-31,INR,4733310000000
RBI:ANN_SURV_INDS_RN(1.0),N_A,AFY,FUEL_CONS,2004,2003,0,2004-03-31,PN,919820000000
RBI:ANN_SURV_INDS_RN(1.0),N_A,AFY,GROSS_CAP_FORM,2004,2003,0,2004-03-31,INR,741880000000
RBI:ANN_SURV_INDS_RN(1.0),N_A,AFY,GRS_FXD_CAP_FORM,2004,2003,0,2004-03-31,INR,575340000000
RBI:ANN_SURV_INDS_RN(1.0),N_A,AFY,INT_PAID,2004,2003,0,2004-03-31,INR,339720000000
RBI:ANN_SURV_INDS_RN(1.0),N_A,AFY,INV_CAP,2004,2003,0,2004-03-31,INR,6795980000000
RBI:ANN_SURV_INDS_RN(1.0),N_A,AFY,MAN_DAYS_EMP,2004,2003,0,2004-03-31,PN,2368602000
RBI:ANN_SURV_INDS_RN(1.0),N_A,AFY,MAN_DAYS_WRK,2004,2003,0,2004-03-31,PN,1840986000
RBI:ANN_SURV_INDS_RN(1.0),N_A,AFY,MAT_CONSUMED,2004,2003,0,2004-03-31,PN,7750150000000
RBI:ANN_SURV_INDS_RN(1.0),N_A,AFY,NBR_EMP,2004,2003,0,2004-03-31,PS,7803395.0
RBI:ANN_SURV_INDS_RN(1.0),N_A,AFY,NBR_FACT,2004,2003,0,2004-03-31,PN,129074.0
RBI:ANN_SURV_INDS_RN(1.0),N_A,AFY,NBR_WRKRS,2004,2003,0,2004-03-31,PS,6086908.0
RBI:ANN_SURV_INDS_RN(1.0),N_A,AFY,NET_FIXD_CAPIT_FORMAT,2004,2003,0,2004-03-31,INR,127100000000
RBI:ANN_SURV_INDS_RN(1.0),N_A,AFY,NET_INCOME,2004,2003,0,2004-03-31,INR,1648210000000
RBI:ANN_SURV_INDS_RN(1.0),N_A,AFY,NET_VALUE_ADDED,2004,2003,0,2004-03-31,INR,2029540000000
RBI:ANN_SURV_INDS_RN(1.0),N_A,AFY,OUT_STND_LNS,2004,2003,0,2004-03-31,INR,2897760000000
RBI:ANN_SURV_INDS_RN(1.0),N_A,AFY,PFT,2004,2003,0,2004-03-31,INR,923660000000
RBI:ANN_SURV_INDS_RN(1.0),N_A,AFY,PROD_BY_PROD,2004,2003,0,2004-03-31,PN,11357430000000
RBI:ANN_SURV_INDS_RN(1.0),N_A,AFY,PRV_OTH_FNDS,2004,2003,0,2004-03-31,INR,87840000000
RBI:ANN_SURV_INDS_RN(1.0),N_A,AFY,RENT_PAID,2004,2003,0,2004-03-31,INR,41610000000
RBI:ANN_SURV_INDS_RN(1.0),N_A,AFY,TOTAL_PERSNS_ENGAGED,2004,2003,0,2004-03-31,PS,7870081.0
RBI:ANN_SURV_INDS_RN(1.0),N_A,AFY,TOT_EMOLUMENTS,2004,2003,0,2004-03-31,INR,583370000000
RBI:ANN_SURV_INDS_RN(1.0),N_A,AFY,TOT_INPUTS,2004,2003,0,2004-03-31,PN,10396230000000
RBI:ANN_SURV_INDS_RN(1.0),N_A,AFY,TTL_ADN_STOCK,2004,2003,0,2004-03-31,PN,166540000000
RBI:ANN_SURV_INDS_RN(1.0),N_A,AFY,VAL_OF_OUTPUT,2004,2003,0,2004-03-31,INR,12874010000000
RBI:ANN_SURV_INDS_RN(1.0),N_A,AFY,WGS_TO_WRKRS,2004,2003,0,2004-03-31,INR,304780000000
RBI:ANN_SURV_INDS_RN(1.0),N_A,AFY,WRK_CAP,2004,2003,0,2004-03-31,INR,1192300000000
RBI:ANN_SURV_INDS_RN(1.0),N_A,AFY,WRK_STAF_WELF_EXPENS,2004,2003,0,2004-03-31,INR,53340000000
RBI:ANN_SURV_INDS_RN(1.0),N_A,AFY,ADD_STC_FIN_GDS,2005,2004,0,2005-03-31,PN,46270000000
RBI:ANN_SURV_INDS_RN(1.0),N_A,AFY,ADD_STC_MAT_FUEL,2005,2004,0,2005-03-31,PN,237750000000
RBI:ANN_SURV_INDS_RN(1.0),N_A,AFY,ADD_STC_SEMI_FIN_GDS,2005,2004,0,2005-03-31,PN,64200000000
RBI:ANN_SURV_INDS_RN(1.0),N_A,AFY,DEPREC,2005,2004,0,2005-03-31,INR,497130000000
RBI:ANN_SURV_INDS_RN(1.0),N_A,AFY,FIX_CAP,2005,2004,0,2005-03-31,INR,5130690000000
RBI:ANN_SURV_INDS_RN(1.0),N_A,AFY,FUEL_CONS,2005,2004,0,2005-03-31,PN,858540000000
RBI:ANN_SURV_INDS_RN(1.0),N_A,AFY,GROSS_CAP_FORM,2005,2004,0,2005-03-31,INR,1100730000000
RBI:ANN_SURV_INDS_RN(1.0),N_A,AFY,GRS_FXD_CAP_FORM,2005,2004,0,2005-03-31,INR,752500000000
RBI:ANN_SURV_INDS_RN(1.0),N_A,AFY,INT_PAID,2005,2004,0,2005-03-31,INR,324540000000
RBI:ANN_SURV_INDS_RN(1.0),N_A,AFY,INV_CAP,2005,2004,0,2005-03-31,INR,7594180000000
RBI:ANN_SURV_INDS_RN(1.0),N_A,AFY,MAN_DAYS_EMP,2005,2004,0,2005-03-31,PN,2544598000
RBI:ANN_SURV_INDS_RN(1.0),N_A,AFY,MAN_DAYS_WRK,2005,2004,0,2005-03-31,PN,1995220000
RBI:ANN_SURV_INDS_RN(1.0),N_A,AFY,MAT_CONSUMED,2005,2004,0,2005-03-31,PN,10243470000000
RBI:ANN_SURV_INDS_RN(1.0),N_A,AFY,NBR_EMP,2005,2004,0,2005-03-31,PS,8383278.0
RBI:ANN_SURV_INDS_RN(1.0),N_A,AFY,NBR_FACT,2005,2004,0,2005-03-31,PN,136353.0
RBI:ANN_SURV_INDS_RN(1.0),N_A,AFY,NBR_WRKRS,2005,2004,0,2005-03-31,PS,6599298.0
RBI:ANN_SURV_INDS_RN(1.0),N_A,AFY,NET_FIXD_CAPIT_FORMAT,2005,2004,0,2005-03-31,INR,255370000000
RBI:ANN_SURV_INDS_RN(1.0),N_A,AFY,NET_INCOME,2005,2004,0,2005-03-31,INR,2229150000000
RBI:ANN_SURV_INDS_RN(1.0),N_A,AFY,NET_VALUE_ADDED,2005,2004,0,2005-03-31,INR,2599070000000
RBI:ANN_SURV_INDS_RN(1.0),N_A,AFY,OUT_STND_LNS,2005,2004,0,2005-03-31,INR,3346340000000
RBI:ANN_SURV_INDS_RN(1.0),N_A,AFY,PFT,2005,2004,0,2005-03-31,INR,1446020000000
RBI:ANN_SURV_INDS_RN(1.0),N_A,AFY,PROD_BY_PROD,2005,2004,0,2005-03-31,PN,14452030000000
RBI:ANN_SURV_INDS_RN(1.0),N_A,AFY,PRV_OTH_FNDS,2005,2004,0,2005-03-31,INR,139070000000
RBI:ANN_SURV_INDS_RN(1.0),N_A,AFY,RENT_PAID,2005,2004,0,2005-03-31,INR,45380000000
RBI:ANN_SURV_INDS_RN(1.0),N_A,AFY,TOTAL_PERSNS_ENGAGED,2005,2004,0,2005-03-31,PS,8453624.0
RBI:ANN_SURV_INDS_RN(1.0),N_A,AFY,TOT_EMOLUMENTS,2005,2004,0,2005-03-31,INR,644060000000
RBI:ANN_SURV_INDS_RN(1.0),N_A,AFY,TOT_INPUTS,2005,2004,0,2005-03-31,PN,13629410000000
RBI:ANN_SURV_INDS_RN(1.0),N_A,AFY,TTL_ADN_STOCK,2005,2004,0,2005-03-31,PN,348220000000
RBI:ANN_SURV_INDS_RN(1.0),N_A,AFY,VAL_OF_OUTPUT,2005,2004,0,2005-03-31,INR,16725610000000
RBI:ANN_SURV_INDS_RN(1.0),N_A,AFY,WGS_TO_WRKRS,2005,2004,0,2005-03-31,INR,336350000000
RBI:ANN_SURV_INDS_RN(1.0),N_A,AFY,WRK_CAP,2005,2004,0,2005-03-31,INR,1600540000000
RBI:ANN_SURV_INDS_RN(1.0),N_A,AFY,WRK_STAF_WELF_EXPENS,2005,2004,0,2005-03-31,INR,58310000000
RBI:ANN_SURV_INDS_RN(1.0),N_A,AFY,ADD_STC_FIN_GDS,2006,2005,0,2006-03-31,PN,151700000000
RBI:ANN_SURV_INDS_RN(1.0),N_A,AFY,ADD_STC_MAT_FUEL,2006,2005,0,2006-03-31,PN,217810000000
RBI:ANN_SURV_INDS_RN(1.0),N_A,AFY,ADD_STC_SEMI_FIN_GDS,2006,2005,0,2006-03-31,PN,85400000000
RBI:ANN_SURV_INDS_RN(1.0),N_A,AFY,DEPREC,2006,2005,0,2006-03-31,INR,528330000000
RBI:ANN_SURV_INDS_RN(1.0),N_A,AFY,FIX_CAP,2006,2005,0,2006-03-31,INR,6069400000000
RBI:ANN_SURV_INDS_RN(1.0),N_A,AFY,FUEL_CONS,2006,2005,0,2006-03-31,PN,966300000000
RBI:ANN_SURV_INDS_RN(1.0),N_A,AFY,GROSS_CAP_FORM,2006,2005,0,2006-03-31,INR,1715670000000
RBI:ANN_SURV_INDS_RN(1.0),N_A,AFY,GRS_FXD_CAP_FORM,2006,2005,0,2006-03-31,INR,1260770000000
RBI:ANN_SURV_INDS_RN(1.0),N_A,AFY,INT_PAID,2006,2005,0,2006-03-31,INR,333980000000
RBI:ANN_SURV_INDS_RN(1.0),N_A,AFY,INV_CAP,2006,2005,0,2006-03-31,INR,9015790000000
RBI:ANN_SURV_INDS_RN(1.0),N_A,AFY,MAN_DAYS_EMP,2006,2005,0,2006-03-31,PN,2739729000
RBI:ANN_SURV_INDS_RN(1.0),N_A,AFY,MAN_DAYS_WRK,2006,2005,0,2006-03-31,PN,2154187000
RBI:ANN_SURV_INDS_RN(1.0),N_A,AFY,MAT_CONSUMED,2006,2005,0,2006-03-31,PN,12042840000000
RBI:ANN_SURV_INDS_RN(1.0),N_A,AFY,NBR_EMP,2006,2005,0,2006-03-31,PS,9038523.0
RBI:ANN_SURV_INDS_RN(1.0),N_A,AFY,NBR_FACT,2006,2005,0,2006-03-31,PN,140160.0
RBI:ANN_SURV_INDS_RN(1.0),N_A,AFY,NBR_WRKRS,2006,2005,0,2006-03-31,PS,7136097.0
RBI:ANN_SURV_INDS_RN(1.0),N_A,AFY,NET_FIXD_CAPIT_FORMAT,2006,2005,0,2006-03-31,INR,732440000000
RBI:ANN_SURV_INDS_RN(1.0),N_A,AFY,NET_INCOME,2006,2005,0,2006-03-31,INR,2731670000000
RBI:ANN_SURV_INDS_RN(1.0),N_A,AFY,NET_VALUE_ADDED,2006,2005,0,2006-03-31,INR,3118640000000
RBI:ANN_SURV_INDS_RN(1.0),N_A,AFY,OUT_STND_LNS,2006,2005,0,2006-03-31,INR,3515070000000
RBI:ANN_SURV_INDS_RN(1.0),N_A,AFY,PFT,2006,2005,0,2006-03-31,INR,1844630000000
RBI:ANN_SURV_INDS_RN(1.0),N_A,AFY,PROD_BY_PROD,2006,2005,0,2006-03-31,PN,16975520000000
RBI:ANN_SURV_INDS_RN(1.0),N_A,AFY,PRV_OTH_FNDS,2006,2005,0,2006-03-31,INR,85730000000
RBI:ANN_SURV_INDS_RN(1.0),N_A,AFY,RENT_PAID,2006,2005,0,2006-03-31,INR,52990000000
RBI:ANN_SURV_INDS_RN(1.0),N_A,AFY,TOTAL_PERSNS_ENGAGED,2006,2005,0,2006-03-31,PS,9111680.0
RBI:ANN_SURV_INDS_RN(1.0),N_A,AFY,TOT_EMOLUMENTS,2006,2005,0,2006-03-31,INR,740080000000
RBI:ANN_SURV_INDS_RN(1.0),N_A,AFY,TOT_INPUTS,2006,2005,0,2006-03-31,PN,15436580000000
RBI:ANN_SURV_INDS_RN(1.0),N_A,AFY,TTL_ADN_STOCK,2006,2005,0,2006-03-31,PN,454900000000
RBI:ANN_SURV_INDS_RN(1.0),N_A,AFY,VAL_OF_OUTPUT,2006,2005,0,2006-03-31,INR,19083550000000
RBI:ANN_SURV_INDS_RN(1.0),N_A,AFY,WGS_TO_WRKRS,2006,2005,0,2006-03-31,INR,376640000000
RBI:ANN_SURV_INDS_RN(1.0),N_A,AFY,WRK_CAP,2006,2005,0,2006-03-31,INR,1844630000000
RBI:ANN_SURV_INDS_RN(1.0),N_A,AFY,WRK_STAF_WELF_EXPENS,2006,2005,0,2006-03-31,INR,61230000000
RBI:ANN_SURV_INDS_RN(1.0),N_A,AFY,ADD_STC_FIN_GDS,2007,2006,0,2007-03-31,PN,164650000000
RBI:ANN_SURV_INDS_RN(1.0),N_A,AFY,ADD_STC_MAT_FUEL,2007,2006,0,2007-03-31,PN,292620000000
RBI:ANN_SURV_INDS_RN(1.0),N_A,AFY,ADD_STC_SEMI_FIN_GDS,2007,2006,0,2007-03-31,PN,92780000000
RBI:ANN_SURV_INDS_RN(1.0),N_A,AFY,DEPREC,2007,2006,0,2007-03-31,INR,644550000000
RBI:ANN_SURV_INDS_RN(1.0),N_A,AFY,FIX_CAP,2007,2006,0,2007-03-31,INR,7151310000000
RBI:ANN_SURV_INDS_RN(1.0),N_A,AFY,FUEL_CONS,2007,2006,0,2007-03-31,PN,1200670000000
RBI:ANN_SURV_INDS_RN(1.0),N_A,AFY,GROSS_CAP_FORM,2007,2006,0,2007-03-31,INR,1993300000000
RBI:ANN_SURV_INDS_RN(1.0),N_A,AFY,GRS_FXD_CAP_FORM,2007,2006,0,2007-03-31,INR,1443250000000
RBI:ANN_SURV_INDS_RN(1.0),N_A,AFY,INT_PAID,2007,2006,0,2007-03-31,INR,413110000000
RBI:ANN_SURV_INDS_RN(1.0),N_A,AFY,INV_CAP,2007,2006,0,2007-03-31,INR,10715040000000
RBI:ANN_SURV_INDS_RN(1.0),N_A,AFY,MAN_DAYS_EMP,2007,2006,0,2007-03-31,PN,3034322000
RBI:ANN_SURV_INDS_RN(1.0),N_A,AFY,MAN_DAYS_WRK,2007,2006,0,2007-03-31,PN,2383707000
RBI:ANN_SURV_INDS_RN(1.0),N_A,AFY,MAT_CONSUMED,2007,2006,0,2007-03-31,PN,15117710000000
RBI:ANN_SURV_INDS_RN(1.0),N_A,AFY,NBR_EMP,2007,2006,0,2007-03-31,PS,10252148
RBI:ANN_SURV_INDS_RN(1.0),N_A,AFY,NBR_FACT,2007,2006,0,2007-03-31,PN,144710.0
RBI:ANN_SURV_INDS_RN(1.0),N_A,AFY,NBR_WRKRS,2007,2006,0,2007-03-31,PS,7880536.0
RBI:ANN_SURV_INDS_RN(1.0),N_A,AFY,NET_FIXD_CAPIT_FORMAT,2007,2006,0,2007-03-31,INR,798700000000
RBI:ANN_SURV_INDS_RN(1.0),N_A,AFY,NET_INCOME,2007,2006,0,2007-03-31,INR,3480100000000
RBI:ANN_SURV_INDS_RN(1.0),N_A,AFY,NET_VALUE_ADDED,2007,2006,0,2007-03-31,INR,3957250000000
RBI:ANN_SURV_INDS_RN(1.0),N_A,AFY,OUT_STND_LNS,2007,2006,0,2007-03-31,INR,4285890000000
RBI:ANN_SURV_INDS_RN(1.0),N_A,AFY,PFT,2007,2006,0,2007-03-31,INR,2414250000000
RBI:ANN_SURV_INDS_RN(1.0),N_A,AFY,PROD_BY_PROD,2007,2006,0,2007-03-31,PN,21286360000000
RBI:ANN_SURV_INDS_RN(1.0),N_A,AFY,PRV_OTH_FNDS,2007,2006,0,2007-03-31,INR,103000000000
RBI:ANN_SURV_INDS_RN(1.0),N_A,AFY,RENT_PAID,2007,2006,0,2007-03-31,INR,64040000000
RBI:ANN_SURV_INDS_RN(1.0),N_A,AFY,TOTAL_PERSNS_ENGAGED,2007,2006,0,2007-03-31,PS,10328434
RBI:ANN_SURV_INDS_RN(1.0),N_A,AFY,TOT_EMOLUMENTS,2007,2006,0,2007-03-31,INR,887510000000
RBI:ANN_SURV_INDS_RN(1.0),N_A,AFY,TOT_INPUTS,2007,2006,0,2007-03-31,PN,19483680000000
RBI:ANN_SURV_INDS_RN(1.0),N_A,AFY,TTL_ADN_STOCK,2007,2006,0,2007-03-31,PN,550050000000
RBI:ANN_SURV_INDS_RN(1.0),N_A,AFY,VAL_OF_OUTPUT,2007,2006,0,2007-03-31,INR,24085480000000
RBI:ANN_SURV_INDS_RN(1.0),N_A,AFY,WGS_TO_WRKRS,2007,2006,0,2007-03-31,INR,442910000000
RBI:ANN_SURV_INDS_RN(1.0),N_A,AFY,WRK_CAP,2007,2006,0,2007-03-31,INR,2821890000000
RBI:ANN_SURV_INDS_RN(1.0),N_A,AFY,WRK_STAF_WELF_EXPENS,2007,2006,0,2007-03-31,INR,75340000000
RBI:ANN_SURV_INDS_RN(1.0),N_A,AFY,ADD_STC_FIN_GDS,2008,2007,0,2008-03-31,PN,243790000000
RBI:ANN_SURV_INDS_RN(1.0),N_A,AFY,ADD_STC_MAT_FUEL,2008,2007,0,2008-03-31,PN,495270000000
RBI:ANN_SURV_INDS_RN(1.0),N_A,AFY,ADD_STC_SEMI_FIN_GDS,2008,2007,0,2008-03-31,PN,106020000000
RBI:ANN_SURV_INDS_RN(1.0),N_A,AFY,DEPREC,2008,2007,0,2008-03-31,INR,711640000000
RBI:ANN_SURV_INDS_RN(1.0),N_A,AFY,FIX_CAP,2008,2007,0,2008-03-31,INR,8451320000000
RBI:ANN_SURV_INDS_RN(1.0),N_A,AFY,FUEL_CONS,2008,2007,0,2008-03-31,PN,1295620000000
RBI:ANN_SURV_INDS_RN(1.0),N_A,AFY,GROSS_CAP_FORM,2008,2007,0,2008-03-31,INR,2622990000000
RBI:ANN_SURV_INDS_RN(1.0),N_A,AFY,GRS_FXD_CAP_FORM,2008,2007,0,2008-03-31,INR,1777910000000
RBI:ANN_SURV_INDS_RN(1.0),N_A,AFY,INT_PAID,2008,2007,0,2008-03-31,INR,514870000000
RBI:ANN_SURV_INDS_RN(1.0),N_A,AFY,INV_CAP,2008,2007,0,2008-03-31,INR,12801260000000
RBI:ANN_SURV_INDS_RN(1.0),N_A,AFY,MAN_DAYS_EMP,2008,2007,0,2008-03-31,PN,3144881000
RBI:ANN_SURV_INDS_RN(1.0),N_A,AFY,MAN_DAYS_WRK,2008,2007,0,2008-03-31,PN,2477465000
RBI:ANN_SURV_INDS_RN(1.0),N_A,AFY,MAT_CONSUMED,2008,2007,0,2008-03-31,PN,17528870000000
RBI:ANN_SURV_INDS_RN(1.0),N_A,AFY,NBR_EMP,2008,2007,0,2008-03-31,PS,10378495
RBI:ANN_SURV_INDS_RN(1.0),N_A,AFY,NBR_FACT,2008,2007,0,2008-03-31,PN,146385.0
RBI:ANN_SURV_INDS_RN(1.0),N_A,AFY,NBR_WRKRS,2008,2007,0,2008-03-31,PS,8198110.0
RBI:ANN_SURV_INDS_RN(1.0),N_A,AFY,NET_FIXD_CAPIT_FORMAT,2008,2007,0,2008-03-31,INR,1066270000000
RBI:ANN_SURV_INDS_RN(1.0),N_A,AFY,NET_INCOME,2008,2007,0,2008-03-31,INR,4226000000000
RBI:ANN_SURV_INDS_RN(1.0),N_A,AFY,NET_VALUE_ADDED,2008,2007,0,2008-03-31,INR,4815930000000
RBI:ANN_SURV_INDS_RN(1.0),N_A,AFY,OUT_STND_LNS,2008,2007,0,2008-03-31,INR,4539960000000
RBI:ANN_SURV_INDS_RN(1.0),N_A,AFY,PFT,2008,2007,0,2008-03-31,INR,2975760000000
RBI:ANN_SURV_INDS_RN(1.0),N_A,AFY,PROD_BY_PROD,2008,2007,0,2008-03-31,PN,24707170000000
RBI:ANN_SURV_INDS_RN(1.0),N_A,AFY,PRV_OTH_FNDS,2008,2007,0,2008-03-31,INR,110650000000
RBI:ANN_SURV_INDS_RN(1.0),N_A,AFY,RENT_PAID,2008,2007,0,2008-03-31,INR,75050000000
RBI:ANN_SURV_INDS_RN(1.0),N_A,AFY,TOTAL_PERSNS_ENGAGED,2008,2007,0,2008-03-31,PS,10452535
RBI:ANN_SURV_INDS_RN(1.0),N_A,AFY,TOT_EMOLUMENTS,2008,2007,0,2008-03-31,INR,1054430000000
RBI:ANN_SURV_INDS_RN(1.0),N_A,AFY,TOT_INPUTS,2008,2007,0,2008-03-31,PN,22229530000000
RBI:ANN_SURV_INDS_RN(1.0),N_A,AFY,TTL_ADN_STOCK,2008,2007,0,2008-03-31,PN,845080000000
RBI:ANN_SURV_INDS_RN(1.0),N_A,AFY,VAL_OF_OUTPUT,2008,2007,0,2008-03-31,INR,27757090000000
RBI:ANN_SURV_INDS_RN(1.0),N_A,AFY,WGS_TO_WRKRS,2008,2007,0,2008-03-31,INR,510300000000
RBI:ANN_SURV_INDS_RN(1.0),N_A,AFY,WRK_CAP,2008,2007,0,2008-03-31,INR,3169530000000
RBI:ANN_SURV_INDS_RN(1.0),N_A,AFY,WRK_STAF_WELF_EXPENS,2008,2007,0,2008-03-31,INR,85160000000
RBI:ANN_SURV_INDS_RN(1.0),N_A,AFY,ADD_STC_FIN_GDS,2009,2008,0,2009-03-31,PN,67980000000
RBI:ANN_SURV_INDS_RN(1.0),N_A,AFY,ADD_STC_MAT_FUEL,2009,2008,0,2009-03-31,PN,197470000000
RBI:ANN_SURV_INDS_RN(1.0),N_A,AFY,ADD_STC_SEMI_FIN_GDS,2009,2008,0,2009-03-31,PN,90940000000
RBI:ANN_SURV_INDS_RN(1.0),N_A,AFY,DEPREC,2009,2008,0,2009-03-31,INR,835460000000
RBI:ANN_SURV_INDS_RN(1.0),N_A,AFY,FIX_CAP,2009,2008,0,2009-03-31,INR,10559660000000
RBI:ANN_SURV_INDS_RN(1.0),N_A,AFY,FUEL_CONS,2009,2008,0,2009-03-31,PN,1521620000000
RBI:ANN_SURV_INDS_RN(1.0),N_A,AFY,GROSS_CAP_FORM,2009,2008,0,2009-03-31,INR,2615850000000
RBI:ANN_SURV_INDS_RN(1.0),N_A,AFY,GRS_FXD_CAP_FORM,2009,2008,0,2009-03-31,INR,2259470000000
RBI:ANN_SURV_INDS_RN(1.0),N_A,AFY,INT_PAID,2009,2008,0,2009-03-31,INR,686800000000
RBI:ANN_SURV_INDS_RN(1.0),N_A,AFY,INV_CAP,2009,2008,0,2009-03-31,INR,15351780000000
RBI:ANN_SURV_INDS_RN(1.0),N_A,AFY,MAN_DAYS_EMP,2009,2008,0,2009-03-31,PN,3386622000
RBI:ANN_SURV_INDS_RN(1.0),N_A,AFY,MAN_DAYS_WRK,2009,2008,0,2009-03-31,PN,2660547000
RBI:ANN_SURV_INDS_RN(1.0),N_A,AFY,MAT_CONSUMED,2009,2008,0,2009-03-31,PN,20659820000000
RBI:ANN_SURV_INDS_RN(1.0),N_A,AFY,NBR_EMP,2009,2008,0,2009-03-31,PS,11252793
RBI:ANN_SURV_INDS_RN(1.0),N_A,AFY,NBR_FACT,2009,2008,0,2009-03-31,PN,155321.0
RBI:ANN_SURV_INDS_RN(1.0),N_A,AFY,NBR_WRKRS,2009,2008,0,2009-03-31,PS,8776745.0
RBI:ANN_SURV_INDS_RN(1.0),N_A,AFY,NET_FIXD_CAPIT_FORMAT,2009,2008,0,2009-03-31,INR,1424010000000
RBI:ANN_SURV_INDS_RN(1.0),N_A,AFY,NET_INCOME,2009,2008,0,2009-03-31,INR,4493270000000
RBI:ANN_SURV_INDS_RN(1.0),N_A,AFY,NET_VALUE_ADDED,2009,2008,0,2009-03-31,INR,5277660000000
RBI:ANN_SURV_INDS_RN(1.0),N_A,AFY,OUT_STND_LNS,2009,2008,0,2009-03-31,INR,5364190000000
RBI:ANN_SURV_INDS_RN(1.0),N_A,AFY,PFT,2009,2008,0,2009-03-31,INR,2969910000000
RBI:ANN_SURV_INDS_RN(1.0),N_A,AFY,PROD_BY_PROD,2009,2008,0,2009-03-31,PN,28631480000000
RBI:ANN_SURV_INDS_RN(1.0),N_A,AFY,PRV_OTH_FNDS,2009,2008,0,2009-03-31,INR,128410000000
RBI:ANN_SURV_INDS_RN(1.0),N_A,AFY,RENT_PAID,2009,2008,0,2009-03-31,INR,97580000000
RBI:ANN_SURV_INDS_RN(1.0),N_A,AFY,TOTAL_PERSNS_ENGAGED,2009,2008,0,2009-03-31,PS,11327485
RBI:ANN_SURV_INDS_RN(1.0),N_A,AFY,TOT_EMOLUMENTS,2009,2008,0,2009-03-31,INR,1294410000000
RBI:ANN_SURV_INDS_RN(1.0),N_A,AFY,TOT_INPUTS,2009,2008,0,2009-03-31,PN,26614860000000
RBI:ANN_SURV_INDS_RN(1.0),N_A,AFY,TTL_ADN_STOCK,2009,2008,0,2009-03-31,PN,356380000000
RBI:ANN_SURV_INDS_RN(1.0),N_A,AFY,VAL_OF_OUTPUT,2009,2008,0,2009-03-31,INR,32727980000000
RBI:ANN_SURV_INDS_RN(1.0),N_A,AFY,WGS_TO_WRKRS,2009,2008,0,2009-03-31,INR,597720000000
RBI:ANN_SURV_INDS_RN(1.0),N_A,AFY,WRK_CAP,2009,2008,0,2009-03-31,INR,3112330000000
RBI:ANN_SURV_INDS_RN(1.0),N_A,AFY,WRK_STAF_WELF_EXPENS,2009,2008,0,2009-03-31,INR,100540000000
RBI:ANN_SURV_INDS_RN(1.0),N_A,AFY,ADD_STC_FIN_GDS,2010,2009,0,2010-03-31,PN,212830000000
RBI:ANN_SURV_INDS_RN(1.0),N_A,AFY,ADD_STC_MAT_FUEL,2010,2009,0,2010-03-31,PN,532390000000
RBI:ANN_SURV_INDS_RN(1.0),N_A,AFY,ADD_STC_SEMI_FIN_GDS,2010,2009,0,2010-03-31,PN,190220000000
RBI:ANN_SURV_INDS_RN(1.0),N_A,AFY,DEPREC,2010,2009,0,2010-03-31,INR,1050690000000
RBI:ANN_SURV_INDS_RN(1.0),N_A,AFY,FIX_CAP,2010,2009,0,2010-03-31,INR,13521840000000
RBI:ANN_SURV_INDS_RN(1.0),N_A,AFY,FUEL_CONS,2010,2009,0,2010-03-31,PN,1616000000000
RBI:ANN_SURV_INDS_RN(1.0),N_A,AFY,GROSS_CAP_FORM,2010,2009,0,2010-03-31,INR,3618450000000
RBI:ANN_SURV_INDS_RN(1.0),N_A,AFY,GRS_FXD_CAP_FORM,2010,2009,0,2010-03-31,INR,2683010000000
RBI:ANN_SURV_INDS_RN(1.0),N_A,AFY,INT_PAID,2010,2009,0,2010-03-31,INR,733180000000
RBI:ANN_SURV_INDS_RN(1.0),N_A,AFY,INV_CAP,2010,2009,0,2010-03-31,INR,19330540000000
RBI:ANN_SURV_INDS_RN(1.0),N_A,AFY,MAN_DAYS_EMP,2010,2009,0,2010-03-31,PN,3574683000
RBI:ANN_SURV_INDS_RN(1.0),N_A,AFY,MAN_DAYS_WRK,2010,2009,0,2010-03-31,PN,2783026000
RBI:ANN_SURV_INDS_RN(1.0),N_A,AFY,MAT_CONSUMED,2010,2009,0,2010-03-31,PN,24090960000000
RBI:ANN_SURV_INDS_RN(1.0),N_A,AFY,NBR_EMP,2010,2009,0,2010-03-31,PS,11722631
RBI:ANN_SURV_INDS_RN(1.0),N_A,AFY,NBR_FACT,2010,2009,0,2010-03-31,PN,158877.0
RBI:ANN_SURV_INDS_RN(1.0),N_A,AFY,NBR_WRKRS,2010,2009,0,2010-03-31,PS,9157802.0
RBI:ANN_SURV_INDS_RN(1.0),N_A,AFY,NET_FIXD_CAPIT_FORMAT,2010,2009,0,2010-03-31,INR,1632320000000
RBI:ANN_SURV_INDS_RN(1.0),N_A,AFY,NET_INCOME,2010,2009,0,2010-03-31,INR,5067910000000
RBI:ANN_SURV_INDS_RN(1.0),N_A,AFY,NET_VALUE_ADDED,2010,2009,0,2010-03-31,INR,5921140000000
RBI:ANN_SURV_INDS_RN(1.0),N_A,AFY,OUT_STND_LNS,2010,2009,0,2010-03-31,INR,6630100000000
RBI:ANN_SURV_INDS_RN(1.0),N_A,AFY,PFT,2010,2009,0,2010-03-31,INR,3329310000000
RBI:ANN_SURV_INDS_RN(1.0),N_A,AFY,PROD_BY_PROD,2010,2009,0,2010-03-31,PN,33061420000000
RBI:ANN_SURV_INDS_RN(1.0),N_A,AFY,PRV_OTH_FNDS,2010,2009,0,2010-03-31,INR,149400000000
RBI:ANN_SURV_INDS_RN(1.0),N_A,AFY,RENT_PAID,2010,2009,0,2010-03-31,INR,120050000000
RBI:ANN_SURV_INDS_RN(1.0),N_A,AFY,TOTAL_PERSNS_ENGAGED,2010,2009,0,2010-03-31,PS,11792055
RBI:ANN_SURV_INDS_RN(1.0),N_A,AFY,TOT_EMOLUMENTS,2010,2009,0,2010-03-31,INR,1470070000000
RBI:ANN_SURV_INDS_RN(1.0),N_A,AFY,TOT_INPUTS,2010,2009,0,2010-03-31,PN,30358530000000
RBI:ANN_SURV_INDS_RN(1.0),N_A,AFY,TTL_ADN_STOCK,2010,2009,0,2010-03-31,PN,935440000000
RBI:ANN_SURV_INDS_RN(1.0),N_A,AFY,VAL_OF_OUTPUT,2010,2009,0,2010-03-31,INR,37330360000000
RBI:ANN_SURV_INDS_RN(1.0),N_A,AFY,WGS_TO_WRKRS,2010,2009,0,2010-03-31,INR,689410000000
RBI:ANN_SURV_INDS_RN(1.0),N_A,AFY,WRK_CAP,2010,2009,0,2010-03-31,INR,3877450000000
RBI:ANN_SURV_INDS_RN(1.0),N_A,AFY,WRK_STAF_WELF_EXPENS,2010,2009,0,2010-03-31,INR,119140000000
RBI:ANN_SURV_INDS_RN(1.0),N_A,AFY,ADD_STC_FIN_GDS,2011,2010,0,2011-03-31,PN,577450000000
RBI:ANN_SURV_INDS_RN(1.0),N_A,AFY,ADD_STC_MAT_FUEL,2011,2010,0,2011-03-31,PN,774260000000
RBI:ANN_SURV_INDS_RN(1.0),N_A,AFY,ADD_STC_SEMI_FIN_GDS,2011,2010,0,2011-03-31,PN,270780000000
RBI:ANN_SURV_INDS_RN(1.0),N_A,AFY,DEPREC,2011,2010,0,2011-03-31,INR,1205580000000
RBI:ANN_SURV_INDS_RN(1.0),N_A,AFY,FIX_CAP,2011,2010,0,2011-03-31,INR,16070070000000
RBI:ANN_SURV_INDS_RN(1.0),N_A,AFY,FUEL_CONS,2011,2010,0,2011-03-31,PN,1954240000000
RBI:ANN_SURV_INDS_RN(1.0),N_A,AFY,GROSS_CAP_FORM,2011,2010,0,2011-03-31,INR,4459040000000
RBI:ANN_SURV_INDS_RN(1.0),N_A,AFY,GRS_FXD_CAP_FORM,2011,2010,0,2011-03-31,INR,2836550000000
RBI:ANN_SURV_INDS_RN(1.0),N_A,AFY,INT_PAID,2011,2010,0,2011-03-31,INR,880210000000
RBI:ANN_SURV_INDS_RN(1.0),N_A,AFY,INV_CAP,2011,2010,0,2011-03-31,INR,23935800000000
RBI:ANN_SURV_INDS_RN(1.0),N_A,AFY,MAN_DAYS_EMP,2011,2010,0,2011-03-31,PN,3884964000
RBI:ANN_SURV_INDS_RN(1.0),N_A,AFY,MAN_DAYS_WRK,2011,2010,0,2011-03-31,PN,3035766000
RBI:ANN_SURV_INDS_RN(1.0),N_A,AFY,MAT_CONSUMED,2011,2010,0,2011-03-31,PN,30204410000000
RBI:ANN_SURV_INDS_RN(1.0),N_A,AFY,NBR_EMP,2011,2010,0,2011-03-31,PS,12617691
RBI:ANN_SURV_INDS_RN(1.0),N_A,AFY,NBR_FACT,2011,2010,0,2011-03-31,PN,211660.0
RBI:ANN_SURV_INDS_RN(1.0),N_A,AFY,NBR_WRKRS,2011,2010,0,2011-03-31,PS,9901970.0
RBI:ANN_SURV_INDS_RN(1.0),N_A,AFY,NET_FIXD_CAPIT_FORMAT,2011,2010,0,2011-03-31,INR,1630980000000
RBI:ANN_SURV_INDS_RN(1.0),N_A,AFY,NET_INCOME,2011,2010,0,2011-03-31,INR,6030620000000
RBI:ANN_SURV_INDS_RN(1.0),N_A,AFY,NET_VALUE_ADDED,2011,2010,0,2011-03-31,INR,7045760000000
RBI:ANN_SURV_INDS_RN(1.0),N_A,AFY,OUT_STND_LNS,2011,2010,0,2011-03-31,INR,8256380000000
RBI:ANN_SURV_INDS_RN(1.0),N_A,AFY,PFT,2011,2010,0,2011-03-31,INR,3901620000000
RBI:ANN_SURV_INDS_RN(1.0),N_A,AFY,PROD_BY_PROD,2011,2010,0,2011-03-31,PN,40837180000000
RBI:ANN_SURV_INDS_RN(1.0),N_A,AFY,PRV_OTH_FNDS,2011,2010,0,2011-03-31,INR,163390000000
RBI:ANN_SURV_INDS_RN(1.0),N_A,AFY,RENT_PAID,2011,2010,0,2011-03-31,INR,134930000000
RBI:ANN_SURV_INDS_RN(1.0),N_A,AFY,TOTAL_PERSNS_ENGAGED,2011,2010,0,2011-03-31,PS,12694853
RBI:ANN_SURV_INDS_RN(1.0),N_A,AFY,TOT_EMOLUMENTS,2011,2010,0,2011-03-31,INR,1832960000000
RBI:ANN_SURV_INDS_RN(1.0),N_A,AFY,TOT_INPUTS,2011,2010,0,2011-03-31,PN,38510840000000
RBI:ANN_SURV_INDS_RN(1.0),N_A,AFY,TTL_ADN_STOCK,2011,2010,0,2011-03-31,PN,1622490000000
RBI:ANN_SURV_INDS_RN(1.0),N_A,AFY,VAL_OF_OUTPUT,2011,2010,0,2011-03-31,INR,46762170000000
RBI:ANN_SURV_INDS_RN(1.0),N_A,AFY,WGS_TO_WRKRS,2011,2010,0,2011-03-31,INR,856460000000
RBI:ANN_SURV_INDS_RN(1.0),N_A,AFY,WRK_CAP,2011,2010,0,2011-03-31,INR,6203630000000
RBI:ANN_SURV_INDS_RN(1.0),N_A,AFY,WRK_STAF_WELF_EXPENS,2011,2010,0,2011-03-31,INR,132660000000
RBI:ANN_SURV_INDS_RN(1.0),N_A,AFY,ADD_STC_FIN_GDS,2012,2011,0,2012-03-31,PN,396600000000
RBI:ANN_SURV_INDS_RN(1.0),N_A,AFY,ADD_STC_MAT_FUEL,2012,2011,0,2012-03-31,PN,77120000000
RBI:ANN_SURV_INDS_RN(1.0),N_A,AFY,ADD_STC_SEMI_FIN_GDS,2012,2011,0,2012-03-31,PN,179400000000
RBI:ANN_SURV_INDS_RN(1.0),N_A,AFY,DEPREC,2012,2011,0,2012-03-31,INR,1406550000000
RBI:ANN_SURV_INDS_RN(1.0),N_A,AFY,FIX_CAP,2012,2011,0,2012-03-31,INR,19495510000000
RBI:ANN_SURV_INDS_RN(1.0),N_A,AFY,FUEL_CONS,2012,2011,0,2012-03-31,PN,2424380000000
RBI:ANN_SURV_INDS_RN(1.0),N_A,AFY,GROSS_CAP_FORM,2012,2011,0,2012-03-31,INR,4091360000000
RBI:ANN_SURV_INDS_RN(1.0),N_A,AFY,GRS_FXD_CAP_FORM,2012,2011,0,2012-03-31,INR,3438240000000
RBI:ANN_SURV_INDS_RN(1.0),N_A,AFY,INT_PAID,2012,2011,0,2012-03-31,INR,1206560000000
RBI:ANN_SURV_INDS_RN(1.0),N_A,AFY,INV_CAP,2012,2011,0,2012-03-31,INR,28411470000000
RBI:ANN_SURV_INDS_RN(1.0),N_A,AFY,MAN_DAYS_EMP,2012,2011,0,2012-03-31,PN,4087324000
RBI:ANN_SURV_INDS_RN(1.0),N_A,AFY,MAN_DAYS_WRK,2012,2011,0,2012-03-31,PN,3190232000
RBI:ANN_SURV_INDS_RN(1.0),N_A,AFY,MAT_CONSUMED,2012,2011,0,2012-03-31,PN,37419190000000
RBI:ANN_SURV_INDS_RN(1.0),N_A,AFY,NBR_EMP,2012,2011,0,2012-03-31,PS,13346243
RBI:ANN_SURV_INDS_RN(1.0),N_A,AFY,NBR_FACT,2012,2011,0,2012-03-31,PN,217554.0
RBI:ANN_SURV_INDS_RN(1.0),N_A,AFY,NBR_WRKRS,2012,2011,0,2012-03-31,PS,10438156
RBI:ANN_SURV_INDS_RN(1.0),N_A,AFY,NET_FIXD_CAPIT_FORMAT,2012,2011,0,2012-03-31,INR,2031690000000
RBI:ANN_SURV_INDS_RN(1.0),N_A,AFY,NET_INCOME,2012,2011,0,2012-03-31,INR,6277020000000
RBI:ANN_SURV_INDS_RN(1.0),N_A,AFY,NET_VALUE_ADDED,2012,2011,0,2012-03-31,INR,7645540000000
RBI:ANN_SURV_INDS_RN(1.0),N_A,AFY,OUT_STND_LNS,2012,2011,0,2012-03-31,INR,9243820000000
RBI:ANN_SURV_INDS_RN(1.0),N_A,AFY,PFT,2012,2011,0,2012-03-31,INR,3791160000000
RBI:ANN_SURV_INDS_RN(1.0),N_A,AFY,PROD_BY_PROD,2012,2011,0,2012-03-31,PN,49598760000000
RBI:ANN_SURV_INDS_RN(1.0),N_A,AFY,PRV_OTH_FNDS,2012,2011,0,2012-03-31,INR,181370000000
RBI:ANN_SURV_INDS_RN(1.0),N_A,AFY,RENT_PAID,2012,2011,0,2012-03-31,INR,161950000000
RBI:ANN_SURV_INDS_RN(1.0),N_A,AFY,TOTAL_PERSNS_ENGAGED,2012,2011,0,2012-03-31,PS,13430483
RBI:ANN_SURV_INDS_RN(1.0),N_A,AFY,TOT_EMOLUMENTS,2012,2011,0,2012-03-31,INR,2150980000000
RBI:ANN_SURV_INDS_RN(1.0),N_A,AFY,TOT_INPUTS,2012,2011,0,2012-03-31,PN,47984600000000
RBI:ANN_SURV_INDS_RN(1.0),N_A,AFY,TTL_ADN_STOCK,2012,2011,0,2012-03-31,PN,653120000000
RBI:ANN_SURV_INDS_RN(1.0),N_A,AFY,VAL_OF_OUTPUT,2012,2011,0,2012-03-31,INR,57036690000000
RBI:ANN_SURV_INDS_RN(1.0),N_A,AFY,WGS_TO_WRKRS,2012,2011,0,2012-03-31,INR,1000190000000
RBI:ANN_SURV_INDS_RN(1.0),N_A,AFY,WRK_CAP,2012,2011,0,2012-03-31,INR,5910790000000
RBI:ANN_SURV_INDS_RN(1.0),N_A,AFY,WRK_STAF_WELF_EXPENS,2012,2011,0,2012-03-31,INR,153520000000
RBI:ANN_SURV_INDS_RN(1.0),N_A,AFY,ADD_STC_FIN_GDS,2013,2012,0,2013-03-31,PN,435960000000
RBI:ANN_SURV_INDS_RN(1.0),N_A,AFY,ADD_STC_MAT_FUEL,2013,2012,0,2013-03-31,PN,332320000000
RBI:ANN_SURV_INDS_RN(1.0),N_A,AFY,ADD_STC_SEMI_FIN_GDS,2013,2012,0,2013-03-31,PN,123790000000
RBI:ANN_SURV_INDS_RN(1.0),N_A,AFY,DEPREC,2013,2012,0,2013-03-31,INR,1553310000000
RBI:ANN_SURV_INDS_RN(1.0),N_A,AFY,FIX_CAP,2013,2012,0,2013-03-31,INR,21802600000000
RBI:ANN_SURV_INDS_RN(1.0),N_A,AFY,FUEL_CONS,2013,2012,0,2013-03-31,PN,2675450000000
RBI:ANN_SURV_INDS_RN(1.0),N_A,AFY,GROSS_CAP_FORM,2013,2012,0,2013-03-31,INR,4467330000000
RBI:ANN_SURV_INDS_RN(1.0),N_A,AFY,GRS_FXD_CAP_FORM,2013,2012,0,2013-03-31,INR,3575260000000
RBI:ANN_SURV_INDS_RN(1.0),N_A,AFY,INT_PAID,2013,2012,0,2013-03-31,INR,1380730000000
RBI:ANN_SURV_INDS_RN(1.0),N_A,AFY,INV_CAP,2013,2012,0,2013-03-31,INR,31441120000000
RBI:ANN_SURV_INDS_RN(1.0),N_A,AFY,MAN_DAYS_EMP,2013,2012,0,2013-03-31,PN,3910879000
RBI:ANN_SURV_INDS_RN(1.0),N_A,AFY,MAN_DAYS_WRK,2013,2012,0,2013-03-31,PN,3048628000
RBI:ANN_SURV_INDS_RN(1.0),N_A,AFY,MAT_CONSUMED,2013,2012,0,2013-03-31,PN,39294940000000
RBI:ANN_SURV_INDS_RN(1.0),N_A,AFY,NBR_EMP,2013,2012,0,2013-03-31,PS,12873853
RBI:ANN_SURV_INDS_RN(1.0),N_A,AFY,NBR_FACT,2013,2012,0,2013-03-31,PN,222120.0
RBI:ANN_SURV_INDS_RN(1.0),N_A,AFY,NBR_WRKRS,2013,2012,0,2013-03-31,PS,10051626
RBI:ANN_SURV_INDS_RN(1.0),N_A,AFY,NET_FIXD_CAPIT_FORMAT,2013,2012,0,2013-03-31,INR,2021950000000
RBI:ANN_SURV_INDS_RN(1.0),N_A,AFY,NET_INCOME,2013,2012,0,2013-03-31,INR,7192860000000
RBI:ANN_SURV_INDS_RN(1.0),N_A,AFY,NET_VALUE_ADDED,2013,2012,0,2013-03-31,INR,8519490000000
RBI:ANN_SURV_INDS_RN(1.0),N_A,AFY,OUT_STND_LNS,2013,2012,0,2013-03-31,INR,10722470000000
RBI:ANN_SURV_INDS_RN(1.0),N_A,AFY,PFT,2013,2012,0,2013-03-31,INR,4442630000000
RBI:ANN_SURV_INDS_RN(1.0),N_A,AFY,PROD_BY_PROD,2013,2012,0,2013-03-31,PN,52855810000000
RBI:ANN_SURV_INDS_RN(1.0),N_A,AFY,PRV_OTH_FNDS,2013,2012,0,2013-03-31,INR,201440000000
RBI:ANN_SURV_INDS_RN(1.0),N_A,AFY,RENT_PAID,2013,2012,0,2013-03-31,INR,164220000000
RBI:ANN_SURV_INDS_RN(1.0),N_A,AFY,TOTAL_PERSNS_ENGAGED,2013,2012,0,2013-03-31,PS,12950025
RBI:ANN_SURV_INDS_RN(1.0),N_A,AFY,TOT_EMOLUMENTS,2013,2012,0,2013-03-31,INR,2380570000000
RBI:ANN_SURV_INDS_RN(1.0),N_A,AFY,TOT_INPUTS,2013,2012,0,2013-03-31,PN,50186660000000
RBI:ANN_SURV_INDS_RN(1.0),N_A,AFY,TTL_ADN_STOCK,2013,2012,0,2013-03-31,PN,892070000000
RBI:ANN_SURV_INDS_RN(1.0),N_A,AFY,VAL_OF_OUTPUT,2013,2012,0,2013-03-31,INR,60259450000000
RBI:ANN_SURV_INDS_RN(1.0),N_A,AFY,WGS_TO_WRKRS,2013,2012,0,2013-03-31,INR,1108960000000
RBI:ANN_SURV_INDS_RN(1.0),N_A,AFY,WRK_CAP,2013,2012,0,2013-03-31,INR,6034110000000
RBI:ANN_SURV_INDS_RN(1.0),N_A,AFY,WRK_STAF_WELF_EXPENS,2013,2012,0,2013-03-31,INR,168220000000
RBI:ANN_SURV_INDS_RN(1.0),N_A,AFY,ADD_STC_FIN_GDS,2014,2013,0,2014-03-31,PN,190550000000
RBI:ANN_SURV_INDS_RN(1.0),N_A,AFY,ADD_STC_MAT_FUEL,2014,2013,0,2014-03-31,PN,345900000000
RBI:ANN_SURV_INDS_RN(1.0),N_A,AFY,ADD_STC_SEMI_FIN_GDS,2014,2013,0,2014-03-31,PN,144600000000
RBI:ANN_SURV_INDS_RN(1.0),N_A,AFY,DEPREC,2014,2013,0,2014-03-31,INR,1697700000000
RBI:ANN_SURV_INDS_RN(1.0),N_A,AFY,FIX_CAP,2014,2013,0,2014-03-31,INR,23737190000000
RBI:ANN_SURV_INDS_RN(1.0),N_A,AFY,FUEL_CONS,2014,2013,0,2014-03-31,PN,2985080000000
RBI:ANN_SURV_INDS_RN(1.0),N_A,AFY,GROSS_CAP_FORM,2014,2013,0,2014-03-31,INR,4218430000000
RBI:ANN_SURV_INDS_RN(1.0),N_A,AFY,GRS_FXD_CAP_FORM,2014,2013,0,2014-03-31,INR,3537380000000
RBI:ANN_SURV_INDS_RN(1.0),N_A,AFY,INT_PAID,2014,2013,0,2014-03-31,INR,1548510000000
RBI:ANN_SURV_INDS_RN(1.0),N_A,AFY,INV_CAP,2014,2013,0,2014-03-31,INR,33845550000000
RBI:ANN_SURV_INDS_RN(1.0),N_A,AFY,MAN_DAYS_EMP,2014,2013,0,2014-03-31,PN,4085342000
RBI:ANN_SURV_INDS_RN(1.0),N_A,AFY,MAN_DAYS_WRK,2014,2013,0,2014-03-31,PN,3163707000
RBI:ANN_SURV_INDS_RN(1.0),N_A,AFY,MAT_CONSUMED,2014,2013,0,2014-03-31,PN,42304620000000
RBI:ANN_SURV_INDS_RN(1.0),N_A,AFY,NBR_EMP,2014,2013,0,2014-03-31,PS,13462061
RBI:ANN_SURV_INDS_RN(1.0),N_A,AFY,NBR_FACT,2014,2013,0,2014-03-31,PN,224576.0
RBI:ANN_SURV_INDS_RN(1.0),N_A,AFY,NBR_WRKRS,2014,2013,0,2014-03-31,PS,10444404
RBI:ANN_SURV_INDS_RN(1.0),N_A,AFY,NET_FIXD_CAPIT_FORMAT,2014,2013,0,2014-03-31,INR,1839680000000
RBI:ANN_SURV_INDS_RN(1.0),N_A,AFY,NET_INCOME,2014,2013,0,2014-03-31,INR,7515200000000
RBI:ANN_SURV_INDS_RN(1.0),N_A,AFY,NET_VALUE_ADDED,2014,2013,0,2014-03-31,INR,8953420000000
RBI:ANN_SURV_INDS_RN(1.0),N_A,AFY,OUT_STND_LNS,2014,2013,0,2014-03-31,INR,12220940000000
RBI:ANN_SURV_INDS_RN(1.0),N_A,AFY,PFT,2014,2013,0,2014-03-31,INR,4395660000000
RBI:ANN_SURV_INDS_RN(1.0),N_A,AFY,PROD_BY_PROD,2014,2013,0,2014-03-31,PN,57034490000000
RBI:ANN_SURV_INDS_RN(1.0),N_A,AFY,PRV_OTH_FNDS,2014,2013,0,2014-03-31,INR,210460000000
RBI:ANN_SURV_INDS_RN(1.0),N_A,AFY,RENT_PAID,2014,2013,0,2014-03-31,INR,152730000000
RBI:ANN_SURV_INDS_RN(1.0),N_A,AFY,TOTAL_PERSNS_ENGAGED,2014,2013,0,2014-03-31,PS,13538114
RBI:ANN_SURV_INDS_RN(1.0),N_A,AFY,TOT_EMOLUMENTS,2014,2013,0,2014-03-31,INR,2724150000000
RBI:ANN_SURV_INDS_RN(1.0),N_A,AFY,TOT_INPUTS,2014,2013,0,2014-03-31,PN,54901400000000
RBI:ANN_SURV_INDS_RN(1.0),N_A,AFY,TTL_ADN_STOCK,2014,2013,0,2014-03-31,PN,681050000000
RBI:ANN_SURV_INDS_RN(1.0),N_A,AFY,VAL_OF_OUTPUT,2014,2013,0,2014-03-31,INR,65552510000000
RBI:ANN_SURV_INDS_RN(1.0),N_A,AFY,WGS_TO_WRKRS,2014,2013,0,2014-03-31,INR,1264960000000
RBI:ANN_SURV_INDS_RN(1.0),N_A,AFY,WRK_CAP,2014,2013,0,2014-03-31,INR,6626860000000
RBI:ANN_SURV_INDS_RN(1.0),N_A,AFY,WRK_STAF_WELF_EXPENS,2014,2013,0,2014-03-31,INR,184940000000
RBI:ANN_SURV_INDS_RN(1.0),N_A,AFY,ADD_STC_FIN_GDS,2015,2014,0,2015-03-31,PN,174000000000
RBI:ANN_SURV_INDS_RN(1.0),N_A,AFY,ADD_STC_MAT_FUEL,2015,2014,0,2015-03-31,PN,-42640000000
RBI:ANN_SURV_INDS_RN(1.0),N_A,AFY,ADD_STC_SEMI_FIN_GDS,2015,2014,0,2015-03-31,PN,78820000000
RBI:ANN_SURV_INDS_RN(1.0),N_A,AFY,DEPREC,2015,2014,0,2015-03-31,INR,1895410000000
RBI:ANN_SURV_INDS_RN(1.0),N_A,AFY,FIX_CAP,2015,2014,0,2015-03-31,INR,24744550000000
RBI:ANN_SURV_INDS_RN(1.0),N_A,AFY,FUEL_CONS,2015,2014,0,2015-03-31,PN,2990020000000
RBI:ANN_SURV_INDS_RN(1.0),N_A,AFY,GROSS_CAP_FORM,2015,2014,0,2015-03-31,INR,3446140000000
RBI:ANN_SURV_INDS_RN(1.0),N_A,AFY,GRS_FXD_CAP_FORM,2015,2014,0,2015-03-31,INR,3235960000000
RBI:ANN_SURV_INDS_RN(1.0),N_A,AFY,INT_PAID,2015,2014,0,2015-03-31,INR,1728600000000
RBI:ANN_SURV_INDS_RN(1.0),N_A,AFY,INV_CAP,2015,2014,0,2015-03-31,INR,35139640000000
RBI:ANN_SURV_INDS_RN(1.0),N_A,AFY,MAN_DAYS_EMP,2015,2014,0,2015-03-31,PN,4184357000
RBI:ANN_SURV_INDS_RN(1.0),N_A,AFY,MAN_DAYS_WRK,2015,2014,0,2015-03-31,PN,3262545000
RBI:ANN_SURV_INDS_RN(1.0),N_A,AFY,MAT_CONSUMED,2015,2014,0,2015-03-31,PN,43504700000000
RBI:ANN_SURV_INDS_RN(1.0),N_A,AFY,NBR_EMP,2015,2014,0,2015-03-31,PS,13808327
RBI:ANN_SURV_INDS_RN(1.0),N_A,AFY,NBR_FACT,2015,2014,0,2015-03-31,PN,230435.0
RBI:ANN_SURV_INDS_RN(1.0),N_A,AFY,NBR_WRKRS,2015,2014,0,2015-03-31,PS,10755288
RBI:ANN_SURV_INDS_RN(1.0),N_A,AFY,NET_FIXD_CAPIT_FORMAT,2015,2014,0,2015-03-31,INR,1340550000000
RBI:ANN_SURV_INDS_RN(1.0),N_A,AFY,NET_INCOME,2015,2014,0,2015-03-31,INR,8122810000000
RBI:ANN_SURV_INDS_RN(1.0),N_A,AFY,NET_VALUE_ADDED,2015,2014,0,2015-03-31,INR,9751620000000
RBI:ANN_SURV_INDS_RN(1.0),N_A,AFY,OUT_STND_LNS,2015,2014,0,2015-03-31,INR,11521950000000
RBI:ANN_SURV_INDS_RN(1.0),N_A,AFY,PFT,2015,2014,0,2015-03-31,INR,4602830000000
RBI:ANN_SURV_INDS_RN(1.0),N_A,AFY,PROD_BY_PROD,2015,2014,0,2015-03-31,PN,59922220000000
RBI:ANN_SURV_INDS_RN(1.0),N_A,AFY,PRV_OTH_FNDS,2015,2014,0,2015-03-31,INR,246810000000
RBI:ANN_SURV_INDS_RN(1.0),N_A,AFY,RENT_PAID,2015,2014,0,2015-03-31,INR,170940000000
RBI:ANN_SURV_INDS_RN(1.0),N_A,AFY,TOTAL_PERSNS_ENGAGED,2015,2014,0,2015-03-31,PS,13881386
RBI:ANN_SURV_INDS_RN(1.0),N_A,AFY,TOT_EMOLUMENTS,2015,2014,0,2015-03-31,INR,3074130000000
RBI:ANN_SURV_INDS_RN(1.0),N_A,AFY,TOT_INPUTS,2015,2014,0,2015-03-31,PN,57191100000000
RBI:ANN_SURV_INDS_RN(1.0),N_A,AFY,TTL_ADN_STOCK,2015,2014,0,2015-03-31,PN,210180000000
RBI:ANN_SURV_INDS_RN(1.0),N_A,AFY,VAL_OF_OUTPUT,2015,2014,0,2015-03-31,INR,68838120000000
RBI:ANN_SURV_INDS_RN(1.0),N_A,AFY,WGS_TO_WRKRS,2015,2014,0,2015-03-31,INR,1404850000000
RBI:ANN_SURV_INDS_RN(1.0),N_A,AFY,WRK_CAP,2015,2014,0,2015-03-31,INR,6408400000000
RBI:ANN_SURV_INDS_RN(1.0),N_A,AFY,WRK_STAF_WELF_EXPENS,2015,2014,0,2015-03-31,INR,199040000000
RBI:ANN_SURV_INDS_RN(1.0),N_A,AFY,ADD_STC_FIN_GDS,2016,2015,0,2016-03-31,PN,52080000000
RBI:ANN_SURV_INDS_RN(1.0),N_A,AFY,ADD_STC_MAT_FUEL,2016,2015,0,2016-03-31,PN,-66980000000
RBI:ANN_SURV_INDS_RN(1.0),N_A,AFY,ADD_STC_SEMI_FIN_GDS,2016,2015,0,2016-03-31,PN,-14760000000
RBI:ANN_SURV_INDS_RN(1.0),N_A,AFY,DEPREC,2016,2015,0,2016-03-31,INR,2007950000000
RBI:ANN_SURV_INDS_RN(1.0),N_A,AFY,FIX_CAP,2016,2015,0,2016-03-31,INR,28096470000000
RBI:ANN_SURV_INDS_RN(1.0),N_A,AFY,FUEL_CONS,2016,2015,0,2016-03-31,PN,2912350000000
RBI:ANN_SURV_INDS_RN(1.0),N_A,AFY,GROSS_CAP_FORM,2016,2015,0,2016-03-31,INR,3766220000000
RBI:ANN_SURV_INDS_RN(1.0),N_A,AFY,GRS_FXD_CAP_FORM,2016,2015,0,2016-03-31,INR,3795880000000
RBI:ANN_SURV_INDS_RN(1.0),N_A,AFY,INT_PAID,2016,2015,0,2016-03-31,INR,1821370000000
RBI:ANN_SURV_INDS_RN(1.0),N_A,AFY,INV_CAP,2016,2015,0,2016-03-31,INR,38531000000000
RBI:ANN_SURV_INDS_RN(1.0),N_A,AFY,MAN_DAYS_EMP,2016,2015,0,2016-03-31,PN,4337047000
RBI:ANN_SURV_INDS_RN(1.0),N_A,AFY,MAN_DAYS_WRK,2016,2015,0,2016-03-31,PN,3391712000
RBI:ANN_SURV_INDS_RN(1.0),N_A,AFY,MAT_CONSUMED,2016,2015,0,2016-03-31,PN,41550530000000
RBI:ANN_SURV_INDS_RN(1.0),N_A,AFY,NBR_EMP,2016,2015,0,2016-03-31,PS,14227645
RBI:ANN_SURV_INDS_RN(1.0),N_A,AFY,NBR_FACT,2016,2015,0,2016-03-31,PN,233116.0
RBI:ANN_SURV_INDS_RN(1.0),N_A,AFY,NBR_WRKRS,2016,2015,0,2016-03-31,PS,11136133
RBI:ANN_SURV_INDS_RN(1.0),N_A,AFY,NET_FIXD_CAPIT_FORMAT,2016,2015,0,2016-03-31,INR,1787930000000
RBI:ANN_SURV_INDS_RN(1.0),N_A,AFY,NET_INCOME,2016,2015,0,2016-03-31,INR,9016530000000
RBI:ANN_SURV_INDS_RN(1.0),N_A,AFY,NET_VALUE_ADDED,2016,2015,0,2016-03-31,INR,10724850000000
RBI:ANN_SURV_INDS_RN(1.0),N_A,AFY,OUT_STND_LNS,2016,2015,0,2016-03-31,INR,13093160000000
RBI:ANN_SURV_INDS_RN(1.0),N_A,AFY,PFT,2016,2015,0,2016-03-31,INR,5131930000000
RBI:ANN_SURV_INDS_RN(1.0),N_A,AFY,PROD_BY_PROD,2016,2015,0,2016-03-31,PN,59578020000000
RBI:ANN_SURV_INDS_RN(1.0),N_A,AFY,PRV_OTH_FNDS,2016,2015,0,2016-03-31,INR,263970000000
RBI:ANN_SURV_INDS_RN(1.0),N_A,AFY,RENT_PAID,2016,2015,0,2016-03-31,INR,177480000000
RBI:ANN_SURV_INDS_RN(1.0),N_A,AFY,TOTAL_PERSNS_ENGAGED,2016,2015,0,2016-03-31,PS,14299710
RBI:ANN_SURV_INDS_RN(1.0),N_A,AFY,TOT_EMOLUMENTS,2016,2015,0,2016-03-31,INR,3397510000000
RBI:ANN_SURV_INDS_RN(1.0),N_A,AFY,TOT_INPUTS,2016,2015,0,2016-03-31,PN,55890740000000
RBI:ANN_SURV_INDS_RN(1.0),N_A,AFY,TTL_ADN_STOCK,2016,2015,0,2016-03-31,PN,-29650000000
RBI:ANN_SURV_INDS_RN(1.0),N_A,AFY,VAL_OF_OUTPUT,2016,2015,0,2016-03-31,INR,68623540000000
RBI:ANN_SURV_INDS_RN(1.0),N_A,AFY,WGS_TO_WRKRS,2016,2015,0,2016-03-31,INR,1560010000000
RBI:ANN_SURV_INDS_RN(1.0),N_A,AFY,WRK_CAP,2016,2015,0,2016-03-31,INR,7405300000000
RBI:ANN_SURV_INDS_RN(1.0),N_A,AFY,WRK_STAF_WELF_EXPENS,2016,2015,0,2016-03-31,INR,223120000000
RBI:ANN_SURV_INDS_RN(1.0),N_A,AFY,ADD_STC_FIN_GDS,2017,2016,0,2017-03-31,PN,247220000000
RBI:ANN_SURV_INDS_RN(1.0),N_A,AFY,ADD_STC_MAT_FUEL,2017,2016,0,2017-03-31,PN,310340000000
RBI:ANN_SURV_INDS_RN(1.0),N_A,AFY,ADD_STC_SEMI_FIN_GDS,2017,2016,0,2017-03-31,PN,160550000000
RBI:ANN_SURV_INDS_RN(1.0),N_A,AFY,DEPREC,2017,2016,0,2017-03-31,INR,2221310000000
RBI:ANN_SURV_INDS_RN(1.0),N_A,AFY,FIX_CAP,2017,2016,0,2017-03-31,INR,31903860000000
RBI:ANN_SURV_INDS_RN(1.0),N_A,AFY,FUEL_CONS,2017,2016,0,2017-03-31,PN,3078320000000
RBI:ANN_SURV_INDS_RN(1.0),N_A,AFY,GROSS_CAP_FORM,2017,2016,0,2017-03-31,INR,4409110000000
RBI:ANN_SURV_INDS_RN(1.0),N_A,AFY,GRS_FXD_CAP_FORM,2017,2016,0,2017-03-31,INR,3691000000000
RBI:ANN_SURV_INDS_RN(1.0),N_A,AFY,INT_PAID,2017,2016,0,2017-03-31,INR,1894020000000
RBI:ANN_SURV_INDS_RN(1.0),N_A,AFY,INV_CAP,2017,2016,0,2017-03-31,INR,42962550000000
RBI:ANN_SURV_INDS_RN(1.0),N_A,AFY,MAN_DAYS_EMP,2017,2016,0,2017-03-31,PN,4533725000
RBI:ANN_SURV_INDS_RN(1.0),N_A,AFY,MAN_DAYS_WRK,2017,2016,0,2017-03-31,PN,3558816000
RBI:ANN_SURV_INDS_RN(1.0),N_A,AFY,MAT_CONSUMED,2017,2016,0,2017-03-31,PN,44451250000000
RBI:ANN_SURV_INDS_RN(1.0),N_A,AFY,NBR_EMP,2017,2016,0,2017-03-31,PS,14840929
RBI:ANN_SURV_INDS_RN(1.0),N_A,AFY,NBR_FACT,2017,2016,0,2017-03-31,PN,234865.0
RBI:ANN_SURV_INDS_RN(1.0),N_A,AFY,NBR_WRKRS,2017,2016,0,2017-03-31,PS,11662947
RBI:ANN_SURV_INDS_RN(1.0),N_A,AFY,NET_FIXD_CAPIT_FORMAT,2017,2016,0,2017-03-31,INR,1469690000000
RBI:ANN_SURV_INDS_RN(1.0),N_A,AFY,NET_INCOME,2017,2016,0,2017-03-31,INR,9722140000000
RBI:ANN_SURV_INDS_RN(1.0),N_A,AFY,NET_VALUE_ADDED,2017,2016,0,2017-03-31,INR,11459190000000
RBI:ANN_SURV_INDS_RN(1.0),N_A,AFY,OUT_STND_LNS,2017,2016,0,2017-03-31,INR,13659810000000
RBI:ANN_SURV_INDS_RN(1.0),N_A,AFY,PFT,2017,2016,0,2017-03-31,INR,5393530000000
RBI:ANN_SURV_INDS_RN(1.0),N_A,AFY,PROD_BY_PROD,2017,2016,0,2017-03-31,PN,63068000000000
RBI:ANN_SURV_INDS_RN(1.0),N_A,AFY,PRV_OTH_FNDS,2017,2016,0,2017-03-31,INR,305030000000
RBI:ANN_SURV_INDS_RN(1.0),N_A,AFY,RENT_PAID,2017,2016,0,2017-03-31,INR,196430000000
RBI:ANN_SURV_INDS_RN(1.0),N_A,AFY,TOTAL_PERSNS_ENGAGED,2017,2016,0,2017-03-31,PS,14911189
RBI:ANN_SURV_INDS_RN(1.0),N_A,AFY,TOT_EMOLUMENTS,2017,2016,0,2017-03-31,INR,3751640000000
RBI:ANN_SURV_INDS_RN(1.0),N_A,AFY,TOT_INPUTS,2017,2016,0,2017-03-31,PN,58974640000000
RBI:ANN_SURV_INDS_RN(1.0),N_A,AFY,TTL_ADN_STOCK,2017,2016,0,2017-03-31,PN,718110000000
RBI:ANN_SURV_INDS_RN(1.0),N_A,AFY,VAL_OF_OUTPUT,2017,2016,0,2017-03-31,INR,72655140000000
RBI:ANN_SURV_INDS_RN(1.0),N_A,AFY,WGS_TO_WRKRS,2017,2016,0,2017-03-31,INR,1735370000000
RBI:ANN_SURV_INDS_RN(1.0),N_A,AFY,WRK_CAP,2017,2016,0,2017-03-31,INR,6630830000000
RBI:ANN_SURV_INDS_RN(1.0),N_A,AFY,WRK_STAF_WELF_EXPENS,2017,2016,0,2017-03-31,INR,271950000000
RBI:ANN_SURV_INDS_RN(1.0),N_A,AFY,ADD_STC_FIN_GDS,2018,2017,0,2018-03-31,PN,246560000000
RBI:ANN_SURV_INDS_RN(1.0),N_A,AFY,ADD_STC_MAT_FUEL,2018,2017,0,2018-03-31,PN,644090000000
RBI:ANN_SURV_INDS_RN(1.0),N_A,AFY,ADD_STC_SEMI_FIN_GDS,2018,2017,0,2018-03-31,PN,128660000000
RBI:ANN_SURV_INDS_RN(1.0),N_A,AFY,DEPREC,2018,2017,0,2018-03-31,INR,2372960000000
RBI:ANN_SURV_INDS_RN(1.0),N_A,AFY,FIX_CAP,2018,2017,0,2018-03-31,INR,32858890000000
RBI:ANN_SURV_INDS_RN(1.0),N_A,AFY,FUEL_CONS,2018,2017,0,2018-03-31,PN,3497980000000
RBI:ANN_SURV_INDS_RN(1.0),N_A,AFY,GROSS_CAP_FORM,2018,2017,0,2018-03-31,INR,4146180000000
RBI:ANN_SURV_INDS_RN(1.0),N_A,AFY,GRS_FXD_CAP_FORM,2018,2017,0,2018-03-31,INR,3126880000000
RBI:ANN_SURV_INDS_RN(1.0),N_A,AFY,INT_PAID,2018,2017,0,2018-03-31,INR,1876840000000
RBI:ANN_SURV_INDS_RN(1.0),N_A,AFY,INV_CAP,2018,2017,0,2018-03-31,INR,44609450000000
RBI:ANN_SURV_INDS_RN(1.0),N_A,AFY,MAN_DAYS_EMP,2018,2017,0,2018-03-31,PN,4744427000
RBI:ANN_SURV_INDS_RN(1.0),N_A,AFY,MAN_DAYS_WRK,2018,2017,0,2018-03-31,PN,3726732000
RBI:ANN_SURV_INDS_RN(1.0),N_A,AFY,MAT_CONSUMED,2018,2017,0,2018-03-31,PN,51240180000000
RBI:ANN_SURV_INDS_RN(1.0),N_A,AFY,NBR_EMP,2018,2017,0,2018-03-31,PS,15546199
RBI:ANN_SURV_INDS_RN(1.0),N_A,AFY,NBR_FACT,2018,2017,0,2018-03-31,PN,237684.0
RBI:ANN_SURV_INDS_RN(1.0),N_A,AFY,NBR_WRKRS,2018,2017,0,2018-03-31,PS,12224422
RBI:ANN_SURV_INDS_RN(1.0),N_A,AFY,NET_FIXD_CAPIT_FORMAT,2018,2017,0,2018-03-31,INR,753920000000
RBI:ANN_SURV_INDS_RN(1.0),N_A,AFY,NET_INCOME,2018,2017,0,2018-03-31,INR,10507880000000
RBI:ANN_SURV_INDS_RN(1.0),N_A,AFY,NET_VALUE_ADDED,2018,2017,0,2018-03-31,INR,12296740000000
RBI:ANN_SURV_INDS_RN(1.0),N_A,AFY,OUT_STND_LNS,2018,2017,0,2018-03-31,INR,13388010000000
RBI:ANN_SURV_INDS_RN(1.0),N_A,AFY,PFT,2018,2017,0,2018-03-31,INR,5762420000000
RBI:ANN_SURV_INDS_RN(1.0),N_A,AFY,PROD_BY_PROD,2018,2017,0,2018-03-31,PN,70961770000000
RBI:ANN_SURV_INDS_RN(1.0),N_A,AFY,PRV_OTH_FNDS,2018,2017,0,2018-03-31,INR,317730000000
RBI:ANN_SURV_INDS_RN(1.0),N_A,AFY,RENT_PAID,2018,2017,0,2018-03-31,INR,214740000000
RBI:ANN_SURV_INDS_RN(1.0),N_A,AFY,TOTAL_PERSNS_ENGAGED,2018,2017,0,2018-03-31,PS,15614619
RBI:ANN_SURV_INDS_RN(1.0),N_A,AFY,TOT_EMOLUMENTS,2018,2017,0,2018-03-31,INR,4183570000000
RBI:ANN_SURV_INDS_RN(1.0),N_A,AFY,TOT_INPUTS,2018,2017,0,2018-03-31,PN,66052020000000
RBI:ANN_SURV_INDS_RN(1.0),N_A,AFY,TTL_ADN_STOCK,2018,2017,0,2018-03-31,PN,1019300000000
RBI:ANN_SURV_INDS_RN(1.0),N_A,AFY,VAL_OF_OUTPUT,2018,2017,0,2018-03-31,INR,80721730000000
RBI:ANN_SURV_INDS_RN(1.0),N_A,AFY,WGS_TO_WRKRS,2018,2017,0,2018-03-31,INR,1928010000000
RBI:ANN_SURV_INDS_RN(1.0),N_A,AFY,WRK_CAP,2018,2017,0,2018-03-31,INR,6441190000000
RBI:ANN_SURV_INDS_RN(1.0),N_A,AFY,WRK_STAF_WELF_EXPENS,2018,2017,0,2018-03-31,INR,244160000000
RBI:ANN_SURV_INDS_RN(1.0),N_A,AFY,ADD_STC_FIN_GDS,2019,2018,0,2019-03-31,PN,689880399999.9999
RBI:ANN_SURV_INDS_RN(1.0),N_A,AFY,ADD_STC_MAT_FUEL,2019,2018,0,2019-03-31,PN,546469800000.00006
RBI:ANN_SURV_INDS_RN(1.0),N_A,AFY,ADD_STC_SEMI_FIN_GDS,2019,2018,0,2019-03-31,PN,188247500000
RBI:ANN_SURV_INDS_RN(1.0),N_A,AFY,DEPREC,2019,2018,0,2019-03-31,INR,2615529100000
RBI:ANN_SURV_INDS_RN(1.0),N_A,AFY,FIX_CAP,2019,2018,0,2019-03-31,INR,34660697500000
RBI:ANN_SURV_INDS_RN(1.0),N_A,AFY,FUEL_CONS,2019,2018,0,2019-03-31,PN,4091993600000
RBI:ANN_SURV_INDS_RN(1.0),N_A,AFY,GROSS_CAP_FORM,2019,2018,0,2019-03-31,INR,4871184400000
RBI:ANN_SURV_INDS_RN(1.0),N_A,AFY,GRS_FXD_CAP_FORM,2019,2018,0,2019-03-31,INR,3446586700000
RBI:ANN_SURV_INDS_RN(1.0),N_A,AFY,INT_PAID,2019,2018,0,2019-03-31,INR,1934371400000.0002
RBI:ANN_SURV_INDS_RN(1.0),N_A,AFY,INV_CAP,2019,2018,0,2019-03-31,INR,47772647400000
RBI:ANN_SURV_INDS_RN(1.0),N_A,AFY,MAN_DAYS_EMP,2019,2018,0,2019-03-31,PN,4941810000
RBI:ANN_SURV_INDS_RN(1.0),N_A,AFY,MAN_DAYS_WRK,2019,2018,0,2019-03-31,PN,3906650000
RBI:ANN_SURV_INDS_RN(1.0),N_A,AFY,MAT_CONSUMED,2019,2018,0,2019-03-31,PN,61074381200000
RBI:ANN_SURV_INDS_RN(1.0),N_A,AFY,NBR_EMP,2019,2018,0,2019-03-31,PS,16212214
RBI:ANN_SURV_INDS_RN(1.0),N_A,AFY,NBR_FACT,2019,2018,0,2019-03-31,PN,242395.0
RBI:ANN_SURV_INDS_RN(1.0),N_A,AFY,NBR_WRKRS,2019,2018,0,2019-03-31,PS,12798588
RBI:ANN_SURV_INDS_RN(1.0),N_A,AFY,NET_FIXD_CAPIT_FORMAT,2019,2018,0,2019-03-31,INR,831057600000
RBI:ANN_SURV_INDS_RN(1.0),N_A,AFY,NET_INCOME,2019,2018,0,2019-03-31,INR,10779037800000
RBI:ANN_SURV_INDS_RN(1.0),N_A,AFY,NET_VALUE_ADDED,2019,2018,0,2019-03-31,INR,12764663700000.002
RBI:ANN_SURV_INDS_RN(1.0),N_A,AFY,OUT_STND_LNS,2019,2018,0,2019-03-31,INR,13058692900000
RBI:ANN_SURV_INDS_RN(1.0),N_A,AFY,PFT,2019,2018,0,2019-03-31,INR,5565225800000
RBI:ANN_SURV_INDS_RN(1.0),N_A,AFY,PROD_BY_PROD,2019,2018,0,2019-03-31,PN,82794439700000
RBI:ANN_SURV_INDS_RN(1.0),N_A,AFY,PRV_OTH_FNDS,2019,2018,0,2019-03-31,INR,332102200000
RBI:ANN_SURV_INDS_RN(1.0),N_A,AFY,RENT_PAID,2019,2018,0,2019-03-31,INR,51254500000
RBI:ANN_SURV_INDS_RN(1.0),N_A,AFY,TOTAL_PERSNS_ENGAGED,2019,2018,0,2019-03-31,PS,16280211
RBI:ANN_SURV_INDS_RN(1.0),N_A,AFY,TOT_EMOLUMENTS,2019,2018,0,2019-03-31,INR,4620798300000
RBI:ANN_SURV_INDS_RN(1.0),N_A,AFY,TOT_INPUTS,2019,2018,0,2019-03-31,PN,77437798000000
RBI:ANN_SURV_INDS_RN(1.0),N_A,AFY,TTL_ADN_STOCK,2019,2018,0,2019-03-31,PN,1424597700000
RBI:ANN_SURV_INDS_RN(1.0),N_A,AFY,VAL_OF_OUTPUT,2019,2018,0,2019-03-31,INR,92817990800000
RBI:ANN_SURV_INDS_RN(1.0),N_A,AFY,WGS_TO_WRKRS,2019,2018,0,2019-03-31,INR,2157603500000
RBI:ANN_SURV_INDS_RN(1.0),N_A,AFY,WRK_CAP,2019,2018,0,2019-03-31,INR,8086645900000
RBI:ANN_SURV_INDS_RN(1.0),N_A,AFY,WRK_STAF_WELF_EXPENS,2019,2018,0,2019-03-31,INR,260911500000
RBI:ANN_SURV_INDS_RN(1.0),N_A,AFY,ADD_STC_FIN_GDS,2020,2019,0,2020-03-31,PN,132521000000
RBI:ANN_SURV_INDS_RN(1.0),N_A,AFY,ADD_STC_MAT_FUEL,2020,2019,0,2020-03-31,PN,-187650900000
RBI:ANN_SURV_INDS_RN(1.0),N_A,AFY,ADD_STC_SEMI_FIN_GDS,2020,2019,0,2020-03-31,PN,72858800000
RBI:ANN_SURV_INDS_RN(1.0),N_A,AFY,DEPREC,2020,2019,0,2020-03-31,INR,2730974200000
RBI:ANN_SURV_INDS_RN(1.0),N_A,AFY,FIX_CAP,2020,2019,0,2020-03-31,INR,36413516500000
RBI:ANN_SURV_INDS_RN(1.0),N_A,AFY,FUEL_CONS,2020,2019,0,2020-03-31,PN,3854873000000
RBI:ANN_SURV_INDS_RN(1.0),N_A,AFY,GROSS_CAP_FORM,2020,2019,0,2020-03-31,INR,4184882600000
RBI:ANN_SURV_INDS_RN(1.0),N_A,AFY,GRS_FXD_CAP_FORM,2020,2019,0,2020-03-31,INR,4167153700000
RBI:ANN_SURV_INDS_RN(1.0),N_A,AFY,INT_PAID,2020,2019,0,2020-03-31,INR,1854987200000
RBI:ANN_SURV_INDS_RN(1.0),N_A,AFY,INV_CAP,2020,2019,0,2020-03-31,INR,49736235199999.99
RBI:ANN_SURV_INDS_RN(1.0),N_A,AFY,MAN_DAYS_EMP,2020,2019,0,2020-03-31,PN,4985922000
RBI:ANN_SURV_INDS_RN(1.0),N_A,AFY,MAN_DAYS_WRK,2020,2019,0,2020-03-31,PN,3927494000
RBI:ANN_SURV_INDS_RN(1.0),N_A,AFY,MAT_CONSUMED,2020,2019,0,2020-03-31,PN,58302863200000
RBI:ANN_SURV_INDS_RN(1.0),N_A,AFY,NBR_EMP,2020,2019,0,2020-03-31,PS,16568526
RBI:ANN_SURV_INDS_RN(1.0),N_A,AFY,NBR_FACT,2020,2019,0,2020-03-31,PN,246504.0
RBI:ANN_SURV_INDS_RN(1.0),N_A,AFY,NBR_WRKRS,2020,2019,0,2020-03-31,PS,13058156
RBI:ANN_SURV_INDS_RN(1.0),N_A,AFY,NET_FIXD_CAPIT_FORMAT,2020,2019,0,2020-03-31,INR,1436179500000
RBI:ANN_SURV_INDS_RN(1.0),N_A,AFY,NET_INCOME,2020,2019,0,2020-03-31,INR,10224347600000
RBI:ANN_SURV_INDS_RN(1.0),N_A,AFY,NET_VALUE_ADDED,2020,2019,0,2020-03-31,INR,12126477100000
RBI:ANN_SURV_INDS_RN(1.0),N_A,AFY,OUT_STND_LNS,2020,2019,0,2020-03-31,INR,13278345400000
RBI:ANN_SURV_INDS_RN(1.0),N_A,AFY,PFT,2020,2019,0,2020-03-31,INR,4694726900000
RBI:ANN_SURV_INDS_RN(1.0),N_A,AFY,PROD_BY_PROD,2020,2019,0,2020-03-31,PN,79263281600000
RBI:ANN_SURV_INDS_RN(1.0),N_A,AFY,PRV_OTH_FNDS,2020,2019,0,2020-03-31,INR,344986200000
RBI:ANN_SURV_INDS_RN(1.0),N_A,AFY,RENT_PAID,2020,2019,0,2020-03-31,INR,47142299999.99999
RBI:ANN_SURV_INDS_RN(1.0),N_A,AFY,TOTAL_PERSNS_ENGAGED,2020,2019,0,2020-03-31,PS,16624291
RBI:ANN_SURV_INDS_RN(1.0),N_A,AFY,TOT_EMOLUMENTS,2020,2019,0,2020-03-31,INR,4917289700000
RBI:ANN_SURV_INDS_RN(1.0),N_A,AFY,TOT_INPUTS,2020,2019,0,2020-03-31,PN,74975561700000
RBI:ANN_SURV_INDS_RN(1.0),N_A,AFY,TTL_ADN_STOCK,2020,2019,0,2020-03-31,PN,17728900000
RBI:ANN_SURV_INDS_RN(1.0),N_A,AFY,VAL_OF_OUTPUT,2020,2019,0,2020-03-31,INR,89833012899999.98
RBI:ANN_SURV_INDS_RN(1.0),N_A,AFY,WGS_TO_WRKRS,2020,2019,0,2020-03-31,INR,2289052000000
RBI:ANN_SURV_INDS_RN(1.0),N_A,AFY,WRK_CAP,2020,2019,0,2020-03-31,INR,8833007900000
RBI:ANN_SURV_INDS_RN(1.0),N_A,AFY,WRK_STAF_WELF_EXPENS,2020,2019,0,2020-03-31,INR,267344800000
RBI:ANN_SURV_INDS_RN(1.0),N_A,AFY,ADD_STC_FIN_GDS,2021,2020,0,2021-03-31,PN,43720000000
RBI:ANN_SURV_INDS_RN(1.0),N_A,AFY,ADD_STC_MAT_FUEL,2021,2020,0,2021-03-31,PN,1140210000000
RBI:ANN_SURV_INDS_RN(1.0),N_A,AFY,ADD_STC_SEMI_FIN_GDS,2021,2020,0,2021-03-31,PN,129900000000
RBI:ANN_SURV_INDS_RN(1.0),N_A,AFY,DEPREC,2021,2020,0,2021-03-31,INR,2813600000000
RBI:ANN_SURV_INDS_RN(1.0),N_A,AFY,FIX_CAP,2021,2020,0,2021-03-31,INR,36943860000000
RBI:ANN_SURV_INDS_RN(1.0),N_A,AFY,FUEL_CONS,2021,2020,0,2021-03-31,PN,3489870000000
RBI:ANN_SURV_INDS_RN(1.0),N_A,AFY,GROSS_CAP_FORM,2021,2020,0,2021-03-31,INR,4450020000000
RBI:ANN_SURV_INDS_RN(1.0),N_A,AFY,GRS_FXD_CAP_FORM,2021,2020,0,2021-03-31,INR,3136180000000
RBI:ANN_SURV_INDS_RN(1.0),N_A,AFY,INT_PAID,2021,2020,0,2021-03-31,INR,1734980000000
RBI:ANN_SURV_INDS_RN(1.0),N_A,AFY,INV_CAP,2021,2020,0,2021-03-31,INR,51911430000000
RBI:ANN_SURV_INDS_RN(1.0),N_A,AFY,MAN_DAYS_EMP,2021,2020,0,2021-03-31,PN,4586054000
RBI:ANN_SURV_INDS_RN(1.0),N_A,AFY,MAN_DAYS_WRK,2021,2020,0,2021-03-31,PN,3598581000
RBI:ANN_SURV_INDS_RN(1.0),N_A,AFY,MAT_CONSUMED,2021,2020,0,2021-03-31,PN,55980230000000
RBI:ANN_SURV_INDS_RN(1.0),N_A,AFY,NBR_EMP,2021,2020,0,2021-03-31,PS,16025118
RBI:ANN_SURV_INDS_RN(1.0),N_A,AFY,NBR_FACT,2021,2020,0,2021-03-31,PN,250454.0
RBI:ANN_SURV_INDS_RN(1.0),N_A,AFY,NBR_WRKRS,2021,2020,0,2021-03-31,PS,12594563
RBI:ANN_SURV_INDS_RN(1.0),N_A,AFY,NET_FIXD_CAPIT_FORMAT,2021,2020,0,2021-03-31,INR,322580000000
RBI:ANN_SURV_INDS_RN(1.0),N_A,AFY,NET_INCOME,2021,2020,0,2021-03-31,INR,11574770000000
RBI:ANN_SURV_INDS_RN(1.0),N_A,AFY,NET_VALUE_ADDED,2021,2020,0,2021-03-31,INR,13357890000000
RBI:ANN_SURV_INDS_RN(1.0),N_A,AFY,OUT_STND_LNS,2021,2020,0,2021-03-31,INR,14132630000000
RBI:ANN_SURV_INDS_RN(1.0),N_A,AFY,PFT,2021,2020,0,2021-03-31,INR,6140580000000
RBI:ANN_SURV_INDS_RN(1.0),N_A,AFY,PROD_BY_PROD,2021,2020,0,2021-03-31,PN,77774070000000
RBI:ANN_SURV_INDS_RN(1.0),N_A,AFY,PRV_OTH_FNDS,2021,2020,0,2021-03-31,INR,335300000000
RBI:ANN_SURV_INDS_RN(1.0),N_A,AFY,RENT_PAID,2021,2020,0,2021-03-31,INR,48130000000
RBI:ANN_SURV_INDS_RN(1.0),N_A,AFY,TOTAL_PERSNS_ENGAGED,2021,2020,0,2021-03-31,PS,16089700
RBI:ANN_SURV_INDS_RN(1.0),N_A,AFY,TOT_EMOLUMENTS,2021,2020,0,2021-03-31,INR,4838900000000
RBI:ANN_SURV_INDS_RN(1.0),N_A,AFY,TOT_INPUTS,2021,2020,0,2021-03-31,PN,71920650000000
RBI:ANN_SURV_INDS_RN(1.0),N_A,AFY,TTL_ADN_STOCK,2021,2020,0,2021-03-31,PN,1313835700000
RBI:ANN_SURV_INDS_RN(1.0),N_A,AFY,VAL_OF_OUTPUT,2021,2020,0,2021-03-31,INR,88092140000000
RBI:ANN_SURV_INDS_RN(1.0),N_A,AFY,WGS_TO_WRKRS,2021,2020,0,2021-03-31,INR,2226150000000
RBI:ANN_SURV_INDS_RN(1.0),N_A,AFY,WRK_CAP,2021,2020,0,2021-03-31,INR,11090910000000
RBI:ANN_SURV_INDS_RN(1.0),N_A,AFY,WRK_STAF_WELF_EXPENS,2021,2020,0,2021-03-31,INR,260000000000
RBI:ANN_SURV_INDS_RN(1.0),N_A,AFY,ADD_STC_FIN_GDS,2022,2021,0,2022-03-31,PN,971176400000
RBI:ANN_SURV_INDS_RN(1.0),N_A,AFY,ADD_STC_MAT_FUEL,2022,2021,0,2022-03-31,PN,2249463400000
RBI:ANN_SURV_INDS_RN(1.0),N_A,AFY,ADD_STC_SEMI_FIN_GDS,2022,2021,0,2022-03-31,PN,501088300000
RBI:ANN_SURV_INDS_RN(1.0),N_A,AFY,DEPREC,2022,2021,0,2022-03-31,INR,2996468500000
RBI:ANN_SURV_INDS_RN(1.0),N_A,AFY,FIX_CAP,2022,2021,0,2022-03-31,INR,37263544400000
RBI:ANN_SURV_INDS_RN(1.0),N_A,AFY,FUEL_CONS,2022,2021,0,2022-03-31,PN,4705399500000
RBI:ANN_SURV_INDS_RN(1.0),N_A,AFY,GROSS_CAP_FORM,2022,2021,0,2022-03-31,INR,7022450600000.001
RBI:ANN_SURV_INDS_RN(1.0),N_A,AFY,GRS_FXD_CAP_FORM,2022,2021,0,2022-03-31,INR,3300722500000
RBI:ANN_SURV_INDS_RN(1.0),N_A,AFY,INT_PAID,2022,2021,0,2022-03-31,INR,1633223900000.0002
RBI:ANN_SURV_INDS_RN(1.0),N_A,AFY,INV_CAP,2022,2021,0,2022-03-31,INR,55449317500000
RBI:ANN_SURV_INDS_RN(1.0),N_A,AFY,MAN_DAYS_EMP,2022,2021,0,2022-03-31,PN,5211751000
RBI:ANN_SURV_INDS_RN(1.0),N_A,AFY,MAN_DAYS_WRK,2022,2021,0,2022-03-31,PN,4137325000
RBI:ANN_SURV_INDS_RN(1.0),N_A,AFY,MAT_CONSUMED,2022,2021,0,2022-03-31,PN,78790280300000
RBI:ANN_SURV_INDS_RN(1.0),N_A,AFY,NBR_EMP,2022,2021,0,2022-03-31,PS,17151172
RBI:ANN_SURV_INDS_RN(1.0),N_A,AFY,NBR_FACT,2022,2021,0,2022-03-31,PN,249987.0
RBI:ANN_SURV_INDS_RN(1.0),N_A,AFY,NBR_WRKRS,2022,2021,0,2022-03-31,PS,13609931
RBI:ANN_SURV_INDS_RN(1.0),N_A,AFY,NET_FIXD_CAPIT_FORMAT,2022,2021,0,2022-03-31,INR,304254000000
RBI:ANN_SURV_INDS_RN(1.0),N_A,AFY,NET_INCOME,2022,2021,0,2022-03-31,INR,15799401600000
RBI:ANN_SURV_INDS_RN(1.0),N_A,AFY,NET_VALUE_ADDED,2022,2021,0,2022-03-31,INR,17483246600000
RBI:ANN_SURV_INDS_RN(1.0),N_A,AFY,OUT_STND_LNS,2022,2021,0,2022-03-31,INR,13971895900000
RBI:ANN_SURV_INDS_RN(1.0),N_A,AFY,PFT,2022,2021,0,2022-03-31,INR,9507136800000
RBI:ANN_SURV_INDS_RN(1.0),N_A,AFY,PROD_BY_PROD,2022,2021,0,2022-03-31,PN,106505991600000
RBI:ANN_SURV_INDS_RN(1.0),N_A,AFY,PRV_OTH_FNDS,2022,2021,0,2022-03-31,INR,369011300000
RBI:ANN_SURV_INDS_RN(1.0),N_A,AFY,RENT_PAID,2022,2021,0,2022-03-31,INR,50621100000
RBI:ANN_SURV_INDS_RN(1.0),N_A,AFY,TOTAL_PERSNS_ENGAGED,2022,2021,0,2022-03-31,PS,17215350
RBI:ANN_SURV_INDS_RN(1.0),N_A,AFY,TOT_EMOLUMENTS,2022,2021,0,2022-03-31,INR,5608280100000
RBI:ANN_SURV_INDS_RN(1.0),N_A,AFY,TOT_INPUTS,2022,2021,0,2022-03-31,PN,98791799600000.02
RBI:ANN_SURV_INDS_RN(1.0),N_A,AFY,TTL_ADN_STOCK,2022,2021,0,2022-03-31,PN,3721728100000
RBI:ANN_SURV_INDS_RN(1.0),N_A,AFY,VAL_OF_OUTPUT,2022,2021,0,2022-03-31,INR,119271514700000
RBI:ANN_SURV_INDS_RN(1.0),N_A,AFY,WGS_TO_WRKRS,2022,2021,0,2022-03-31,INR,2645593000000
RBI:ANN_SURV_INDS_RN(1.0),N_A,AFY,WRK_CAP,2022,2021,0,2022-03-31,INR,13530864800000
RBI:ANN_SURV_INDS_RN(1.0),N_A,AFY,WRK_STAF_WELF_EXPENS,2022,2021,0,2022-03-31,INR,314973300000
RBI:ANN_SURV_INDS_RN(1.0),N_A,AFY,ADD_STC_FIN_GDS,2023,2022,0,2023-03-31,PN,620693200000
RBI:ANN_SURV_INDS_RN(1.0),N_A,AFY,ADD_STC_MAT_FUEL,2023,2022,0,2023-03-31,PN,997533600000
RBI:ANN_SURV_INDS_RN(1.0),N_A,AFY,ADD_STC_SEMI_FIN_GDS,2023,2022,0,2023-03-31,PN,200950600000
RBI:ANN_SURV_INDS_RN(1.0),N_A,AFY,DEPREC,2023,2022,0,2023-03-31,INR,3166449300000
RBI:ANN_SURV_INDS_RN(1.0),N_A,AFY,FIX_CAP,2023,2022,0,2023-03-31,INR,41217945800000
RBI:ANN_SURV_INDS_RN(1.0),N_A,AFY,FUEL_CONS,2023,2022,0,2023-03-31,PN,6103703199999.999
RBI:ANN_SURV_INDS_RN(1.0),N_A,AFY,GROSS_CAP_FORM,2023,2022,0,2023-03-31,INR,7667906600000
RBI:ANN_SURV_INDS_RN(1.0),N_A,AFY,GRS_FXD_CAP_FORM,2023,2022,0,2023-03-31,INR,5848729200000
RBI:ANN_SURV_INDS_RN(1.0),N_A,AFY,INT_PAID,2023,2022,0,2023-03-31,INR,1819271500000
RBI:ANN_SURV_INDS_RN(1.0),N_A,AFY,INV_CAP,2023,2022,0,2023-03-31,INR,61392125500000
RBI:ANN_SURV_INDS_RN(1.0),N_A,AFY,MAN_DAYS_EMP,2023,2022,0,2023-03-31,PN,5648203000
RBI:ANN_SURV_INDS_RN(1.0),N_A,AFY,MAN_DAYS_WRK,2023,2022,0,2023-03-31,PN,4481630000
RBI:ANN_SURV_INDS_RN(1.0),N_A,AFY,MAT_CONSUMED,2023,2022,0,2023-03-31,PN,97869385399999.98
RBI:ANN_SURV_INDS_RN(1.0),N_A,AFY,NBR_EMP,2023,2022,0,2023-03-31,PS,18433126
RBI:ANN_SURV_INDS_RN(1.0),N_A,AFY,NBR_FACT,2023,2022,0,2023-03-31,PN,253334.0
RBI:ANN_SURV_INDS_RN(1.0),N_A,AFY,NBR_WRKRS,2023,2022,0,2023-03-31,PS,14616971
RBI:ANN_SURV_INDS_RN(1.0),N_A,AFY,NET_FIXD_CAPIT_FORMAT,2023,2022,0,2023-03-31,INR,2682280000000
RBI:ANN_SURV_INDS_RN(1.0),N_A,AFY,NET_INCOME,2023,2022,0,2023-03-31,INR,16928262100000
RBI:ANN_SURV_INDS_RN(1.0),N_A,AFY,NET_VALUE_ADDED,2023,2022,0,2023-03-31,INR,18804111300000
RBI:ANN_SURV_INDS_RN(1.0),N_A,AFY,OUT_STND_LNS,2023,2022,0,2023-03-31,INR,15154989900000
RBI:ANN_SURV_INDS_RN(1.0),N_A,AFY,PFT,2023,2022,0,2023-03-31,INR,9763462800000
RBI:ANN_SURV_INDS_RN(1.0),N_A,AFY,PROD_BY_PROD,2023,2022,0,2023-03-31,PN,129352748200000
RBI:ANN_SURV_INDS_RN(1.0),N_A,AFY,PRV_OTH_FNDS,2023,2022,0,2023-03-31,INR,406613399999.99994
RBI:ANN_SURV_INDS_RN(1.0),N_A,AFY,RENT_PAID,2023,2022,0,2023-03-31,INR,56577700000.00001
RBI:ANN_SURV_INDS_RN(1.0),N_A,AFY,TOTAL_PERSNS_ENGAGED,2023,2022,0,2023-03-31,PS,18494962
RBI:ANN_SURV_INDS_RN(1.0),N_A,AFY,TOT_EMOLUMENTS,2023,2022,0,2023-03-31,INR,6404907000000
RBI:ANN_SURV_INDS_RN(1.0),N_A,AFY,TOT_INPUTS,2023,2022,0,2023-03-31,PN,122895462300000
RBI:ANN_SURV_INDS_RN(1.0),N_A,AFY,TTL_ADN_STOCK,2023,2022,0,2023-03-31,PN,1819177400000
RBI:ANN_SURV_INDS_RN(1.0),N_A,AFY,VAL_OF_OUTPUT,2023,2022,0,2023-03-31,INR,144866022800000
RBI:ANN_SURV_INDS_RN(1.0),N_A,AFY,WGS_TO_WRKRS,2023,2022,0,2023-03-31,INR,2999038000000
RBI:ANN_SURV_INDS_RN(1.0),N_A,AFY,WRK_CAP,2023,2022,0,2023-03-31,INR,15955893100000
RBI:ANN_SURV_INDS_RN(1.0),N_A,AFY,WRK_STAF_WELF_EXPENS,2023,2022,0,2023-03-31,INR,353278900000
RBI:ANN_SURV_INDS_RN(1.0),N_A,AFY,ADD_STC_FIN_GDS,2024,2023,0,2024-03-31,PN,694356100000
RBI:ANN_SURV_INDS_RN(1.0),N_A,AFY,ADD_STC_MAT_FUEL,2024,2023,0,2024-03-31,PN,666917400000
RBI:ANN_SURV_INDS_RN(1.0),N_A,AFY,ADD_STC_SEMI_FIN_GDS,2024,2023,0,2024-03-31,PN,210868500000
RBI:ANN_SURV_INDS_RN(1.0),N_A,AFY,DEPREC,2024,2023,0,2024-03-31,INR,3551927000000
RBI:ANN_SURV_INDS_RN(1.0),N_A,AFY,FIX_CAP,2024,2023,0,2024-03-31,INR,46240903500000
RBI:ANN_SURV_INDS_RN(1.0),N_A,AFY,FUEL_CONS,2024,2023,0,2024-03-31,PN,6025651200000
RBI:ANN_SURV_INDS_RN(1.0),N_A,AFY,GROSS_CAP_FORM,2024,2023,0,2024-03-31,INR,8472031300000
RBI:ANN_SURV_INDS_RN(1.0),N_A,AFY,GRS_FXD_CAP_FORM,2024,2023,0,2024-03-31,INR,6899889400000
RBI:ANN_SURV_INDS_RN(1.0),N_A,AFY,INT_PAID,2024,2023,0,2024-03-31,INR,2229333800000
RBI:ANN_SURV_INDS_RN(1.0),N_A,AFY,INV_CAP,2024,2023,0,2024-03-31,INR,68013299900000
RBI:ANN_SURV_INDS_RN(1.0),N_A,AFY,MAN_DAYS_EMP,2024,2023,0,2024-03-31,PN,6005509000
RBI:ANN_SURV_INDS_RN(1.0),N_A,AFY,MAN_DAYS_WRK,2024,2023,0,2024-03-31,PN,4774233000
RBI:ANN_SURV_INDS_RN(1.0),N_A,AFY,MAT_CONSUMED,2024,2023,0,2024-03-31,PN,101222839000000
RBI:ANN_SURV_INDS_RN(1.0),N_A,AFY,NBR_EMP,2024,2023,0,2024-03-31,PS,19530430
RBI:ANN_SURV_INDS_RN(1.0),N_A,AFY,NBR_FACT,2024,2023,0,2024-03-31,PN,260061.0
RBI:ANN_SURV_INDS_RN(1.0),N_A,AFY,NBR_WRKRS,2024,2023,0,2024-03-31,PS,15519957
RBI:ANN_SURV_INDS_RN(1.0),N_A,AFY,NET_FIXD_CAPIT_FORMAT,2024,2023,0,2024-03-31,INR,3347962300000
RBI:ANN_SURV_INDS_RN(1.0),N_A,AFY,NET_INCOME,2024,2023,0,2024-03-31,INR,18738759900000
RBI:ANN_SURV_INDS_RN(1.0),N_A,AFY,NET_VALUE_ADDED,2024,2023,0,2024-03-31,INR,21031433500000
RBI:ANN_SURV_INDS_RN(1.0),N_A,AFY,OUT_STND_LNS,2024,2023,0,2024-03-31,INR,15575739700000
RBI:ANN_SURV_INDS_RN(1.0),N_A,AFY,PFT,2024,2023,0,2024-03-31,INR,10728598700000
RBI:ANN_SURV_INDS_RN(1.0),N_A,AFY,PROD_BY_PROD,2024,2023,0,2024-03-31,PN,136079954600000
RBI:ANN_SURV_INDS_RN(1.0),N_A,AFY,PRV_OTH_FNDS,2024,2023,0,2024-03-31,INR,450409500000
RBI:ANN_SURV_INDS_RN(1.0),N_A,AFY,RENT_PAID,2024,2023,0,2024-03-31,INR,63339800000
RBI:ANN_SURV_INDS_RN(1.0),N_A,AFY,TOTAL_PERSNS_ENGAGED,2024,2023,0,2024-03-31,PS,19589131
RBI:ANN_SURV_INDS_RN(1.0),N_A,AFY,TOT_EMOLUMENTS,2024,2023,0,2024-03-31,INR,7164690300000
RBI:ANN_SURV_INDS_RN(1.0),N_A,AFY,TOT_INPUTS,2024,2023,0,2024-03-31,PN,128688300300000
RBI:ANN_SURV_INDS_RN(1.0),N_A,AFY,TTL_ADN_STOCK,2024,2023,0,2024-03-31,PN,1572142000000
RBI:ANN_SURV_INDS_RN(1.0),N_A,AFY,VAL_OF_OUTPUT,2024,2023,0,2024-03-31,INR,153271660900000
RBI:ANN_SURV_INDS_RN(1.0),N_A,AFY,WGS_TO_WRKRS,2024,2023,0,2024-03-31,INR,3359865300000
RBI:ANN_SURV_INDS_RN(1.0),N_A,AFY,WRK_CAP,2024,2023,0,2024-03-31,INR,16972581300000
RBI:ANN_SURV_INDS_RN(1.0),N_A,AFY,WRK_STAF_WELF_EXPENS,2024,2023,0,2024-03-31,INR,395061500000
