DATAFLOW,AUDST,FREQ,MEASURE_RN,REPYEAREND,REPYEARSTART,UNIT_MULT,TIME_PERIOD,UNIT_MEASURE,OBS_VALUE
RBI:EARN_RAT_BSE_RN(1.0),N_A,M,AVG,2026,2025,0,2025-07-01,INR,23.62
RBI:EARN_RAT_BSE_RN(1.0),N_A,M,AVG,2026,2025,0,2025-06-01,INR,23.11
RBI:EARN_RAT_BSE_RN(1.0),N_A,M,AVG,2026,2025,0,2025-05-01,INR,22.68
RBI:EARN_RAT_BSE_RN(1.0),N_A,M,AVG,2026,2025,0,2025-04-01,INR,21.59
RBI:EARN_RAT_BSE_RN(1.0),N_A,M,AVG,2025,2024,0,2025-03-31,INR,23.2
RBI:EARN_RAT_BSE_RN(1.0),N_A,M,AVG,2025,2024,0,2025-03-01,INR,20.97
RBI:EARN_RAT_BSE_RN(1.0),N_A,M,AVG,2025,2024,0,2025-02-01,INR,21.36
RBI:EARN_RAT_BSE_RN(1.0),N_A,M,AVG,2025,2024,0,2025-01-01,INR,22.22
RBI:EARN_RAT_BSE_RN(1.0),N_A,M,AVG,2025,2024,0,2024-12-01,INR,23.0
RBI:EARN_RAT_BSE_RN(1.0),N_A,M,AVG,2025,2024,0,2024-11-01,INR,22.65
RBI:EARN_RAT_BSE_RN(1.0),N_A,M,AVG,2025,2024,0,2024-10-01,INR,23.74
RBI:EARN_RAT_BSE_RN(1.0),N_A,M,AVG,2025,2024,0,2024-09-01,INR,24.44
RBI:EARN_RAT_BSE_RN(1.0),N_A,M,AVG,2025,2024,0,2024-08-01,INR,23.62
RBI:EARN_RAT_BSE_RN(1.0),N_A,M,AVG,2025,2024,0,2024-07-01,INR,24.28
RBI:EARN_RAT_BSE_RN(1.0),N_A,M,AVG,2025,2024,0,2024-06-01,INR,23.25
RBI:EARN_RAT_BSE_RN(1.0),N_A,M,AVG,2025,2024,0,2024-05-01,INR,23.64
RBI:EARN_RAT_BSE_RN(1.0),N_A,M,AVG,2025,2024,0,2024-04-01,INR,24.96
RBI:EARN_RAT_BSE_RN(1.0),N_A,M,AVG,2024,2023,0,2024-03-31,INR,24.1
RBI:EARN_RAT_BSE_RN(1.0),N_A,M,AVG,2024,2023,0,2024-03-01,INR,25.02
RBI:EARN_RAT_BSE_RN(1.0),N_A,M,AVG,2024,2023,0,2024-02-01,INR,24.7
RBI:EARN_RAT_BSE_RN(1.0),N_A,M,AVG,2024,2023,0,2024-01-01,INR,25.13
RBI:EARN_RAT_BSE_RN(1.0),N_A,M,AVG,2024,2023,0,2023-12-01,INR,24.93
RBI:EARN_RAT_BSE_RN(1.0),N_A,M,AVG,2024,2023,0,2023-11-01,INR,23.11
RBI:EARN_RAT_BSE_RN(1.0),N_A,M,AVG,2024,2023,0,2023-10-01,INR,23.56
RBI:EARN_RAT_BSE_RN(1.0),N_A,M,AVG,2024,2023,0,2023-09-01,INR,24.26
RBI:EARN_RAT_BSE_RN(1.0),N_A,M,AVG,2024,2023,0,2023-08-01,INR,23.93
RBI:EARN_RAT_BSE_RN(1.0),N_A,M,AVG,2024,2023,0,2023-07-01,INR,24.93
RBI:EARN_RAT_BSE_RN(1.0),N_A,M,AVG,2024,2023,0,2023-06-01,INR,23.33
RBI:EARN_RAT_BSE_RN(1.0),N_A,M,AVG,2024,2023,0,2023-05-01,INR,23.48
RBI:EARN_RAT_BSE_RN(1.0),N_A,M,AVG,2024,2023,0,2023-04-01,INR,22.6
RBI:EARN_RAT_BSE_RN(1.0),N_A,M,AVG,2023,2022,0,2023-03-31,INR,22.91
RBI:EARN_RAT_BSE_RN(1.0),N_A,M,AVG,2023,2022,0,2023-03-01,INR,22.21
RBI:EARN_RAT_BSE_RN(1.0),N_A,M,AVG,2023,2022,0,2023-02-01,INR,22.84
RBI:EARN_RAT_BSE_RN(1.0),N_A,M,AVG,2023,2022,0,2023-01-01,INR,23.28
RBI:EARN_RAT_BSE_RN(1.0),N_A,M,AVG,2023,2022,0,2022-12-01,INR,23.62
RBI:EARN_RAT_BSE_RN(1.0),N_A,M,AVG,2023,2022,0,2022-11-01,INR,23.34
RBI:EARN_RAT_BSE_RN(1.0),N_A,M,AVG,2023,2022,0,2022-10-01,INR,22.44
RBI:EARN_RAT_BSE_RN(1.0),N_A,M,AVG,2023,2022,0,2022-09-01,INR,22.76
RBI:EARN_RAT_BSE_RN(1.0),N_A,M,AVG,2023,2022,0,2022-08-01,INR,22.89
RBI:EARN_RAT_BSE_RN(1.0),N_A,M,AVG,2023,2022,0,2022-07-01,INR,22.04
RBI:EARN_RAT_BSE_RN(1.0),N_A,M,AVG,2023,2022,0,2022-06-01,INR,21.79
RBI:EARN_RAT_BSE_RN(1.0),N_A,M,AVG,2023,2022,0,2022-05-01,INR,22.45
RBI:EARN_RAT_BSE_RN(1.0),N_A,M,AVG,2023,2022,0,2022-04-01,INR,25.4
RBI:EARN_RAT_BSE_RN(1.0),N_A,M,AVG,2022,2021,0,2022-03-31,INR,29.53
RBI:EARN_RAT_BSE_RN(1.0),N_A,M,AVG,2022,2021,0,2022-03-01,INR,24.82
RBI:EARN_RAT_BSE_RN(1.0),N_A,M,AVG,2022,2021,0,2022-02-01,INR,25.75
RBI:EARN_RAT_BSE_RN(1.0),N_A,M,AVG,2022,2021,0,2022-01-01,INR,28.17
RBI:EARN_RAT_BSE_RN(1.0),N_A,M,AVG,2022,2021,0,2021-12-01,INR,27.17
RBI:EARN_RAT_BSE_RN(1.0),N_A,M,AVG,2022,2021,0,2021-11-01,INR,28.56
RBI:EARN_RAT_BSE_RN(1.0),N_A,M,AVG,2022,2021,0,2021-10-01,INR,31.08
RBI:EARN_RAT_BSE_RN(1.0),N_A,M,AVG,2022,2021,0,2021-09-01,INR,30.62
RBI:EARN_RAT_BSE_RN(1.0),N_A,M,AVG,2022,2021,0,2021-08-01,INR,30.0
RBI:EARN_RAT_BSE_RN(1.0),N_A,M,AVG,2022,2021,0,2021-07-01,INR,31.59
RBI:EARN_RAT_BSE_RN(1.0),N_A,M,AVG,2022,2021,0,2021-06-01,INR,32.15
RBI:EARN_RAT_BSE_RN(1.0),N_A,M,AVG,2022,2021,0,2021-05-01,INR,31.35
RBI:EARN_RAT_BSE_RN(1.0),N_A,M,AVG,2022,2021,0,2021-04-01,INR,33.5
RBI:EARN_RAT_BSE_RN(1.0),N_A,M,AVG,2021,2020,0,2021-03-31,INR,28.1
RBI:EARN_RAT_BSE_RN(1.0),N_A,M,AVG,2021,2020,0,2021-03-01,INR,34.94
RBI:EARN_RAT_BSE_RN(1.0),N_A,M,AVG,2021,2020,0,2021-02-01,INR,35.13
RBI:EARN_RAT_BSE_RN(1.0),N_A,M,AVG,2021,2020,0,2021-01-01,INR,33.68
RBI:EARN_RAT_BSE_RN(1.0),N_A,M,AVG,2021,2020,0,2020-12-01,INR,32.77
RBI:EARN_RAT_BSE_RN(1.0),N_A,M,AVG,2021,2020,0,2020-11-01,INR,30.45
RBI:EARN_RAT_BSE_RN(1.0),N_A,M,AVG,2021,2020,0,2020-10-01,INR,29.1
RBI:EARN_RAT_BSE_RN(1.0),N_A,M,AVG,2021,2020,0,2020-09-01,INR,28.09
RBI:EARN_RAT_BSE_RN(1.0),N_A,M,AVG,2021,2020,0,2020-08-01,INR,27.28
RBI:EARN_RAT_BSE_RN(1.0),N_A,M,AVG,2021,2020,0,2020-07-01,INR,24.67
RBI:EARN_RAT_BSE_RN(1.0),N_A,M,AVG,2021,2020,0,2020-06-01,INR,21.82
RBI:EARN_RAT_BSE_RN(1.0),N_A,M,AVG,2021,2020,0,2020-05-01,INR,19.46
RBI:EARN_RAT_BSE_RN(1.0),N_A,M,AVG,2021,2020,0,2020-04-01,INR,18.78
RBI:EARN_RAT_BSE_RN(1.0),N_A,M,AVG,2020,2019,0,2020-03-31,INR,26.44
RBI:EARN_RAT_BSE_RN(1.0),N_A,M,AVG,2020,2019,0,2020-03-01,INR,19.55
RBI:EARN_RAT_BSE_RN(1.0),N_A,M,AVG,2020,2019,0,2020-02-01,INR,24.64
RBI:EARN_RAT_BSE_RN(1.0),N_A,M,AVG,2020,2019,0,2020-01-01,INR,25.67
RBI:EARN_RAT_BSE_RN(1.0),N_A,M,AVG,2020,2019,0,2019-12-01,INR,27.95
RBI:EARN_RAT_BSE_RN(1.0),N_A,M,AVG,2020,2019,0,2019-11-01,INR,27.82
RBI:EARN_RAT_BSE_RN(1.0),N_A,M,AVG,2020,2019,0,2019-10-01,INR,26.87
RBI:EARN_RAT_BSE_RN(1.0),N_A,M,AVG,2020,2019,0,2019-09-01,INR,26.36
RBI:EARN_RAT_BSE_RN(1.0),N_A,M,AVG,2020,2019,0,2019-08-01,INR,25.95
RBI:EARN_RAT_BSE_RN(1.0),N_A,M,AVG,2020,2019,0,2019-07-01,INR,27.81
RBI:EARN_RAT_BSE_RN(1.0),N_A,M,AVG,2020,2019,0,2019-06-01,INR,28.27
RBI:EARN_RAT_BSE_RN(1.0),N_A,M,AVG,2020,2019,0,2019-05-01,INR,28.37
RBI:EARN_RAT_BSE_RN(1.0),N_A,M,AVG,2020,2019,0,2019-04-01,INR,28.14
RBI:EARN_RAT_BSE_RN(1.0),N_A,M,AVG,2019,2018,0,2019-03-31,INR,23.71
RBI:EARN_RAT_BSE_RN(1.0),N_A,M,AVG,2019,2018,0,2019-03-01,INR,27.58
RBI:EARN_RAT_BSE_RN(1.0),N_A,M,AVG,2019,2018,0,2019-02-01,INR,23.82
RBI:EARN_RAT_BSE_RN(1.0),N_A,M,AVG,2019,2018,0,2019-01-01,INR,23.59
RBI:EARN_RAT_BSE_RN(1.0),N_A,M,AVG,2019,2018,0,2018-12-01,INR,23.5
RBI:EARN_RAT_BSE_RN(1.0),N_A,M,AVG,2019,2018,0,2018-11-01,INR,23.01
RBI:EARN_RAT_BSE_RN(1.0),N_A,M,AVG,2019,2018,0,2018-10-01,INR,22.15
RBI:EARN_RAT_BSE_RN(1.0),N_A,M,AVG,2019,2018,0,2018-09-01,INR,24.05
RBI:EARN_RAT_BSE_RN(1.0),N_A,M,AVG,2019,2018,0,2018-08-01,INR,24.49
RBI:EARN_RAT_BSE_RN(1.0),N_A,M,AVG,2019,2018,0,2018-07-01,INR,23.05
RBI:EARN_RAT_BSE_RN(1.0),N_A,M,AVG,2019,2018,0,2018-06-01,INR,22.91
RBI:EARN_RAT_BSE_RN(1.0),N_A,M,AVG,2019,2018,0,2018-05-01,INR,23.41
RBI:EARN_RAT_BSE_RN(1.0),N_A,M,AVG,2019,2018,0,2018-04-01,INR,23.43
RBI:EARN_RAT_BSE_RN(1.0),N_A,M,AVG,2018,2017,0,2018-03-31,INR,23.78
RBI:EARN_RAT_BSE_RN(1.0),N_A,M,AVG,2018,2017,0,2018-03-01,INR,23.01
RBI:EARN_RAT_BSE_RN(1.0),N_A,M,AVG,2018,2017,0,2018-02-01,INR,24.04
RBI:EARN_RAT_BSE_RN(1.0),N_A,M,AVG,2018,2017,0,2018-01-01,INR,25.69
RBI:EARN_RAT_BSE_RN(1.0),N_A,M,AVG,2018,2017,0,2017-12-01,INR,24.67
RBI:EARN_RAT_BSE_RN(1.0),N_A,M,AVG,2018,2017,0,2017-11-01,INR,24.62
RBI:EARN_RAT_BSE_RN(1.0),N_A,M,AVG,2018,2017,0,2017-10-01,INR,24.16
RBI:EARN_RAT_BSE_RN(1.0),N_A,M,AVG,2018,2017,0,2017-09-01,INR,23.79
RBI:EARN_RAT_BSE_RN(1.0),N_A,M,AVG,2018,2017,0,2017-08-01,INR,23.79
RBI:EARN_RAT_BSE_RN(1.0),N_A,M,AVG,2018,2017,0,2017-07-01,INR,23.35
RBI:EARN_RAT_BSE_RN(1.0),N_A,M,AVG,2018,2017,0,2017-06-01,INR,22.65
RBI:EARN_RAT_BSE_RN(1.0),N_A,M,AVG,2018,2017,0,2017-05-01,INR,22.72
RBI:EARN_RAT_BSE_RN(1.0),N_A,M,AVG,2018,2017,0,2017-04-01,INR,22.63
RBI:EARN_RAT_BSE_RN(1.0),N_A,M,AVG,2017,2016,0,2017-03-31,INR,20.62
RBI:EARN_RAT_BSE_RN(1.0),N_A,M,AVG,2017,2016,0,2017-03-01,INR,22.37
RBI:EARN_RAT_BSE_RN(1.0),N_A,M,AVG,2017,2016,0,2017-02-01,INR,21.86
RBI:EARN_RAT_BSE_RN(1.0),N_A,M,AVG,2017,2016,0,2017-01-01,INR,21.19
RBI:EARN_RAT_BSE_RN(1.0),N_A,M,AVG,2017,2016,0,2016-12-01,INR,20.56
RBI:EARN_RAT_BSE_RN(1.0),N_A,M,AVG,2017,2016,0,2016-11-01,INR,20.57
RBI:EARN_RAT_BSE_RN(1.0),N_A,M,AVG,2017,2016,0,2016-10-01,INR,21.1
RBI:EARN_RAT_BSE_RN(1.0),N_A,M,AVG,2017,2016,0,2016-09-01,INR,21.23
RBI:EARN_RAT_BSE_RN(1.0),N_A,M,AVG,2017,2016,0,2016-08-01,INR,20.59
RBI:EARN_RAT_BSE_RN(1.0),N_A,M,AVG,2017,2016,0,2016-07-01,INR,20.25
RBI:EARN_RAT_BSE_RN(1.0),N_A,M,AVG,2017,2016,0,2016-06-01,INR,19.52
RBI:EARN_RAT_BSE_RN(1.0),N_A,M,AVG,2017,2016,0,2016-05-01,INR,19.01
RBI:EARN_RAT_BSE_RN(1.0),N_A,M,AVG,2017,2016,0,2016-04-01,INR,19.27
RBI:EARN_RAT_BSE_RN(1.0),N_A,M,AVG,2016,2015,0,2016-03-31,INR,20.18
RBI:EARN_RAT_BSE_RN(1.0),N_A,M,AVG,2016,2015,0,2016-03-01,INR,18.64
RBI:EARN_RAT_BSE_RN(1.0),N_A,M,AVG,2016,2015,0,2016-02-01,INR,17.48
RBI:EARN_RAT_BSE_RN(1.0),N_A,M,AVG,2016,2015,0,2016-01-01,INR,18.49
RBI:EARN_RAT_BSE_RN(1.0),N_A,M,AVG,2016,2015,0,2015-12-01,INR,19.88
RBI:EARN_RAT_BSE_RN(1.0),N_A,M,AVG,2016,2015,0,2015-11-01,INR,20.61
RBI:EARN_RAT_BSE_RN(1.0),N_A,M,AVG,2016,2015,0,2015-10-01,INR,21.79
RBI:EARN_RAT_BSE_RN(1.0),N_A,M,AVG,2016,2015,0,2015-09-01,INR,20.58
RBI:EARN_RAT_BSE_RN(1.0),N_A,M,AVG,2016,2015,0,2015-08-01,INR,21.85
RBI:EARN_RAT_BSE_RN(1.0),N_A,M,AVG,2016,2015,0,2015-07-01,INR,22.5
RBI:EARN_RAT_BSE_RN(1.0),N_A,M,AVG,2016,2015,0,2015-06-01,INR,20.74
RBI:EARN_RAT_BSE_RN(1.0),N_A,M,AVG,2016,2015,0,2015-05-01,INR,19.85
RBI:EARN_RAT_BSE_RN(1.0),N_A,M,AVG,2016,2015,0,2015-04-01,INR,19.39
RBI:EARN_RAT_BSE_RN(1.0),N_A,M,AVG,2015,2014,0,2015-03-31,INR,18.73
RBI:EARN_RAT_BSE_RN(1.0),N_A,M,AVG,2015,2014,0,2015-03-01,INR,19.51
RBI:EARN_RAT_BSE_RN(1.0),N_A,M,AVG,2015,2014,0,2015-02-01,INR,19.68
RBI:EARN_RAT_BSE_RN(1.0),N_A,M,AVG,2015,2014,0,2015-01-01,INR,19.2
RBI:EARN_RAT_BSE_RN(1.0),N_A,M,AVG,2015,2014,0,2014-12-01,INR,18.84
RBI:EARN_RAT_BSE_RN(1.0),N_A,M,AVG,2015,2014,0,2014-11-01,INR,19.21
RBI:EARN_RAT_BSE_RN(1.0),N_A,M,AVG,2015,2014,0,2014-10-01,INR,18.31
RBI:EARN_RAT_BSE_RN(1.0),N_A,M,AVG,2015,2014,0,2014-09-01,INR,18.52
RBI:EARN_RAT_BSE_RN(1.0),N_A,M,AVG,2015,2014,0,2014-08-01,INR,18.17
RBI:EARN_RAT_BSE_RN(1.0),N_A,M,AVG,2015,2014,0,2014-07-01,INR,18.52
RBI:EARN_RAT_BSE_RN(1.0),N_A,M,AVG,2015,2014,0,2014-06-01,INR,18.58
RBI:EARN_RAT_BSE_RN(1.0),N_A,M,AVG,2015,2014,0,2014-05-01,INR,17.94
RBI:EARN_RAT_BSE_RN(1.0),N_A,M,AVG,2015,2014,0,2014-04-01,INR,18.26
RBI:EARN_RAT_BSE_RN(1.0),N_A,M,AVG,2014,2013,0,2014-03-31,INR,17.38
RBI:EARN_RAT_BSE_RN(1.0),N_A,M,AVG,2014,2013,0,2014-03-01,INR,17.87
RBI:EARN_RAT_BSE_RN(1.0),N_A,M,AVG,2014,2013,0,2014-02-01,INR,16.79
RBI:EARN_RAT_BSE_RN(1.0),N_A,M,AVG,2014,2013,0,2014-01-01,INR,17.78
RBI:EARN_RAT_BSE_RN(1.0),N_A,M,AVG,2014,2013,0,2013-12-01,INR,17.78
RBI:EARN_RAT_BSE_RN(1.0),N_A,M,AVG,2014,2013,0,2013-11-01,INR,17.53
RBI:EARN_RAT_BSE_RN(1.0),N_A,M,AVG,2014,2013,0,2013-10-01,INR,17.77
RBI:EARN_RAT_BSE_RN(1.0),N_A,M,AVG,2014,2013,0,2013-09-01,INR,17.27
RBI:EARN_RAT_BSE_RN(1.0),N_A,M,AVG,2014,2013,0,2013-08-01,INR,16.81
RBI:EARN_RAT_BSE_RN(1.0),N_A,M,AVG,2014,2013,0,2013-07-01,INR,17.47
RBI:EARN_RAT_BSE_RN(1.0),N_A,M,AVG,2014,2013,0,2013-06-01,INR,16.97
RBI:EARN_RAT_BSE_RN(1.0),N_A,M,AVG,2014,2013,0,2013-05-01,INR,17.43
RBI:EARN_RAT_BSE_RN(1.0),N_A,M,AVG,2014,2013,0,2013-04-01,INR,16.85
RBI:EARN_RAT_BSE_RN(1.0),N_A,M,AVG,2013,2012,0,2013-03-31,INR,17.09
RBI:EARN_RAT_BSE_RN(1.0),N_A,M,AVG,2013,2012,0,2013-03-01,INR,17.19
RBI:EARN_RAT_BSE_RN(1.0),N_A,M,AVG,2013,2012,0,2013-02-01,INR,17.43
RBI:EARN_RAT_BSE_RN(1.0),N_A,M,AVG,2013,2012,0,2013-01-01,INR,17.88
RBI:EARN_RAT_BSE_RN(1.0),N_A,M,AVG,2013,2012,0,2012-12-01,INR,17.43
RBI:EARN_RAT_BSE_RN(1.0),N_A,M,AVG,2013,2012,0,2012-11-01,INR,16.9
RBI:EARN_RAT_BSE_RN(1.0),N_A,M,AVG,2013,2012,0,2012-10-01,INR,17.31
RBI:EARN_RAT_BSE_RN(1.0),N_A,M,AVG,2013,2012,0,2012-09-01,INR,17.04
RBI:EARN_RAT_BSE_RN(1.0),N_A,M,AVG,2013,2012,0,2012-08-01,INR,16.68
RBI:EARN_RAT_BSE_RN(1.0),N_A,M,AVG,2013,2012,0,2012-07-01,INR,16.71
RBI:EARN_RAT_BSE_RN(1.0),N_A,M,AVG,2013,2012,0,2012-06-01,INR,16.37
RBI:EARN_RAT_BSE_RN(1.0),N_A,M,AVG,2013,2012,0,2012-05-01,INR,16.49
RBI:EARN_RAT_BSE_RN(1.0),N_A,M,AVG,2013,2012,0,2012-04-01,INR,17.63
RBI:EARN_RAT_BSE_RN(1.0),N_A,M,AVG,2012,2011,0,2012-03-31,INR,18.56
RBI:EARN_RAT_BSE_RN(1.0),N_A,M,AVG,2012,2011,0,2012-03-01,INR,17.85
RBI:EARN_RAT_BSE_RN(1.0),N_A,M,AVG,2012,2011,0,2012-02-01,INR,18.32
RBI:EARN_RAT_BSE_RN(1.0),N_A,M,AVG,2012,2011,0,2012-01-01,INR,17.09
RBI:EARN_RAT_BSE_RN(1.0),N_A,M,AVG,2012,2011,0,2011-12-01,INR,16.92
RBI:EARN_RAT_BSE_RN(1.0),N_A,M,AVG,2012,2011,0,2011-11-01,INR,17.61
RBI:EARN_RAT_BSE_RN(1.0),N_A,M,AVG,2012,2011,0,2011-10-01,INR,18.2
RBI:EARN_RAT_BSE_RN(1.0),N_A,M,AVG,2012,2011,0,2011-09-01,INR,18.35
RBI:EARN_RAT_BSE_RN(1.0),N_A,M,AVG,2012,2011,0,2011-08-01,INR,18.36
RBI:EARN_RAT_BSE_RN(1.0),N_A,M,AVG,2012,2011,0,2011-07-01,INR,19.6
RBI:EARN_RAT_BSE_RN(1.0),N_A,M,AVG,2012,2011,0,2011-06-01,INR,19.37
RBI:EARN_RAT_BSE_RN(1.0),N_A,M,AVG,2012,2011,0,2011-05-01,INR,19.59
RBI:EARN_RAT_BSE_RN(1.0),N_A,M,AVG,2012,2011,0,2011-04-01,INR,21.05
RBI:EARN_RAT_BSE_RN(1.0),N_A,M,AVG,2011,2010,0,2011-03-31,INR,21.6
RBI:EARN_RAT_BSE_RN(1.0),N_A,M,AVG,2011,2010,0,2011-03-01,INR,20.04
RBI:EARN_RAT_BSE_RN(1.0),N_A,M,AVG,2011,2010,0,2011-02-01,INR,19.67
RBI:EARN_RAT_BSE_RN(1.0),N_A,M,AVG,2011,2010,0,2011-01-01,INR,22.0
RBI:EARN_RAT_BSE_RN(1.0),N_A,M,AVG,2011,2010,0,2010-12-01,INR,22.93
RBI:EARN_RAT_BSE_RN(1.0),N_A,M,AVG,2011,2010,0,2010-11-01,INR,23.03
RBI:EARN_RAT_BSE_RN(1.0),N_A,M,AVG,2011,2010,0,2010-10-01,INR,23.89
RBI:EARN_RAT_BSE_RN(1.0),N_A,M,AVG,2011,2010,0,2010-09-01,INR,22.99
RBI:EARN_RAT_BSE_RN(1.0),N_A,M,AVG,2011,2010,0,2010-08-01,INR,21.61
RBI:EARN_RAT_BSE_RN(1.0),N_A,M,AVG,2011,2010,0,2010-07-01,INR,21.2
RBI:EARN_RAT_BSE_RN(1.0),N_A,M,AVG,2011,2010,0,2010-06-01,INR,20.57
RBI:EARN_RAT_BSE_RN(1.0),N_A,M,AVG,2011,2010,0,2010-05-01,INR,19.96
RBI:EARN_RAT_BSE_RN(1.0),N_A,M,AVG,2011,2010,0,2010-04-01,INR,21.28
RBI:EARN_RAT_BSE_RN(1.0),N_A,M,AVG,2010,2009,0,2010-03-31,INR,20.08
RBI:EARN_RAT_BSE_RN(1.0),N_A,M,AVG,2010,2009,0,2010-03-01,INR,21.05
RBI:EARN_RAT_BSE_RN(1.0),N_A,M,AVG,2010,2009,0,2010-02-01,INR,19.97
RBI:EARN_RAT_BSE_RN(1.0),N_A,M,AVG,2010,2009,0,2010-01-01,INR,21.99
RBI:EARN_RAT_BSE_RN(1.0),N_A,M,AVG,2010,2009,0,2009-12-01,INR,21.82
RBI:EARN_RAT_BSE_RN(1.0),N_A,M,AVG,2010,2009,0,2009-11-01,INR,21.23
RBI:EARN_RAT_BSE_RN(1.0),N_A,M,AVG,2010,2009,0,2009-10-01,INR,21.66
RBI:EARN_RAT_BSE_RN(1.0),N_A,M,AVG,2010,2009,0,2009-09-01,INR,21.2
RBI:EARN_RAT_BSE_RN(1.0),N_A,M,AVG,2010,2009,0,2009-08-01,INR,20.08
RBI:EARN_RAT_BSE_RN(1.0),N_A,M,AVG,2010,2009,0,2009-07-01,INR,19.1
RBI:EARN_RAT_BSE_RN(1.0),N_A,M,AVG,2010,2009,0,2009-06-01,INR,19.75
RBI:EARN_RAT_BSE_RN(1.0),N_A,M,AVG,2010,2009,0,2009-05-01,INR,17.88
RBI:EARN_RAT_BSE_RN(1.0),N_A,M,AVG,2010,2009,0,2009-04-01,INR,15.23
RBI:EARN_RAT_BSE_RN(1.0),N_A,M,AVG,2009,2008,0,2009-03-31,INR,15.67
RBI:EARN_RAT_BSE_RN(1.0),N_A,M,AVG,2009,2008,0,2009-03-01,INR,12.68
RBI:EARN_RAT_BSE_RN(1.0),N_A,M,AVG,2009,2008,0,2009-02-01,INR,12.82
RBI:EARN_RAT_BSE_RN(1.0),N_A,M,AVG,2009,2008,0,2009-01-01,INR,12.21
RBI:EARN_RAT_BSE_RN(1.0),N_A,M,AVG,2009,2008,0,2008-12-01,INR,12.16
RBI:EARN_RAT_BSE_RN(1.0),N_A,M,AVG,2009,2008,0,2008-11-01,INR,11.88
RBI:EARN_RAT_BSE_RN(1.0),N_A,M,AVG,2009,2008,0,2008-10-01,INR,13.19
RBI:EARN_RAT_BSE_RN(1.0),N_A,M,AVG,2009,2008,0,2008-09-01,INR,17.36
RBI:EARN_RAT_BSE_RN(1.0),N_A,M,AVG,2009,2008,0,2008-08-01,INR,18.25
RBI:EARN_RAT_BSE_RN(1.0),N_A,M,AVG,2009,2008,0,2008-07-01,INR,17.06
RBI:EARN_RAT_BSE_RN(1.0),N_A,M,AVG,2009,2008,0,2008-06-01,INR,18.22
RBI:EARN_RAT_BSE_RN(1.0),N_A,M,AVG,2009,2008,0,2008-05-01,INR,20.66
RBI:EARN_RAT_BSE_RN(1.0),N_A,M,AVG,2009,2008,0,2008-04-01,INR,20.71
RBI:EARN_RAT_BSE_RN(1.0),N_A,M,AVG,2008,2007,0,2008-03-31,INR,22.65
RBI:EARN_RAT_BSE_RN(1.0),N_A,M,AVG,2008,2007,0,2008-03-01,INR,20.18
RBI:EARN_RAT_BSE_RN(1.0),N_A,M,AVG,2008,2007,0,2008-02-01,INR,22.23
RBI:EARN_RAT_BSE_RN(1.0),N_A,M,AVG,2008,2007,0,2008-01-01,INR,25.53
RBI:EARN_RAT_BSE_RN(1.0),N_A,M,AVG,2008,2007,0,2007-12-01,INR,26.94
RBI:EARN_RAT_BSE_RN(1.0),N_A,M,AVG,2008,2007,0,2007-11-01,INR,25.44
RBI:EARN_RAT_BSE_RN(1.0),N_A,M,AVG,2008,2007,0,2007-10-01,INR,24.86
RBI:EARN_RAT_BSE_RN(1.0),N_A,M,AVG,2008,2007,0,2007-09-01,INR,21.69
RBI:EARN_RAT_BSE_RN(1.0),N_A,M,AVG,2008,2007,0,2007-08-01,INR,19.99
RBI:EARN_RAT_BSE_RN(1.0),N_A,M,AVG,2008,2007,0,2007-07-01,INR,21.78
RBI:EARN_RAT_BSE_RN(1.0),N_A,M,AVG,2008,2007,0,2007-06-01,INR,20.67
RBI:EARN_RAT_BSE_RN(1.0),N_A,M,AVG,2008,2007,0,2007-05-01,INR,20.84
RBI:EARN_RAT_BSE_RN(1.0),N_A,M,AVG,2008,2007,0,2007-04-01,INR,20.75
RBI:EARN_RAT_BSE_RN(1.0),N_A,M,AVG,2007,2006,0,2007-03-31,INR,20.73
RBI:EARN_RAT_BSE_RN(1.0),N_A,M,AVG,2007,2006,0,2007-03-01,INR,19.84
RBI:EARN_RAT_BSE_RN(1.0),N_A,M,AVG,2007,2006,0,2007-02-01,INR,21.56
RBI:EARN_RAT_BSE_RN(1.0),N_A,M,AVG,2007,2006,0,2007-01-01,INR,22.73
RBI:EARN_RAT_BSE_RN(1.0),N_A,M,AVG,2007,2006,0,2006-12-01,INR,22.51
RBI:EARN_RAT_BSE_RN(1.0),N_A,M,AVG,2007,2006,0,2006-11-01,INR,22.07
RBI:EARN_RAT_BSE_RN(1.0),N_A,M,AVG,2007,2006,0,2006-10-01,INR,21.56
RBI:EARN_RAT_BSE_RN(1.0),N_A,M,AVG,2007,2006,0,2006-09-01,INR,20.73
RBI:EARN_RAT_BSE_RN(1.0),N_A,M,AVG,2007,2006,0,2006-08-01,INR,19.6
RBI:EARN_RAT_BSE_RN(1.0),N_A,M,AVG,2007,2006,0,2006-07-01,INR,19.02
RBI:EARN_RAT_BSE_RN(1.0),N_A,M,AVG,2007,2006,0,2006-06-01,INR,17.9
RBI:EARN_RAT_BSE_RN(1.0),N_A,M,AVG,2007,2006,0,2006-05-01,INR,20.41
RBI:EARN_RAT_BSE_RN(1.0),N_A,M,AVG,2007,2006,0,2006-04-01,INR,21.35
RBI:EARN_RAT_BSE_RN(1.0),N_A,M,AVG,2006,2005,0,2006-03-31,INR,16.98
RBI:EARN_RAT_BSE_RN(1.0),N_A,M,AVG,2006,2005,0,2006-03-01,INR,20.05
RBI:EARN_RAT_BSE_RN(1.0),N_A,M,AVG,2006,2005,0,2006-02-01,INR,18.64
RBI:EARN_RAT_BSE_RN(1.0),N_A,M,AVG,2006,2005,0,2006-01-01,INR,18.6
RBI:EARN_RAT_BSE_RN(1.0),N_A,M,AVG,2006,2005,0,2005-12-01,INR,18.07
RBI:EARN_RAT_BSE_RN(1.0),N_A,M,AVG,2006,2005,0,2005-11-01,INR,16.75
RBI:EARN_RAT_BSE_RN(1.0),N_A,M,AVG,2006,2005,0,2005-10-01,INR,16.77
RBI:EARN_RAT_BSE_RN(1.0),N_A,M,AVG,2006,2005,0,2005-09-01,INR,17.11
RBI:EARN_RAT_BSE_RN(1.0),N_A,M,AVG,2006,2005,0,2005-08-01,INR,16.0
RBI:EARN_RAT_BSE_RN(1.0),N_A,M,AVG,2006,2005,0,2005-07-01,INR,16.01
RBI:EARN_RAT_BSE_RN(1.0),N_A,M,AVG,2006,2005,0,2005-06-01,INR,15.75
RBI:EARN_RAT_BSE_RN(1.0),N_A,M,AVG,2006,2005,0,2005-05-01,INR,14.94
RBI:EARN_RAT_BSE_RN(1.0),N_A,M,AVG,2006,2005,0,2005-04-01,INR,15.25
RBI:EARN_RAT_BSE_RN(1.0),N_A,M,AVG,2005,2004,0,2005-03-31,INR,16.56
RBI:EARN_RAT_BSE_RN(1.0),N_A,M,AVG,2005,2004,0,2005-03-01,INR,16.05
RBI:EARN_RAT_BSE_RN(1.0),N_A,M,AVG,2005,2004,0,2005-02-01,INR,15.75
RBI:EARN_RAT_BSE_RN(1.0),N_A,M,AVG,2005,2004,0,2005-01-01,INR,16.11
RBI:EARN_RAT_BSE_RN(1.0),N_A,M,AVG,2005,2004,0,2004-12-01,INR,18.15
RBI:EARN_RAT_BSE_RN(1.0),N_A,M,AVG,2005,2004,0,2004-11-01,INR,18.04
RBI:EARN_RAT_BSE_RN(1.0),N_A,M,AVG,2005,2004,0,2004-10-01,INR,17.31
RBI:EARN_RAT_BSE_RN(1.0),N_A,M,AVG,2005,2004,0,2004-09-01,INR,16.1
RBI:EARN_RAT_BSE_RN(1.0),N_A,M,AVG,2005,2004,0,2004-08-01,INR,15.28
RBI:EARN_RAT_BSE_RN(1.0),N_A,M,AVG,2005,2004,0,2004-07-01,INR,14.82
RBI:EARN_RAT_BSE_RN(1.0),N_A,M,AVG,2005,2004,0,2004-06-01,INR,14.76
RBI:EARN_RAT_BSE_RN(1.0),N_A,M,AVG,2005,2004,0,2004-05-01,INR,17.28
RBI:EARN_RAT_BSE_RN(1.0),N_A,M,AVG,2005,2004,0,2004-04-01,INR,19.31
RBI:EARN_RAT_BSE_RN(1.0),N_A,M,AVG,2004,2003,0,2004-03-31,INR,16.19
RBI:EARN_RAT_BSE_RN(1.0),N_A,M,AVG,2004,2003,0,2004-03-01,INR,18.55
RBI:EARN_RAT_BSE_RN(1.0),N_A,M,AVG,2004,2003,0,2004-02-01,INR,18.71
RBI:EARN_RAT_BSE_RN(1.0),N_A,M,AVG,2004,2003,0,2004-01-01,INR,19.39
RBI:EARN_RAT_BSE_RN(1.0),N_A,M,AVG,2004,2003,0,2003-12-01,INR,17.3
RBI:EARN_RAT_BSE_RN(1.0),N_A,M,AVG,2004,2003,0,2003-11-01,INR,16.28
RBI:EARN_RAT_BSE_RN(1.0),N_A,M,AVG,2004,2003,0,2003-10-01,INR,17.07
RBI:EARN_RAT_BSE_RN(1.0),N_A,M,AVG,2004,2003,0,2003-09-01,INR,15.76
RBI:EARN_RAT_BSE_RN(1.0),N_A,M,AVG,2004,2003,0,2003-08-01,INR,15.33
RBI:EARN_RAT_BSE_RN(1.0),N_A,M,AVG,2004,2003,0,2003-07-01,INR,14.73
RBI:EARN_RAT_BSE_RN(1.0),N_A,M,AVG,2004,2003,0,2003-06-01,INR,14.61
RBI:EARN_RAT_BSE_RN(1.0),N_A,M,AVG,2004,2003,0,2003-05-01,INR,13.21
RBI:EARN_RAT_BSE_RN(1.0),N_A,M,AVG,2004,2003,0,2003-04-01,INR,13.21
RBI:EARN_RAT_BSE_RN(1.0),N_A,M,AVG,2003,2002,0,2003-03-31,INR,14.51
RBI:EARN_RAT_BSE_RN(1.0),N_A,M,AVG,2003,2002,0,2003-03-01,INR,13.74
RBI:EARN_RAT_BSE_RN(1.0),N_A,M,AVG,2003,2002,0,2003-02-01,INR,14.22
RBI:EARN_RAT_BSE_RN(1.0),N_A,M,AVG,2003,2002,0,2003-01-01,INR,14.43
RBI:EARN_RAT_BSE_RN(1.0),N_A,M,AVG,2003,2002,0,2002-12-01,INR,14.37
RBI:EARN_RAT_BSE_RN(1.0),N_A,M,AVG,2003,2002,0,2002-11-01,INR,13.22
RBI:EARN_RAT_BSE_RN(1.0),N_A,M,AVG,2003,2002,0,2002-10-01,INR,12.68
RBI:EARN_RAT_BSE_RN(1.0),N_A,M,AVG,2003,2002,0,2002-09-01,INR,13.13
RBI:EARN_RAT_BSE_RN(1.0),N_A,M,AVG,2003,2002,0,2002-08-01,INR,13.63
RBI:EARN_RAT_BSE_RN(1.0),N_A,M,AVG,2003,2002,0,2002-07-01,INR,15.34
RBI:EARN_RAT_BSE_RN(1.0),N_A,M,AVG,2003,2002,0,2002-06-01,INR,15.92
RBI:EARN_RAT_BSE_RN(1.0),N_A,M,AVG,2003,2002,0,2002-05-01,INR,16.19
RBI:EARN_RAT_BSE_RN(1.0),N_A,M,AVG,2003,2002,0,2002-04-01,INR,16.83
RBI:EARN_RAT_BSE_RN(1.0),N_A,M,AVG,2002,2001,0,2002-03-31,INR,16.55
RBI:EARN_RAT_BSE_RN(1.0),N_A,M,AVG,2002,2001,0,2002-03-01,INR,17.55
RBI:EARN_RAT_BSE_RN(1.0),N_A,M,AVG,2002,2001,0,2002-02-01,INR,17.28
RBI:EARN_RAT_BSE_RN(1.0),N_A,M,AVG,2002,2001,0,2002-01-01,INR,16.35
RBI:EARN_RAT_BSE_RN(1.0),N_A,M,AVG,2002,2001,0,2001-12-01,INR,15.59
RBI:EARN_RAT_BSE_RN(1.0),N_A,M,AVG,2002,2001,0,2001-11-01,INR,14.89
RBI:EARN_RAT_BSE_RN(1.0),N_A,M,AVG,2002,2001,0,2001-10-01,INR,14.29
RBI:EARN_RAT_BSE_RN(1.0),N_A,M,AVG,2002,2001,0,2001-09-01,INR,15.2
RBI:EARN_RAT_BSE_RN(1.0),N_A,M,AVG,2002,2001,0,2001-08-01,INR,16.69
RBI:EARN_RAT_BSE_RN(1.0),N_A,M,AVG,2002,2001,0,2001-07-01,INR,16.28
RBI:EARN_RAT_BSE_RN(1.0),N_A,M,AVG,2002,2001,0,2001-06-01,INR,17.49
RBI:EARN_RAT_BSE_RN(1.0),N_A,M,AVG,2002,2001,0,2001-05-01,INR,18.86
RBI:EARN_RAT_BSE_RN(1.0),N_A,M,AVG,2002,2001,0,2001-04-01,INR,18.09
RBI:EARN_RAT_BSE_RN(1.0),N_A,M,AVG,2001,2000,0,2001-03-31,INR,23.86
RBI:EARN_RAT_BSE_RN(1.0),N_A,M,AVG,2001,2000,0,2001-03-01,INR,19.72
RBI:EARN_RAT_BSE_RN(1.0),N_A,M,AVG,2001,2000,0,2001-02-01,INR,22.3
RBI:EARN_RAT_BSE_RN(1.0),N_A,M,AVG,2001,2000,0,2001-01-01,INR,21.42
