DATAFLOW,AUDST,FREQ,REPYEAREND,REPYEARSTART,TYP_GRECPT_RN,UNIT_MULT,TIME_PERIOD,UNIT_MEASURE,OBS_VALUE
RBI:CCSG_RECPT_RN(1.0),N_A,AFY,2025,2024,GR1101,0,2025-03-31,INR,61422761724000
RBI:CCSG_RECPT_RN(1.0),N_A,AFY,2025,2024,GR12,0,2025-03-31,INR,24408411954000
RBI:CCSG_RECPT_RN(1.0),N_A,AFY,2025,2024,GR1,0,2025-03-31,INR,96504881408000
RBI:CCSG_RECPT_RN(1.0),N_A,AFY,2025,2024,OTHERS,0,2025-03-31,INR,10673707730000
RBI:CCSG_RECPT_RN(1.0),N_A,AFY,2025,2024,GR11,0,2025-03-31,INR,72096469454000
RBI:CCSG_RECPT_RN(1.0),N_A,AFY,2024,2023,GR12,0,2024-03-31,INR,26756495498000
RBI:CCSG_RECPT_RN(1.0),N_A,AFY,2024,2023,GR1101,0,2024-03-31,INR,54569133658000
RBI:CCSG_RECPT_RN(1.0),N_A,AFY,2024,2023,GR11,0,2024-03-31,INR,63793492017000
RBI:CCSG_RECPT_RN(1.0),N_A,AFY,2024,2023,GR1,0,2024-03-31,INR,90549987515000
RBI:CCSG_RECPT_RN(1.0),N_A,AFY,2024,2023,OTHERS,0,2024-03-31,INR,9224358359000
RBI:CCSG_RECPT_RN(1.0),N_A,AFY,2023,2022,OTHERS,0,2023-03-31,INR,6388696656492
RBI:CCSG_RECPT_RN(1.0),N_A,AFY,2023,2022,GR1101,0,2023-03-31,INR,48090436436907
RBI:CCSG_RECPT_RN(1.0),N_A,AFY,2023,2022,GR11,0,2023-03-31,INR,54479133093399
RBI:CCSG_RECPT_RN(1.0),N_A,AFY,2023,2022,GR1,0,2023-03-31,INR,78553698867700
RBI:CCSG_RECPT_RN(1.0),N_A,AFY,2023,2022,GR12,0,2023-03-31,INR,24074565774301
RBI:CCSG_RECPT_RN(1.0),N_A,AFY,2022,2021,OTHERS,0,2022-03-31,INR,6634069387784
RBI:CCSG_RECPT_RN(1.0),N_A,AFY,2022,2021,GR12,0,2022-03-31,INR,23325211774142
RBI:CCSG_RECPT_RN(1.0),N_A,AFY,2022,2021,GR11,0,2022-03-31,INR,48238207244607
RBI:CCSG_RECPT_RN(1.0),N_A,AFY,2022,2021,GR1101,0,2022-03-31,INR,41604137856823
RBI:CCSG_RECPT_RN(1.0),N_A,AFY,2022,2021,GR1,0,2022-03-31,INR,71563419018749
RBI:CCSG_RECPT_RN(1.0),N_A,AFY,2021,2020,GR11,0,2021-03-31,INR,36880300000000
RBI:CCSG_RECPT_RN(1.0),N_A,AFY,2021,2020,GR12,0,2021-03-31,INR,27091320000000
RBI:CCSG_RECPT_RN(1.0),N_A,AFY,2021,2020,GR1,0,2021-03-31,INR,63971620000000
RBI:CCSG_RECPT_RN(1.0),N_A,AFY,2021,2020,GR1101,0,2021-03-31,INR,31933900000000
RBI:CCSG_RECPT_RN(1.0),N_A,AFY,2021,2020,OTHERS,0,2021-03-31,INR,4946400000000
RBI:CCSG_RECPT_RN(1.0),N_A,AFY,2020,2019,GR11,0,2020-03-31,INR,38515631460520
RBI:CCSG_RECPT_RN(1.0),N_A,AFY,2020,2019,OTHERS,0,2020-03-31,INR,6199813922270
RBI:CCSG_RECPT_RN(1.0),N_A,AFY,2020,2019,GR1,0,2020-03-31,INR,57341663890480
RBI:CCSG_RECPT_RN(1.0),N_A,AFY,2020,2019,GR12,0,2020-03-31,INR,18826032429950
RBI:CCSG_RECPT_RN(1.0),N_A,AFY,2020,2019,GR1101,0,2020-03-31,INR,32315817538250
RBI:CCSG_RECPT_RN(1.0),N_A,AFY,2019,2018,GR1101,0,2019-03-31,INR,32789471686280
RBI:CCSG_RECPT_RN(1.0),N_A,AFY,2019,2018,GR1,0,2019-03-31,INR,50233522256550
RBI:CCSG_RECPT_RN(1.0),N_A,AFY,2019,2018,GR12,0,2019-03-31,INR,12256216596970
RBI:CCSG_RECPT_RN(1.0),N_A,AFY,2019,2018,OTHERS,0,2019-03-31,INR,5187833973300
RBI:CCSG_RECPT_RN(1.0),N_A,AFY,2019,2018,GR11,0,2019-03-31,INR,37977305659580
RBI:CCSG_RECPT_RN(1.0),N_A,AFY,2018,2017,OTHERS,0,2018-03-31,INR,3982820000000
RBI:CCSG_RECPT_RN(1.0),N_A,AFY,2018,2017,GR1101,0,2018-03-31,INR,29781340000000
RBI:CCSG_RECPT_RN(1.0),N_A,AFY,2018,2017,GR11,0,2018-03-31,INR,33764160000000
RBI:CCSG_RECPT_RN(1.0),N_A,AFY,2018,2017,GR12,0,2018-03-31,INR,11520060000000
RBI:CCSG_RECPT_RN(1.0),N_A,AFY,2018,2017,GR1,0,2018-03-31,INR,45284220000000
RBI:CCSG_RECPT_RN(1.0),N_A,AFY,2017,2016,GR11,0,2017-03-31,INR,31322010000000
RBI:CCSG_RECPT_RN(1.0),N_A,AFY,2017,2016,GR1,0,2017-03-31,INR,42884320000000
RBI:CCSG_RECPT_RN(1.0),N_A,AFY,2017,2016,GR1101,0,2017-03-31,INR,26221450200000
RBI:CCSG_RECPT_RN(1.0),N_A,AFY,2017,2016,OTHERS,0,2017-03-31,INR,5100559800000
RBI:CCSG_RECPT_RN(1.0),N_A,AFY,2017,2016,GR12,0,2017-03-31,INR,11562310000000
RBI:CCSG_RECPT_RN(1.0),N_A,AFY,2016,2015,GR1101,0,2016-03-31,INR,22971011500000
RBI:CCSG_RECPT_RN(1.0),N_A,AFY,2016,2015,OTHERS,0,2016-03-31,INR,4512723599999.996
RBI:CCSG_RECPT_RN(1.0),N_A,AFY,2016,2015,GR11,0,2016-03-31,INR,27483735099999.996
RBI:CCSG_RECPT_RN(1.0),N_A,AFY,2016,2015,GR12,0,2016-03-31,INR,10296753500000
RBI:CCSG_RECPT_RN(1.0),N_A,AFY,2016,2015,GR1,0,2016-03-31,INR,37780488600000
RBI:CCSG_RECPT_RN(1.0),N_A,AFY,2015,2014,GR12,0,2015-03-31,INR,8020440000000
RBI:CCSG_RECPT_RN(1.0),N_A,AFY,2015,2014,GR1,0,2015-03-31,INR,31897370000000
RBI:CCSG_RECPT_RN(1.0),N_A,AFY,2015,2014,GR11,0,2015-03-31,INR,23876930000000
RBI:CCSG_RECPT_RN(1.0),N_A,AFY,2015,2014,GR1101,0,2015-03-31,INR,20207282000000
RBI:CCSG_RECPT_RN(1.0),N_A,AFY,2015,2014,OTHERS,0,2015-03-31,INR,3669648000000
RBI:CCSG_RECPT_RN(1.0),N_A,AFY,2014,2013,GR1,0,2014-03-31,INR,30013720000000
RBI:CCSG_RECPT_RN(1.0),N_A,AFY,2014,2013,GR11,0,2014-03-31,INR,22114750000000
RBI:CCSG_RECPT_RN(1.0),N_A,AFY,2014,2013,GR12,0,2014-03-31,INR,7898970000000
RBI:CCSG_RECPT_RN(1.0),N_A,AFY,2014,2013,OTHERS,0,2014-03-31,INR,3649296300000
RBI:CCSG_RECPT_RN(1.0),N_A,AFY,2014,2013,GR1101,0,2014-03-31,INR,18465453700000
RBI:CCSG_RECPT_RN(1.0),N_A,AFY,2013,2012,GR11,0,2013-03-31,INR,19716190000000
RBI:CCSG_RECPT_RN(1.0),N_A,AFY,2013,2012,GR12,0,2013-03-31,INR,7974110000000
RBI:CCSG_RECPT_RN(1.0),N_A,AFY,2013,2012,OTHERS,0,2013-03-31,INR,2836604000000
RBI:CCSG_RECPT_RN(1.0),N_A,AFY,2013,2012,GR1,0,2013-03-31,INR,27690300000000
RBI:CCSG_RECPT_RN(1.0),N_A,AFY,2013,2012,GR1101,0,2013-03-31,INR,16879586000000
RBI:CCSG_RECPT_RN(1.0),N_A,AFY,2012,2011,OTHERS,0,2012-03-31,INR,2499273100000
RBI:CCSG_RECPT_RN(1.0),N_A,AFY,2012,2011,GR1101,0,2012-03-31,INR,14427516900000
RBI:CCSG_RECPT_RN(1.0),N_A,AFY,2012,2011,GR1,0,2012-03-31,INR,24540620000000
RBI:CCSG_RECPT_RN(1.0),N_A,AFY,2012,2011,GR12,0,2012-03-31,INR,7613830000000
RBI:CCSG_RECPT_RN(1.0),N_A,AFY,2012,2011,GR11,0,2012-03-31,INR,16926790000000
RBI:CCSG_RECPT_RN(1.0),N_A,AFY,2011,2010,GR1,0,2011-03-31,INR,21535610000000
RBI:CCSG_RECPT_RN(1.0),N_A,AFY,2011,2010,OTHERS,0,2011-03-31,INR,3287531299999.998
RBI:CCSG_RECPT_RN(1.0),N_A,AFY,2011,2010,GR1101,0,2011-03-31,INR,12500668700000.002
RBI:CCSG_RECPT_RN(1.0),N_A,AFY,2011,2010,GR11,0,2011-03-31,INR,15788200000000
RBI:CCSG_RECPT_RN(1.0),N_A,AFY,2011,2010,GR12,0,2011-03-31,INR,5747420000000
RBI:CCSG_RECPT_RN(1.0),N_A,AFY,2010,2009,GR12,0,2010-03-31,INR,6352490000000
RBI:CCSG_RECPT_RN(1.0),N_A,AFY,2010,2009,GR1101,0,2010-03-31,INR,9846110000000
RBI:CCSG_RECPT_RN(1.0),N_A,AFY,2010,2009,GR11,0,2010-03-31,INR,12105590000000
RBI:CCSG_RECPT_RN(1.0),N_A,AFY,2010,2009,OTHERS,0,2010-03-31,INR,2259480000000
RBI:CCSG_RECPT_RN(1.0),N_A,AFY,2010,2009,GR1,0,2010-03-31,INR,18458080000000
RBI:CCSG_RECPT_RN(1.0),N_A,AFY,2009,2008,GR11,0,2009-03-31,INR,11170980000000
RBI:CCSG_RECPT_RN(1.0),N_A,AFY,2009,2008,GR1101,0,2009-03-31,INR,9263040000000
RBI:CCSG_RECPT_RN(1.0),N_A,AFY,2009,2008,OTHERS,0,2009-03-31,INR,1907940000000
RBI:CCSG_RECPT_RN(1.0),N_A,AFY,2009,2008,GR12,0,2009-03-31,INR,4477050000000
RBI:CCSG_RECPT_RN(1.0),N_A,AFY,2009,2008,GR1,0,2009-03-31,INR,15648030000000
RBI:CCSG_RECPT_RN(1.0),N_A,AFY,2008,2007,GR1101,0,2008-03-31,INR,8774960000000
RBI:CCSG_RECPT_RN(1.0),N_A,AFY,2008,2007,GR1,0,2008-03-31,INR,13558620000000
RBI:CCSG_RECPT_RN(1.0),N_A,AFY,2008,2007,OTHERS,0,2008-03-31,INR,1834330000000
RBI:CCSG_RECPT_RN(1.0),N_A,AFY,2008,2007,GR11,0,2008-03-31,INR,10609290000000
RBI:CCSG_RECPT_RN(1.0),N_A,AFY,2008,2007,GR12,0,2008-03-31,INR,2949330000000
RBI:CCSG_RECPT_RN(1.0),N_A,AFY,2007,2006,OTHERS,0,2007-03-31,INR,1530520000000
RBI:CCSG_RECPT_RN(1.0),N_A,AFY,2007,2006,GR1,0,2007-03-31,INR,11207340000000
RBI:CCSG_RECPT_RN(1.0),N_A,AFY,2007,2006,GR12,0,2007-03-31,INR,2436590000000
RBI:CCSG_RECPT_RN(1.0),N_A,AFY,2007,2006,GR1101,0,2007-03-31,INR,7240230000000
RBI:CCSG_RECPT_RN(1.0),N_A,AFY,2007,2006,GR11,0,2007-03-31,INR,8770750000000
RBI:CCSG_RECPT_RN(1.0),N_A,AFY,2006,2005,OTHERS,0,2006-03-31,INR,1304600000000
RBI:CCSG_RECPT_RN(1.0),N_A,AFY,2006,2005,GR1,0,2006-03-31,INR,10146890000000
RBI:CCSG_RECPT_RN(1.0),N_A,AFY,2006,2005,GR12,0,2006-03-31,INR,3076350000000
RBI:CCSG_RECPT_RN(1.0),N_A,AFY,2006,2005,GR1101,0,2006-03-31,INR,5765940000000
RBI:CCSG_RECPT_RN(1.0),N_A,AFY,2006,2005,GR11,0,2006-03-31,INR,7070540000000
RBI:CCSG_RECPT_RN(1.0),N_A,AFY,2005,2004,GR1,0,2005-03-31,INR,8883450000000
RBI:CCSG_RECPT_RN(1.0),N_A,AFY,2005,2004,OTHERS,0,2005-03-31,INR,1302690000000
RBI:CCSG_RECPT_RN(1.0),N_A,AFY,2005,2004,GR12,0,2005-03-31,INR,2727010000000
RBI:CCSG_RECPT_RN(1.0),N_A,AFY,2005,2004,GR1101,0,2005-03-31,INR,4853750000000
RBI:CCSG_RECPT_RN(1.0),N_A,AFY,2005,2004,GR11,0,2005-03-31,INR,6156440000000
RBI:CCSG_RECPT_RN(1.0),N_A,AFY,2004,2003,GR12,0,2004-03-31,INR,2805510000000
RBI:CCSG_RECPT_RN(1.0),N_A,AFY,2004,2003,GR11,0,2004-03-31,INR,5186110000000
RBI:CCSG_RECPT_RN(1.0),N_A,AFY,2004,2003,GR1101,0,2004-03-31,INR,4080990000000
RBI:CCSG_RECPT_RN(1.0),N_A,AFY,2004,2003,GR1,0,2004-03-31,INR,7991620000000
RBI:CCSG_RECPT_RN(1.0),N_A,AFY,2004,2003,OTHERS,0,2004-03-31,INR,1105120000000
RBI:CCSG_RECPT_RN(1.0),N_A,AFY,2003,2002,OTHERS,0,2003-03-31,INR,1018320000000
RBI:CCSG_RECPT_RN(1.0),N_A,AFY,2003,2002,GR12,0,2003-03-31,INR,2537840000000
RBI:CCSG_RECPT_RN(1.0),N_A,AFY,2003,2002,GR1,0,2003-03-31,INR,7076340000000
RBI:CCSG_RECPT_RN(1.0),N_A,AFY,2003,2002,GR11,0,2003-03-31,INR,4538500000000
RBI:CCSG_RECPT_RN(1.0),N_A,AFY,2003,2002,GR1101,0,2003-03-31,INR,3520180000000
RBI:CCSG_RECPT_RN(1.0),N_A,AFY,2002,2001,GR12,0,2002-03-31,INR,2508770000000
RBI:CCSG_RECPT_RN(1.0),N_A,AFY,2002,2001,GR11,0,2002-03-31,INR,4001620000000
RBI:CCSG_RECPT_RN(1.0),N_A,AFY,2002,2001,GR1,0,2002-03-31,INR,6510390000000
RBI:CCSG_RECPT_RN(1.0),N_A,AFY,2002,2001,OTHERS,0,2002-03-31,INR,912150000000
RBI:CCSG_RECPT_RN(1.0),N_A,AFY,2002,2001,GR1101,0,2002-03-31,INR,3089470000000
RBI:CCSG_RECPT_RN(1.0),N_A,AFY,2001,2000,GR12,0,2001-03-31,INR,2203240000000
RBI:CCSG_RECPT_RN(1.0),N_A,AFY,2001,2000,GR1,0,2001-03-31,INR,5991410000000
RBI:CCSG_RECPT_RN(1.0),N_A,AFY,2001,2000,OTHERS,0,2001-03-31,INR,778450000000
RBI:CCSG_RECPT_RN(1.0),N_A,AFY,2001,2000,GR1101,0,2001-03-31,INR,3009720000000
RBI:CCSG_RECPT_RN(1.0),N_A,AFY,2001,2000,GR11,0,2001-03-31,INR,3788170000000
RBI:CCSG_RECPT_RN(1.0),N_A,AFY,2000,1999,GR11,0,2000-03-31,INR,3437090000000
RBI:CCSG_RECPT_RN(1.0),N_A,AFY,2000,1999,OTHERS,0,2000-03-31,INR,721650000000
RBI:CCSG_RECPT_RN(1.0),N_A,AFY,2000,1999,GR1,0,2000-03-31,INR,5364460000000
RBI:CCSG_RECPT_RN(1.0),N_A,AFY,2000,1999,GR1101,0,2000-03-31,INR,2715440000000
RBI:CCSG_RECPT_RN(1.0),N_A,AFY,2000,1999,GR12,0,2000-03-31,INR,1927370000000
RBI:CCSG_RECPT_RN(1.0),N_A,AFY,1999,1998,OTHERS,0,1999-03-31,INR,583950000000
RBI:CCSG_RECPT_RN(1.0),N_A,AFY,1999,1998,GR11,0,1999-03-31,INR,2883660000000
RBI:CCSG_RECPT_RN(1.0),N_A,AFY,1999,1998,GR12,0,1999-03-31,INR,1722680000000
RBI:CCSG_RECPT_RN(1.0),N_A,AFY,1999,1998,GR1101,0,1999-03-31,INR,2299710000000
RBI:CCSG_RECPT_RN(1.0),N_A,AFY,1999,1998,GR1,0,1999-03-31,INR,4606340000000
RBI:CCSG_RECPT_RN(1.0),N_A,AFY,1998,1997,GR12,0,1998-03-31,INR,1245930000000
RBI:CCSG_RECPT_RN(1.0),N_A,AFY,1998,1997,GR1,0,1998-03-31,INR,3883160000000
RBI:CCSG_RECPT_RN(1.0),N_A,AFY,1998,1997,GR11,0,1998-03-31,INR,2637230000000
RBI:CCSG_RECPT_RN(1.0),N_A,AFY,1998,1997,GR1101,0,1998-03-31,INR,2143720000000
RBI:CCSG_RECPT_RN(1.0),N_A,AFY,1998,1997,OTHERS,0,1998-03-31,INR,493510000000
RBI:CCSG_RECPT_RN(1.0),N_A,AFY,1997,1996,GR1,0,1997-03-31,INR,3233220000000
RBI:CCSG_RECPT_RN(1.0),N_A,AFY,1997,1996,GR11,0,1997-03-31,INR,2463990000000
RBI:CCSG_RECPT_RN(1.0),N_A,AFY,1997,1996,GR12,0,1997-03-31,INR,769230000000
RBI:CCSG_RECPT_RN(1.0),N_A,AFY,1997,1996,OTHERS,0,1997-03-31,INR,490940000000
RBI:CCSG_RECPT_RN(1.0),N_A,AFY,1997,1996,GR1101,0,1997-03-31,INR,1973050000000
RBI:CCSG_RECPT_RN(1.0),N_A,AFY,1996,1995,GR1101,0,1996-03-31,INR,1727400000000
RBI:CCSG_RECPT_RN(1.0),N_A,AFY,1996,1995,GR12,0,1996-03-31,INR,791020000000
RBI:CCSG_RECPT_RN(1.0),N_A,AFY,1996,1995,OTHERS,0,1996-03-31,INR,447870000000
RBI:CCSG_RECPT_RN(1.0),N_A,AFY,1996,1995,GR11,0,1996-03-31,INR,2175270000000
RBI:CCSG_RECPT_RN(1.0),N_A,AFY,1996,1995,GR1,0,1996-03-31,INR,2966290000000
RBI:CCSG_RECPT_RN(1.0),N_A,AFY,1995,1994,GR1101,0,1995-03-31,INR,1462860000000
RBI:CCSG_RECPT_RN(1.0),N_A,AFY,1995,1994,GR12,0,1995-03-31,INR,897420000000
RBI:CCSG_RECPT_RN(1.0),N_A,AFY,1995,1994,GR1,0,1995-03-31,INR,2763810000000
RBI:CCSG_RECPT_RN(1.0),N_A,AFY,1995,1994,GR11,0,1995-03-31,INR,1866390000000
RBI:CCSG_RECPT_RN(1.0),N_A,AFY,1995,1994,OTHERS,0,1995-03-31,INR,403530000000
RBI:CCSG_RECPT_RN(1.0),N_A,AFY,1994,1993,GR12,0,1994-03-31,INR,663720000000
RBI:CCSG_RECPT_RN(1.0),N_A,AFY,1994,1993,GR11,0,1994-03-31,INR,1548560000000
RBI:CCSG_RECPT_RN(1.0),N_A,AFY,1994,1993,GR1101,0,1994-03-31,INR,1217700000000
RBI:CCSG_RECPT_RN(1.0),N_A,AFY,1994,1993,OTHERS,0,1994-03-31,INR,330860000000
RBI:CCSG_RECPT_RN(1.0),N_A,AFY,1994,1993,GR1,0,1994-03-31,INR,2212280000000
RBI:CCSG_RECPT_RN(1.0),N_A,AFY,1993,1992,GR12,0,1993-03-31,INR,495430000000
RBI:CCSG_RECPT_RN(1.0),N_A,AFY,1993,1992,OTHERS,0,1993-03-31,INR,284550000000
RBI:CCSG_RECPT_RN(1.0),N_A,AFY,1993,1992,GR11,0,1993-03-31,INR,1430170000000
RBI:CCSG_RECPT_RN(1.0),N_A,AFY,1993,1992,GR1101,0,1993-03-31,INR,1145620000000
RBI:CCSG_RECPT_RN(1.0),N_A,AFY,1993,1992,GR1,0,1993-03-31,INR,1925600000000
RBI:CCSG_RECPT_RN(1.0),N_A,AFY,1992,1991,OTHERS,0,1992-03-31,INR,246200000000
RBI:CCSG_RECPT_RN(1.0),N_A,AFY,1992,1991,GR12,0,1992-03-31,INR,515050000000
RBI:CCSG_RECPT_RN(1.0),N_A,AFY,1992,1991,GR1101,0,1992-03-31,INR,1027690000000
RBI:CCSG_RECPT_RN(1.0),N_A,AFY,1992,1991,GR1,0,1992-03-31,INR,1788940000000
RBI:CCSG_RECPT_RN(1.0),N_A,AFY,1992,1991,GR11,0,1992-03-31,INR,1273890000000
RBI:CCSG_RECPT_RN(1.0),N_A,AFY,1991,1990,OTHERS,0,1991-03-31,INR,181300000000
RBI:CCSG_RECPT_RN(1.0),N_A,AFY,1991,1990,GR11,0,1991-03-31,INR,1057570000000
RBI:CCSG_RECPT_RN(1.0),N_A,AFY,1991,1990,GR1,0,1991-03-31,INR,1522450000000
RBI:CCSG_RECPT_RN(1.0),N_A,AFY,1991,1990,GR1101,0,1991-03-31,INR,876270000000
RBI:CCSG_RECPT_RN(1.0),N_A,AFY,1991,1990,GR12,0,1991-03-31,INR,464880000000
RBI:CCSG_RECPT_RN(1.0),N_A,AFY,1990,1989,OTHERS,0,1990-03-31,INR,205970000000
RBI:CCSG_RECPT_RN(1.0),N_A,AFY,1990,1989,GR11,0,1990-03-31,INR,980940000000
RBI:CCSG_RECPT_RN(1.0),N_A,AFY,1990,1989,GR1101,0,1990-03-31,INR,774970000000
RBI:CCSG_RECPT_RN(1.0),N_A,AFY,1990,1989,GR12,0,1990-03-31,INR,362920000000
RBI:CCSG_RECPT_RN(1.0),N_A,AFY,1990,1989,GR1,0,1990-03-31,INR,1343860000000
RBI:CCSG_RECPT_RN(1.0),N_A,AFY,1989,1988,OTHERS,0,1989-03-31,INR,157160000000
RBI:CCSG_RECPT_RN(1.0),N_A,AFY,1989,1988,GR11,0,1989-03-31,INR,826580000000
RBI:CCSG_RECPT_RN(1.0),N_A,AFY,1989,1988,GR1101,0,1989-03-31,INR,669420000000
RBI:CCSG_RECPT_RN(1.0),N_A,AFY,1989,1988,GR1,0,1989-03-31,INR,1212260000000
RBI:CCSG_RECPT_RN(1.0),N_A,AFY,1989,1988,GR12,0,1989-03-31,INR,385680000000
RBI:CCSG_RECPT_RN(1.0),N_A,AFY,1988,1987,OTHERS,0,1988-03-31,INR,139080000000
RBI:CCSG_RECPT_RN(1.0),N_A,AFY,1988,1987,GR1,0,1988-03-31,INR,1043900000000
RBI:CCSG_RECPT_RN(1.0),N_A,AFY,1988,1987,GR1101,0,1988-03-31,INR,570500000000
RBI:CCSG_RECPT_RN(1.0),N_A,AFY,1988,1987,GR11,0,1988-03-31,INR,709580000000
RBI:CCSG_RECPT_RN(1.0),N_A,AFY,1988,1987,GR12,0,1988-03-31,INR,334320000000
RBI:CCSG_RECPT_RN(1.0),N_A,AFY,1987,1986,OTHERS,0,1987-03-31,INR,136540000000
RBI:CCSG_RECPT_RN(1.0),N_A,AFY,1987,1986,GR1101,0,1987-03-31,INR,494580000000
RBI:CCSG_RECPT_RN(1.0),N_A,AFY,1987,1986,GR1,0,1987-03-31,INR,915430000000
RBI:CCSG_RECPT_RN(1.0),N_A,AFY,1987,1986,GR12,0,1987-03-31,INR,284310000000
RBI:CCSG_RECPT_RN(1.0),N_A,AFY,1987,1986,GR11,0,1987-03-31,INR,631120000000
RBI:CCSG_RECPT_RN(1.0),N_A,AFY,1986,1985,OTHERS,0,1986-03-31,INR,110790000000
RBI:CCSG_RECPT_RN(1.0),N_A,AFY,1986,1985,GR1101,0,1986-03-31,INR,429900000000
RBI:CCSG_RECPT_RN(1.0),N_A,AFY,1986,1985,GR11,0,1986-03-31,INR,540690000000
RBI:CCSG_RECPT_RN(1.0),N_A,AFY,1986,1985,GR1,0,1986-03-31,INR,750000000000
RBI:CCSG_RECPT_RN(1.0),N_A,AFY,1986,1985,GR12,0,1986-03-31,INR,209310000000
