DATAFLOW,AUDST,BASE_PER,COVERAGE_GEO_RN,FREQ,MEASURE_RN,REPYEAREND,REPYEARSTART,TYPE_CPI_RN,TIME_PERIOD,UNIT_MEASURE,OBS_VALUE
RBI:CPI_ANN_AVG_VAR_RN(1.0),N_A,BY_1960,N_A,AFY,ANL_VAR,1986,1985,AL,1986-03-31,PT,4.778647783424
RBI:CPI_ANN_AVG_VAR_RN(1.0),N_A,BY_1960,N_A,AFY,ANL_VAR,1986,1985,IW,1986-03-31,PT,6.52921
RBI:CPI_ANN_AVG_VAR_RN(1.0),N_A,BY_1960,N_A,AFY,ANL_VAR,1986,1985,IW_FG,1986-03-31,PT,4.9
RBI:CPI_ANN_AVG_VAR_RN(1.0),N_A,BY_1960,N_A,AFY,ANNUAL_AVE,1986,1985,AL,1986-03-31,PT,546.0
RBI:CPI_ANN_AVG_VAR_RN(1.0),N_A,BY_1960,N_A,AFY,ANNUAL_AVE,1986,1985,IW,1986-03-31,PT,620.0
RBI:CPI_ANN_AVG_VAR_RN(1.0),N_A,BY_1960,N_A,AFY,ANNUAL_AVE,1986,1985,IW_FGB,1986-03-31,PT,128.0
RBI:CPI_ANN_AVG_VAR_RN(1.0),N_A,BY_1982,N_A,AFY,ANL_VAR,1986,1985,IW,1986-03-31,PT,6.4
RBI:CPI_ANN_AVG_VAR_RN(1.0),N_A,BY_1982,N_A,AFY,ANL_VAR,1986,1985,IW_FG,1986-03-31,PT,4.9
RBI:CPI_ANN_AVG_VAR_RN(1.0),N_A,BY_1982,N_A,AFY,ANNUAL_AVE,1986,1985,IW,1986-03-31,PT,126.0
RBI:CPI_ANN_AVG_VAR_RN(1.0),N_A,BY_1982,N_A,AFY,ANNUAL_AVE,1986,1985,IW_FGB,1986-03-31,PT,128.0
RBI:CPI_ANN_AVG_VAR_RN(1.0),N_A,BY_1960,N_A,AFY,ANL_VAR,1987,1986,AL,1987-03-31,PT,4.71323978323
RBI:CPI_ANN_AVG_VAR_RN(1.0),N_A,BY_1960,N_A,AFY,ANL_VAR,1987,1986,IW,1987-03-31,PT,8.70968
RBI:CPI_ANN_AVG_VAR_RN(1.0),N_A,BY_1960,N_A,AFY,ANL_VAR,1987,1986,IW_FG,1987-03-31,PT,10.2
RBI:CPI_ANN_AVG_VAR_RN(1.0),N_A,BY_1960,N_A,AFY,ANNUAL_AVE,1987,1986,AL,1987-03-31,PT,572.0
RBI:CPI_ANN_AVG_VAR_RN(1.0),N_A,BY_1960,N_A,AFY,ANNUAL_AVE,1987,1986,IW,1987-03-31,PT,674.0
RBI:CPI_ANN_AVG_VAR_RN(1.0),N_A,BY_1960,N_A,AFY,ANNUAL_AVE,1987,1986,IW_FGB,1987-03-31,PT,141.0
RBI:CPI_ANN_AVG_VAR_RN(1.0),N_A,BY_1982,N_A,AFY,ANL_VAR,1987,1986,IW,1987-03-31,PT,8.8
RBI:CPI_ANN_AVG_VAR_RN(1.0),N_A,BY_1982,N_A,AFY,ANL_VAR,1987,1986,IW_FG,1987-03-31,PT,10.2
RBI:CPI_ANN_AVG_VAR_RN(1.0),N_A,BY_1982,N_A,AFY,ANNUAL_AVE,1987,1986,IW,1987-03-31,PT,137.0
RBI:CPI_ANN_AVG_VAR_RN(1.0),N_A,BY_1982,N_A,AFY,ANNUAL_AVE,1987,1986,IW_FGB,1987-03-31,PT,141.0
RBI:CPI_ANN_AVG_VAR_RN(1.0),N_A,BY_1960,N_A,AFY,ANL_VAR,1988,1987,AL,1988-03-31,PT,9.90531688851
RBI:CPI_ANN_AVG_VAR_RN(1.0),N_A,BY_1960,N_A,AFY,ANL_VAR,1988,1987,IW,1988-03-31,PT,9.19881
RBI:CPI_ANN_AVG_VAR_RN(1.0),N_A,BY_1960,N_A,AFY,ANL_VAR,1988,1987,IW_FG,1988-03-31,PT,9.2
RBI:CPI_ANN_AVG_VAR_RN(1.0),N_A,BY_1960,N_A,AFY,ANNUAL_AVE,1988,1987,AL,1988-03-31,PT,629.0
RBI:CPI_ANN_AVG_VAR_RN(1.0),N_A,BY_1960,N_A,AFY,ANNUAL_AVE,1988,1987,IW,1988-03-31,PT,736.0
RBI:CPI_ANN_AVG_VAR_RN(1.0),N_A,BY_1960,N_A,AFY,ANNUAL_AVE,1988,1987,IW_FGB,1988-03-31,PT,154.0
RBI:CPI_ANN_AVG_VAR_RN(1.0),N_A,BY_1982,N_A,AFY,ANL_VAR,1988,1987,IW,1988-03-31,PT,9.1
RBI:CPI_ANN_AVG_VAR_RN(1.0),N_A,BY_1982,N_A,AFY,ANL_VAR,1988,1987,IW_FG,1988-03-31,PT,9.2
RBI:CPI_ANN_AVG_VAR_RN(1.0),N_A,BY_1982,N_A,AFY,ANNUAL_AVE,1988,1987,IW,1988-03-31,PT,149.0
RBI:CPI_ANN_AVG_VAR_RN(1.0),N_A,BY_1982,N_A,AFY,ANNUAL_AVE,1988,1987,IW_FGB,1988-03-31,PT,154.0
RBI:CPI_ANN_AVG_VAR_RN(1.0),N_A,BY_1960,N_A,AFY,ANL_VAR,1989,1988,AL,1989-03-31,PT,12.670642862823
RBI:CPI_ANN_AVG_VAR_RN(1.0),N_A,BY_1960,N_A,AFY,ANL_VAR,1989,1988,IW,1989-03-31,PT,6.79348
RBI:CPI_ANN_AVG_VAR_RN(1.0),N_A,BY_1960,N_A,AFY,ANNUAL_AVE,1989,1988,AL,1989-03-31,PT,708.0
RBI:CPI_ANN_AVG_VAR_RN(1.0),N_A,BY_1982,N_A,AFY,ANL_VAR,1989,1988,IW,1989-03-31,PT,9.2
RBI:CPI_ANN_AVG_VAR_RN(1.0),N_A,BY_1982,N_A,AFY,ANL_VAR,1989,1988,IW_FG,1989-03-31,PT,7.1
RBI:CPI_ANN_AVG_VAR_RN(1.0),N_A,BY_1982,N_A,AFY,ANNUAL_AVE,1989,1988,IW,1989-03-31,PT,163.0
RBI:CPI_ANN_AVG_VAR_RN(1.0),N_A,BY_1982,N_A,AFY,ANNUAL_AVE,1989,1988,IW_FGB,1989-03-31,PT,165.0
RBI:CPI_ANN_AVG_VAR_RN(1.0),N_A,BY_1960,N_A,AFY,ANL_VAR,1990,1989,AL,1990-03-31,PT,5.375838087107
RBI:CPI_ANN_AVG_VAR_RN(1.0),N_A,BY_1960,N_A,AFY,ANNUAL_AVE,1990,1989,AL,1990-03-31,PT,747.0
RBI:CPI_ANN_AVG_VAR_RN(1.0),N_A,BY_1982,N_A,AFY,ANL_VAR,1990,1989,IW,1990-03-31,PT,6.5
RBI:CPI_ANN_AVG_VAR_RN(1.0),N_A,BY_1982,N_A,AFY,ANL_VAR,1990,1989,IW_FG,1990-03-31,PT,7.3
RBI:CPI_ANN_AVG_VAR_RN(1.0),N_A,BY_1982,N_A,AFY,ANNUAL_AVE,1990,1989,IW,1990-03-31,PT,173.0
RBI:CPI_ANN_AVG_VAR_RN(1.0),N_A,BY_1982,N_A,AFY,ANNUAL_AVE,1990,1989,IW_FGB,1990-03-31,PT,177.0
RBI:CPI_ANN_AVG_VAR_RN(1.0),N_A,BY_1960,N_A,AFY,ANL_VAR,1991,1990,AL,1991-03-31,PT,7.6
RBI:CPI_ANN_AVG_VAR_RN(1.0),N_A,BY_1960,N_A,AFY,ANNUAL_AVE,1991,1990,AL,1991-03-31,PT,803.0
RBI:CPI_ANN_AVG_VAR_RN(1.0),N_A,BY_1982,N_A,AFY,ANL_VAR,1991,1990,IW,1991-03-31,PT,11.2
RBI:CPI_ANN_AVG_VAR_RN(1.0),N_A,BY_1982,N_A,AFY,ANL_VAR,1991,1990,IW_FG,1991-03-31,PT,12.5
RBI:CPI_ANN_AVG_VAR_RN(1.0),N_A,BY_1982,N_A,AFY,ANNUAL_AVE,1991,1990,IW,1991-03-31,PT,193.0
RBI:CPI_ANN_AVG_VAR_RN(1.0),N_A,BY_1982,N_A,AFY,ANNUAL_AVE,1991,1990,IW_FGB,1991-03-31,PT,199.0
RBI:CPI_ANN_AVG_VAR_RN(1.0),N_A,BY_1960,N_A,AFY,ANL_VAR,1992,1991,AL,1992-03-31,PT,19.3
RBI:CPI_ANN_AVG_VAR_RN(1.0),N_A,BY_1960,N_A,AFY,ANNUAL_AVE,1992,1991,AL,1992-03-31,PT,958.0
RBI:CPI_ANN_AVG_VAR_RN(1.0),N_A,BY_1982,N_A,AFY,ANL_VAR,1992,1991,IW,1992-03-31,PT,13.5
RBI:CPI_ANN_AVG_VAR_RN(1.0),N_A,BY_1982,N_A,AFY,ANL_VAR,1992,1991,IW_FG,1992-03-31,PT,15.7
RBI:CPI_ANN_AVG_VAR_RN(1.0),N_A,BY_1982,N_A,AFY,ANNUAL_AVE,1992,1991,IW,1992-03-31,PT,219.0
RBI:CPI_ANN_AVG_VAR_RN(1.0),N_A,BY_1982,N_A,AFY,ANNUAL_AVE,1992,1991,IW_FGB,1992-03-31,PT,230.0
RBI:CPI_ANN_AVG_VAR_RN(1.0),N_A,BY_1960,N_A,AFY,ANL_VAR,1993,1992,AL,1993-03-31,PT,12.4
RBI:CPI_ANN_AVG_VAR_RN(1.0),N_A,BY_1960,N_A,AFY,ANNUAL_AVE,1993,1992,AL,1993-03-31,PT,1076.0
RBI:CPI_ANN_AVG_VAR_RN(1.0),N_A,BY_1982,N_A,AFY,ANL_VAR,1993,1992,IW,1993-03-31,PT,9.8
RBI:CPI_ANN_AVG_VAR_RN(1.0),N_A,BY_1982,N_A,AFY,ANL_VAR,1993,1992,IW_FG,1993-03-31,PT,10.1
RBI:CPI_ANN_AVG_VAR_RN(1.0),N_A,BY_1982,N_A,AFY,ANNUAL_AVE,1993,1992,IW,1993-03-31,PT,240.0
RBI:CPI_ANN_AVG_VAR_RN(1.0),N_A,BY_1982,N_A,AFY,ANNUAL_AVE,1993,1992,IW_FGB,1993-03-31,PT,254.0
RBI:CPI_ANN_AVG_VAR_RN(1.0),N_A,BY_1960,N_A,AFY,ANL_VAR,1994,1993,AL,1994-03-31,PT,3.5
RBI:CPI_ANN_AVG_VAR_RN(1.0),N_A,BY_1960,N_A,AFY,ANNUAL_AVE,1994,1993,AL,1994-03-31,PT,1114.0
RBI:CPI_ANN_AVG_VAR_RN(1.0),N_A,BY_1982,N_A,AFY,ANL_VAR,1994,1993,IW,1994-03-31,PT,7.3
RBI:CPI_ANN_AVG_VAR_RN(1.0),N_A,BY_1982,N_A,AFY,ANL_VAR,1994,1993,IW_FG,1994-03-31,PT,7.2
RBI:CPI_ANN_AVG_VAR_RN(1.0),N_A,BY_1982,N_A,AFY,ANNUAL_AVE,1994,1993,IW,1994-03-31,PT,258.0
RBI:CPI_ANN_AVG_VAR_RN(1.0),N_A,BY_1982,N_A,AFY,ANNUAL_AVE,1994,1993,IW_FGB,1994-03-31,PT,272.0
RBI:CPI_ANN_AVG_VAR_RN(1.0),N_A,BY_1960,N_A,AFY,ANL_VAR,1995,1994,AL,1995-03-31,PT,11.9
RBI:CPI_ANN_AVG_VAR_RN(1.0),N_A,BY_1960,N_A,AFY,ANNUAL_AVE,1995,1994,AL,1995-03-31,PT,1247.0
RBI:CPI_ANN_AVG_VAR_RN(1.0),N_A,BY_1982,N_A,AFY,ANL_VAR,1995,1994,IW,1995-03-31,PT,10.3
RBI:CPI_ANN_AVG_VAR_RN(1.0),N_A,BY_1982,N_A,AFY,ANL_VAR,1995,1994,IW_FG,1995-03-31,PT,11.7
RBI:CPI_ANN_AVG_VAR_RN(1.0),N_A,BY_1982,N_A,AFY,ANNUAL_AVE,1995,1994,IW,1995-03-31,PT,284.0
RBI:CPI_ANN_AVG_VAR_RN(1.0),N_A,BY_1982,N_A,AFY,ANNUAL_AVE,1995,1994,IW_FGB,1995-03-31,PT,304.0
RBI:CPI_ANN_AVG_VAR_RN(1.0),N_A,BY_1982,N_A,AFY,ANL_VAR,1996,1995,IW,1996-03-31,PT,10.0
RBI:CPI_ANN_AVG_VAR_RN(1.0),N_A,BY_1982,N_A,AFY,ANL_VAR,1996,1995,IW_FG,1996-03-31,PT,11.0
RBI:CPI_ANN_AVG_VAR_RN(1.0),N_A,BY_1982,N_A,AFY,ANNUAL_AVE,1996,1995,IW,1996-03-31,PT,313.0
RBI:CPI_ANN_AVG_VAR_RN(1.0),N_A,BY_1982,N_A,AFY,ANNUAL_AVE,1996,1995,IW_FGB,1996-03-31,PT,337.0
RBI:CPI_ANN_AVG_VAR_RN(1.0),N_A,BY_1986-87,N_A,AFY,ANL_VAR,1996,1995,AL,1996-03-31,PT,10.7
RBI:CPI_ANN_AVG_VAR_RN(1.0),N_A,BY_1986-87,N_A,AFY,ANNUAL_AVE,1996,1995,AL,1996-03-31,PT,234.0
RBI:CPI_ANN_AVG_VAR_RN(1.0),N_A,BY_1982,N_A,AFY,ANL_VAR,1997,1996,IW,1997-03-31,PT,9.4
RBI:CPI_ANN_AVG_VAR_RN(1.0),N_A,BY_1982,N_A,AFY,ANL_VAR,1997,1996,IW_FG,1997-03-31,PT,9.3
RBI:CPI_ANN_AVG_VAR_RN(1.0),N_A,BY_1982,N_A,AFY,ANNUAL_AVE,1997,1996,IW,1997-03-31,PT,342.0
RBI:CPI_ANN_AVG_VAR_RN(1.0),N_A,BY_1982,N_A,AFY,ANNUAL_AVE,1997,1996,IW_FGB,1997-03-31,PT,369.0
RBI:CPI_ANN_AVG_VAR_RN(1.0),N_A,BY_1986-87,N_A,AFY,ANL_VAR,1997,1996,AL,1997-03-31,PT,9.1
RBI:CPI_ANN_AVG_VAR_RN(1.0),N_A,BY_1986-87,N_A,AFY,ANNUAL_AVE,1997,1996,AL,1997-03-31,PT,256.0
RBI:CPI_ANN_AVG_VAR_RN(1.0),N_A,BY_1982,N_A,AFY,ANL_VAR,1998,1997,IW,1998-03-31,PT,6.8
RBI:CPI_ANN_AVG_VAR_RN(1.0),N_A,BY_1982,N_A,AFY,ANL_VAR,1998,1997,IW_FG,1998-03-31,PT,5.17453
RBI:CPI_ANN_AVG_VAR_RN(1.0),N_A,BY_1982,N_A,AFY,ANNUAL_AVE,1998,1997,IW,1998-03-31,PT,366.0
RBI:CPI_ANN_AVG_VAR_RN(1.0),N_A,BY_1982,N_A,AFY,ANNUAL_AVE,1998,1997,IW_FGB,1998-03-31,PT,388.0
RBI:CPI_ANN_AVG_VAR_RN(1.0),N_A,BY_1986-87,N_A,AFY,ANL_VAR,1998,1997,AL,1998-03-31,PT,3.4
RBI:CPI_ANN_AVG_VAR_RN(1.0),N_A,BY_1986-87,N_A,AFY,ANNUAL_AVE,1998,1997,AL,1998-03-31,PT,264.0
RBI:CPI_ANN_AVG_VAR_RN(1.0),N_A,BY_1982,N_A,AFY,ANL_VAR,1999,1998,IW,1999-03-31,PT,13.107375
RBI:CPI_ANN_AVG_VAR_RN(1.0),N_A,BY_1982,N_A,AFY,ANL_VAR,1999,1998,IW_FG,1999-03-31,PT,14.64536
RBI:CPI_ANN_AVG_VAR_RN(1.0),N_A,BY_1982,N_A,AFY,ANNUAL_AVE,1999,1998,IW,1999-03-31,PT,414.0
RBI:CPI_ANN_AVG_VAR_RN(1.0),N_A,BY_1982,N_A,AFY,ANNUAL_AVE,1999,1998,IW_FGB,1999-03-31,PT,445.0
RBI:CPI_ANN_AVG_VAR_RN(1.0),N_A,BY_1986-87,N_A,AFY,ANL_VAR,1999,1998,AL,1999-03-31,PT,11.0
RBI:CPI_ANN_AVG_VAR_RN(1.0),N_A,BY_1986-87,N_A,AFY,ANNUAL_AVE,1999,1998,AL,1999-03-31,PT,293.0
RBI:CPI_ANN_AVG_VAR_RN(1.0),N_A,BY_1982,N_A,AFY,ANL_VAR,2000,1999,IW,2000-03-31,PT,3.39082
RBI:CPI_ANN_AVG_VAR_RN(1.0),N_A,BY_1982,N_A,AFY,ANL_VAR,2000,1999,IW_FG,2000-03-31,PT,0.26236
RBI:CPI_ANN_AVG_VAR_RN(1.0),N_A,BY_1982,N_A,AFY,ANNUAL_AVE,2000,1999,IW,2000-03-31,PT,428.0
RBI:CPI_ANN_AVG_VAR_RN(1.0),N_A,BY_1982,N_A,AFY,ANNUAL_AVE,2000,1999,IW_FGB,2000-03-31,PT,446.0
RBI:CPI_ANN_AVG_VAR_RN(1.0),N_A,BY_1986-87,N_A,AFY,ANL_VAR,2000,1999,AL,2000-03-31,PT,4.4
RBI:CPI_ANN_AVG_VAR_RN(1.0),N_A,BY_1986-87,N_A,AFY,ANNUAL_AVE,2000,1999,AL,2000-03-31,PT,306.0
RBI:CPI_ANN_AVG_VAR_RN(1.0),N_A,BY_1982,N_A,AFY,ANL_VAR,2001,2000,IW,2001-03-31,PT,3.76916
RBI:CPI_ANN_AVG_VAR_RN(1.0),N_A,BY_1982,N_A,AFY,ANL_VAR,2001,2000,IW_FG,2001-03-31,PT,1.58476
RBI:CPI_ANN_AVG_VAR_RN(1.0),N_A,BY_1982,N_A,AFY,ANNUAL_AVE,2001,2000,IW,2001-03-31,PT,444.0
RBI:CPI_ANN_AVG_VAR_RN(1.0),N_A,BY_1982,N_A,AFY,ANNUAL_AVE,2001,2000,IW_FGB,2001-03-31,PT,453.0
RBI:CPI_ANN_AVG_VAR_RN(1.0),N_A,BY_1986-87,N_A,AFY,ANL_VAR,2001,2000,AL,2001-03-31,PT,-0.3
RBI:CPI_ANN_AVG_VAR_RN(1.0),N_A,BY_1986-87,N_A,AFY,ANNUAL_AVE,2001,2000,AL,2001-03-31,PT,305.0
RBI:CPI_ANN_AVG_VAR_RN(1.0),N_A,BY_1982,N_A,AFY,ANL_VAR,2002,2001,IW,2002-03-31,PT,4.28964
RBI:CPI_ANN_AVG_VAR_RN(1.0),N_A,BY_1982,N_A,AFY,ANL_VAR,2002,2001,IW_FG,2002-03-31,PT,2.83488
RBI:CPI_ANN_AVG_VAR_RN(1.0),N_A,BY_1982,N_A,AFY,ANNUAL_AVE,2002,2001,IW,2002-03-31,PT,463.0
RBI:CPI_ANN_AVG_VAR_RN(1.0),N_A,BY_1982,N_A,AFY,ANNUAL_AVE,2002,2001,IW_FGB,2002-03-31,PT,466.0
RBI:CPI_ANN_AVG_VAR_RN(1.0),N_A,BY_1986-87,N_A,AFY,ANL_VAR,2002,2001,AL,2002-03-31,PT,1.1
RBI:CPI_ANN_AVG_VAR_RN(1.0),N_A,BY_1986-87,N_A,AFY,ANNUAL_AVE,2002,2001,AL,2002-03-31,PT,309.0
RBI:CPI_ANN_AVG_VAR_RN(1.0),N_A,BY_1982,N_A,AFY,ANL_VAR,2003,2002,IW,2003-03-31,PT,4.0
RBI:CPI_ANN_AVG_VAR_RN(1.0),N_A,BY_1982,N_A,AFY,ANL_VAR,2003,2002,IW_FG,2003-03-31,PT,2.5
RBI:CPI_ANN_AVG_VAR_RN(1.0),N_A,BY_1982,N_A,AFY,ANNUAL_AVE,2003,2002,IW,2003-03-31,PT,482.0
RBI:CPI_ANN_AVG_VAR_RN(1.0),N_A,BY_1982,N_A,AFY,ANNUAL_AVE,2003,2002,IW_FGB,2003-03-31,PT,477.0
RBI:CPI_ANN_AVG_VAR_RN(1.0),N_A,BY_1986-87,N_A,AFY,ANL_VAR,2003,2002,AL,2003-03-31,PT,3.2
RBI:CPI_ANN_AVG_VAR_RN(1.0),N_A,BY_1986-87,N_A,AFY,ANNUAL_AVE,2003,2002,AL,2003-03-31,PT,319.0
RBI:CPI_ANN_AVG_VAR_RN(1.0),N_A,BY_1982,N_A,AFY,ANL_VAR,2004,2003,IW,2004-03-31,PT,3.9
RBI:CPI_ANN_AVG_VAR_RN(1.0),N_A,BY_1982,N_A,AFY,ANL_VAR,2004,2003,IW_FG,2004-03-31,PT,3.73679
RBI:CPI_ANN_AVG_VAR_RN(1.0),N_A,BY_1982,N_A,AFY,ANNUAL_AVE,2004,2003,IW,2004-03-31,PT,500.0
RBI:CPI_ANN_AVG_VAR_RN(1.0),N_A,BY_1982,N_A,AFY,ANNUAL_AVE,2004,2003,IW_FGB,2004-03-31,PT,495.0
RBI:CPI_ANN_AVG_VAR_RN(1.0),N_A,BY_1986-87,N_A,AFY,ANL_VAR,2004,2003,AL,2004-03-31,PT,3.9
RBI:CPI_ANN_AVG_VAR_RN(1.0),N_A,BY_1986-87,N_A,AFY,ANNUAL_AVE,2004,2003,AL,2004-03-31,PT,331.0
RBI:CPI_ANN_AVG_VAR_RN(1.0),N_A,BY_1982,N_A,AFY,ANL_VAR,2005,2004,IW,2005-03-31,PT,3.8
RBI:CPI_ANN_AVG_VAR_RN(1.0),N_A,BY_1982,N_A,AFY,ANL_VAR,2005,2004,IW_FG,2005-03-31,PT,2.21111
RBI:CPI_ANN_AVG_VAR_RN(1.0),N_A,BY_1982,N_A,AFY,ANNUAL_AVE,2005,2004,IW,2005-03-31,PT,520.0
RBI:CPI_ANN_AVG_VAR_RN(1.0),N_A,BY_1982,N_A,AFY,ANNUAL_AVE,2005,2004,IW_FGB,2005-03-31,PT,506.0
RBI:CPI_ANN_AVG_VAR_RN(1.0),N_A,BY_1986-87,N_A,AFY,ANL_VAR,2005,2004,AL,2005-03-31,PT,2.6
RBI:CPI_ANN_AVG_VAR_RN(1.0),N_A,BY_1986-87,N_A,AFY,ANNUAL_AVE,2005,2004,AL,2005-03-31,PT,340.0
RBI:CPI_ANN_AVG_VAR_RN(1.0),N_A,BY_1982,N_A,AFY,ANL_VAR,2006,2005,IW,2006-03-31,PT,4.03846
RBI:CPI_ANN_AVG_VAR_RN(1.0),N_A,BY_1982,N_A,AFY,ANL_VAR,2006,2005,IW_FG,2006-03-31,PT,3.95257
RBI:CPI_ANN_AVG_VAR_RN(1.0),N_A,BY_1986-87,N_A,AFY,ANL_VAR,2006,2005,AL,2006-03-31,PT,3.9
RBI:CPI_ANN_AVG_VAR_RN(1.0),N_A,BY_1986-87,N_A,AFY,ANNUAL_AVE,2006,2005,AL,2006-03-31,PT,353.0
RBI:CPI_ANN_AVG_VAR_RN(1.0),N_A,BY_2001,N_A,AFY,ANL_VAR,2006,2005,IW,2006-03-31,PT,4.4
RBI:CPI_ANN_AVG_VAR_RN(1.0),N_A,BY_2001,N_A,AFY,ANL_VAR,2006,2005,IW_FG,2006-03-31,PT,4.1
RBI:CPI_ANN_AVG_VAR_RN(1.0),N_A,BY_2001,N_A,AFY,ANNUAL_AVE,2006,2005,IW,2006-03-31,PT,117.0
RBI:CPI_ANN_AVG_VAR_RN(1.0),N_A,BY_2001,N_A,AFY,ANNUAL_AVE,2006,2005,IW_FGB,2006-03-31,PT,115.0
RBI:CPI_ANN_AVG_VAR_RN(1.0),N_A,BY_1986-87,N_A,AFY,ANL_VAR,2007,2006,AL,2007-03-31,PT,7.8
RBI:CPI_ANN_AVG_VAR_RN(1.0),N_A,BY_1986-87,N_A,AFY,ANNUAL_AVE,2007,2006,AL,2007-03-31,PT,380.0
RBI:CPI_ANN_AVG_VAR_RN(1.0),N_A,BY_2001,N_A,AFY,ANL_VAR,2007,2006,IW,2007-03-31,PT,6.7
RBI:CPI_ANN_AVG_VAR_RN(1.0),N_A,BY_2001,N_A,AFY,ANL_VAR,2007,2006,IW_FG,2007-03-31,PT,9.2
RBI:CPI_ANN_AVG_VAR_RN(1.0),N_A,BY_2001,N_A,AFY,ANNUAL_AVE,2007,2006,IW,2007-03-31,PT,125.0
RBI:CPI_ANN_AVG_VAR_RN(1.0),N_A,BY_2001,N_A,AFY,ANNUAL_AVE,2007,2006,IW_FGB,2007-03-31,PT,126.0
RBI:CPI_ANN_AVG_VAR_RN(1.0),N_A,BY_1986-87,N_A,AFY,ANL_VAR,2008,2007,AL,2008-03-31,PT,7.5
RBI:CPI_ANN_AVG_VAR_RN(1.0),N_A,BY_1986-87,N_A,AFY,ANNUAL_AVE,2008,2007,AL,2008-03-31,PT,409.0
RBI:CPI_ANN_AVG_VAR_RN(1.0),N_A,BY_2001,N_A,AFY,ANL_VAR,2008,2007,IW,2008-03-31,PT,6.2
RBI:CPI_ANN_AVG_VAR_RN(1.0),N_A,BY_2001,N_A,AFY,ANL_VAR,2008,2007,IW_FG,2008-03-31,PT,8.4
RBI:CPI_ANN_AVG_VAR_RN(1.0),N_A,BY_2001,N_A,AFY,ANNUAL_AVE,2008,2007,IW,2008-03-31,PT,133.0
RBI:CPI_ANN_AVG_VAR_RN(1.0),N_A,BY_2001,N_A,AFY,ANNUAL_AVE,2008,2007,IW_FGB,2008-03-31,PT,136.0
RBI:CPI_ANN_AVG_VAR_RN(1.0),N_A,BY_1986-87,N_A,AFY,ANL_VAR,2009,2008,AL,2009-03-31,PT,10.2
RBI:CPI_ANN_AVG_VAR_RN(1.0),N_A,BY_1986-87,N_A,AFY,ANNUAL_AVE,2009,2008,AL,2009-03-31,PT,450.0
RBI:CPI_ANN_AVG_VAR_RN(1.0),N_A,BY_2001,N_A,AFY,ANL_VAR,2009,2008,IW,2009-03-31,PT,9.1
RBI:CPI_ANN_AVG_VAR_RN(1.0),N_A,BY_2001,N_A,AFY,ANL_VAR,2009,2008,IW_FG,2009-03-31,PT,12.3
RBI:CPI_ANN_AVG_VAR_RN(1.0),N_A,BY_2001,N_A,AFY,ANNUAL_AVE,2009,2008,IW,2009-03-31,PT,145.0
RBI:CPI_ANN_AVG_VAR_RN(1.0),N_A,BY_2001,N_A,AFY,ANNUAL_AVE,2009,2008,IW_FGB,2009-03-31,PT,153.0
RBI:CPI_ANN_AVG_VAR_RN(1.0),N_A,BY_1986-87,N_A,AFY,ANL_VAR,2010,2009,AL,2010-03-31,PT,13.9
RBI:CPI_ANN_AVG_VAR_RN(1.0),N_A,BY_1986-87,N_A,AFY,ANNUAL_AVE,2010,2009,AL,2010-03-31,PT,513.0
RBI:CPI_ANN_AVG_VAR_RN(1.0),N_A,BY_2001,N_A,AFY,ANL_VAR,2010,2009,IW,2010-03-31,PT,12.4
RBI:CPI_ANN_AVG_VAR_RN(1.0),N_A,BY_2001,N_A,AFY,ANL_VAR,2010,2009,IW_FG,2010-03-31,PT,15.22644
RBI:CPI_ANN_AVG_VAR_RN(1.0),N_A,BY_2001,N_A,AFY,ANNUAL_AVE,2010,2009,IW,2010-03-31,PT,163.0
RBI:CPI_ANN_AVG_VAR_RN(1.0),N_A,BY_2001,N_A,AFY,ANNUAL_AVE,2010,2009,IW_FGB,2010-03-31,PT,176.0
RBI:CPI_ANN_AVG_VAR_RN(1.0),N_A,BY_1986-87,N_A,AFY,ANL_VAR,2011,2010,AL,2011-03-31,PT,10.00487
RBI:CPI_ANN_AVG_VAR_RN(1.0),N_A,BY_1986-87,N_A,AFY,ANNUAL_AVE,2011,2010,AL,2011-03-31,PT,564.0
RBI:CPI_ANN_AVG_VAR_RN(1.0),N_A,BY_2001,N_A,AFY,ANL_VAR,2011,2010,IW,2011-03-31,PT,10.4
RBI:CPI_ANN_AVG_VAR_RN(1.0),N_A,BY_2001,N_A,AFY,ANL_VAR,2011,2010,IW_FG,2011-03-31,PT,9.89883
RBI:CPI_ANN_AVG_VAR_RN(1.0),N_A,BY_2001,N_A,AFY,ANNUAL_AVE,2011,2010,IW,2011-03-31,PT,180.0
RBI:CPI_ANN_AVG_VAR_RN(1.0),N_A,BY_2001,N_A,AFY,ANNUAL_AVE,2011,2010,IW_FGB,2011-03-31,PT,194.0
RBI:CPI_ANN_AVG_VAR_RN(1.0),N_A,BY_1986-87,N_A,AFY,ANL_VAR,2012,2011,AL,2012-03-31,PT,8.2
RBI:CPI_ANN_AVG_VAR_RN(1.0),N_A,BY_1986-87,N_A,AFY,ANNUAL_AVE,2012,2011,AL,2012-03-31,PT,611.0
RBI:CPI_ANN_AVG_VAR_RN(1.0),N_A,BY_2001,N_A,AFY,ANL_VAR,2012,2011,IW,2012-03-31,PT,8.37602
RBI:CPI_ANN_AVG_VAR_RN(1.0),N_A,BY_2001,N_A,AFY,ANL_VAR,2012,2011,IW_FG,2012-03-31,PT,6.28083
RBI:CPI_ANN_AVG_VAR_RN(1.0),N_A,BY_2001,N_A,AFY,ANNUAL_AVE,2012,2011,IW,2012-03-31,PT,195.0
RBI:CPI_ANN_AVG_VAR_RN(1.0),N_A,BY_2001,N_A,AFY,ANNUAL_AVE,2012,2011,IW_FGB,2012-03-31,PT,206.0
RBI:CPI_ANN_AVG_VAR_RN(1.0),N_A,BY_2012,ALL_INDIA,AFY,ANNUAL_AVE,2012,2011,CPI_AIGI_FB,2012-03-31,PT,92.9
RBI:CPI_ANN_AVG_VAR_RN(1.0),N_A,BY_2012,COMB_RUR_URB,AFY,ANNUAL_AVE,2012,2011,CPI_AIGI,2012-03-31,PT,93.3
RBI:CPI_ANN_AVG_VAR_RN(1.0),N_A,BY_2012,RUR,AFY,ANNUAL_AVE,2012,2011,CPI_AIGI,2012-03-31,PT,92.8
RBI:CPI_ANN_AVG_VAR_RN(1.0),N_A,BY_2012,URB,AFY,ANNUAL_AVE,2012,2011,CPI_AIGI,2012-03-31,PT,93.8
RBI:CPI_ANN_AVG_VAR_RN(1.0),N_A,BY_1986-87,N_A,AFY,ANL_VAR,2013,2012,AL,2013-03-31,PT,10.0
RBI:CPI_ANN_AVG_VAR_RN(1.0),N_A,BY_1986-87,N_A,AFY,ANNUAL_AVE,2013,2012,AL,2013-03-31,PT,672.0
RBI:CPI_ANN_AVG_VAR_RN(1.0),N_A,BY_2001,N_A,AFY,ANL_VAR,2013,2012,IW,2013-03-31,PT,10.42493
RBI:CPI_ANN_AVG_VAR_RN(1.0),N_A,BY_2001,N_A,AFY,ANL_VAR,2013,2012,IW_FG,2013-03-31,PT,11.92904
RBI:CPI_ANN_AVG_VAR_RN(1.0),N_A,BY_2001,N_A,AFY,ANNUAL_AVE,2013,2012,IW,2013-03-31,PT,215.0
RBI:CPI_ANN_AVG_VAR_RN(1.0),N_A,BY_2001,N_A,AFY,ANNUAL_AVE,2013,2012,IW_FGB,2013-03-31,PT,230.0
RBI:CPI_ANN_AVG_VAR_RN(1.0),N_A,BY_2012,ALL_INDIA,AFY,ANL_VAR,2013,2012,CPI_AIGI_FB,2013-03-31,PT,11.2
RBI:CPI_ANN_AVG_VAR_RN(1.0),N_A,BY_2012,ALL_INDIA,AFY,ANNUAL_AVE,2013,2012,CPI_AIGI_FB,2013-03-31,PT,103.3
RBI:CPI_ANN_AVG_VAR_RN(1.0),N_A,BY_2012,COMB_RUR_URB,AFY,ANL_VAR,2013,2012,CPI_AIGI,2013-03-31,PT,9.9
RBI:CPI_ANN_AVG_VAR_RN(1.0),N_A,BY_2012,COMB_RUR_URB,AFY,ANNUAL_AVE,2013,2012,CPI_AIGI,2013-03-31,PT,102.5
RBI:CPI_ANN_AVG_VAR_RN(1.0),N_A,BY_2012,RUR,AFY,ANL_VAR,2013,2012,CPI_AIGI,2013-03-31,PT,10.6
RBI:CPI_ANN_AVG_VAR_RN(1.0),N_A,BY_2012,RUR,AFY,ANNUAL_AVE,2013,2012,CPI_AIGI,2013-03-31,PT,102.7
RBI:CPI_ANN_AVG_VAR_RN(1.0),N_A,BY_2012,URB,AFY,ANL_VAR,2013,2012,CPI_AIGI,2013-03-31,PT,9.1
RBI:CPI_ANN_AVG_VAR_RN(1.0),N_A,BY_2012,URB,AFY,ANNUAL_AVE,2013,2012,CPI_AIGI,2013-03-31,PT,102.3
RBI:CPI_ANN_AVG_VAR_RN(1.0),N_A,BY_1986-87,N_A,AFY,ANL_VAR,2014,2013,AL,2014-03-31,PT,11.6
RBI:CPI_ANN_AVG_VAR_RN(1.0),N_A,BY_1986-87,N_A,AFY,ANNUAL_AVE,2014,2013,AL,2014-03-31,PT,750.0
RBI:CPI_ANN_AVG_VAR_RN(1.0),N_A,BY_2001,N_A,AFY,ANL_VAR,2014,2013,IW,2014-03-31,PT,9.7
RBI:CPI_ANN_AVG_VAR_RN(1.0),N_A,BY_2001,N_A,AFY,ANL_VAR,2014,2013,IW_FG,2014-03-31,PT,12.3
RBI:CPI_ANN_AVG_VAR_RN(1.0),N_A,BY_2001,N_A,AFY,ANNUAL_AVE,2014,2013,IW,2014-03-31,PT,236.0
RBI:CPI_ANN_AVG_VAR_RN(1.0),N_A,BY_2001,N_A,AFY,ANNUAL_AVE,2014,2013,IW_FGB,2014-03-31,PT,259.0
RBI:CPI_ANN_AVG_VAR_RN(1.0),N_A,BY_2012,ALL_INDIA,AFY,ANL_VAR,2014,2013,CPI_AIGI_FB,2014-03-31,PT,11.9
RBI:CPI_ANN_AVG_VAR_RN(1.0),N_A,BY_2012,ALL_INDIA,AFY,ANNUAL_AVE,2014,2013,CPI_AIGI_FB,2014-03-31,PT,115.6
RBI:CPI_ANN_AVG_VAR_RN(1.0),N_A,BY_2012,COMB_RUR_URB,AFY,ANL_VAR,2014,2013,CPI_AIGI,2014-03-31,PT,9.4
RBI:CPI_ANN_AVG_VAR_RN(1.0),N_A,BY_2012,COMB_RUR_URB,AFY,ANNUAL_AVE,2014,2013,CPI_AIGI,2014-03-31,PT,112.2
RBI:CPI_ANN_AVG_VAR_RN(1.0),N_A,BY_2012,RUR,AFY,ANL_VAR,2014,2013,CPI_AIGI,2014-03-31,PT,9.6
RBI:CPI_ANN_AVG_VAR_RN(1.0),N_A,BY_2012,RUR,AFY,ANNUAL_AVE,2014,2013,CPI_AIGI,2014-03-31,PT,112.55833
RBI:CPI_ANN_AVG_VAR_RN(1.0),N_A,BY_2012,URB,AFY,ANL_VAR,2014,2013,CPI_AIGI,2014-03-31,PT,9.2
RBI:CPI_ANN_AVG_VAR_RN(1.0),N_A,BY_2012,URB,AFY,ANNUAL_AVE,2014,2013,CPI_AIGI,2014-03-31,PT,111.8
RBI:CPI_ANN_AVG_VAR_RN(1.0),N_A,BY_1986-87,N_A,AFY,ANL_VAR,2015,2014,AL,2015-03-31,PT,6.6
RBI:CPI_ANN_AVG_VAR_RN(1.0),N_A,BY_1986-87,N_A,AFY,ANNUAL_AVE,2015,2014,AL,2015-03-31,PT,800.0
RBI:CPI_ANN_AVG_VAR_RN(1.0),N_A,BY_2001,N_A,AFY,ANL_VAR,2015,2014,IW,2015-03-31,PT,6.3
RBI:CPI_ANN_AVG_VAR_RN(1.0),N_A,BY_2001,N_A,AFY,ANL_VAR,2015,2014,IW_FG,2015-03-31,PT,6.46137
RBI:CPI_ANN_AVG_VAR_RN(1.0),N_A,BY_2001,N_A,AFY,ANNUAL_AVE,2015,2014,IW,2015-03-31,PT,251.0
RBI:CPI_ANN_AVG_VAR_RN(1.0),N_A,BY_2001,N_A,AFY,ANNUAL_AVE,2015,2014,IW_FGB,2015-03-31,PT,276.0
RBI:CPI_ANN_AVG_VAR_RN(1.0),N_A,BY_2012,ALL_INDIA,AFY,ANL_VAR,2015,2014,CPI_AIGI_FB,2015-03-31,PT,6.5
RBI:CPI_ANN_AVG_VAR_RN(1.0),N_A,BY_2012,ALL_INDIA,AFY,ANNUAL_AVE,2015,2014,CPI_AIGI_FB,2015-03-31,PT,123.1
RBI:CPI_ANN_AVG_VAR_RN(1.0),N_A,BY_2012,COMB_RUR_URB,AFY,ANL_VAR,2015,2014,CPI_AIGI,2015-03-31,PT,5.9
RBI:CPI_ANN_AVG_VAR_RN(1.0),N_A,BY_2012,COMB_RUR_URB,AFY,ANNUAL_AVE,2015,2014,CPI_AIGI,2015-03-31,PT,118.85
RBI:CPI_ANN_AVG_VAR_RN(1.0),N_A,BY_2012,RUR,AFY,ANL_VAR,2015,2014,CPI_AIGI,2015-03-31,PT,6.2
RBI:CPI_ANN_AVG_VAR_RN(1.0),N_A,BY_2012,RUR,AFY,ANNUAL_AVE,2015,2014,CPI_AIGI,2015-03-31,PT,119.49167
RBI:CPI_ANN_AVG_VAR_RN(1.0),N_A,BY_2012,URB,AFY,ANL_VAR,2015,2014,CPI_AIGI,2015-03-31,PT,5.7
RBI:CPI_ANN_AVG_VAR_RN(1.0),N_A,BY_2012,URB,AFY,ANNUAL_AVE,2015,2014,CPI_AIGI,2015-03-31,PT,118.125
RBI:CPI_ANN_AVG_VAR_RN(1.0),N_A,BY_1986-87,N_A,AFY,ANL_VAR,2016,2015,AL,2016-03-31,PT,4.4
RBI:CPI_ANN_AVG_VAR_RN(1.0),N_A,BY_1986-87,N_A,AFY,ANNUAL_AVE,2016,2015,AL,2016-03-31,PT,835.0
RBI:CPI_ANN_AVG_VAR_RN(1.0),N_A,BY_2001,N_A,AFY,ANL_VAR,2016,2015,IW,2016-03-31,PT,5.6
RBI:CPI_ANN_AVG_VAR_RN(1.0),N_A,BY_2001,N_A,AFY,ANL_VAR,2016,2015,IW_FG,2016-03-31,PT,6.14633
RBI:CPI_ANN_AVG_VAR_RN(1.0),N_A,BY_2001,N_A,AFY,ANNUAL_AVE,2016,2015,IW,2016-03-31,PT,265.0
RBI:CPI_ANN_AVG_VAR_RN(1.0),N_A,BY_2001,N_A,AFY,ANNUAL_AVE,2016,2015,IW_FGB,2016-03-31,PT,293.0
RBI:CPI_ANN_AVG_VAR_RN(1.0),N_A,BY_2012,ALL_INDIA,AFY,ANL_VAR,2016,2015,CPI_AIGI_FB,2016-03-31,PT,5.1
RBI:CPI_ANN_AVG_VAR_RN(1.0),N_A,BY_2012,ALL_INDIA,AFY,ANNUAL_AVE,2016,2015,CPI_AIGI_FB,2016-03-31,PT,129.4
RBI:CPI_ANN_AVG_VAR_RN(1.0),N_A,BY_2012,COMB_RUR_URB,AFY,ANL_VAR,2016,2015,CPI_AIGI,2016-03-31,PT,4.9
RBI:CPI_ANN_AVG_VAR_RN(1.0),N_A,BY_2012,COMB_RUR_URB,AFY,ANNUAL_AVE,2016,2015,CPI_AIGI,2016-03-31,PT,124.7
RBI:CPI_ANN_AVG_VAR_RN(1.0),N_A,BY_2012,RUR,AFY,ANL_VAR,2016,2015,CPI_AIGI,2016-03-31,PT,5.6
RBI:CPI_ANN_AVG_VAR_RN(1.0),N_A,BY_2012,RUR,AFY,ANNUAL_AVE,2016,2015,CPI_AIGI,2016-03-31,PT,126.1
RBI:CPI_ANN_AVG_VAR_RN(1.0),N_A,BY_2012,URB,AFY,ANL_VAR,2016,2015,CPI_AIGI,2016-03-31,PT,4.1
RBI:CPI_ANN_AVG_VAR_RN(1.0),N_A,BY_2012,URB,AFY,ANNUAL_AVE,2016,2015,CPI_AIGI,2016-03-31,PT,123.0
RBI:CPI_ANN_AVG_VAR_RN(1.0),N_A,BY_1986-87,N_A,AFY,ANL_VAR,2017,2016,AL,2017-03-31,PT,4.2
RBI:CPI_ANN_AVG_VAR_RN(1.0),N_A,BY_1986-87,N_A,AFY,ANNUAL_AVE,2017,2016,AL,2017-03-31,PT,870.0
RBI:CPI_ANN_AVG_VAR_RN(1.0),N_A,BY_2001,N_A,AFY,ANL_VAR,2017,2016,IW,2017-03-31,PT,4.12801
RBI:CPI_ANN_AVG_VAR_RN(1.0),N_A,BY_2001,N_A,AFY,ANL_VAR,2017,2016,IW_FG,2017-03-31,PT,4.36106
RBI:CPI_ANN_AVG_VAR_RN(1.0),N_A,BY_2001,N_A,AFY,ANNUAL_AVE,2017,2016,IW,2017-03-31,PT,276.0
RBI:CPI_ANN_AVG_VAR_RN(1.0),N_A,BY_2001,N_A,AFY,ANNUAL_AVE,2017,2016,IW_FGB,2017-03-31,PT,305.0
RBI:CPI_ANN_AVG_VAR_RN(1.0),N_A,BY_2012,ALL_INDIA,AFY,ANL_VAR,2017,2016,CPI_AIGI_FB,2017-03-31,PT,4.4
RBI:CPI_ANN_AVG_VAR_RN(1.0),N_A,BY_2012,ALL_INDIA,AFY,ANNUAL_AVE,2017,2016,CPI_AIGI_FB,2017-03-31,PT,135.2
RBI:CPI_ANN_AVG_VAR_RN(1.0),N_A,BY_2012,COMB_RUR_URB,AFY,ANL_VAR,2017,2016,CPI_AIGI,2017-03-31,PT,4.5
RBI:CPI_ANN_AVG_VAR_RN(1.0),N_A,BY_2012,COMB_RUR_URB,AFY,ANNUAL_AVE,2017,2016,CPI_AIGI,2017-03-31,PT,130.325
RBI:CPI_ANN_AVG_VAR_RN(1.0),N_A,BY_2012,RUR,AFY,ANL_VAR,2017,2016,CPI_AIGI,2017-03-31,PT,5.0
RBI:CPI_ANN_AVG_VAR_RN(1.0),N_A,BY_2012,RUR,AFY,ANNUAL_AVE,2017,2016,CPI_AIGI,2017-03-31,PT,132.425
RBI:CPI_ANN_AVG_VAR_RN(1.0),N_A,BY_2012,URB,AFY,ANL_VAR,2017,2016,CPI_AIGI,2017-03-31,PT,4.0
RBI:CPI_ANN_AVG_VAR_RN(1.0),N_A,BY_2012,URB,AFY,ANNUAL_AVE,2017,2016,CPI_AIGI,2017-03-31,PT,127.9
RBI:CPI_ANN_AVG_VAR_RN(1.0),N_A,BY_1986-87,N_A,AFY,ANL_VAR,2018,2017,AL,2018-03-31,PT,2.2
RBI:CPI_ANN_AVG_VAR_RN(1.0),N_A,BY_1986-87,N_A,AFY,ANNUAL_AVE,2018,2017,AL,2018-03-31,PT,888.92
RBI:CPI_ANN_AVG_VAR_RN(1.0),N_A,BY_2001,N_A,AFY,ANL_VAR,2018,2017,IW,2018-03-31,PT,3.08064
RBI:CPI_ANN_AVG_VAR_RN(1.0),N_A,BY_2001,N_A,AFY,ANL_VAR,2018,2017,IW_FG,2018-03-31,PT,1.5015
RBI:CPI_ANN_AVG_VAR_RN(1.0),N_A,BY_2001,N_A,AFY,ANNUAL_AVE,2018,2017,IW,2018-03-31,PT,284.42
RBI:CPI_ANN_AVG_VAR_RN(1.0),N_A,BY_2001,N_A,AFY,ANNUAL_AVE,2018,2017,IW_FGB,2018-03-31,PT,309.83
RBI:CPI_ANN_AVG_VAR_RN(1.0),N_A,BY_2012,ALL_INDIA,AFY,ANL_VAR,2018,2017,CPI_AIGI_FB,2018-03-31,PT,2.2
RBI:CPI_ANN_AVG_VAR_RN(1.0),N_A,BY_2012,ALL_INDIA,AFY,ANNUAL_AVE,2018,2017,CPI_AIGI_FB,2018-03-31,PT,138.1
RBI:CPI_ANN_AVG_VAR_RN(1.0),N_A,BY_2012,COMB_RUR_URB,AFY,ANL_VAR,2018,2017,CPI_AIGI,2018-03-31,PT,3.6
RBI:CPI_ANN_AVG_VAR_RN(1.0),N_A,BY_2012,COMB_RUR_URB,AFY,ANNUAL_AVE,2018,2017,CPI_AIGI,2018-03-31,PT,135.0
RBI:CPI_ANN_AVG_VAR_RN(1.0),N_A,BY_2012,RUR,AFY,ANL_VAR,2018,2017,CPI_AIGI,2018-03-31,PT,3.6
RBI:CPI_ANN_AVG_VAR_RN(1.0),N_A,BY_2012,RUR,AFY,ANNUAL_AVE,2018,2017,CPI_AIGI,2018-03-31,PT,137.2
RBI:CPI_ANN_AVG_VAR_RN(1.0),N_A,BY_2012,URB,AFY,ANL_VAR,2018,2017,CPI_AIGI,2018-03-31,PT,3.6
RBI:CPI_ANN_AVG_VAR_RN(1.0),N_A,BY_2012,URB,AFY,ANNUAL_AVE,2018,2017,CPI_AIGI,2018-03-31,PT,132.5
RBI:CPI_ANN_AVG_VAR_RN(1.0),N_A,BY_1986-87,N_A,AFY,ANL_VAR,2019,2018,AL,2019-03-31,PT,2.1
RBI:CPI_ANN_AVG_VAR_RN(1.0),N_A,BY_1986-87,N_A,AFY,ANNUAL_AVE,2019,2018,AL,2019-03-31,PT,907.0
RBI:CPI_ANN_AVG_VAR_RN(1.0),N_A,BY_2001,N_A,AFY,ANL_VAR,2019,2018,IW,2019-03-31,PT,5.44975
RBI:CPI_ANN_AVG_VAR_RN(1.0),N_A,BY_2001,N_A,AFY,ANL_VAR,2019,2018,IW_FG,2019-03-31,PT,0.59172
RBI:CPI_ANN_AVG_VAR_RN(1.0),N_A,BY_2001,N_A,AFY,ANNUAL_AVE,2019,2018,IW,2019-03-31,PT,300.0
RBI:CPI_ANN_AVG_VAR_RN(1.0),N_A,BY_2001,N_A,AFY,ANNUAL_AVE,2019,2018,IW_FGB,2019-03-31,PT,312.0
RBI:CPI_ANN_AVG_VAR_RN(1.0),N_A,BY_2012,ALL_INDIA,AFY,ANL_VAR,2019,2018,CPI_AIGI_FB,2019-03-31,PT,0.7
RBI:CPI_ANN_AVG_VAR_RN(1.0),N_A,BY_2012,ALL_INDIA,AFY,ANNUAL_AVE,2019,2018,CPI_AIGI_FB,2019-03-31,PT,139.1
RBI:CPI_ANN_AVG_VAR_RN(1.0),N_A,BY_2012,COMB_RUR_URB,AFY,ANL_VAR,2019,2018,CPI_AIGI,2019-03-31,PT,3.4
RBI:CPI_ANN_AVG_VAR_RN(1.0),N_A,BY_2012,COMB_RUR_URB,AFY,ANNUAL_AVE,2019,2018,CPI_AIGI,2019-03-31,PT,139.6
RBI:CPI_ANN_AVG_VAR_RN(1.0),N_A,BY_2012,RUR,AFY,ANL_VAR,2019,2018,CPI_AIGI,2019-03-31,PT,3.0
RBI:CPI_ANN_AVG_VAR_RN(1.0),N_A,BY_2012,RUR,AFY,ANNUAL_AVE,2019,2018,CPI_AIGI,2019-03-31,PT,141.3
RBI:CPI_ANN_AVG_VAR_RN(1.0),N_A,BY_2012,URB,AFY,ANL_VAR,2019,2018,CPI_AIGI,2019-03-31,PT,3.9
RBI:CPI_ANN_AVG_VAR_RN(1.0),N_A,BY_2012,URB,AFY,ANNUAL_AVE,2019,2018,CPI_AIGI,2019-03-31,PT,137.7
RBI:CPI_ANN_AVG_VAR_RN(1.0),N_A,BY_1986-87,N_A,AFY,ANL_VAR,2020,2019,AL,2020-03-31,PT,8.0
RBI:CPI_ANN_AVG_VAR_RN(1.0),N_A,BY_1986-87,N_A,AFY,ANNUAL_AVE,2020,2019,AL,2020-03-31,PT,979.58333
RBI:CPI_ANN_AVG_VAR_RN(1.0),N_A,BY_2001,N_A,AFY,ANL_VAR,2020,2019,IW,2020-03-31,PT,7.52987
RBI:CPI_ANN_AVG_VAR_RN(1.0),N_A,BY_2001,N_A,AFY,ANL_VAR,2020,2019,IW_FG,2020-03-31,PT,7.40642
RBI:CPI_ANN_AVG_VAR_RN(1.0),N_A,BY_2001,N_A,AFY,ANNUAL_AVE,2020,2019,IW,2020-03-31,PT,323.0
RBI:CPI_ANN_AVG_VAR_RN(1.0),N_A,BY_2001,N_A,AFY,ANNUAL_AVE,2020,2019,IW_FGB,2020-03-31,PT,335.0
RBI:CPI_ANN_AVG_VAR_RN(1.0),N_A,BY_2012,ALL_INDIA,AFY,ANL_VAR,2020,2019,CPI_AIGI_FB,2020-03-31,PT,6.0
RBI:CPI_ANN_AVG_VAR_RN(1.0),N_A,BY_2012,ALL_INDIA,AFY,ANNUAL_AVE,2020,2019,CPI_AIGI_FB,2020-03-31,PT,147.5
RBI:CPI_ANN_AVG_VAR_RN(1.0),N_A,BY_2012,COMB_RUR_URB,AFY,ANL_VAR,2020,2019,CPI_AIGI,2020-03-31,PT,4.8
RBI:CPI_ANN_AVG_VAR_RN(1.0),N_A,BY_2012,COMB_RUR_URB,AFY,ANNUAL_AVE,2020,2019,CPI_AIGI,2020-03-31,PT,146.3
RBI:CPI_ANN_AVG_VAR_RN(1.0),N_A,BY_2012,RUR,AFY,ANL_VAR,2020,2019,CPI_AIGI,2020-03-31,PT,4.3
RBI:CPI_ANN_AVG_VAR_RN(1.0),N_A,BY_2012,RUR,AFY,ANNUAL_AVE,2020,2019,CPI_AIGI,2020-03-31,PT,147.3
RBI:CPI_ANN_AVG_VAR_RN(1.0),N_A,BY_2012,URB,AFY,ANL_VAR,2020,2019,CPI_AIGI,2020-03-31,PT,5.4
RBI:CPI_ANN_AVG_VAR_RN(1.0),N_A,BY_2012,URB,AFY,ANNUAL_AVE,2020,2019,CPI_AIGI,2020-03-31,PT,145.075
RBI:CPI_ANN_AVG_VAR_RN(1.0),N_A,BY_1986-87,N_A,AFY,ANL_VAR,2021,2020,AL,2021-03-31,PT,5.5
RBI:CPI_ANN_AVG_VAR_RN(1.0),N_A,BY_1986-87,N_A,AFY,ANNUAL_AVE,2021,2020,AL,2021-03-31,PT,1034.0
RBI:CPI_ANN_AVG_VAR_RN(1.0),N_A,BY_2012,ALL_INDIA,AFY,ANL_VAR,2021,2020,CPI_AIGI_FB,2021-03-31,PT,7.3
RBI:CPI_ANN_AVG_VAR_RN(1.0),N_A,BY_2012,ALL_INDIA,AFY,ANNUAL_AVE,2021,2020,CPI_AIGI_FB,2021-03-31,PT,158.283333333333
RBI:CPI_ANN_AVG_VAR_RN(1.0),N_A,BY_2012,COMB_RUR_URB,AFY,ANL_VAR,2021,2020,CPI_AIGI,2021-03-31,PT,6.2
RBI:CPI_ANN_AVG_VAR_RN(1.0),N_A,BY_2012,COMB_RUR_URB,AFY,ANNUAL_AVE,2021,2020,CPI_AIGI,2021-03-31,PT,155.3
RBI:CPI_ANN_AVG_VAR_RN(1.0),N_A,BY_2012,RUR,AFY,ANL_VAR,2021,2020,CPI_AIGI,2021-03-31,PT,5.9
RBI:CPI_ANN_AVG_VAR_RN(1.0),N_A,BY_2012,RUR,AFY,ANNUAL_AVE,2021,2020,CPI_AIGI,2021-03-31,PT,156.1
RBI:CPI_ANN_AVG_VAR_RN(1.0),N_A,BY_2012,URB,AFY,ANL_VAR,2021,2020,CPI_AIGI,2021-03-31,PT,6.5
RBI:CPI_ANN_AVG_VAR_RN(1.0),N_A,BY_2012,URB,AFY,ANNUAL_AVE,2021,2020,CPI_AIGI,2021-03-31,PT,154.4
RBI:CPI_ANN_AVG_VAR_RN(1.0),N_A,BY_2016,N_A,AFY,ANL_VAR,2021,2020,IW,2021-03-31,PT,5.0
RBI:CPI_ANN_AVG_VAR_RN(1.0),N_A,BY_2016,N_A,AFY,ANL_VAR,2021,2020,IW_FG,2021-03-31,PT,5.8
RBI:CPI_ANN_AVG_VAR_RN(1.0),N_A,BY_2016,N_A,AFY,ANNUAL_AVE,2021,2020,IW,2021-03-31,PT,117.6
RBI:CPI_ANN_AVG_VAR_RN(1.0),N_A,BY_2016,N_A,AFY,ANNUAL_AVE,2021,2020,IW_FGB,2021-03-31,PT,118.0
RBI:CPI_ANN_AVG_VAR_RN(1.0),N_A,BY_1986-87,N_A,AFY,ANL_VAR,2022,2021,AL,2022-03-31,PT,3.99065
RBI:CPI_ANN_AVG_VAR_RN(1.0),N_A,BY_1986-87,N_A,AFY,ANNUAL_AVE,2022,2021,AL,2022-03-31,PT,1074.9
RBI:CPI_ANN_AVG_VAR_RN(1.0),N_A,BY_2012,ALL_INDIA,AFY,ANL_VAR,2022,2021,CPI_AIGI_FB,2022-03-31,PT,4.2329
RBI:CPI_ANN_AVG_VAR_RN(1.0),N_A,BY_2012,ALL_INDIA,AFY,ANNUAL_AVE,2022,2021,CPI_AIGI_FB,2022-03-31,PT,164.983333333333
RBI:CPI_ANN_AVG_VAR_RN(1.0),N_A,BY_2012,COMB_RUR_URB,AFY,ANL_VAR,2022,2021,CPI_AIGI,2022-03-31,PT,5.5004
RBI:CPI_ANN_AVG_VAR_RN(1.0),N_A,BY_2012,COMB_RUR_URB,AFY,ANNUAL_AVE,2022,2021,CPI_AIGI,2022-03-31,PT,163.8
RBI:CPI_ANN_AVG_VAR_RN(1.0),N_A,BY_2012,RUR,AFY,ANL_VAR,2022,2021,CPI_AIGI,2022-03-31,PT,5.42532
RBI:CPI_ANN_AVG_VAR_RN(1.0),N_A,BY_2012,RUR,AFY,ANNUAL_AVE,2022,2021,CPI_AIGI,2022-03-31,PT,164.5
RBI:CPI_ANN_AVG_VAR_RN(1.0),N_A,BY_2012,URB,AFY,ANL_VAR,2022,2021,CPI_AIGI,2022-03-31,PT,5.58778
RBI:CPI_ANN_AVG_VAR_RN(1.0),N_A,BY_2012,URB,AFY,ANNUAL_AVE,2022,2021,CPI_AIGI,2022-03-31,PT,163.1
RBI:CPI_ANN_AVG_VAR_RN(1.0),N_A,BY_2016,N_A,AFY,ANL_VAR,2022,2021,IW,2022-03-31,PT,5.1
RBI:CPI_ANN_AVG_VAR_RN(1.0),N_A,BY_2016,N_A,AFY,ANL_VAR,2022,2021,IW_FG,2022-03-31,PT,4.7
RBI:CPI_ANN_AVG_VAR_RN(1.0),N_A,BY_2016,N_A,AFY,ANNUAL_AVE,2022,2021,IW,2022-03-31,PT,124.0
RBI:CPI_ANN_AVG_VAR_RN(1.0),N_A,BY_2016,N_A,AFY,ANNUAL_AVE,2022,2021,IW_FGB,2022-03-31,PT,123.5
RBI:CPI_ANN_AVG_VAR_RN(1.0),N_A,BY_1986-87,N_A,AFY,ANNUAL_AVE,2023,2022,AL,2023-03-31,PT,1148.0
RBI:CPI_ANN_AVG_VAR_RN(1.0),N_A,BY_2012,ALL_INDIA,AFY,ANL_VAR,2023,2022,CPI_AIGI_FB,2023-03-31,PT,6.7
RBI:CPI_ANN_AVG_VAR_RN(1.0),N_A,BY_2012,ALL_INDIA,AFY,ANNUAL_AVE,2023,2022,CPI_AIGI_FB,2023-03-31,PT,176.016666666667
RBI:CPI_ANN_AVG_VAR_RN(1.0),N_A,BY_2012,COMB_RUR_URB,AFY,ANNUAL_AVE,2023,2022,CPI_AIGI,2023-03-31,PT,174.7
RBI:CPI_ANN_AVG_VAR_RN(1.0),N_A,BY_2012,RUR,AFY,ANNUAL_AVE,2023,2022,CPI_AIGI,2023-03-31,PT,175.8
RBI:CPI_ANN_AVG_VAR_RN(1.0),N_A,BY_2012,URB,AFY,ANNUAL_AVE,2023,2022,CPI_AIGI,2023-03-31,PT,173.5
RBI:CPI_ANN_AVG_VAR_RN(1.0),N_A,BY_2016,N_A,AFY,ANL_VAR,2023,2022,IW,2023-03-31,PT,6.1
RBI:CPI_ANN_AVG_VAR_RN(1.0),N_A,BY_2016,N_A,AFY,ANL_VAR,2023,2022,IW_FG,2023-03-31,PT,6.1
RBI:CPI_ANN_AVG_VAR_RN(1.0),N_A,BY_2016,N_A,AFY,ANNUAL_AVE,2023,2022,IW,2023-03-31,PT,131.17
RBI:CPI_ANN_AVG_VAR_RN(1.0),N_A,BY_2016,N_A,AFY,ANNUAL_AVE,2023,2022,IW_FGB,2023-03-31,PT,131.25
RBI:CPI_ANN_AVG_VAR_RN(1.0),N_A,BY_1986-87,N_A,AFY,ANNUAL_AVE,2024,2023,AL,2024-03-31,PT,1229.416667
RBI:CPI_ANN_AVG_VAR_RN(1.0),N_A,BY_2012,ALL_INDIA,AFY,ANL_VAR,2024,2023,CPI_AIGI_FB,2024-03-31,PT,7.04
RBI:CPI_ANN_AVG_VAR_RN(1.0),N_A,BY_2012,ALL_INDIA,AFY,ANNUAL_AVE,2024,2023,CPI_AIGI_FB,2024-03-31,PT,188.408333333333
RBI:CPI_ANN_AVG_VAR_RN(1.0),N_A,BY_2012,COMB_RUR_URB,AFY,ANNUAL_AVE,2024,2023,CPI_AIGI,2024-03-31,PT,184.1
RBI:CPI_ANN_AVG_VAR_RN(1.0),N_A,BY_2012,RUR,AFY,ANNUAL_AVE,2024,2023,CPI_AIGI,2024-03-31,PT,185.566667
RBI:CPI_ANN_AVG_VAR_RN(1.0),N_A,BY_2012,URB,AFY,ANNUAL_AVE,2024,2023,CPI_AIGI,2024-03-31,PT,182.433333
RBI:CPI_ANN_AVG_VAR_RN(1.0),N_A,BY_2016,N_A,AFY,ANL_VAR,2024,2023,IW,2024-03-31,PT,5.143453
RBI:CPI_ANN_AVG_VAR_RN(1.0),N_A,BY_2016,N_A,AFY,ANL_VAR,2024,2023,IW_FG,2024-03-31,PT,7.315367
RBI:CPI_ANN_AVG_VAR_RN(1.0),N_A,BY_2016,N_A,AFY,ANNUAL_AVE,2024,2023,IW,2024-03-31,PT,137.916667
RBI:CPI_ANN_AVG_VAR_RN(1.0),N_A,BY_2016,N_A,AFY,ANNUAL_AVE,2024,2023,IW_FGB,2024-03-31,PT,140.75
RBI:CPI_ANN_AVG_VAR_RN(1.0),N_A,BY_1986-87,N_A,AFY,ANL_VAR,2025,2024,AL,2025-03-31,PT,5.6666
RBI:CPI_ANN_AVG_VAR_RN(1.0),N_A,BY_1986-87,N_A,AFY,ANNUAL_AVE,2025,2024,AL,2025-03-31,PT,1299.083333
RBI:CPI_ANN_AVG_VAR_RN(1.0),N_A,BY_2012,ALL_INDIA,AFY,ANL_VAR,2025,2024,CPI_AIGI_FB,2025-03-31,PT,6.7141
RBI:CPI_ANN_AVG_VAR_RN(1.0),N_A,BY_2012,ALL_INDIA,AFY,ANNUAL_AVE,2025,2024,CPI_AIGI_FB,2025-03-31,PT,201.058333333333
RBI:CPI_ANN_AVG_VAR_RN(1.0),N_A,BY_2012,COMB_RUR_URB,AFY,ANL_VAR,2025,2024,CPI_AIGI,2025-03-31,PT,4.6261
RBI:CPI_ANN_AVG_VAR_RN(1.0),N_A,BY_2012,COMB_RUR_URB,AFY,ANNUAL_AVE,2025,2024,CPI_AIGI,2025-03-31,PT,192.616667
RBI:CPI_ANN_AVG_VAR_RN(1.0),N_A,BY_2012,RUR,AFY,ANL_VAR,2025,2024,CPI_AIGI,2025-03-31,PT,5.0431
RBI:CPI_ANN_AVG_VAR_RN(1.0),N_A,BY_2012,RUR,AFY,ANNUAL_AVE,2025,2024,CPI_AIGI,2025-03-31,PT,194.925
RBI:CPI_ANN_AVG_VAR_RN(1.0),N_A,BY_2012,URB,AFY,ANL_VAR,2025,2024,CPI_AIGI,2025-03-31,PT,4.1339
RBI:CPI_ANN_AVG_VAR_RN(1.0),N_A,BY_2012,URB,AFY,ANNUAL_AVE,2025,2024,CPI_AIGI,2025-03-31,PT,189.975
RBI:CPI_ANN_AVG_VAR_RN(1.0),N_A,BY_2016,N_A,AFY,ANL_VAR,2025,2024,IW,2025-03-31,PT,3.3837
RBI:CPI_ANN_AVG_VAR_RN(1.0),N_A,BY_2016,N_A,AFY,ANL_VAR,2025,2024,IW_FG,2025-03-31,PT,5.952
RBI:CPI_ANN_AVG_VAR_RN(1.0),N_A,BY_2016,N_A,AFY,ANNUAL_AVE,2025,2024,IW,2025-03-31,PT,142.583333
RBI:CPI_ANN_AVG_VAR_RN(1.0),N_A,BY_2016,N_A,AFY,ANNUAL_AVE,2025,2024,IW_FGB,2025-03-31,PT,149.083333
