DATAFLOW,AUDST,BASE_PER,COMD_ITEM,FREQ,MEASURE_RN,REPYEAREND,REPYEARSTART,TYPE_CPI_RN,TIME_PERIOD,UNIT_MEASURE,OBS_VALUE
RBI:CPI_RL_AV_YRND_RN(1.0),N_A,BY_1986-87,C_GIAG,AFY,ANN_AVE,1996,1995,RL,1996-03-31,IX,237.8
RBI:CPI_RL_AV_YRND_RN(1.0),N_A,BY_1986-87,C_GIAG,AFY,YR_END,1996,1995,RL,1996-03-31,IX,238.0
RBI:CPI_RL_AV_YRND_RN(1.0),N_A,BY_1986-87,C_GIAG_CBF,AFY,ANN_AVE,1996,1995,RL,1996-03-31,IX,256.4
RBI:CPI_RL_AV_YRND_RN(1.0),N_A,BY_1986-87,C_GIAG_CBF,AFY,YR_END,1996,1995,RL,1996-03-31,IX,259.0
RBI:CPI_RL_AV_YRND_RN(1.0),N_A,BY_1986-87,C_GIAG_FG,AFY,ANN_AVE,1996,1995,RL,1996-03-31,IX,239.6
RBI:CPI_RL_AV_YRND_RN(1.0),N_A,BY_1986-87,C_GIAG_FG,AFY,YR_END,1996,1995,RL,1996-03-31,IX,238.0
RBI:CPI_RL_AV_YRND_RN(1.0),N_A,BY_1986-87,C_GIAG_FL,AFY,ANN_AVE,1996,1995,RL,1996-03-31,IX,208.2
RBI:CPI_RL_AV_YRND_RN(1.0),N_A,BY_1986-87,C_GIAG_FL,AFY,YR_END,1996,1995,RL,1996-03-31,IX,211.0
RBI:CPI_RL_AV_YRND_RN(1.0),N_A,BY_1986-87,C_GIAG_MS,AFY,ANN_AVE,1996,1995,RL,1996-03-31,IX,227.2
RBI:CPI_RL_AV_YRND_RN(1.0),N_A,BY_1986-87,C_GIAG_MS,AFY,YR_END,1996,1995,RL,1996-03-31,IX,230.0
RBI:CPI_RL_AV_YRND_RN(1.0),N_A,BY_1986-87,C_GIAG_PSTI,AFY,ANN_AVE,1996,1995,RL,1996-03-31,IX,249.6
RBI:CPI_RL_AV_YRND_RN(1.0),N_A,BY_1986-87,C_GIAG_PSTI,AFY,YR_END,1996,1995,RL,1996-03-31,IX,239.0
RBI:CPI_RL_AV_YRND_RN(1.0),N_A,BY_1986-87,C_GIAG,AFY,ANN_AVE,1997,1996,RL,1997-03-31,IX,256.25
RBI:CPI_RL_AV_YRND_RN(1.0),N_A,BY_1986-87,C_GIAG,AFY,YR_END,1997,1996,RL,1997-03-31,IX,262.0
RBI:CPI_RL_AV_YRND_RN(1.0),N_A,BY_1986-87,C_GIAG_CBF,AFY,ANN_AVE,1997,1996,RL,1997-03-31,IX,267.833333333333
RBI:CPI_RL_AV_YRND_RN(1.0),N_A,BY_1986-87,C_GIAG_CBF,AFY,YR_END,1997,1996,RL,1997-03-31,IX,276.0
RBI:CPI_RL_AV_YRND_RN(1.0),N_A,BY_1986-87,C_GIAG_FG,AFY,ANN_AVE,1997,1996,RL,1997-03-31,IX,260.166666666667
RBI:CPI_RL_AV_YRND_RN(1.0),N_A,BY_1986-87,C_GIAG_FG,AFY,YR_END,1997,1996,RL,1997-03-31,IX,265.0
RBI:CPI_RL_AV_YRND_RN(1.0),N_A,BY_1986-87,C_GIAG_FL,AFY,ANN_AVE,1997,1996,RL,1997-03-31,IX,221.0
RBI:CPI_RL_AV_YRND_RN(1.0),N_A,BY_1986-87,C_GIAG_FL,AFY,YR_END,1997,1996,RL,1997-03-31,IX,230.0
RBI:CPI_RL_AV_YRND_RN(1.0),N_A,BY_1986-87,C_GIAG_MS,AFY,ANN_AVE,1997,1996,RL,1997-03-31,IX,241.583333333333
RBI:CPI_RL_AV_YRND_RN(1.0),N_A,BY_1986-87,C_GIAG_MS,AFY,YR_END,1997,1996,RL,1997-03-31,IX,252.0
RBI:CPI_RL_AV_YRND_RN(1.0),N_A,BY_1986-87,C_GIAG_PSTI,AFY,ANN_AVE,1997,1996,RL,1997-03-31,IX,275.833333333333
RBI:CPI_RL_AV_YRND_RN(1.0),N_A,BY_1986-87,C_GIAG_PSTI,AFY,YR_END,1997,1996,RL,1997-03-31,IX,288.0
RBI:CPI_RL_AV_YRND_RN(1.0),N_A,BY_1986-87,C_GIAG,AFY,ANN_AVE,1998,1997,RL,1998-03-31,IX,265.916666666667
RBI:CPI_RL_AV_YRND_RN(1.0),N_A,BY_1986-87,C_GIAG,AFY,YR_END,1998,1997,RL,1998-03-31,IX,273.0
RBI:CPI_RL_AV_YRND_RN(1.0),N_A,BY_1986-87,C_GIAG_CBF,AFY,ANN_AVE,1998,1997,RL,1998-03-31,IX,282.833333333333
RBI:CPI_RL_AV_YRND_RN(1.0),N_A,BY_1986-87,C_GIAG_CBF,AFY,YR_END,1998,1997,RL,1998-03-31,IX,289.0
RBI:CPI_RL_AV_YRND_RN(1.0),N_A,BY_1986-87,C_GIAG_FG,AFY,ANN_AVE,1998,1997,RL,1998-03-31,IX,265.25
RBI:CPI_RL_AV_YRND_RN(1.0),N_A,BY_1986-87,C_GIAG_FG,AFY,YR_END,1998,1997,RL,1998-03-31,IX,273.0
RBI:CPI_RL_AV_YRND_RN(1.0),N_A,BY_1986-87,C_GIAG_FL,AFY,ANN_AVE,1998,1997,RL,1998-03-31,IX,241.0
RBI:CPI_RL_AV_YRND_RN(1.0),N_A,BY_1986-87,C_GIAG_FL,AFY,YR_END,1998,1997,RL,1998-03-31,IX,248.0
RBI:CPI_RL_AV_YRND_RN(1.0),N_A,BY_1986-87,C_GIAG_MS,AFY,ANN_AVE,1998,1997,RL,1998-03-31,IX,261.166666666667
RBI:CPI_RL_AV_YRND_RN(1.0),N_A,BY_1986-87,C_GIAG_MS,AFY,YR_END,1998,1997,RL,1998-03-31,IX,268.0
RBI:CPI_RL_AV_YRND_RN(1.0),N_A,BY_1986-87,C_GIAG_PSTI,AFY,ANN_AVE,1998,1997,RL,1998-03-31,IX,299.75
RBI:CPI_RL_AV_YRND_RN(1.0),N_A,BY_1986-87,C_GIAG_PSTI,AFY,YR_END,1998,1997,RL,1998-03-31,IX,307.0
RBI:CPI_RL_AV_YRND_RN(1.0),N_A,BY_1986-87,C_GIAG,AFY,ANN_AVE,1999,1998,RL,1999-03-31,IX,294.25
RBI:CPI_RL_AV_YRND_RN(1.0),N_A,BY_1986-87,C_GIAG,AFY,YR_END,1999,1998,RL,1999-03-31,IX,296.0
RBI:CPI_RL_AV_YRND_RN(1.0),N_A,BY_1986-87,C_GIAG_CBF,AFY,ANN_AVE,1999,1998,RL,1999-03-31,IX,296.5
RBI:CPI_RL_AV_YRND_RN(1.0),N_A,BY_1986-87,C_GIAG_CBF,AFY,YR_END,1999,1998,RL,1999-03-31,IX,302.0
RBI:CPI_RL_AV_YRND_RN(1.0),N_A,BY_1986-87,C_GIAG_FG,AFY,ANN_AVE,1999,1998,RL,1999-03-31,IX,299.75
RBI:CPI_RL_AV_YRND_RN(1.0),N_A,BY_1986-87,C_GIAG_FG,AFY,YR_END,1999,1998,RL,1999-03-31,IX,299.0
RBI:CPI_RL_AV_YRND_RN(1.0),N_A,BY_1986-87,C_GIAG_FL,AFY,ANN_AVE,1999,1998,RL,1999-03-31,IX,255.166666666667
RBI:CPI_RL_AV_YRND_RN(1.0),N_A,BY_1986-87,C_GIAG_FL,AFY,YR_END,1999,1998,RL,1999-03-31,IX,258.0
RBI:CPI_RL_AV_YRND_RN(1.0),N_A,BY_1986-87,C_GIAG_MS,AFY,ANN_AVE,1999,1998,RL,1999-03-31,IX,277.833333333333
RBI:CPI_RL_AV_YRND_RN(1.0),N_A,BY_1986-87,C_GIAG_MS,AFY,YR_END,1999,1998,RL,1999-03-31,IX,287.0
RBI:CPI_RL_AV_YRND_RN(1.0),N_A,BY_1986-87,C_GIAG_PSTI,AFY,ANN_AVE,1999,1998,RL,1999-03-31,IX,321.916666666667
RBI:CPI_RL_AV_YRND_RN(1.0),N_A,BY_1986-87,C_GIAG_PSTI,AFY,YR_END,1999,1998,RL,1999-03-31,IX,341.0
RBI:CPI_RL_AV_YRND_RN(1.0),N_A,BY_1986-87,C_GIAG,AFY,ANN_AVE,2000,1999,RL,2000-03-31,IX,307.0
RBI:CPI_RL_AV_YRND_RN(1.0),N_A,BY_1986-87,C_GIAG,AFY,YR_END,2000,1999,RL,2000-03-31,IX,307.0
RBI:CPI_RL_AV_YRND_RN(1.0),N_A,BY_1986-87,C_GIAG_CBF,AFY,ANN_AVE,2000,1999,RL,2000-03-31,IX,307.5
RBI:CPI_RL_AV_YRND_RN(1.0),N_A,BY_1986-87,C_GIAG_CBF,AFY,YR_END,2000,1999,RL,2000-03-31,IX,312.0
RBI:CPI_RL_AV_YRND_RN(1.0),N_A,BY_1986-87,C_GIAG_FG,AFY,ANN_AVE,2000,1999,RL,2000-03-31,IX,311.25
RBI:CPI_RL_AV_YRND_RN(1.0),N_A,BY_1986-87,C_GIAG_FG,AFY,YR_END,2000,1999,RL,2000-03-31,IX,308.0
RBI:CPI_RL_AV_YRND_RN(1.0),N_A,BY_1986-87,C_GIAG_FL,AFY,ANN_AVE,2000,1999,RL,2000-03-31,IX,263.166666666667
RBI:CPI_RL_AV_YRND_RN(1.0),N_A,BY_1986-87,C_GIAG_FL,AFY,YR_END,2000,1999,RL,2000-03-31,IX,268.0
RBI:CPI_RL_AV_YRND_RN(1.0),N_A,BY_1986-87,C_GIAG_MS,AFY,ANN_AVE,2000,1999,RL,2000-03-31,IX,297.833333333333
RBI:CPI_RL_AV_YRND_RN(1.0),N_A,BY_1986-87,C_GIAG_MS,AFY,YR_END,2000,1999,RL,2000-03-31,IX,306.0
RBI:CPI_RL_AV_YRND_RN(1.0),N_A,BY_1986-87,C_GIAG_PSTI,AFY,ANN_AVE,2000,1999,RL,2000-03-31,IX,351.0
RBI:CPI_RL_AV_YRND_RN(1.0),N_A,BY_1986-87,C_GIAG_PSTI,AFY,YR_END,2000,1999,RL,2000-03-31,IX,361.0
RBI:CPI_RL_AV_YRND_RN(1.0),N_A,BY_1986-87,C_GIAG,AFY,ANN_AVE,2001,2000,RL,2001-03-31,IX,307.083333333333
RBI:CPI_RL_AV_YRND_RN(1.0),N_A,BY_1986-87,C_GIAG,AFY,YR_END,2001,2000,RL,2001-03-31,IX,302.0
RBI:CPI_RL_AV_YRND_RN(1.0),N_A,BY_1986-87,C_GIAG_CBF,AFY,ANN_AVE,2001,2000,RL,2001-03-31,IX,319.5
RBI:CPI_RL_AV_YRND_RN(1.0),N_A,BY_1986-87,C_GIAG_CBF,AFY,YR_END,2001,2000,RL,2001-03-31,IX,326.0
RBI:CPI_RL_AV_YRND_RN(1.0),N_A,BY_1986-87,C_GIAG_FG,AFY,ANN_AVE,2001,2000,RL,2001-03-31,IX,303.0
RBI:CPI_RL_AV_YRND_RN(1.0),N_A,BY_1986-87,C_GIAG_FG,AFY,YR_END,2001,2000,RL,2001-03-31,IX,293.0
RBI:CPI_RL_AV_YRND_RN(1.0),N_A,BY_1986-87,C_GIAG_FL,AFY,ANN_AVE,2001,2000,RL,2001-03-31,IX,291.916666666667
RBI:CPI_RL_AV_YRND_RN(1.0),N_A,BY_1986-87,C_GIAG_FL,AFY,YR_END,2001,2000,RL,2001-03-31,IX,304.0
RBI:CPI_RL_AV_YRND_RN(1.0),N_A,BY_1986-87,C_GIAG_MS,AFY,ANN_AVE,2001,2000,RL,2001-03-31,IX,310.5
RBI:CPI_RL_AV_YRND_RN(1.0),N_A,BY_1986-87,C_GIAG_MS,AFY,YR_END,2001,2000,RL,2001-03-31,IX,314.0
RBI:CPI_RL_AV_YRND_RN(1.0),N_A,BY_1986-87,C_GIAG_PSTI,AFY,ANN_AVE,2001,2000,RL,2001-03-31,IX,362.666666666667
RBI:CPI_RL_AV_YRND_RN(1.0),N_A,BY_1986-87,C_GIAG_PSTI,AFY,YR_END,2001,2000,RL,2001-03-31,IX,368.0
RBI:CPI_RL_AV_YRND_RN(1.0),N_A,BY_1986-87,C_GIAG,AFY,ANN_AVE,2002,2001,RL,2002-03-31,IX,311.166666666667
RBI:CPI_RL_AV_YRND_RN(1.0),N_A,BY_1986-87,C_GIAG,AFY,YR_END,2002,2001,RL,2002-03-31,IX,311.0
RBI:CPI_RL_AV_YRND_RN(1.0),N_A,BY_1986-87,C_GIAG_CBF,AFY,ANN_AVE,2002,2001,RL,2002-03-31,IX,334.0
RBI:CPI_RL_AV_YRND_RN(1.0),N_A,BY_1986-87,C_GIAG_CBF,AFY,YR_END,2002,2001,RL,2002-03-31,IX,338.0
RBI:CPI_RL_AV_YRND_RN(1.0),N_A,BY_1986-87,C_GIAG_FG,AFY,ANN_AVE,2002,2001,RL,2002-03-31,IX,303.416666666667
RBI:CPI_RL_AV_YRND_RN(1.0),N_A,BY_1986-87,C_GIAG_FG,AFY,YR_END,2002,2001,RL,2002-03-31,IX,301.0
RBI:CPI_RL_AV_YRND_RN(1.0),N_A,BY_1986-87,C_GIAG_FL,AFY,ANN_AVE,2002,2001,RL,2002-03-31,IX,309.75
RBI:CPI_RL_AV_YRND_RN(1.0),N_A,BY_1986-87,C_GIAG_FL,AFY,YR_END,2002,2001,RL,2002-03-31,IX,314.0
RBI:CPI_RL_AV_YRND_RN(1.0),N_A,BY_1986-87,C_GIAG_MS,AFY,ANN_AVE,2002,2001,RL,2002-03-31,IX,318.833333333333
RBI:CPI_RL_AV_YRND_RN(1.0),N_A,BY_1986-87,C_GIAG_MS,AFY,YR_END,2002,2001,RL,2002-03-31,IX,324.0
RBI:CPI_RL_AV_YRND_RN(1.0),N_A,BY_1986-87,C_GIAG_PSTI,AFY,ANN_AVE,2002,2001,RL,2002-03-31,IX,366.583333333333
RBI:CPI_RL_AV_YRND_RN(1.0),N_A,BY_1986-87,C_GIAG_PSTI,AFY,YR_END,2002,2001,RL,2002-03-31,IX,369.0
RBI:CPI_RL_AV_YRND_RN(1.0),N_A,BY_1986-87,C_GIAG,AFY,ANN_AVE,2003,2002,RL,2003-03-31,IX,320.916666666667
RBI:CPI_RL_AV_YRND_RN(1.0),N_A,BY_1986-87,C_GIAG,AFY,YR_END,2003,2002,RL,2003-03-31,IX,326.0
RBI:CPI_RL_AV_YRND_RN(1.0),N_A,BY_1986-87,C_GIAG_CBF,AFY,ANN_AVE,2003,2002,RL,2003-03-31,IX,344.666666666667
RBI:CPI_RL_AV_YRND_RN(1.0),N_A,BY_1986-87,C_GIAG_CBF,AFY,YR_END,2003,2002,RL,2003-03-31,IX,349.0
RBI:CPI_RL_AV_YRND_RN(1.0),N_A,BY_1986-87,C_GIAG_FG,AFY,ANN_AVE,2003,2002,RL,2003-03-31,IX,312.5
RBI:CPI_RL_AV_YRND_RN(1.0),N_A,BY_1986-87,C_GIAG_FG,AFY,YR_END,2003,2002,RL,2003-03-31,IX,318.0
RBI:CPI_RL_AV_YRND_RN(1.0),N_A,BY_1986-87,C_GIAG_FL,AFY,ANN_AVE,2003,2002,RL,2003-03-31,IX,324.833333333333
RBI:CPI_RL_AV_YRND_RN(1.0),N_A,BY_1986-87,C_GIAG_FL,AFY,YR_END,2003,2002,RL,2003-03-31,IX,329.0
RBI:CPI_RL_AV_YRND_RN(1.0),N_A,BY_1986-87,C_GIAG_MS,AFY,ANN_AVE,2003,2002,RL,2003-03-31,IX,329.916666666667
RBI:CPI_RL_AV_YRND_RN(1.0),N_A,BY_1986-87,C_GIAG_MS,AFY,YR_END,2003,2002,RL,2003-03-31,IX,334.0
RBI:CPI_RL_AV_YRND_RN(1.0),N_A,BY_1986-87,C_GIAG_PSTI,AFY,ANN_AVE,2003,2002,RL,2003-03-31,IX,375.0
RBI:CPI_RL_AV_YRND_RN(1.0),N_A,BY_1986-87,C_GIAG_PSTI,AFY,YR_END,2003,2002,RL,2003-03-31,IX,382.0
RBI:CPI_RL_AV_YRND_RN(1.0),N_A,BY_1986-87,C_GIAG,AFY,ANN_AVE,2004,2003,RL,2004-03-31,IX,333.083333333333
RBI:CPI_RL_AV_YRND_RN(1.0),N_A,BY_1986-87,C_GIAG,AFY,YR_END,2004,2003,RL,2004-03-31,IX,334.0
RBI:CPI_RL_AV_YRND_RN(1.0),N_A,BY_1986-87,C_GIAG_CBF,AFY,ANN_AVE,2004,2003,RL,2004-03-31,IX,355.416666666667
RBI:CPI_RL_AV_YRND_RN(1.0),N_A,BY_1986-87,C_GIAG_CBF,AFY,YR_END,2004,2003,RL,2004-03-31,IX,361.0
RBI:CPI_RL_AV_YRND_RN(1.0),N_A,BY_1986-87,C_GIAG_FG,AFY,ANN_AVE,2004,2003,RL,2004-03-31,IX,325.583333333333
RBI:CPI_RL_AV_YRND_RN(1.0),N_A,BY_1986-87,C_GIAG_FG,AFY,YR_END,2004,2003,RL,2004-03-31,IX,324.0
RBI:CPI_RL_AV_YRND_RN(1.0),N_A,BY_1986-87,C_GIAG_FL,AFY,ANN_AVE,2004,2003,RL,2004-03-31,IX,333.916666666667
RBI:CPI_RL_AV_YRND_RN(1.0),N_A,BY_1986-87,C_GIAG_FL,AFY,YR_END,2004,2003,RL,2004-03-31,IX,339.0
RBI:CPI_RL_AV_YRND_RN(1.0),N_A,BY_1986-87,C_GIAG_MS,AFY,ANN_AVE,2004,2003,RL,2004-03-31,IX,339.416666666667
RBI:CPI_RL_AV_YRND_RN(1.0),N_A,BY_1986-87,C_GIAG_MS,AFY,YR_END,2004,2003,RL,2004-03-31,IX,344.0
RBI:CPI_RL_AV_YRND_RN(1.0),N_A,BY_1986-87,C_GIAG_PSTI,AFY,ANN_AVE,2004,2003,RL,2004-03-31,IX,388.666666666667
RBI:CPI_RL_AV_YRND_RN(1.0),N_A,BY_1986-87,C_GIAG_PSTI,AFY,YR_END,2004,2003,RL,2004-03-31,IX,400.0
RBI:CPI_RL_AV_YRND_RN(1.0),N_A,BY_1986-87,C_GIAG,AFY,ANN_AVE,2005,2004,RL,2005-03-31,IX,341.666666666667
RBI:CPI_RL_AV_YRND_RN(1.0),N_A,BY_1986-87,C_GIAG,AFY,YR_END,2005,2004,RL,2005-03-31,IX,342.0
RBI:CPI_RL_AV_YRND_RN(1.0),N_A,BY_1986-87,C_GIAG_CBF,AFY,ANN_AVE,2005,2004,RL,2005-03-31,IX,366.416666666667
RBI:CPI_RL_AV_YRND_RN(1.0),N_A,BY_1986-87,C_GIAG_CBF,AFY,YR_END,2005,2004,RL,2005-03-31,IX,371.0
RBI:CPI_RL_AV_YRND_RN(1.0),N_A,BY_1986-87,C_GIAG_FG,AFY,ANN_AVE,2005,2004,RL,2005-03-31,IX,333.333333333333
RBI:CPI_RL_AV_YRND_RN(1.0),N_A,BY_1986-87,C_GIAG_FG,AFY,YR_END,2005,2004,RL,2005-03-31,IX,330.0
RBI:CPI_RL_AV_YRND_RN(1.0),N_A,BY_1986-87,C_GIAG_FL,AFY,ANN_AVE,2005,2004,RL,2005-03-31,IX,343.666666666667
RBI:CPI_RL_AV_YRND_RN(1.0),N_A,BY_1986-87,C_GIAG_FL,AFY,YR_END,2005,2004,RL,2005-03-31,IX,349.0
RBI:CPI_RL_AV_YRND_RN(1.0),N_A,BY_1986-87,C_GIAG_MS,AFY,ANN_AVE,2005,2004,RL,2005-03-31,IX,352.166666666667
RBI:CPI_RL_AV_YRND_RN(1.0),N_A,BY_1986-87,C_GIAG_MS,AFY,YR_END,2005,2004,RL,2005-03-31,IX,363.0
RBI:CPI_RL_AV_YRND_RN(1.0),N_A,BY_1986-87,C_GIAG_PSTI,AFY,ANN_AVE,2005,2004,RL,2005-03-31,IX,395.333333333333
RBI:CPI_RL_AV_YRND_RN(1.0),N_A,BY_1986-87,C_GIAG_PSTI,AFY,YR_END,2005,2004,RL,2005-03-31,IX,396.0
RBI:CPI_RL_AV_YRND_RN(1.0),N_A,BY_1986-87,C_GIAG,AFY,ANN_AVE,2006,2005,RL,2006-03-31,IX,354.833333333333
RBI:CPI_RL_AV_YRND_RN(1.0),N_A,BY_1986-87,C_GIAG,AFY,YR_END,2006,2005,RL,2006-03-31,IX,360.0
RBI:CPI_RL_AV_YRND_RN(1.0),N_A,BY_1986-87,C_GIAG_CBF,AFY,ANN_AVE,2006,2005,RL,2006-03-31,IX,376.666666666667
RBI:CPI_RL_AV_YRND_RN(1.0),N_A,BY_1986-87,C_GIAG_CBF,AFY,YR_END,2006,2005,RL,2006-03-31,IX,381.0
RBI:CPI_RL_AV_YRND_RN(1.0),N_A,BY_1986-87,C_GIAG_FG,AFY,ANN_AVE,2006,2005,RL,2006-03-31,IX,345.583333333333
RBI:CPI_RL_AV_YRND_RN(1.0),N_A,BY_1986-87,C_GIAG_FG,AFY,YR_END,2006,2005,RL,2006-03-31,IX,349.0
RBI:CPI_RL_AV_YRND_RN(1.0),N_A,BY_1986-87,C_GIAG_FL,AFY,ANN_AVE,2006,2005,RL,2006-03-31,IX,353.0
RBI:CPI_RL_AV_YRND_RN(1.0),N_A,BY_1986-87,C_GIAG_FL,AFY,YR_END,2006,2005,RL,2006-03-31,IX,363.0
RBI:CPI_RL_AV_YRND_RN(1.0),N_A,BY_1986-87,C_GIAG_MS,AFY,ANN_AVE,2006,2005,RL,2006-03-31,IX,373.916666666667
RBI:CPI_RL_AV_YRND_RN(1.0),N_A,BY_1986-87,C_GIAG_MS,AFY,YR_END,2006,2005,RL,2006-03-31,IX,382.0
RBI:CPI_RL_AV_YRND_RN(1.0),N_A,BY_1986-87,C_GIAG_PSTI,AFY,ANN_AVE,2006,2005,RL,2006-03-31,IX,404.0
RBI:CPI_RL_AV_YRND_RN(1.0),N_A,BY_1986-87,C_GIAG_PSTI,AFY,YR_END,2006,2005,RL,2006-03-31,IX,421.0
RBI:CPI_RL_AV_YRND_RN(1.0),N_A,BY_1986-87,C_GIAG,AFY,ANN_AVE,2007,2006,RL,2007-03-31,IX,381.5
RBI:CPI_RL_AV_YRND_RN(1.0),N_A,BY_1986-87,C_GIAG,AFY,YR_END,2007,2006,RL,2007-03-31,IX,393.0
RBI:CPI_RL_AV_YRND_RN(1.0),N_A,BY_1986-87,C_GIAG_CBF,AFY,ANN_AVE,2007,2006,RL,2007-03-31,IX,388.25
RBI:CPI_RL_AV_YRND_RN(1.0),N_A,BY_1986-87,C_GIAG_CBF,AFY,YR_END,2007,2006,RL,2007-03-31,IX,393.0
RBI:CPI_RL_AV_YRND_RN(1.0),N_A,BY_1986-87,C_GIAG_FG,AFY,ANN_AVE,2007,2006,RL,2007-03-31,IX,375.916666666667
RBI:CPI_RL_AV_YRND_RN(1.0),N_A,BY_1986-87,C_GIAG_FG,AFY,YR_END,2007,2006,RL,2007-03-31,IX,389.0
RBI:CPI_RL_AV_YRND_RN(1.0),N_A,BY_1986-87,C_GIAG_FL,AFY,ANN_AVE,2007,2006,RL,2007-03-31,IX,376.166666666667
RBI:CPI_RL_AV_YRND_RN(1.0),N_A,BY_1986-87,C_GIAG_FL,AFY,YR_END,2007,2006,RL,2007-03-31,IX,388.0
RBI:CPI_RL_AV_YRND_RN(1.0),N_A,BY_1986-87,C_GIAG_MS,AFY,ANN_AVE,2007,2006,RL,2007-03-31,IX,396.833333333333
RBI:CPI_RL_AV_YRND_RN(1.0),N_A,BY_1986-87,C_GIAG_MS,AFY,YR_END,2007,2006,RL,2007-03-31,IX,406.0
RBI:CPI_RL_AV_YRND_RN(1.0),N_A,BY_1986-87,C_GIAG_PSTI,AFY,ANN_AVE,2007,2006,RL,2007-03-31,IX,429.25
RBI:CPI_RL_AV_YRND_RN(1.0),N_A,BY_1986-87,C_GIAG_PSTI,AFY,YR_END,2007,2006,RL,2007-03-31,IX,445.0
RBI:CPI_RL_AV_YRND_RN(1.0),N_A,BY_1986-87,C_GIAG,AFY,ANN_AVE,2008,2007,RL,2008-03-31,IX,408.916666666667
RBI:CPI_RL_AV_YRND_RN(1.0),N_A,BY_1986-87,C_GIAG,AFY,YR_END,2008,2007,RL,2008-03-31,IX,423.0
RBI:CPI_RL_AV_YRND_RN(1.0),N_A,BY_1986-87,C_GIAG_CBF,AFY,ANN_AVE,2008,2007,RL,2008-03-31,IX,398.25
RBI:CPI_RL_AV_YRND_RN(1.0),N_A,BY_1986-87,C_GIAG_CBF,AFY,YR_END,2008,2007,RL,2008-03-31,IX,404.0
RBI:CPI_RL_AV_YRND_RN(1.0),N_A,BY_1986-87,C_GIAG_FG,AFY,ANN_AVE,2008,2007,RL,2008-03-31,IX,406.0
RBI:CPI_RL_AV_YRND_RN(1.0),N_A,BY_1986-87,C_GIAG_FG,AFY,YR_END,2008,2007,RL,2008-03-31,IX,421.0
RBI:CPI_RL_AV_YRND_RN(1.0),N_A,BY_1986-87,C_GIAG_FL,AFY,ANN_AVE,2008,2007,RL,2008-03-31,IX,403.416666666667
RBI:CPI_RL_AV_YRND_RN(1.0),N_A,BY_1986-87,C_GIAG_FL,AFY,YR_END,2008,2007,RL,2008-03-31,IX,419.0
RBI:CPI_RL_AV_YRND_RN(1.0),N_A,BY_1986-87,C_GIAG_MS,AFY,ANN_AVE,2008,2007,RL,2008-03-31,IX,419.166666666667
RBI:CPI_RL_AV_YRND_RN(1.0),N_A,BY_1986-87,C_GIAG_MS,AFY,YR_END,2008,2007,RL,2008-03-31,IX,431.0
RBI:CPI_RL_AV_YRND_RN(1.0),N_A,BY_1986-87,C_GIAG_PSTI,AFY,ANN_AVE,2008,2007,RL,2008-03-31,IX,473.666666666667
RBI:CPI_RL_AV_YRND_RN(1.0),N_A,BY_1986-87,C_GIAG_PSTI,AFY,YR_END,2008,2007,RL,2008-03-31,IX,492.0
RBI:CPI_RL_AV_YRND_RN(1.0),N_A,BY_1986-87,C_GIAG,AFY,ANN_AVE,2009,2008,RL,2009-03-31,IX,450.583333333333
RBI:CPI_RL_AV_YRND_RN(1.0),N_A,BY_1986-87,C_GIAG,AFY,YR_END,2009,2008,RL,2009-03-31,IX,464.0
RBI:CPI_RL_AV_YRND_RN(1.0),N_A,BY_1986-87,C_GIAG_CBF,AFY,ANN_AVE,2009,2008,RL,2009-03-31,IX,422.0
RBI:CPI_RL_AV_YRND_RN(1.0),N_A,BY_1986-87,C_GIAG_CBF,AFY,YR_END,2009,2008,RL,2009-03-31,IX,437.0
RBI:CPI_RL_AV_YRND_RN(1.0),N_A,BY_1986-87,C_GIAG_FG,AFY,ANN_AVE,2009,2008,RL,2009-03-31,IX,451.666666666667
RBI:CPI_RL_AV_YRND_RN(1.0),N_A,BY_1986-87,C_GIAG_FG,AFY,YR_END,2009,2008,RL,2009-03-31,IX,463.0
RBI:CPI_RL_AV_YRND_RN(1.0),N_A,BY_1986-87,C_GIAG_FL,AFY,ANN_AVE,2009,2008,RL,2009-03-31,IX,443.916666666667
RBI:CPI_RL_AV_YRND_RN(1.0),N_A,BY_1986-87,C_GIAG_FL,AFY,YR_END,2009,2008,RL,2009-03-31,IX,467.0
RBI:CPI_RL_AV_YRND_RN(1.0),N_A,BY_1986-87,C_GIAG_MS,AFY,ANN_AVE,2009,2008,RL,2009-03-31,IX,448.75
RBI:CPI_RL_AV_YRND_RN(1.0),N_A,BY_1986-87,C_GIAG_MS,AFY,YR_END,2009,2008,RL,2009-03-31,IX,460.0
RBI:CPI_RL_AV_YRND_RN(1.0),N_A,BY_1986-87,C_GIAG_PSTI,AFY,ANN_AVE,2009,2008,RL,2009-03-31,IX,533.75
RBI:CPI_RL_AV_YRND_RN(1.0),N_A,BY_1986-87,C_GIAG_PSTI,AFY,YR_END,2009,2008,RL,2009-03-31,IX,566.0
RBI:CPI_RL_AV_YRND_RN(1.0),N_A,BY_1986-87,C_GIAG,AFY,ANN_AVE,2010,2009,RL,2010-03-31,IX,512.583333333333
RBI:CPI_RL_AV_YRND_RN(1.0),N_A,BY_1986-87,C_GIAG,AFY,YR_END,2010,2009,RL,2010-03-31,IX,536.0
RBI:CPI_RL_AV_YRND_RN(1.0),N_A,BY_1986-87,C_GIAG_CBF,AFY,ANN_AVE,2010,2009,RL,2010-03-31,IX,462.0
RBI:CPI_RL_AV_YRND_RN(1.0),N_A,BY_1986-87,C_GIAG_CBF,AFY,YR_END,2010,2009,RL,2010-03-31,IX,480.0
RBI:CPI_RL_AV_YRND_RN(1.0),N_A,BY_1986-87,C_GIAG_FG,AFY,ANN_AVE,2010,2009,RL,2010-03-31,IX,522.583333333333
RBI:CPI_RL_AV_YRND_RN(1.0),N_A,BY_1986-87,C_GIAG_FG,AFY,YR_END,2010,2009,RL,2010-03-31,IX,545.0
RBI:CPI_RL_AV_YRND_RN(1.0),N_A,BY_1986-87,C_GIAG_FL,AFY,ANN_AVE,2010,2009,RL,2010-03-31,IX,500.333333333333
RBI:CPI_RL_AV_YRND_RN(1.0),N_A,BY_1986-87,C_GIAG_FL,AFY,YR_END,2010,2009,RL,2010-03-31,IX,537.0
RBI:CPI_RL_AV_YRND_RN(1.0),N_A,BY_1986-87,C_GIAG_MS,AFY,ANN_AVE,2010,2009,RL,2010-03-31,IX,478.25
RBI:CPI_RL_AV_YRND_RN(1.0),N_A,BY_1986-87,C_GIAG_MS,AFY,YR_END,2010,2009,RL,2010-03-31,IX,493.0
RBI:CPI_RL_AV_YRND_RN(1.0),N_A,BY_1986-87,C_GIAG_PSTI,AFY,ANN_AVE,2010,2009,RL,2010-03-31,IX,613.25
RBI:CPI_RL_AV_YRND_RN(1.0),N_A,BY_1986-87,C_GIAG_PSTI,AFY,YR_END,2010,2009,RL,2010-03-31,IX,654.0
RBI:CPI_RL_AV_YRND_RN(1.0),N_A,BY_1986-87,C_GIAG,AFY,ANN_AVE,2011,2010,RL,2011-03-31,IX,563.916666666667
RBI:CPI_RL_AV_YRND_RN(1.0),N_A,BY_1986-87,C_GIAG,AFY,YR_END,2011,2010,RL,2011-03-31,IX,584.0
RBI:CPI_RL_AV_YRND_RN(1.0),N_A,BY_1986-87,C_GIAG_CBF,AFY,ANN_AVE,2011,2010,RL,2011-03-31,IX,510.833333333333
RBI:CPI_RL_AV_YRND_RN(1.0),N_A,BY_1986-87,C_GIAG_CBF,AFY,YR_END,2011,2010,RL,2011-03-31,IX,538.0
RBI:CPI_RL_AV_YRND_RN(1.0),N_A,BY_1986-87,C_GIAG_FG,AFY,ANN_AVE,2011,2010,RL,2011-03-31,IX,572.833333333333
RBI:CPI_RL_AV_YRND_RN(1.0),N_A,BY_1986-87,C_GIAG_FG,AFY,YR_END,2011,2010,RL,2011-03-31,IX,589.0
RBI:CPI_RL_AV_YRND_RN(1.0),N_A,BY_1986-87,C_GIAG_FL,AFY,ANN_AVE,2011,2010,RL,2011-03-31,IX,576.166666666667
RBI:CPI_RL_AV_YRND_RN(1.0),N_A,BY_1986-87,C_GIAG_FL,AFY,YR_END,2011,2010,RL,2011-03-31,IX,610.0
RBI:CPI_RL_AV_YRND_RN(1.0),N_A,BY_1986-87,C_GIAG_MS,AFY,ANN_AVE,2011,2010,RL,2011-03-31,IX,511.666666666667
RBI:CPI_RL_AV_YRND_RN(1.0),N_A,BY_1986-87,C_GIAG_MS,AFY,YR_END,2011,2010,RL,2011-03-31,IX,530.0
RBI:CPI_RL_AV_YRND_RN(1.0),N_A,BY_1986-87,C_GIAG_PSTI,AFY,ANN_AVE,2011,2010,RL,2011-03-31,IX,690.25
RBI:CPI_RL_AV_YRND_RN(1.0),N_A,BY_1986-87,C_GIAG_PSTI,AFY,YR_END,2011,2010,RL,2011-03-31,IX,729.0
RBI:CPI_RL_AV_YRND_RN(1.0),N_A,BY_1986-87,C_GIAG,AFY,ANN_AVE,2012,2011,RL,2012-03-31,IX,611.0
RBI:CPI_RL_AV_YRND_RN(1.0),N_A,BY_1986-87,C_GIAG,AFY,YR_END,2012,2011,RL,2012-03-31,IX,626.0
RBI:CPI_RL_AV_YRND_RN(1.0),N_A,BY_1986-87,C_GIAG_CBF,AFY,ANN_AVE,2012,2011,RL,2012-03-31,IX,597.75
RBI:CPI_RL_AV_YRND_RN(1.0),N_A,BY_1986-87,C_GIAG_CBF,AFY,YR_END,2012,2011,RL,2012-03-31,IX,628.0
RBI:CPI_RL_AV_YRND_RN(1.0),N_A,BY_1986-87,C_GIAG_FG,AFY,ANN_AVE,2012,2011,RL,2012-03-31,IX,602.583333333333
RBI:CPI_RL_AV_YRND_RN(1.0),N_A,BY_1986-87,C_GIAG_FG,AFY,YR_END,2012,2011,RL,2012-03-31,IX,609.0
RBI:CPI_RL_AV_YRND_RN(1.0),N_A,BY_1986-87,C_GIAG_FL,AFY,ANN_AVE,2012,2011,RL,2012-03-31,IX,673.583333333333
RBI:CPI_RL_AV_YRND_RN(1.0),N_A,BY_1986-87,C_GIAG_FL,AFY,YR_END,2012,2011,RL,2012-03-31,IX,712.0
RBI:CPI_RL_AV_YRND_RN(1.0),N_A,BY_1986-87,C_GIAG_MS,AFY,ANN_AVE,2012,2011,RL,2012-03-31,IX,569.583333333333
RBI:CPI_RL_AV_YRND_RN(1.0),N_A,BY_1986-87,C_GIAG_MS,AFY,YR_END,2012,2011,RL,2012-03-31,IX,599.0
RBI:CPI_RL_AV_YRND_RN(1.0),N_A,BY_1986-87,C_GIAG_PSTI,AFY,ANN_AVE,2012,2011,RL,2012-03-31,IX,809.666666666667
RBI:CPI_RL_AV_YRND_RN(1.0),N_A,BY_1986-87,C_GIAG_PSTI,AFY,YR_END,2012,2011,RL,2012-03-31,IX,864.0
RBI:CPI_RL_AV_YRND_RN(1.0),N_A,BY_1986-87,C_GIAG,AFY,ANN_AVE,2013,2012,RL,2013-03-31,IX,673.25
RBI:CPI_RL_AV_YRND_RN(1.0),N_A,BY_1986-87,C_GIAG,AFY,YR_END,2013,2012,RL,2013-03-31,IX,705.0
RBI:CPI_RL_AV_YRND_RN(1.0),N_A,BY_1986-87,C_GIAG_CBF,AFY,ANN_AVE,2013,2012,RL,2013-03-31,IX,666.0
RBI:CPI_RL_AV_YRND_RN(1.0),N_A,BY_1986-87,C_GIAG_CBF,AFY,YR_END,2013,2012,RL,2013-03-31,IX,696.0
RBI:CPI_RL_AV_YRND_RN(1.0),N_A,BY_1986-87,C_GIAG_FG,AFY,ANN_AVE,2013,2012,RL,2013-03-31,IX,660.083333333333
RBI:CPI_RL_AV_YRND_RN(1.0),N_A,BY_1986-87,C_GIAG_FG,AFY,YR_END,2013,2012,RL,2013-03-31,IX,691.0
RBI:CPI_RL_AV_YRND_RN(1.0),N_A,BY_1986-87,C_GIAG_FL,AFY,ANN_AVE,2013,2012,RL,2013-03-31,IX,750.25
RBI:CPI_RL_AV_YRND_RN(1.0),N_A,BY_1986-87,C_GIAG_FL,AFY,YR_END,2013,2012,RL,2013-03-31,IX,793.0
RBI:CPI_RL_AV_YRND_RN(1.0),N_A,BY_1986-87,C_GIAG_MS,AFY,ANN_AVE,2013,2012,RL,2013-03-31,IX,631.0
RBI:CPI_RL_AV_YRND_RN(1.0),N_A,BY_1986-87,C_GIAG_MS,AFY,YR_END,2013,2012,RL,2013-03-31,IX,661.0
RBI:CPI_RL_AV_YRND_RN(1.0),N_A,BY_1986-87,C_GIAG_PSTI,AFY,ANN_AVE,2013,2012,RL,2013-03-31,IX,917.916666666667
RBI:CPI_RL_AV_YRND_RN(1.0),N_A,BY_1986-87,C_GIAG_PSTI,AFY,YR_END,2013,2012,RL,2013-03-31,IX,966.0
RBI:CPI_RL_AV_YRND_RN(1.0),N_A,BY_1986-87,C_GIAG,AFY,ANN_AVE,2014,2013,RL,2014-03-31,IX,750.5
RBI:CPI_RL_AV_YRND_RN(1.0),N_A,BY_1986-87,C_GIAG,AFY,YR_END,2014,2013,RL,2014-03-31,IX,765.0
RBI:CPI_RL_AV_YRND_RN(1.0),N_A,BY_1986-87,C_GIAG_CBF,AFY,ANN_AVE,2014,2013,RL,2014-03-31,IX,737.666666666667
RBI:CPI_RL_AV_YRND_RN(1.0),N_A,BY_1986-87,C_GIAG_CBF,AFY,YR_END,2014,2013,RL,2014-03-31,IX,774.0
RBI:CPI_RL_AV_YRND_RN(1.0),N_A,BY_1986-87,C_GIAG_FG,AFY,ANN_AVE,2014,2013,RL,2014-03-31,IX,732.0
RBI:CPI_RL_AV_YRND_RN(1.0),N_A,BY_1986-87,C_GIAG_FG,AFY,YR_END,2014,2013,RL,2014-03-31,IX,743.0
RBI:CPI_RL_AV_YRND_RN(1.0),N_A,BY_1986-87,C_GIAG_FL,AFY,ANN_AVE,2014,2013,RL,2014-03-31,IX,834.833333333333
RBI:CPI_RL_AV_YRND_RN(1.0),N_A,BY_1986-87,C_GIAG_FL,AFY,YR_END,2014,2013,RL,2014-03-31,IX,866.0
RBI:CPI_RL_AV_YRND_RN(1.0),N_A,BY_1986-87,C_GIAG_MS,AFY,ANN_AVE,2014,2013,RL,2014-03-31,IX,695.0
RBI:CPI_RL_AV_YRND_RN(1.0),N_A,BY_1986-87,C_GIAG_MS,AFY,YR_END,2014,2013,RL,2014-03-31,IX,726.0
RBI:CPI_RL_AV_YRND_RN(1.0),N_A,BY_1986-87,C_GIAG_PSTI,AFY,ANN_AVE,2014,2013,RL,2014-03-31,IX,1021.75
RBI:CPI_RL_AV_YRND_RN(1.0),N_A,BY_1986-87,C_GIAG_PSTI,AFY,YR_END,2014,2013,RL,2014-03-31,IX,1068.0
RBI:CPI_RL_AV_YRND_RN(1.0),N_A,BY_1986-87,C_GIAG,AFY,ANN_AVE,2015,2014,RL,2015-03-31,IX,802.166666666667
RBI:CPI_RL_AV_YRND_RN(1.0),N_A,BY_1986-87,C_GIAG,AFY,YR_END,2015,2014,RL,2015-03-31,IX,807.0
RBI:CPI_RL_AV_YRND_RN(1.0),N_A,BY_1986-87,C_GIAG_CBF,AFY,ANN_AVE,2015,2014,RL,2015-03-31,IX,801.75
RBI:CPI_RL_AV_YRND_RN(1.0),N_A,BY_1986-87,C_GIAG_CBF,AFY,YR_END,2015,2014,RL,2015-03-31,IX,817.0
RBI:CPI_RL_AV_YRND_RN(1.0),N_A,BY_1986-87,C_GIAG_FG,AFY,ANN_AVE,2015,2014,RL,2015-03-31,IX,780.833333333333
RBI:CPI_RL_AV_YRND_RN(1.0),N_A,BY_1986-87,C_GIAG_FG,AFY,YR_END,2015,2014,RL,2015-03-31,IX,775.0
RBI:CPI_RL_AV_YRND_RN(1.0),N_A,BY_1986-87,C_GIAG_FL,AFY,ANN_AVE,2015,2014,RL,2015-03-31,IX,891.666666666667
RBI:CPI_RL_AV_YRND_RN(1.0),N_A,BY_1986-87,C_GIAG_FL,AFY,YR_END,2015,2014,RL,2015-03-31,IX,921.0
RBI:CPI_RL_AV_YRND_RN(1.0),N_A,BY_1986-87,C_GIAG_MS,AFY,ANN_AVE,2015,2014,RL,2015-03-31,IX,762.0
RBI:CPI_RL_AV_YRND_RN(1.0),N_A,BY_1986-87,C_GIAG_MS,AFY,YR_END,2015,2014,RL,2015-03-31,IX,783.0
RBI:CPI_RL_AV_YRND_RN(1.0),N_A,BY_1986-87,C_GIAG_PSTI,AFY,ANN_AVE,2015,2014,RL,2015-03-31,IX,1146.5
RBI:CPI_RL_AV_YRND_RN(1.0),N_A,BY_1986-87,C_GIAG_PSTI,AFY,YR_END,2015,2014,RL,2015-03-31,IX,1203.0
RBI:CPI_RL_AV_YRND_RN(1.0),N_A,BY_1986-87,C_GIAG,AFY,ANN_AVE,2016,2015,RL,2016-03-31,IX,839.416666666667
RBI:CPI_RL_AV_YRND_RN(1.0),N_A,BY_1986-87,C_GIAG,AFY,YR_END,2016,2015,RL,2016-03-31,IX,848.0
RBI:CPI_RL_AV_YRND_RN(1.0),N_A,BY_1986-87,C_GIAG_CBF,AFY,ANN_AVE,2016,2015,RL,2016-03-31,IX,839.083333333333
RBI:CPI_RL_AV_YRND_RN(1.0),N_A,BY_1986-87,C_GIAG_CBF,AFY,YR_END,2016,2015,RL,2016-03-31,IX,854.0
RBI:CPI_RL_AV_YRND_RN(1.0),N_A,BY_1986-87,C_GIAG_FG,AFY,ANN_AVE,2016,2015,RL,2016-03-31,IX,812.666666666667
RBI:CPI_RL_AV_YRND_RN(1.0),N_A,BY_1986-87,C_GIAG_FG,AFY,YR_END,2016,2015,RL,2016-03-31,IX,817.0
RBI:CPI_RL_AV_YRND_RN(1.0),N_A,BY_1986-87,C_GIAG_FL,AFY,ANN_AVE,2016,2015,RL,2016-03-31,IX,936.583333333333
RBI:CPI_RL_AV_YRND_RN(1.0),N_A,BY_1986-87,C_GIAG_FL,AFY,YR_END,2016,2015,RL,2016-03-31,IX,946.0
RBI:CPI_RL_AV_YRND_RN(1.0),N_A,BY_1986-87,C_GIAG_MS,AFY,ANN_AVE,2016,2015,RL,2016-03-31,IX,814.0
RBI:CPI_RL_AV_YRND_RN(1.0),N_A,BY_1986-87,C_GIAG_MS,AFY,YR_END,2016,2015,RL,2016-03-31,IX,823.0
RBI:CPI_RL_AV_YRND_RN(1.0),N_A,BY_1986-87,C_GIAG_PSTI,AFY,ANN_AVE,2016,2015,RL,2016-03-31,IX,1243.666666666667
RBI:CPI_RL_AV_YRND_RN(1.0),N_A,BY_1986-87,C_GIAG_PSTI,AFY,YR_END,2016,2015,RL,2016-03-31,IX,1289.0
RBI:CPI_RL_AV_YRND_RN(1.0),N_A,BY_2001,C_GIAG,AFY,ANN_AVE,2016,2015,RL,2016-03-31,IX,854.0
RBI:CPI_RL_AV_YRND_RN(1.0),N_A,BY_2001,C_GIAG_CBF,AFY,ANN_AVE,2016,2015,RL,2016-03-31,IX,849.0
RBI:CPI_RL_AV_YRND_RN(1.0),N_A,BY_2001,C_GIAG_FG,AFY,ANN_AVE,2016,2015,RL,2016-03-31,IX,828.0
RBI:CPI_RL_AV_YRND_RN(1.0),N_A,BY_2001,C_GIAG_FL,AFY,ANN_AVE,2016,2015,RL,2016-03-31,IX,951.0
RBI:CPI_RL_AV_YRND_RN(1.0),N_A,BY_2001,C_GIAG_MS,AFY,ANN_AVE,2016,2015,RL,2016-03-31,IX,817.0
RBI:CPI_RL_AV_YRND_RN(1.0),N_A,BY_2001,C_GIAG_PSTI,AFY,ANN_AVE,2016,2015,RL,2016-03-31,IX,1268.0
RBI:CPI_RL_AV_YRND_RN(1.0),N_A,BY_1986-87,C_GIAG,AFY,ANN_AVE,2017,2016,RL,2017-03-31,IX,875.0
RBI:CPI_RL_AV_YRND_RN(1.0),N_A,BY_1986-87,C_GIAG,AFY,YR_END,2017,2016,RL,2017-03-31,IX,872.0
RBI:CPI_RL_AV_YRND_RN(1.0),N_A,BY_1986-87,C_GIAG_CBF,AFY,ANN_AVE,2017,2016,RL,2017-03-31,IX,870.75
RBI:CPI_RL_AV_YRND_RN(1.0),N_A,BY_1986-87,C_GIAG_CBF,AFY,YR_END,2017,2016,RL,2017-03-31,IX,886.0
RBI:CPI_RL_AV_YRND_RN(1.0),N_A,BY_1986-87,C_GIAG_FG,AFY,ANN_AVE,2017,2016,RL,2017-03-31,IX,846.583333333333
RBI:CPI_RL_AV_YRND_RN(1.0),N_A,BY_1986-87,C_GIAG_FG,AFY,YR_END,2017,2016,RL,2017-03-31,IX,831.0
RBI:CPI_RL_AV_YRND_RN(1.0),N_A,BY_1986-87,C_GIAG_FL,AFY,ANN_AVE,2017,2016,RL,2017-03-31,IX,960.583333333333
RBI:CPI_RL_AV_YRND_RN(1.0),N_A,BY_1986-87,C_GIAG_FL,AFY,YR_END,2017,2016,RL,2017-03-31,IX,980.0
RBI:CPI_RL_AV_YRND_RN(1.0),N_A,BY_1986-87,C_GIAG_MS,AFY,ANN_AVE,2017,2016,RL,2017-03-31,IX,843.416666666667
RBI:CPI_RL_AV_YRND_RN(1.0),N_A,BY_1986-87,C_GIAG_MS,AFY,YR_END,2017,2016,RL,2017-03-31,IX,862.0
RBI:CPI_RL_AV_YRND_RN(1.0),N_A,BY_1986-87,C_GIAG_PSTI,AFY,ANN_AVE,2017,2016,RL,2017-03-31,IX,1341.5
RBI:CPI_RL_AV_YRND_RN(1.0),N_A,BY_1986-87,C_GIAG_PSTI,AFY,YR_END,2017,2016,RL,2017-03-31,IX,1391.0
RBI:CPI_RL_AV_YRND_RN(1.0),N_A,BY_1986-87,C_GIAG,AFY,ANN_AVE,2018,2017,RL,2018-03-31,IX,895.083333333333
RBI:CPI_RL_AV_YRND_RN(1.0),N_A,BY_1986-87,C_GIAG,AFY,YR_END,2018,2017,RL,2018-03-31,IX,894.0
RBI:CPI_RL_AV_YRND_RN(1.0),N_A,BY_1986-87,C_GIAG_CBF,AFY,ANN_AVE,2018,2017,RL,2018-03-31,IX,910.916666666667
RBI:CPI_RL_AV_YRND_RN(1.0),N_A,BY_1986-87,C_GIAG_CBF,AFY,YR_END,2018,2017,RL,2018-03-31,IX,933.0
RBI:CPI_RL_AV_YRND_RN(1.0),N_A,BY_1986-87,C_GIAG_FG,AFY,ANN_AVE,2018,2017,RL,2018-03-31,IX,851.583333333333
RBI:CPI_RL_AV_YRND_RN(1.0),N_A,BY_1986-87,C_GIAG_FG,AFY,YR_END,2018,2017,RL,2018-03-31,IX,835.0
RBI:CPI_RL_AV_YRND_RN(1.0),N_A,BY_1986-87,C_GIAG_FL,AFY,ANN_AVE,2018,2017,RL,2018-03-31,IX,1000.5
RBI:CPI_RL_AV_YRND_RN(1.0),N_A,BY_1986-87,C_GIAG_FL,AFY,YR_END,2018,2017,RL,2018-03-31,IX,1021.0
RBI:CPI_RL_AV_YRND_RN(1.0),N_A,BY_1986-87,C_GIAG_MS,AFY,ANN_AVE,2018,2017,RL,2018-03-31,IX,891.75
RBI:CPI_RL_AV_YRND_RN(1.0),N_A,BY_1986-87,C_GIAG_MS,AFY,YR_END,2018,2017,RL,2018-03-31,IX,925.0
RBI:CPI_RL_AV_YRND_RN(1.0),N_A,BY_1986-87,C_GIAG_PSTI,AFY,ANN_AVE,2018,2017,RL,2018-03-31,IX,1457.083333333333
RBI:CPI_RL_AV_YRND_RN(1.0),N_A,BY_1986-87,C_GIAG_PSTI,AFY,YR_END,2018,2017,RL,2018-03-31,IX,1524.0
RBI:CPI_RL_AV_YRND_RN(1.0),N_A,BY_1986-87,C_GIAG,AFY,ANN_AVE,2019,2018,RL,2019-03-31,IX,915.083333333333
RBI:CPI_RL_AV_YRND_RN(1.0),N_A,BY_1986-87,C_GIAG,AFY,YR_END,2019,2018,RL,2019-03-31,IX,932.0
RBI:CPI_RL_AV_YRND_RN(1.0),N_A,BY_1986-87,C_GIAG_CBF,AFY,ANN_AVE,2019,2018,RL,2019-03-31,IX,955.666666666667
RBI:CPI_RL_AV_YRND_RN(1.0),N_A,BY_1986-87,C_GIAG_CBF,AFY,YR_END,2019,2018,RL,2019-03-31,IX,974.0
RBI:CPI_RL_AV_YRND_RN(1.0),N_A,BY_1986-87,C_GIAG_FG,AFY,ANN_AVE,2019,2018,RL,2019-03-31,IX,855.25
RBI:CPI_RL_AV_YRND_RN(1.0),N_A,BY_1986-87,C_GIAG_FG,AFY,YR_END,2019,2018,RL,2019-03-31,IX,870.0
RBI:CPI_RL_AV_YRND_RN(1.0),N_A,BY_1986-87,C_GIAG_FL,AFY,ANN_AVE,2019,2018,RL,2019-03-31,IX,1038.916666666667
RBI:CPI_RL_AV_YRND_RN(1.0),N_A,BY_1986-87,C_GIAG_FL,AFY,YR_END,2019,2018,RL,2019-03-31,IX,1056.0
RBI:CPI_RL_AV_YRND_RN(1.0),N_A,BY_1986-87,C_GIAG_MS,AFY,ANN_AVE,2019,2018,RL,2019-03-31,IX,950.666666666667
RBI:CPI_RL_AV_YRND_RN(1.0),N_A,BY_1986-87,C_GIAG_MS,AFY,YR_END,2019,2018,RL,2019-03-31,IX,968.0
RBI:CPI_RL_AV_YRND_RN(1.0),N_A,BY_1986-87,C_GIAG_PSTI,AFY,ANN_AVE,2019,2018,RL,2019-03-31,IX,1547.583333333333
RBI:CPI_RL_AV_YRND_RN(1.0),N_A,BY_1986-87,C_GIAG_PSTI,AFY,YR_END,2019,2018,RL,2019-03-31,IX,1587.0
RBI:CPI_RL_AV_YRND_RN(1.0),N_A,BY_1986-87,C_GIAG,AFY,ANN_AVE,2020,2019,RL,2020-03-31,IX,986.0
RBI:CPI_RL_AV_YRND_RN(1.0),N_A,BY_1986-87,C_GIAG,AFY,YR_END,2020,2019,RL,2020-03-31,IX,1013.0
RBI:CPI_RL_AV_YRND_RN(1.0),N_A,BY_1986-87,C_GIAG_CBF,AFY,ANN_AVE,2020,2019,RL,2020-03-31,IX,1001.454545454546
RBI:CPI_RL_AV_YRND_RN(1.0),N_A,BY_1986-87,C_GIAG_CBF,AFY,YR_END,2020,2019,RL,2020-03-31,IX,1022.0
RBI:CPI_RL_AV_YRND_RN(1.0),N_A,BY_1986-87,C_GIAG_FG,AFY,ANN_AVE,2020,2019,RL,2020-03-31,IX,939.0
RBI:CPI_RL_AV_YRND_RN(1.0),N_A,BY_1986-87,C_GIAG_FG,AFY,YR_END,2020,2019,RL,2020-03-31,IX,966.0
RBI:CPI_RL_AV_YRND_RN(1.0),N_A,BY_1986-87,C_GIAG_FL,AFY,ANN_AVE,2020,2019,RL,2020-03-31,IX,1080.363636363636
RBI:CPI_RL_AV_YRND_RN(1.0),N_A,BY_1986-87,C_GIAG_FL,AFY,YR_END,2020,2019,RL,2020-03-31,IX,1098.0
RBI:CPI_RL_AV_YRND_RN(1.0),N_A,BY_1986-87,C_GIAG_MS,AFY,ANN_AVE,2020,2019,RL,2020-03-31,IX,996.727272727273
RBI:CPI_RL_AV_YRND_RN(1.0),N_A,BY_1986-87,C_GIAG_MS,AFY,YR_END,2020,2019,RL,2020-03-31,IX,1024.0
RBI:CPI_RL_AV_YRND_RN(1.0),N_A,BY_1986-87,C_GIAG_PSTI,AFY,ANN_AVE,2020,2019,RL,2020-03-31,IX,1625.545454545455
RBI:CPI_RL_AV_YRND_RN(1.0),N_A,BY_1986-87,C_GIAG_PSTI,AFY,YR_END,2020,2019,RL,2020-03-31,IX,1659.0
RBI:CPI_RL_AV_YRND_RN(1.0),N_A,BY_1986-87,C_GIAG,AFY,ANN_AVE,2021,2020,RL,2021-03-31,IX,1039.916666666667
RBI:CPI_RL_AV_YRND_RN(1.0),N_A,BY_1986-87,C_GIAG,AFY,YR_END,2021,2020,RL,2021-03-31,IX,1043.0
RBI:CPI_RL_AV_YRND_RN(1.0),N_A,BY_1986-87,C_GIAG_CBF,AFY,ANN_AVE,2021,2020,RL,2021-03-31,IX,1037.916666666667
RBI:CPI_RL_AV_YRND_RN(1.0),N_A,BY_1986-87,C_GIAG_CBF,AFY,YR_END,2021,2020,RL,2021-03-31,IX,1062.0
RBI:CPI_RL_AV_YRND_RN(1.0),N_A,BY_1986-87,C_GIAG_FG,AFY,ANN_AVE,2021,2020,RL,2021-03-31,IX,995.416666666667
RBI:CPI_RL_AV_YRND_RN(1.0),N_A,BY_1986-87,C_GIAG_FG,AFY,YR_END,2021,2020,RL,2021-03-31,IX,984.0
RBI:CPI_RL_AV_YRND_RN(1.0),N_A,BY_1986-87,C_GIAG_FL,AFY,ANN_AVE,2021,2020,RL,2021-03-31,IX,1095.166666666667
RBI:CPI_RL_AV_YRND_RN(1.0),N_A,BY_1986-87,C_GIAG_FL,AFY,YR_END,2021,2020,RL,2021-03-31,IX,1106.0
RBI:CPI_RL_AV_YRND_RN(1.0),N_A,BY_1986-87,C_GIAG_MS,AFY,ANN_AVE,2021,2020,RL,2021-03-31,IX,1053.666666666667
RBI:CPI_RL_AV_YRND_RN(1.0),N_A,BY_1986-87,C_GIAG_MS,AFY,YR_END,2021,2020,RL,2021-03-31,IX,1091.0
RBI:CPI_RL_AV_YRND_RN(1.0),N_A,BY_1986-87,C_GIAG_PSTI,AFY,ANN_AVE,2021,2020,RL,2021-03-31,IX,1725.0
RBI:CPI_RL_AV_YRND_RN(1.0),N_A,BY_1986-87,C_GIAG_PSTI,AFY,YR_END,2021,2020,RL,2021-03-31,IX,1802.0
RBI:CPI_RL_AV_YRND_RN(1.0),N_A,BY_1986-87,C_GIAG,AFY,ANN_AVE,2022,2021,RL,2022-03-31,IX,1084.0
RBI:CPI_RL_AV_YRND_RN(1.0),N_A,BY_1986-87,C_GIAG,AFY,YR_END,2022,2021,RL,2022-03-31,IX,1109.0
RBI:CPI_RL_AV_YRND_RN(1.0),N_A,BY_1986-87,C_GIAG_CBF,AFY,ANN_AVE,2022,2021,RL,2022-03-31,IX,1117.25
RBI:CPI_RL_AV_YRND_RN(1.0),N_A,BY_1986-87,C_GIAG_CBF,AFY,YR_END,2022,2021,RL,2022-03-31,IX,1179.0
RBI:CPI_RL_AV_YRND_RN(1.0),N_A,BY_1986-87,C_GIAG_FG,AFY,ANN_AVE,2022,2021,RL,2022-03-31,IX,1020.5
RBI:CPI_RL_AV_YRND_RN(1.0),N_A,BY_1986-87,C_GIAG_FG,AFY,YR_END,2022,2021,RL,2022-03-31,IX,1032.0
RBI:CPI_RL_AV_YRND_RN(1.0),N_A,BY_1986-87,C_GIAG_FL,AFY,ANN_AVE,2022,2021,RL,2022-03-31,IX,1166.166666666667
RBI:CPI_RL_AV_YRND_RN(1.0),N_A,BY_1986-87,C_GIAG_FL,AFY,YR_END,2022,2021,RL,2022-03-31,IX,1216.0
RBI:CPI_RL_AV_YRND_RN(1.0),N_A,BY_1986-87,C_GIAG_MS,AFY,ANN_AVE,2022,2021,RL,2022-03-31,IX,1132.833333333333
RBI:CPI_RL_AV_YRND_RN(1.0),N_A,BY_1986-87,C_GIAG_MS,AFY,YR_END,2022,2021,RL,2022-03-31,IX,1172.0
RBI:CPI_RL_AV_YRND_RN(1.0),N_A,BY_1986-87,C_GIAG_PSTI,AFY,ANN_AVE,2022,2021,RL,2022-03-31,IX,1855.666666666667
RBI:CPI_RL_AV_YRND_RN(1.0),N_A,BY_1986-87,C_GIAG_PSTI,AFY,YR_END,2022,2021,RL,2022-03-31,IX,1924.0
RBI:CPI_RL_AV_YRND_RN(1.0),N_A,BY_1986-87,C_GIAG,AFY,ANN_AVE,2023,2022,RL,2023-03-31,IX,1159.916666666667
RBI:CPI_RL_AV_YRND_RN(1.0),N_A,BY_1986-87,C_GIAG,AFY,YR_END,2023,2022,RL,2023-03-31,IX,1186.0
RBI:CPI_RL_AV_YRND_RN(1.0),N_A,BY_1986-87,C_GIAG_CBF,AFY,ANN_AVE,2023,2022,RL,2023-03-31,IX,1245.5
RBI:CPI_RL_AV_YRND_RN(1.0),N_A,BY_1986-87,C_GIAG_CBF,AFY,YR_END,2023,2022,RL,2023-03-31,IX,1286.0
RBI:CPI_RL_AV_YRND_RN(1.0),N_A,BY_1986-87,C_GIAG_FG,AFY,ANN_AVE,2023,2022,RL,2023-03-31,IX,1083.666666666667
RBI:CPI_RL_AV_YRND_RN(1.0),N_A,BY_1986-87,C_GIAG_FG,AFY,YR_END,2023,2022,RL,2023-03-31,IX,1105.0
RBI:CPI_RL_AV_YRND_RN(1.0),N_A,BY_1986-87,C_GIAG_FL,AFY,ANN_AVE,2023,2022,RL,2023-03-31,IX,1266.25
RBI:CPI_RL_AV_YRND_RN(1.0),N_A,BY_1986-87,C_GIAG_FL,AFY,YR_END,2023,2022,RL,2023-03-31,IX,1290.0
RBI:CPI_RL_AV_YRND_RN(1.0),N_A,BY_1986-87,C_GIAG_MS,AFY,ANN_AVE,2023,2022,RL,2023-03-31,IX,1217.25
RBI:CPI_RL_AV_YRND_RN(1.0),N_A,BY_1986-87,C_GIAG_MS,AFY,YR_END,2023,2022,RL,2023-03-31,IX,1255.0
RBI:CPI_RL_AV_YRND_RN(1.0),N_A,BY_1986-87,C_GIAG_PSTI,AFY,ANN_AVE,2023,2022,RL,2023-03-31,IX,1946.833333333333
RBI:CPI_RL_AV_YRND_RN(1.0),N_A,BY_1986-87,C_GIAG_PSTI,AFY,YR_END,2023,2022,RL,2023-03-31,IX,2005.0
RBI:CPI_RL_AV_YRND_RN(1.0),N_A,BY_1986-87,C_GIAG,AFY,ANN_AVE,2024,2023,RL,2024-03-31,IX,1240.0
RBI:CPI_RL_AV_YRND_RN(1.0),N_A,BY_1986-87,C_GIAG,AFY,YR_END,2024,2023,RL,2024-03-31,IX,1240.0
RBI:CPI_RL_AV_YRND_RN(1.0),N_A,BY_1986-87,C_GIAG_CBF,AFY,ANN_AVE,2024,2023,RL,2024-03-31,IX,1313.58333333333
RBI:CPI_RL_AV_YRND_RN(1.0),N_A,BY_1986-87,C_GIAG_CBF,AFY,YR_END,2024,2023,RL,2024-03-31,IX,1313.58333333333
RBI:CPI_RL_AV_YRND_RN(1.0),N_A,BY_1986-87,C_GIAG_FG,AFY,ANN_AVE,2024,2023,RL,2024-03-31,IX,1172.41666666667
RBI:CPI_RL_AV_YRND_RN(1.0),N_A,BY_1986-87,C_GIAG_FG,AFY,YR_END,2024,2023,RL,2024-03-31,IX,1172.41666666667
RBI:CPI_RL_AV_YRND_RN(1.0),N_A,BY_1986-87,C_GIAG_FL,AFY,ANN_AVE,2024,2023,RL,2024-03-31,IX,1303.5
RBI:CPI_RL_AV_YRND_RN(1.0),N_A,BY_1986-87,C_GIAG_FL,AFY,YR_END,2024,2023,RL,2024-03-31,IX,1303.5
RBI:CPI_RL_AV_YRND_RN(1.0),N_A,BY_1986-87,C_GIAG_MS,AFY,ANN_AVE,2024,2023,RL,2024-03-31,IX,1282.83333333333
RBI:CPI_RL_AV_YRND_RN(1.0),N_A,BY_1986-87,C_GIAG_MS,AFY,YR_END,2024,2023,RL,2024-03-31,IX,1282.83333333333
RBI:CPI_RL_AV_YRND_RN(1.0),N_A,BY_1986-87,C_GIAG_PSTI,AFY,ANN_AVE,2024,2023,RL,2024-03-31,IX,2018.25
RBI:CPI_RL_AV_YRND_RN(1.0),N_A,BY_1986-87,C_GIAG_PSTI,AFY,YR_END,2024,2023,RL,2024-03-31,IX,2018.25
RBI:CPI_RL_AV_YRND_RN(1.0),N_A,BY_1986-87,C_GIAG,AFY,ANN_AVE,2025,2024,RL,2025-03-31,IX,1310.91666666667
RBI:CPI_RL_AV_YRND_RN(1.0),N_A,BY_1986-87,C_GIAG,AFY,YR_END,2025,2024,RL,2025-03-31,IX,1310.91666666667
RBI:CPI_RL_AV_YRND_RN(1.0),N_A,BY_1986-87,C_GIAG_CBF,AFY,ANN_AVE,2025,2024,RL,2025-03-31,IX,1378.5
RBI:CPI_RL_AV_YRND_RN(1.0),N_A,BY_1986-87,C_GIAG_CBF,AFY,YR_END,2025,2024,RL,2025-03-31,IX,1378.5
RBI:CPI_RL_AV_YRND_RN(1.0),N_A,BY_1986-87,C_GIAG_FG,AFY,ANN_AVE,2025,2024,RL,2025-03-31,IX,1245.5
RBI:CPI_RL_AV_YRND_RN(1.0),N_A,BY_1986-87,C_GIAG_FG,AFY,YR_END,2025,2024,RL,2025-03-31,IX,1245.5
RBI:CPI_RL_AV_YRND_RN(1.0),N_A,BY_1986-87,C_GIAG_FL,AFY,ANN_AVE,2025,2024,RL,2025-03-31,IX,1358.58333333333
RBI:CPI_RL_AV_YRND_RN(1.0),N_A,BY_1986-87,C_GIAG_FL,AFY,YR_END,2025,2024,RL,2025-03-31,IX,1358.58333333333
RBI:CPI_RL_AV_YRND_RN(1.0),N_A,BY_1986-87,C_GIAG_MS,AFY,ANN_AVE,2025,2024,RL,2025-03-31,IX,1364.5
RBI:CPI_RL_AV_YRND_RN(1.0),N_A,BY_1986-87,C_GIAG_MS,AFY,YR_END,2025,2024,RL,2025-03-31,IX,1364.5
RBI:CPI_RL_AV_YRND_RN(1.0),N_A,BY_1986-87,C_GIAG_PSTI,AFY,ANN_AVE,2025,2024,RL,2025-03-31,IX,2090.25
RBI:CPI_RL_AV_YRND_RN(1.0),N_A,BY_1986-87,C_GIAG_PSTI,AFY,YR_END,2025,2024,RL,2025-03-31,IX,2090.25
