DATAFLOW,AUDST,BASE_PER,FREQ,MEASURE_RN,REPYEAREND,REPYEARSTART,WPI_COM_CLS_RN,TIME_PERIOD,UNIT_MEASURE,OBS_VALUE
RBI:WHOLE_PRICE_INDEX_AVG_VAR_RN(1.0),N_A,BY_1981_82,AFY,ANL_VAR,1986,1985,WPI01,1986-03-31,IX,4.5
RBI:WHOLE_PRICE_INDEX_AVG_VAR_RN(1.0),N_A,BY_1981_82,AFY,ANL_VAR,1986,1985,WPI0101,1986-03-31,IX,0.1
RBI:WHOLE_PRICE_INDEX_AVG_VAR_RN(1.0),N_A,BY_1981_82,AFY,ANL_VAR,1986,1985,WPI010101,1986-03-31,IX,1.7
RBI:WHOLE_PRICE_INDEX_AVG_VAR_RN(1.0),N_A,BY_1981_82,AFY,ANL_VAR,1986,1985,WPI010102,1986-03-31,IX,-3.3
RBI:WHOLE_PRICE_INDEX_AVG_VAR_RN(1.0),N_A,BY_1981_82,AFY,ANL_VAR,1986,1985,WPI0102,1986-03-31,IX,10.7
RBI:WHOLE_PRICE_INDEX_AVG_VAR_RN(1.0),N_A,BY_1981_82,AFY,ANL_VAR,1986,1985,WPI0103,1986-03-31,IX,6.0
RBI:WHOLE_PRICE_INDEX_AVG_VAR_RN(1.0),N_A,BY_1981_82,AFY,ANNUAL_AVE,1986,1985,WPI01,1986-03-31,IX,125.4
RBI:WHOLE_PRICE_INDEX_AVG_VAR_RN(1.0),N_A,BY_1981_82,AFY,ANNUAL_AVE,1986,1985,WPI0101,1986-03-31,IX,125.7
RBI:WHOLE_PRICE_INDEX_AVG_VAR_RN(1.0),N_A,BY_1981_82,AFY,ANNUAL_AVE,1986,1985,WPI010101,1986-03-31,IX,134.1
RBI:WHOLE_PRICE_INDEX_AVG_VAR_RN(1.0),N_A,BY_1981_82,AFY,ANNUAL_AVE,1986,1985,WPI010102,1986-03-31,IX,120.4
RBI:WHOLE_PRICE_INDEX_AVG_VAR_RN(1.0),N_A,BY_1981_82,AFY,ANNUAL_AVE,1986,1985,WPI0102,1986-03-31,IX,129.9
RBI:WHOLE_PRICE_INDEX_AVG_VAR_RN(1.0),N_A,BY_1981_82,AFY,ANNUAL_AVE,1986,1985,WPI0103,1986-03-31,IX,124.5
RBI:WHOLE_PRICE_INDEX_AVG_VAR_RN(1.0),N_A,BY_1981_82,AFY,ANL_VAR,1987,1986,WPI01,1987-03-31,IX,5.8
RBI:WHOLE_PRICE_INDEX_AVG_VAR_RN(1.0),N_A,BY_1981_82,AFY,ANL_VAR,1987,1986,WPI0101,1987-03-31,IX,9.1
RBI:WHOLE_PRICE_INDEX_AVG_VAR_RN(1.0),N_A,BY_1981_82,AFY,ANL_VAR,1987,1986,WPI010101,1987-03-31,IX,10.2
RBI:WHOLE_PRICE_INDEX_AVG_VAR_RN(1.0),N_A,BY_1981_82,AFY,ANL_VAR,1987,1986,WPI010102,1987-03-31,IX,11.3
RBI:WHOLE_PRICE_INDEX_AVG_VAR_RN(1.0),N_A,BY_1981_82,AFY,ANL_VAR,1987,1986,WPI0102,1987-03-31,IX,6.7
RBI:WHOLE_PRICE_INDEX_AVG_VAR_RN(1.0),N_A,BY_1981_82,AFY,ANL_VAR,1987,1986,WPI0103,1987-03-31,IX,3.7
RBI:WHOLE_PRICE_INDEX_AVG_VAR_RN(1.0),N_A,BY_1981_82,AFY,ANNUAL_AVE,1987,1986,WPI01,1987-03-31,IX,132.7
RBI:WHOLE_PRICE_INDEX_AVG_VAR_RN(1.0),N_A,BY_1981_82,AFY,ANNUAL_AVE,1987,1986,WPI0101,1987-03-31,IX,137.1
RBI:WHOLE_PRICE_INDEX_AVG_VAR_RN(1.0),N_A,BY_1981_82,AFY,ANNUAL_AVE,1987,1986,WPI010101,1987-03-31,IX,147.8
RBI:WHOLE_PRICE_INDEX_AVG_VAR_RN(1.0),N_A,BY_1981_82,AFY,ANNUAL_AVE,1987,1986,WPI010102,1987-03-31,IX,134.1
RBI:WHOLE_PRICE_INDEX_AVG_VAR_RN(1.0),N_A,BY_1981_82,AFY,ANNUAL_AVE,1987,1986,WPI0102,1987-03-31,IX,138.6
RBI:WHOLE_PRICE_INDEX_AVG_VAR_RN(1.0),N_A,BY_1981_82,AFY,ANNUAL_AVE,1987,1986,WPI0103,1987-03-31,IX,129.2
RBI:WHOLE_PRICE_INDEX_AVG_VAR_RN(1.0),N_A,BY_1981_82,AFY,ANL_VAR,1988,1987,WPI01,1988-03-31,IX,8.2
RBI:WHOLE_PRICE_INDEX_AVG_VAR_RN(1.0),N_A,BY_1981_82,AFY,ANL_VAR,1988,1987,WPI0101,1988-03-31,IX,11.3
RBI:WHOLE_PRICE_INDEX_AVG_VAR_RN(1.0),N_A,BY_1981_82,AFY,ANL_VAR,1988,1987,WPI010101,1988-03-31,IX,9.0
RBI:WHOLE_PRICE_INDEX_AVG_VAR_RN(1.0),N_A,BY_1981_82,AFY,ANL_VAR,1988,1987,WPI010102,1988-03-31,IX,21.6
RBI:WHOLE_PRICE_INDEX_AVG_VAR_RN(1.0),N_A,BY_1981_82,AFY,ANL_VAR,1988,1987,WPI0102,1988-03-31,IX,3.5
RBI:WHOLE_PRICE_INDEX_AVG_VAR_RN(1.0),N_A,BY_1981_82,AFY,ANL_VAR,1988,1987,WPI0103,1988-03-31,IX,7.3
RBI:WHOLE_PRICE_INDEX_AVG_VAR_RN(1.0),N_A,BY_1981_82,AFY,ANNUAL_AVE,1988,1987,WPI01,1988-03-31,IX,143.5
RBI:WHOLE_PRICE_INDEX_AVG_VAR_RN(1.0),N_A,BY_1981_82,AFY,ANNUAL_AVE,1988,1987,WPI0101,1988-03-31,IX,152.6
RBI:WHOLE_PRICE_INDEX_AVG_VAR_RN(1.0),N_A,BY_1981_82,AFY,ANNUAL_AVE,1988,1987,WPI010101,1988-03-31,IX,161.1
RBI:WHOLE_PRICE_INDEX_AVG_VAR_RN(1.0),N_A,BY_1981_82,AFY,ANNUAL_AVE,1988,1987,WPI010102,1988-03-31,IX,163.0
RBI:WHOLE_PRICE_INDEX_AVG_VAR_RN(1.0),N_A,BY_1981_82,AFY,ANNUAL_AVE,1988,1987,WPI0102,1988-03-31,IX,143.3
RBI:WHOLE_PRICE_INDEX_AVG_VAR_RN(1.0),N_A,BY_1981_82,AFY,ANNUAL_AVE,1988,1987,WPI0103,1988-03-31,IX,138.5
RBI:WHOLE_PRICE_INDEX_AVG_VAR_RN(1.0),N_A,BY_1981_82,AFY,ANL_VAR,1989,1988,WPI01,1989-03-31,IX,7.5
RBI:WHOLE_PRICE_INDEX_AVG_VAR_RN(1.0),N_A,BY_1981_82,AFY,ANL_VAR,1989,1988,WPI0101,1989-03-31,IX,4.9
RBI:WHOLE_PRICE_INDEX_AVG_VAR_RN(1.0),N_A,BY_1981_82,AFY,ANL_VAR,1989,1988,WPI010101,1989-03-31,IX,9.9
RBI:WHOLE_PRICE_INDEX_AVG_VAR_RN(1.0),N_A,BY_1981_82,AFY,ANL_VAR,1989,1988,WPI010102,1989-03-31,IX,-1.7
RBI:WHOLE_PRICE_INDEX_AVG_VAR_RN(1.0),N_A,BY_1981_82,AFY,ANL_VAR,1989,1988,WPI0102,1989-03-31,IX,5.5
RBI:WHOLE_PRICE_INDEX_AVG_VAR_RN(1.0),N_A,BY_1981_82,AFY,ANL_VAR,1989,1988,WPI0103,1989-03-31,IX,9.4
RBI:WHOLE_PRICE_INDEX_AVG_VAR_RN(1.0),N_A,BY_1981_82,AFY,ANNUAL_AVE,1989,1988,WPI01,1989-03-31,IX,154.3
RBI:WHOLE_PRICE_INDEX_AVG_VAR_RN(1.0),N_A,BY_1981_82,AFY,ANNUAL_AVE,1989,1988,WPI0101,1989-03-31,IX,160.1
RBI:WHOLE_PRICE_INDEX_AVG_VAR_RN(1.0),N_A,BY_1981_82,AFY,ANNUAL_AVE,1989,1988,WPI010101,1989-03-31,IX,177.1
RBI:WHOLE_PRICE_INDEX_AVG_VAR_RN(1.0),N_A,BY_1981_82,AFY,ANNUAL_AVE,1989,1988,WPI010102,1989-03-31,IX,160.2
RBI:WHOLE_PRICE_INDEX_AVG_VAR_RN(1.0),N_A,BY_1981_82,AFY,ANNUAL_AVE,1989,1988,WPI0102,1989-03-31,IX,151.2
RBI:WHOLE_PRICE_INDEX_AVG_VAR_RN(1.0),N_A,BY_1981_82,AFY,ANNUAL_AVE,1989,1988,WPI0103,1989-03-31,IX,151.5
RBI:WHOLE_PRICE_INDEX_AVG_VAR_RN(1.0),N_A,BY_1981_82,AFY,ANL_VAR,1990,1989,WPI01,1990-03-31,IX,7.4
RBI:WHOLE_PRICE_INDEX_AVG_VAR_RN(1.0),N_A,BY_1981_82,AFY,ANL_VAR,1990,1989,WPI0101,1990-03-31,IX,2.2
RBI:WHOLE_PRICE_INDEX_AVG_VAR_RN(1.0),N_A,BY_1981_82,AFY,ANL_VAR,1990,1989,WPI010101,1990-03-31,IX,1.3
RBI:WHOLE_PRICE_INDEX_AVG_VAR_RN(1.0),N_A,BY_1981_82,AFY,ANL_VAR,1990,1989,WPI010102,1990-03-31,IX,3.6
RBI:WHOLE_PRICE_INDEX_AVG_VAR_RN(1.0),N_A,BY_1981_82,AFY,ANL_VAR,1990,1989,WPI0102,1990-03-31,IX,3.6
RBI:WHOLE_PRICE_INDEX_AVG_VAR_RN(1.0),N_A,BY_1981_82,AFY,ANL_VAR,1990,1989,WPI0103,1990-03-31,IX,11.2
RBI:WHOLE_PRICE_INDEX_AVG_VAR_RN(1.0),N_A,BY_1981_82,AFY,ANNUAL_AVE,1990,1989,WPI01,1990-03-31,IX,165.7
RBI:WHOLE_PRICE_INDEX_AVG_VAR_RN(1.0),N_A,BY_1981_82,AFY,ANNUAL_AVE,1990,1989,WPI0101,1990-03-31,IX,163.6
RBI:WHOLE_PRICE_INDEX_AVG_VAR_RN(1.0),N_A,BY_1981_82,AFY,ANNUAL_AVE,1990,1989,WPI010101,1990-03-31,IX,179.3
RBI:WHOLE_PRICE_INDEX_AVG_VAR_RN(1.0),N_A,BY_1981_82,AFY,ANNUAL_AVE,1990,1989,WPI010102,1990-03-31,IX,166.0
RBI:WHOLE_PRICE_INDEX_AVG_VAR_RN(1.0),N_A,BY_1981_82,AFY,ANNUAL_AVE,1990,1989,WPI0102,1990-03-31,IX,156.6
RBI:WHOLE_PRICE_INDEX_AVG_VAR_RN(1.0),N_A,BY_1981_82,AFY,ANNUAL_AVE,1990,1989,WPI0103,1990-03-31,IX,168.6
RBI:WHOLE_PRICE_INDEX_AVG_VAR_RN(1.0),N_A,BY_1981_82,AFY,ANL_VAR,1991,1990,WPI01,1991-03-31,IX,10.3
RBI:WHOLE_PRICE_INDEX_AVG_VAR_RN(1.0),N_A,BY_1981_82,AFY,ANL_VAR,1991,1990,WPI0101,1991-03-31,IX,13.0
RBI:WHOLE_PRICE_INDEX_AVG_VAR_RN(1.0),N_A,BY_1981_82,AFY,ANL_VAR,1991,1990,WPI010101,1991-03-31,IX,11.9
RBI:WHOLE_PRICE_INDEX_AVG_VAR_RN(1.0),N_A,BY_1981_82,AFY,ANL_VAR,1991,1990,WPI010102,1991-03-31,IX,17.0
RBI:WHOLE_PRICE_INDEX_AVG_VAR_RN(1.0),N_A,BY_1981_82,AFY,ANL_VAR,1991,1990,WPI0102,1991-03-31,IX,12.2
RBI:WHOLE_PRICE_INDEX_AVG_VAR_RN(1.0),N_A,BY_1981_82,AFY,ANL_VAR,1991,1990,WPI0103,1991-03-31,IX,8.4
RBI:WHOLE_PRICE_INDEX_AVG_VAR_RN(1.0),N_A,BY_1981_82,AFY,ANNUAL_AVE,1991,1990,WPI01,1991-03-31,IX,182.7
RBI:WHOLE_PRICE_INDEX_AVG_VAR_RN(1.0),N_A,BY_1981_82,AFY,ANNUAL_AVE,1991,1990,WPI0101,1991-03-31,IX,184.9
RBI:WHOLE_PRICE_INDEX_AVG_VAR_RN(1.0),N_A,BY_1981_82,AFY,ANNUAL_AVE,1991,1990,WPI010101,1991-03-31,IX,200.6
RBI:WHOLE_PRICE_INDEX_AVG_VAR_RN(1.0),N_A,BY_1981_82,AFY,ANNUAL_AVE,1991,1990,WPI010102,1991-03-31,IX,194.2
RBI:WHOLE_PRICE_INDEX_AVG_VAR_RN(1.0),N_A,BY_1981_82,AFY,ANNUAL_AVE,1991,1990,WPI0102,1991-03-31,IX,175.8
RBI:WHOLE_PRICE_INDEX_AVG_VAR_RN(1.0),N_A,BY_1981_82,AFY,ANNUAL_AVE,1991,1990,WPI0103,1991-03-31,IX,182.8
RBI:WHOLE_PRICE_INDEX_AVG_VAR_RN(1.0),N_A,BY_1981_82,AFY,ANL_VAR,1992,1991,WPI01,1992-03-31,IX,13.7
RBI:WHOLE_PRICE_INDEX_AVG_VAR_RN(1.0),N_A,BY_1981_82,AFY,ANL_VAR,1992,1991,WPI0101,1992-03-31,IX,18.1
RBI:WHOLE_PRICE_INDEX_AVG_VAR_RN(1.0),N_A,BY_1981_82,AFY,ANL_VAR,1992,1991,WPI010101,1992-03-31,IX,20.2
RBI:WHOLE_PRICE_INDEX_AVG_VAR_RN(1.0),N_A,BY_1981_82,AFY,ANL_VAR,1992,1991,WPI010102,1992-03-31,IX,18.0
RBI:WHOLE_PRICE_INDEX_AVG_VAR_RN(1.0),N_A,BY_1981_82,AFY,ANL_VAR,1992,1991,WPI0102,1992-03-31,IX,13.2
RBI:WHOLE_PRICE_INDEX_AVG_VAR_RN(1.0),N_A,BY_1981_82,AFY,ANL_VAR,1992,1991,WPI0103,1992-03-31,IX,11.3
RBI:WHOLE_PRICE_INDEX_AVG_VAR_RN(1.0),N_A,BY_1981_82,AFY,ANNUAL_AVE,1992,1991,WPI01,1992-03-31,IX,207.8
RBI:WHOLE_PRICE_INDEX_AVG_VAR_RN(1.0),N_A,BY_1981_82,AFY,ANNUAL_AVE,1992,1991,WPI0101,1992-03-31,IX,218.4
RBI:WHOLE_PRICE_INDEX_AVG_VAR_RN(1.0),N_A,BY_1981_82,AFY,ANNUAL_AVE,1992,1991,WPI010101,1992-03-31,IX,241.2
RBI:WHOLE_PRICE_INDEX_AVG_VAR_RN(1.0),N_A,BY_1981_82,AFY,ANNUAL_AVE,1992,1991,WPI010102,1992-03-31,IX,229.2
RBI:WHOLE_PRICE_INDEX_AVG_VAR_RN(1.0),N_A,BY_1981_82,AFY,ANNUAL_AVE,1992,1991,WPI0102,1992-03-31,IX,199.0
RBI:WHOLE_PRICE_INDEX_AVG_VAR_RN(1.0),N_A,BY_1981_82,AFY,ANNUAL_AVE,1992,1991,WPI0103,1992-03-31,IX,203.4
RBI:WHOLE_PRICE_INDEX_AVG_VAR_RN(1.0),N_A,BY_1981_82,AFY,ANL_VAR,1993,1992,WPI01,1993-03-31,IX,10.0
RBI:WHOLE_PRICE_INDEX_AVG_VAR_RN(1.0),N_A,BY_1981_82,AFY,ANL_VAR,1993,1992,WPI0101,1993-03-31,IX,7.4
RBI:WHOLE_PRICE_INDEX_AVG_VAR_RN(1.0),N_A,BY_1981_82,AFY,ANL_VAR,1993,1992,WPI010101,1993-03-31,IX,12.4
RBI:WHOLE_PRICE_INDEX_AVG_VAR_RN(1.0),N_A,BY_1981_82,AFY,ANL_VAR,1993,1992,WPI010102,1993-03-31,IX,-0.3
RBI:WHOLE_PRICE_INDEX_AVG_VAR_RN(1.0),N_A,BY_1981_82,AFY,ANL_VAR,1993,1992,WPI0102,1993-03-31,IX,14.1
RBI:WHOLE_PRICE_INDEX_AVG_VAR_RN(1.0),N_A,BY_1981_82,AFY,ANL_VAR,1993,1992,WPI0103,1993-03-31,IX,10.9
RBI:WHOLE_PRICE_INDEX_AVG_VAR_RN(1.0),N_A,BY_1981_82,AFY,ANNUAL_AVE,1993,1992,WPI01,1993-03-31,IX,228.7
RBI:WHOLE_PRICE_INDEX_AVG_VAR_RN(1.0),N_A,BY_1981_82,AFY,ANNUAL_AVE,1993,1992,WPI0101,1993-03-31,IX,234.6
RBI:WHOLE_PRICE_INDEX_AVG_VAR_RN(1.0),N_A,BY_1981_82,AFY,ANNUAL_AVE,1993,1992,WPI010101,1993-03-31,IX,271.0
RBI:WHOLE_PRICE_INDEX_AVG_VAR_RN(1.0),N_A,BY_1981_82,AFY,ANNUAL_AVE,1993,1992,WPI010102,1993-03-31,IX,228.7
RBI:WHOLE_PRICE_INDEX_AVG_VAR_RN(1.0),N_A,BY_1981_82,AFY,ANNUAL_AVE,1993,1992,WPI0102,1993-03-31,IX,227.1
RBI:WHOLE_PRICE_INDEX_AVG_VAR_RN(1.0),N_A,BY_1981_82,AFY,ANNUAL_AVE,1993,1992,WPI0103,1993-03-31,IX,225.6
RBI:WHOLE_PRICE_INDEX_AVG_VAR_RN(1.0),N_A,BY_1981_82,AFY,ANL_VAR,1994,1993,WPI01,1994-03-31,IX,8.3
RBI:WHOLE_PRICE_INDEX_AVG_VAR_RN(1.0),N_A,BY_1981_82,AFY,ANL_VAR,1994,1993,WPI0101,1994-03-31,IX,6.9
RBI:WHOLE_PRICE_INDEX_AVG_VAR_RN(1.0),N_A,BY_1981_82,AFY,ANL_VAR,1994,1993,WPI010101,1994-03-31,IX,5.0
RBI:WHOLE_PRICE_INDEX_AVG_VAR_RN(1.0),N_A,BY_1981_82,AFY,ANL_VAR,1994,1993,WPI010102,1994-03-31,IX,8.9
RBI:WHOLE_PRICE_INDEX_AVG_VAR_RN(1.0),N_A,BY_1981_82,AFY,ANL_VAR,1994,1993,WPI0102,1994-03-31,IX,15.6
RBI:WHOLE_PRICE_INDEX_AVG_VAR_RN(1.0),N_A,BY_1981_82,AFY,ANL_VAR,1994,1993,WPI0103,1994-03-31,IX,7.8
RBI:WHOLE_PRICE_INDEX_AVG_VAR_RN(1.0),N_A,BY_1981_82,AFY,ANNUAL_AVE,1994,1993,WPI01,1994-03-31,IX,247.8
RBI:WHOLE_PRICE_INDEX_AVG_VAR_RN(1.0),N_A,BY_1981_82,AFY,ANNUAL_AVE,1994,1993,WPI0101,1994-03-31,IX,250.9
RBI:WHOLE_PRICE_INDEX_AVG_VAR_RN(1.0),N_A,BY_1981_82,AFY,ANNUAL_AVE,1994,1993,WPI010101,1994-03-31,IX,284.4
RBI:WHOLE_PRICE_INDEX_AVG_VAR_RN(1.0),N_A,BY_1981_82,AFY,ANNUAL_AVE,1994,1993,WPI010102,1994-03-31,IX,249.1
RBI:WHOLE_PRICE_INDEX_AVG_VAR_RN(1.0),N_A,BY_1981_82,AFY,ANNUAL_AVE,1994,1993,WPI0102,1994-03-31,IX,262.4
RBI:WHOLE_PRICE_INDEX_AVG_VAR_RN(1.0),N_A,BY_1981_82,AFY,ANNUAL_AVE,1994,1993,WPI0103,1994-03-31,IX,243.2
RBI:WHOLE_PRICE_INDEX_AVG_VAR_RN(1.0),N_A,BY_1993_94,AFY,ANL_VAR,1995,1994,WPI01,1995-03-31,IX,12.6
RBI:WHOLE_PRICE_INDEX_AVG_VAR_RN(1.0),N_A,BY_1993_94,AFY,ANL_VAR,1995,1994,WPI0101,1995-03-31,IX,15.8
RBI:WHOLE_PRICE_INDEX_AVG_VAR_RN(1.0),N_A,BY_1993_94,AFY,ANL_VAR,1995,1994,WPI010101,1995-03-31,IX,12.8
RBI:WHOLE_PRICE_INDEX_AVG_VAR_RN(1.0),N_A,BY_1993_94,AFY,ANL_VAR,1995,1994,WPI010102,1995-03-31,IX,24.2
RBI:WHOLE_PRICE_INDEX_AVG_VAR_RN(1.0),N_A,BY_1993_94,AFY,ANL_VAR,1995,1994,WPI0102,1995-03-31,IX,8.9
RBI:WHOLE_PRICE_INDEX_AVG_VAR_RN(1.0),N_A,BY_1993_94,AFY,ANL_VAR,1995,1994,WPI0103,1995-03-31,IX,12.3
RBI:WHOLE_PRICE_INDEX_AVG_VAR_RN(1.0),N_A,BY_1993_94,AFY,ANNUAL_AVE,1995,1994,WPI01,1995-03-31,IX,112.6
RBI:WHOLE_PRICE_INDEX_AVG_VAR_RN(1.0),N_A,BY_1993_94,AFY,ANNUAL_AVE,1995,1994,WPI0101,1995-03-31,IX,115.8
RBI:WHOLE_PRICE_INDEX_AVG_VAR_RN(1.0),N_A,BY_1993_94,AFY,ANNUAL_AVE,1995,1994,WPI010101,1995-03-31,IX,112.8
RBI:WHOLE_PRICE_INDEX_AVG_VAR_RN(1.0),N_A,BY_1993_94,AFY,ANNUAL_AVE,1995,1994,WPI010102,1995-03-31,IX,124.2
RBI:WHOLE_PRICE_INDEX_AVG_VAR_RN(1.0),N_A,BY_1993_94,AFY,ANNUAL_AVE,1995,1994,WPI0102,1995-03-31,IX,108.9
RBI:WHOLE_PRICE_INDEX_AVG_VAR_RN(1.0),N_A,BY_1993_94,AFY,ANNUAL_AVE,1995,1994,WPI0103,1995-03-31,IX,112.3
RBI:WHOLE_PRICE_INDEX_AVG_VAR_RN(1.0),N_A,BY_1993_94,AFY,ANL_VAR,1996,1995,WPI01,1996-03-31,IX,8.0
RBI:WHOLE_PRICE_INDEX_AVG_VAR_RN(1.0),N_A,BY_1993_94,AFY,ANL_VAR,1996,1995,WPI0101,1996-03-31,IX,8.2
RBI:WHOLE_PRICE_INDEX_AVG_VAR_RN(1.0),N_A,BY_1993_94,AFY,ANL_VAR,1996,1995,WPI010101,1996-03-31,IX,8.3
RBI:WHOLE_PRICE_INDEX_AVG_VAR_RN(1.0),N_A,BY_1993_94,AFY,ANL_VAR,1996,1995,WPI010102,1996-03-31,IX,9.0
RBI:WHOLE_PRICE_INDEX_AVG_VAR_RN(1.0),N_A,BY_1993_94,AFY,ANL_VAR,1996,1995,WPI0102,1996-03-31,IX,5.1
RBI:WHOLE_PRICE_INDEX_AVG_VAR_RN(1.0),N_A,BY_1993_94,AFY,ANL_VAR,1996,1995,WPI0103,1996-03-31,IX,8.5
RBI:WHOLE_PRICE_INDEX_AVG_VAR_RN(1.0),N_A,BY_1993_94,AFY,ANNUAL_AVE,1996,1995,WPI01,1996-03-31,IX,121.6
RBI:WHOLE_PRICE_INDEX_AVG_VAR_RN(1.0),N_A,BY_1993_94,AFY,ANNUAL_AVE,1996,1995,WPI0101,1996-03-31,IX,125.3
RBI:WHOLE_PRICE_INDEX_AVG_VAR_RN(1.0),N_A,BY_1993_94,AFY,ANNUAL_AVE,1996,1995,WPI010101,1996-03-31,IX,122.2
RBI:WHOLE_PRICE_INDEX_AVG_VAR_RN(1.0),N_A,BY_1993_94,AFY,ANNUAL_AVE,1996,1995,WPI010102,1996-03-31,IX,135.4
RBI:WHOLE_PRICE_INDEX_AVG_VAR_RN(1.0),N_A,BY_1993_94,AFY,ANNUAL_AVE,1996,1995,WPI0102,1996-03-31,IX,114.5
RBI:WHOLE_PRICE_INDEX_AVG_VAR_RN(1.0),N_A,BY_1993_94,AFY,ANNUAL_AVE,1996,1995,WPI0103,1996-03-31,IX,121.9
RBI:WHOLE_PRICE_INDEX_AVG_VAR_RN(1.0),N_A,BY_1993_94,AFY,ANL_VAR,1997,1996,WPI01,1997-03-31,IX,4.6
RBI:WHOLE_PRICE_INDEX_AVG_VAR_RN(1.0),N_A,BY_1993_94,AFY,ANL_VAR,1997,1996,WPI0101,1997-03-31,IX,8.4
RBI:WHOLE_PRICE_INDEX_AVG_VAR_RN(1.0),N_A,BY_1993_94,AFY,ANL_VAR,1997,1996,WPI010101,1997-03-31,IX,12.4
RBI:WHOLE_PRICE_INDEX_AVG_VAR_RN(1.0),N_A,BY_1993_94,AFY,ANL_VAR,1997,1996,WPI010102,1997-03-31,IX,-0.9
RBI:WHOLE_PRICE_INDEX_AVG_VAR_RN(1.0),N_A,BY_1993_94,AFY,ANL_VAR,1997,1996,WPI0102,1997-03-31,IX,10.4
RBI:WHOLE_PRICE_INDEX_AVG_VAR_RN(1.0),N_A,BY_1993_94,AFY,ANL_VAR,1997,1996,WPI0103,1997-03-31,IX,2.1
RBI:WHOLE_PRICE_INDEX_AVG_VAR_RN(1.0),N_A,BY_1993_94,AFY,ANNUAL_AVE,1997,1996,WPI01,1997-03-31,IX,127.2
RBI:WHOLE_PRICE_INDEX_AVG_VAR_RN(1.0),N_A,BY_1993_94,AFY,ANNUAL_AVE,1997,1996,WPI0101,1997-03-31,IX,135.8
RBI:WHOLE_PRICE_INDEX_AVG_VAR_RN(1.0),N_A,BY_1993_94,AFY,ANNUAL_AVE,1997,1996,WPI010101,1997-03-31,IX,137.3
RBI:WHOLE_PRICE_INDEX_AVG_VAR_RN(1.0),N_A,BY_1993_94,AFY,ANNUAL_AVE,1997,1996,WPI010102,1997-03-31,IX,134.2
RBI:WHOLE_PRICE_INDEX_AVG_VAR_RN(1.0),N_A,BY_1993_94,AFY,ANNUAL_AVE,1997,1996,WPI0102,1997-03-31,IX,126.4
RBI:WHOLE_PRICE_INDEX_AVG_VAR_RN(1.0),N_A,BY_1993_94,AFY,ANNUAL_AVE,1997,1996,WPI0103,1997-03-31,IX,124.4
RBI:WHOLE_PRICE_INDEX_AVG_VAR_RN(1.0),N_A,BY_1993_94,AFY,ANL_VAR,1998,1997,WPI01,1998-03-31,IX,4.4
RBI:WHOLE_PRICE_INDEX_AVG_VAR_RN(1.0),N_A,BY_1993_94,AFY,ANL_VAR,1998,1997,WPI0101,1998-03-31,IX,2.7
RBI:WHOLE_PRICE_INDEX_AVG_VAR_RN(1.0),N_A,BY_1993_94,AFY,ANL_VAR,1998,1997,WPI010101,1998-03-31,IX,3.0
RBI:WHOLE_PRICE_INDEX_AVG_VAR_RN(1.0),N_A,BY_1993_94,AFY,ANL_VAR,1998,1997,WPI010102,1998-03-31,IX,2.5
RBI:WHOLE_PRICE_INDEX_AVG_VAR_RN(1.0),N_A,BY_1993_94,AFY,ANL_VAR,1998,1997,WPI0102,1998-03-31,IX,13.8
RBI:WHOLE_PRICE_INDEX_AVG_VAR_RN(1.0),N_A,BY_1993_94,AFY,ANL_VAR,1998,1997,WPI0103,1998-03-31,IX,2.9
RBI:WHOLE_PRICE_INDEX_AVG_VAR_RN(1.0),N_A,BY_1993_94,AFY,ANNUAL_AVE,1998,1997,WPI01,1998-03-31,IX,132.8
RBI:WHOLE_PRICE_INDEX_AVG_VAR_RN(1.0),N_A,BY_1993_94,AFY,ANNUAL_AVE,1998,1997,WPI0101,1998-03-31,IX,139.4
RBI:WHOLE_PRICE_INDEX_AVG_VAR_RN(1.0),N_A,BY_1993_94,AFY,ANNUAL_AVE,1998,1997,WPI010101,1998-03-31,IX,141.4
RBI:WHOLE_PRICE_INDEX_AVG_VAR_RN(1.0),N_A,BY_1993_94,AFY,ANNUAL_AVE,1998,1997,WPI010102,1998-03-31,IX,137.5
RBI:WHOLE_PRICE_INDEX_AVG_VAR_RN(1.0),N_A,BY_1993_94,AFY,ANNUAL_AVE,1998,1997,WPI0102,1998-03-31,IX,143.8
RBI:WHOLE_PRICE_INDEX_AVG_VAR_RN(1.0),N_A,BY_1993_94,AFY,ANNUAL_AVE,1998,1997,WPI0103,1998-03-31,IX,128.0
RBI:WHOLE_PRICE_INDEX_AVG_VAR_RN(1.0),N_A,BY_1993_94,AFY,ANL_VAR,1999,1998,WPI01,1999-03-31,IX,5.9
RBI:WHOLE_PRICE_INDEX_AVG_VAR_RN(1.0),N_A,BY_1993_94,AFY,ANL_VAR,1999,1998,WPI0101,1999-03-31,IX,12.1
RBI:WHOLE_PRICE_INDEX_AVG_VAR_RN(1.0),N_A,BY_1993_94,AFY,ANL_VAR,1999,1998,WPI010101,1999-03-31,IX,12.7
RBI:WHOLE_PRICE_INDEX_AVG_VAR_RN(1.0),N_A,BY_1993_94,AFY,ANL_VAR,1999,1998,WPI010102,1999-03-31,IX,10.4
RBI:WHOLE_PRICE_INDEX_AVG_VAR_RN(1.0),N_A,BY_1993_94,AFY,ANL_VAR,1999,1998,WPI0102,1999-03-31,IX,3.3
RBI:WHOLE_PRICE_INDEX_AVG_VAR_RN(1.0),N_A,BY_1993_94,AFY,ANL_VAR,1999,1998,WPI0103,1999-03-31,IX,4.4
RBI:WHOLE_PRICE_INDEX_AVG_VAR_RN(1.0),N_A,BY_1993_94,AFY,ANNUAL_AVE,1999,1998,WPI01,1999-03-31,IX,140.7
RBI:WHOLE_PRICE_INDEX_AVG_VAR_RN(1.0),N_A,BY_1993_94,AFY,ANNUAL_AVE,1999,1998,WPI0101,1999-03-31,IX,156.2
RBI:WHOLE_PRICE_INDEX_AVG_VAR_RN(1.0),N_A,BY_1993_94,AFY,ANNUAL_AVE,1999,1998,WPI010101,1999-03-31,IX,159.4
RBI:WHOLE_PRICE_INDEX_AVG_VAR_RN(1.0),N_A,BY_1993_94,AFY,ANNUAL_AVE,1999,1998,WPI010102,1999-03-31,IX,151.8
RBI:WHOLE_PRICE_INDEX_AVG_VAR_RN(1.0),N_A,BY_1993_94,AFY,ANNUAL_AVE,1999,1998,WPI0102,1999-03-31,IX,148.5
RBI:WHOLE_PRICE_INDEX_AVG_VAR_RN(1.0),N_A,BY_1993_94,AFY,ANNUAL_AVE,1999,1998,WPI0103,1999-03-31,IX,133.6
RBI:WHOLE_PRICE_INDEX_AVG_VAR_RN(1.0),N_A,BY_1993_94,AFY,ANL_VAR,2000,1999,WPI01,2000-03-31,IX,3.3
RBI:WHOLE_PRICE_INDEX_AVG_VAR_RN(1.0),N_A,BY_1993_94,AFY,ANL_VAR,2000,1999,WPI0101,2000-03-31,IX,1.2
RBI:WHOLE_PRICE_INDEX_AVG_VAR_RN(1.0),N_A,BY_1993_94,AFY,ANL_VAR,2000,1999,WPI010101,2000-03-31,IX,3.8
RBI:WHOLE_PRICE_INDEX_AVG_VAR_RN(1.0),N_A,BY_1993_94,AFY,ANL_VAR,2000,1999,WPI010102,2000-03-31,IX,-5.8
RBI:WHOLE_PRICE_INDEX_AVG_VAR_RN(1.0),N_A,BY_1993_94,AFY,ANL_VAR,2000,1999,WPI0102,2000-03-31,IX,9.1
RBI:WHOLE_PRICE_INDEX_AVG_VAR_RN(1.0),N_A,BY_1993_94,AFY,ANL_VAR,2000,1999,WPI0103,2000-03-31,IX,2.7
RBI:WHOLE_PRICE_INDEX_AVG_VAR_RN(1.0),N_A,BY_1993_94,AFY,ANNUAL_AVE,2000,1999,WPI01,2000-03-31,IX,145.3
RBI:WHOLE_PRICE_INDEX_AVG_VAR_RN(1.0),N_A,BY_1993_94,AFY,ANNUAL_AVE,2000,1999,WPI0101,2000-03-31,IX,158.0
RBI:WHOLE_PRICE_INDEX_AVG_VAR_RN(1.0),N_A,BY_1993_94,AFY,ANNUAL_AVE,2000,1999,WPI010101,2000-03-31,IX,165.5
RBI:WHOLE_PRICE_INDEX_AVG_VAR_RN(1.0),N_A,BY_1993_94,AFY,ANNUAL_AVE,2000,1999,WPI010102,2000-03-31,IX,143.0
RBI:WHOLE_PRICE_INDEX_AVG_VAR_RN(1.0),N_A,BY_1993_94,AFY,ANNUAL_AVE,2000,1999,WPI0102,2000-03-31,IX,162.0
RBI:WHOLE_PRICE_INDEX_AVG_VAR_RN(1.0),N_A,BY_1993_94,AFY,ANNUAL_AVE,2000,1999,WPI0103,2000-03-31,IX,137.2
RBI:WHOLE_PRICE_INDEX_AVG_VAR_RN(1.0),N_A,BY_1993_94,AFY,ANL_VAR,2001,2000,WPI01,2001-03-31,IX,7.2
RBI:WHOLE_PRICE_INDEX_AVG_VAR_RN(1.0),N_A,BY_1993_94,AFY,ANL_VAR,2001,2000,WPI0101,2001-03-31,IX,2.8
RBI:WHOLE_PRICE_INDEX_AVG_VAR_RN(1.0),N_A,BY_1993_94,AFY,ANL_VAR,2001,2000,WPI010101,2001-03-31,IX,3.0
RBI:WHOLE_PRICE_INDEX_AVG_VAR_RN(1.0),N_A,BY_1993_94,AFY,ANL_VAR,2001,2000,WPI010102,2001-03-31,IX,2.4
RBI:WHOLE_PRICE_INDEX_AVG_VAR_RN(1.0),N_A,BY_1993_94,AFY,ANL_VAR,2001,2000,WPI0102,2001-03-31,IX,28.5
RBI:WHOLE_PRICE_INDEX_AVG_VAR_RN(1.0),N_A,BY_1993_94,AFY,ANL_VAR,2001,2000,WPI0103,2001-03-31,IX,3.3
RBI:WHOLE_PRICE_INDEX_AVG_VAR_RN(1.0),N_A,BY_1993_94,AFY,ANNUAL_AVE,2001,2000,WPI01,2001-03-31,IX,155.7
RBI:WHOLE_PRICE_INDEX_AVG_VAR_RN(1.0),N_A,BY_1993_94,AFY,ANNUAL_AVE,2001,2000,WPI0101,2001-03-31,IX,162.5
RBI:WHOLE_PRICE_INDEX_AVG_VAR_RN(1.0),N_A,BY_1993_94,AFY,ANNUAL_AVE,2001,2000,WPI010101,2001-03-31,IX,170.5
RBI:WHOLE_PRICE_INDEX_AVG_VAR_RN(1.0),N_A,BY_1993_94,AFY,ANNUAL_AVE,2001,2000,WPI010102,2001-03-31,IX,146.5
RBI:WHOLE_PRICE_INDEX_AVG_VAR_RN(1.0),N_A,BY_1993_94,AFY,ANNUAL_AVE,2001,2000,WPI0102,2001-03-31,IX,208.1
RBI:WHOLE_PRICE_INDEX_AVG_VAR_RN(1.0),N_A,BY_1993_94,AFY,ANNUAL_AVE,2001,2000,WPI0103,2001-03-31,IX,141.7
RBI:WHOLE_PRICE_INDEX_AVG_VAR_RN(1.0),N_A,BY_1993_94,AFY,ANL_VAR,2002,2001,WPI01,2002-03-31,IX,3.6
RBI:WHOLE_PRICE_INDEX_AVG_VAR_RN(1.0),N_A,BY_1993_94,AFY,ANL_VAR,2002,2001,WPI0101,2002-03-31,IX,3.6
RBI:WHOLE_PRICE_INDEX_AVG_VAR_RN(1.0),N_A,BY_1993_94,AFY,ANL_VAR,2002,2001,WPI010101,2002-03-31,IX,3.3
RBI:WHOLE_PRICE_INDEX_AVG_VAR_RN(1.0),N_A,BY_1993_94,AFY,ANL_VAR,2002,2001,WPI010102,2002-03-31,IX,4.4
RBI:WHOLE_PRICE_INDEX_AVG_VAR_RN(1.0),N_A,BY_1993_94,AFY,ANL_VAR,2002,2001,WPI0102,2002-03-31,IX,8.9
RBI:WHOLE_PRICE_INDEX_AVG_VAR_RN(1.0),N_A,BY_1993_94,AFY,ANL_VAR,2002,2001,WPI0103,2002-03-31,IX,1.8
RBI:WHOLE_PRICE_INDEX_AVG_VAR_RN(1.0),N_A,BY_1993_94,AFY,ANNUAL_AVE,2002,2001,WPI01,2002-03-31,IX,161.3
RBI:WHOLE_PRICE_INDEX_AVG_VAR_RN(1.0),N_A,BY_1993_94,AFY,ANNUAL_AVE,2002,2001,WPI0101,2002-03-31,IX,168.4
RBI:WHOLE_PRICE_INDEX_AVG_VAR_RN(1.0),N_A,BY_1993_94,AFY,ANNUAL_AVE,2002,2001,WPI010101,2002-03-31,IX,176.1
RBI:WHOLE_PRICE_INDEX_AVG_VAR_RN(1.0),N_A,BY_1993_94,AFY,ANNUAL_AVE,2002,2001,WPI010102,2002-03-31,IX,152.9
RBI:WHOLE_PRICE_INDEX_AVG_VAR_RN(1.0),N_A,BY_1993_94,AFY,ANNUAL_AVE,2002,2001,WPI0102,2002-03-31,IX,226.7
RBI:WHOLE_PRICE_INDEX_AVG_VAR_RN(1.0),N_A,BY_1993_94,AFY,ANNUAL_AVE,2002,2001,WPI0103,2002-03-31,IX,144.3
RBI:WHOLE_PRICE_INDEX_AVG_VAR_RN(1.0),N_A,BY_1993_94,AFY,ANL_VAR,2003,2002,WPI01,2003-03-31,IX,3.4
RBI:WHOLE_PRICE_INDEX_AVG_VAR_RN(1.0),N_A,BY_1993_94,AFY,ANL_VAR,2003,2002,WPI0101,2003-03-31,IX,3.3
RBI:WHOLE_PRICE_INDEX_AVG_VAR_RN(1.0),N_A,BY_1993_94,AFY,ANL_VAR,2003,2002,WPI010101,2003-03-31,IX,1.8
RBI:WHOLE_PRICE_INDEX_AVG_VAR_RN(1.0),N_A,BY_1993_94,AFY,ANL_VAR,2003,2002,WPI010102,2003-03-31,IX,8.2
RBI:WHOLE_PRICE_INDEX_AVG_VAR_RN(1.0),N_A,BY_1993_94,AFY,ANL_VAR,2003,2002,WPI0102,2003-03-31,IX,5.5
RBI:WHOLE_PRICE_INDEX_AVG_VAR_RN(1.0),N_A,BY_1993_94,AFY,ANL_VAR,2003,2002,WPI0103,2003-03-31,IX,2.6
RBI:WHOLE_PRICE_INDEX_AVG_VAR_RN(1.0),N_A,BY_1993_94,AFY,ANNUAL_AVE,2003,2002,WPI01,2003-03-31,IX,166.8
RBI:WHOLE_PRICE_INDEX_AVG_VAR_RN(1.0),N_A,BY_1993_94,AFY,ANNUAL_AVE,2003,2002,WPI0101,2003-03-31,IX,174.0
RBI:WHOLE_PRICE_INDEX_AVG_VAR_RN(1.0),N_A,BY_1993_94,AFY,ANNUAL_AVE,2003,2002,WPI010101,2003-03-31,IX,179.2
RBI:WHOLE_PRICE_INDEX_AVG_VAR_RN(1.0),N_A,BY_1993_94,AFY,ANNUAL_AVE,2003,2002,WPI010102,2003-03-31,IX,165.4
RBI:WHOLE_PRICE_INDEX_AVG_VAR_RN(1.0),N_A,BY_1993_94,AFY,ANNUAL_AVE,2003,2002,WPI0102,2003-03-31,IX,239.2
RBI:WHOLE_PRICE_INDEX_AVG_VAR_RN(1.0),N_A,BY_1993_94,AFY,ANNUAL_AVE,2003,2002,WPI0103,2003-03-31,IX,148.1
RBI:WHOLE_PRICE_INDEX_AVG_VAR_RN(1.0),N_A,BY_1993_94,AFY,ANL_VAR,2004,2003,WPI01,2004-03-31,IX,5.5
RBI:WHOLE_PRICE_INDEX_AVG_VAR_RN(1.0),N_A,BY_1993_94,AFY,ANL_VAR,2004,2003,WPI0101,2004-03-31,IX,4.3
RBI:WHOLE_PRICE_INDEX_AVG_VAR_RN(1.0),N_A,BY_1993_94,AFY,ANL_VAR,2004,2003,WPI010101,2004-03-31,IX,1.3
RBI:WHOLE_PRICE_INDEX_AVG_VAR_RN(1.0),N_A,BY_1993_94,AFY,ANL_VAR,2004,2003,WPI010102,2004-03-31,IX,12.6
RBI:WHOLE_PRICE_INDEX_AVG_VAR_RN(1.0),N_A,BY_1993_94,AFY,ANL_VAR,2004,2003,WPI0102,2004-03-31,IX,6.4
RBI:WHOLE_PRICE_INDEX_AVG_VAR_RN(1.0),N_A,BY_1993_94,AFY,ANL_VAR,2004,2003,WPI0103,2004-03-31,IX,5.7
RBI:WHOLE_PRICE_INDEX_AVG_VAR_RN(1.0),N_A,BY_1993_94,AFY,ANNUAL_AVE,2004,2003,WPI01,2004-03-31,IX,175.9
RBI:WHOLE_PRICE_INDEX_AVG_VAR_RN(1.0),N_A,BY_1993_94,AFY,ANNUAL_AVE,2004,2003,WPI0101,2004-03-31,IX,181.5
RBI:WHOLE_PRICE_INDEX_AVG_VAR_RN(1.0),N_A,BY_1993_94,AFY,ANNUAL_AVE,2004,2003,WPI010101,2004-03-31,IX,181.5
RBI:WHOLE_PRICE_INDEX_AVG_VAR_RN(1.0),N_A,BY_1993_94,AFY,ANNUAL_AVE,2004,2003,WPI010102,2004-03-31,IX,186.3
RBI:WHOLE_PRICE_INDEX_AVG_VAR_RN(1.0),N_A,BY_1993_94,AFY,ANNUAL_AVE,2004,2003,WPI0102,2004-03-31,IX,254.5
RBI:WHOLE_PRICE_INDEX_AVG_VAR_RN(1.0),N_A,BY_1993_94,AFY,ANNUAL_AVE,2004,2003,WPI0103,2004-03-31,IX,156.5
RBI:WHOLE_PRICE_INDEX_AVG_VAR_RN(1.0),N_A,BY_1993_94,AFY,ANL_VAR,2005,2004,WPI01,2005-03-31,IX,6.5
RBI:WHOLE_PRICE_INDEX_AVG_VAR_RN(1.0),N_A,BY_1993_94,AFY,ANL_VAR,2005,2004,WPI0101,2005-03-31,IX,3.6
RBI:WHOLE_PRICE_INDEX_AVG_VAR_RN(1.0),N_A,BY_1993_94,AFY,ANL_VAR,2005,2004,WPI010101,2005-03-31,IX,2.6
RBI:WHOLE_PRICE_INDEX_AVG_VAR_RN(1.0),N_A,BY_1993_94,AFY,ANL_VAR,2005,2004,WPI010102,2005-03-31,IX,0.7
RBI:WHOLE_PRICE_INDEX_AVG_VAR_RN(1.0),N_A,BY_1993_94,AFY,ANL_VAR,2005,2004,WPI0102,2005-03-31,IX,10.1
RBI:WHOLE_PRICE_INDEX_AVG_VAR_RN(1.0),N_A,BY_1993_94,AFY,ANL_VAR,2005,2004,WPI0103,2005-03-31,IX,6.3
RBI:WHOLE_PRICE_INDEX_AVG_VAR_RN(1.0),N_A,BY_1993_94,AFY,ANNUAL_AVE,2005,2004,WPI01,2005-03-31,IX,187.3
RBI:WHOLE_PRICE_INDEX_AVG_VAR_RN(1.0),N_A,BY_1993_94,AFY,ANNUAL_AVE,2005,2004,WPI0101,2005-03-31,IX,188.1
RBI:WHOLE_PRICE_INDEX_AVG_VAR_RN(1.0),N_A,BY_1993_94,AFY,ANNUAL_AVE,2005,2004,WPI010101,2005-03-31,IX,186.3
RBI:WHOLE_PRICE_INDEX_AVG_VAR_RN(1.0),N_A,BY_1993_94,AFY,ANNUAL_AVE,2005,2004,WPI010102,2005-03-31,IX,187.6
RBI:WHOLE_PRICE_INDEX_AVG_VAR_RN(1.0),N_A,BY_1993_94,AFY,ANNUAL_AVE,2005,2004,WPI0102,2005-03-31,IX,280.2
RBI:WHOLE_PRICE_INDEX_AVG_VAR_RN(1.0),N_A,BY_1993_94,AFY,ANNUAL_AVE,2005,2004,WPI0103,2005-03-31,IX,166.3
RBI:WHOLE_PRICE_INDEX_AVG_VAR_RN(1.0),N_A,BY_1993_94,AFY,ANL_VAR,2006,2005,WPI01,2006-03-31,IX,4.4
RBI:WHOLE_PRICE_INDEX_AVG_VAR_RN(1.0),N_A,BY_1993_94,AFY,ANL_VAR,2006,2005,WPI0101,2006-03-31,IX,2.9
RBI:WHOLE_PRICE_INDEX_AVG_VAR_RN(1.0),N_A,BY_1993_94,AFY,ANL_VAR,2006,2005,WPI010101,2006-03-31,IX,4.8
RBI:WHOLE_PRICE_INDEX_AVG_VAR_RN(1.0),N_A,BY_1993_94,AFY,ANL_VAR,2006,2005,WPI010102,2006-03-31,IX,-4.5
RBI:WHOLE_PRICE_INDEX_AVG_VAR_RN(1.0),N_A,BY_1993_94,AFY,ANL_VAR,2006,2005,WPI0102,2006-03-31,IX,9.5
RBI:WHOLE_PRICE_INDEX_AVG_VAR_RN(1.0),N_A,BY_1993_94,AFY,ANL_VAR,2006,2005,WPI0103,2006-03-31,IX,3.1
RBI:WHOLE_PRICE_INDEX_AVG_VAR_RN(1.0),N_A,BY_1993_94,AFY,ANNUAL_AVE,2006,2005,WPI01,2006-03-31,IX,195.5
RBI:WHOLE_PRICE_INDEX_AVG_VAR_RN(1.0),N_A,BY_1993_94,AFY,ANNUAL_AVE,2006,2005,WPI0101,2006-03-31,IX,193.6
RBI:WHOLE_PRICE_INDEX_AVG_VAR_RN(1.0),N_A,BY_1993_94,AFY,ANNUAL_AVE,2006,2005,WPI010101,2006-03-31,IX,195.3
RBI:WHOLE_PRICE_INDEX_AVG_VAR_RN(1.0),N_A,BY_1993_94,AFY,ANNUAL_AVE,2006,2005,WPI010102,2006-03-31,IX,179.2
RBI:WHOLE_PRICE_INDEX_AVG_VAR_RN(1.0),N_A,BY_1993_94,AFY,ANNUAL_AVE,2006,2005,WPI0102,2006-03-31,IX,306.7
RBI:WHOLE_PRICE_INDEX_AVG_VAR_RN(1.0),N_A,BY_1993_94,AFY,ANNUAL_AVE,2006,2005,WPI0103,2006-03-31,IX,171.4
RBI:WHOLE_PRICE_INDEX_AVG_VAR_RN(1.0),N_A,BY_2004_05,AFY,ANL_VAR,2006,2005,WPI01,2006-03-31,IX,4.5
RBI:WHOLE_PRICE_INDEX_AVG_VAR_RN(1.0),N_A,BY_2004_05,AFY,ANL_VAR,2006,2005,WPI0101,2006-03-31,IX,4.3
RBI:WHOLE_PRICE_INDEX_AVG_VAR_RN(1.0),N_A,BY_2004_05,AFY,ANL_VAR,2006,2005,WPI010101,2006-03-31,IX,5.4
RBI:WHOLE_PRICE_INDEX_AVG_VAR_RN(1.0),N_A,BY_2004_05,AFY,ANL_VAR,2006,2005,WPI010102,2006-03-31,IX,-3.3
RBI:WHOLE_PRICE_INDEX_AVG_VAR_RN(1.0),N_A,BY_2004_05,AFY,ANL_VAR,2006,2005,WPI0102,2006-03-31,IX,13.6
RBI:WHOLE_PRICE_INDEX_AVG_VAR_RN(1.0),N_A,BY_2004_05,AFY,ANL_VAR,2006,2005,WPI0103,2006-03-31,IX,2.4
RBI:WHOLE_PRICE_INDEX_AVG_VAR_RN(1.0),N_A,BY_2004_05,AFY,ANNUAL_AVE,2006,2005,WPI01,2006-03-31,IX,104.46667
RBI:WHOLE_PRICE_INDEX_AVG_VAR_RN(1.0),N_A,BY_2004_05,AFY,ANNUAL_AVE,2006,2005,WPI0101,2006-03-31,IX,104.3
RBI:WHOLE_PRICE_INDEX_AVG_VAR_RN(1.0),N_A,BY_2004_05,AFY,ANNUAL_AVE,2006,2005,WPI010101,2006-03-31,IX,105.38333
RBI:WHOLE_PRICE_INDEX_AVG_VAR_RN(1.0),N_A,BY_2004_05,AFY,ANNUAL_AVE,2006,2005,WPI010102,2006-03-31,IX,96.675
RBI:WHOLE_PRICE_INDEX_AVG_VAR_RN(1.0),N_A,BY_2004_05,AFY,ANNUAL_AVE,2006,2005,WPI0102,2006-03-31,IX,113.575
RBI:WHOLE_PRICE_INDEX_AVG_VAR_RN(1.0),N_A,BY_2004_05,AFY,ANNUAL_AVE,2006,2005,WPI0103,2006-03-31,IX,102.41667
RBI:WHOLE_PRICE_INDEX_AVG_VAR_RN(1.0),N_A,BY_1993_94,AFY,ANL_VAR,2007,2006,WPI01,2007-03-31,IX,5.4
RBI:WHOLE_PRICE_INDEX_AVG_VAR_RN(1.0),N_A,BY_1993_94,AFY,ANL_VAR,2007,2006,WPI0101,2007-03-31,IX,7.8
RBI:WHOLE_PRICE_INDEX_AVG_VAR_RN(1.0),N_A,BY_1993_94,AFY,ANL_VAR,2007,2006,WPI010101,2007-03-31,IX,7.7
RBI:WHOLE_PRICE_INDEX_AVG_VAR_RN(1.0),N_A,BY_1993_94,AFY,ANL_VAR,2007,2006,WPI010102,2007-03-31,IX,5.0
RBI:WHOLE_PRICE_INDEX_AVG_VAR_RN(1.0),N_A,BY_1993_94,AFY,ANL_VAR,2007,2006,WPI0102,2007-03-31,IX,5.6
RBI:WHOLE_PRICE_INDEX_AVG_VAR_RN(1.0),N_A,BY_1993_94,AFY,ANL_VAR,2007,2006,WPI0103,2007-03-31,IX,4.4
RBI:WHOLE_PRICE_INDEX_AVG_VAR_RN(1.0),N_A,BY_1993_94,AFY,ANNUAL_AVE,2007,2006,WPI01,2007-03-31,IX,206.1
RBI:WHOLE_PRICE_INDEX_AVG_VAR_RN(1.0),N_A,BY_1993_94,AFY,ANNUAL_AVE,2007,2006,WPI0101,2007-03-31,IX,208.6
RBI:WHOLE_PRICE_INDEX_AVG_VAR_RN(1.0),N_A,BY_1993_94,AFY,ANNUAL_AVE,2007,2006,WPI010101,2007-03-31,IX,210.3
RBI:WHOLE_PRICE_INDEX_AVG_VAR_RN(1.0),N_A,BY_1993_94,AFY,ANNUAL_AVE,2007,2006,WPI010102,2007-03-31,IX,188.2
RBI:WHOLE_PRICE_INDEX_AVG_VAR_RN(1.0),N_A,BY_1993_94,AFY,ANNUAL_AVE,2007,2006,WPI0102,2007-03-31,IX,323.9
RBI:WHOLE_PRICE_INDEX_AVG_VAR_RN(1.0),N_A,BY_1993_94,AFY,ANNUAL_AVE,2007,2006,WPI0103,2007-03-31,IX,179.0
RBI:WHOLE_PRICE_INDEX_AVG_VAR_RN(1.0),N_A,BY_2004_05,AFY,ANL_VAR,2007,2006,WPI01,2007-03-31,IX,6.6
RBI:WHOLE_PRICE_INDEX_AVG_VAR_RN(1.0),N_A,BY_2004_05,AFY,ANL_VAR,2007,2006,WPI0101,2007-03-31,IX,9.6
RBI:WHOLE_PRICE_INDEX_AVG_VAR_RN(1.0),N_A,BY_2004_05,AFY,ANL_VAR,2007,2006,WPI010101,2007-03-31,IX,9.6
RBI:WHOLE_PRICE_INDEX_AVG_VAR_RN(1.0),N_A,BY_2004_05,AFY,ANL_VAR,2007,2006,WPI010102,2007-03-31,IX,5.8
RBI:WHOLE_PRICE_INDEX_AVG_VAR_RN(1.0),N_A,BY_2004_05,AFY,ANL_VAR,2007,2006,WPI0102,2007-03-31,IX,6.5
RBI:WHOLE_PRICE_INDEX_AVG_VAR_RN(1.0),N_A,BY_2004_05,AFY,ANL_VAR,2007,2006,WPI0103,2007-03-31,IX,5.7
RBI:WHOLE_PRICE_INDEX_AVG_VAR_RN(1.0),N_A,BY_2004_05,AFY,ANNUAL_AVE,2007,2006,WPI01,2007-03-31,IX,111.35
RBI:WHOLE_PRICE_INDEX_AVG_VAR_RN(1.0),N_A,BY_2004_05,AFY,ANNUAL_AVE,2007,2006,WPI0101,2007-03-31,IX,114.325
RBI:WHOLE_PRICE_INDEX_AVG_VAR_RN(1.0),N_A,BY_2004_05,AFY,ANNUAL_AVE,2007,2006,WPI010101,2007-03-31,IX,115.51667
RBI:WHOLE_PRICE_INDEX_AVG_VAR_RN(1.0),N_A,BY_2004_05,AFY,ANNUAL_AVE,2007,2006,WPI010102,2007-03-31,IX,102.29167
RBI:WHOLE_PRICE_INDEX_AVG_VAR_RN(1.0),N_A,BY_2004_05,AFY,ANNUAL_AVE,2007,2006,WPI0102,2007-03-31,IX,120.91667
RBI:WHOLE_PRICE_INDEX_AVG_VAR_RN(1.0),N_A,BY_2004_05,AFY,ANNUAL_AVE,2007,2006,WPI0103,2007-03-31,IX,108.21667
RBI:WHOLE_PRICE_INDEX_AVG_VAR_RN(1.0),N_A,BY_1993_94,AFY,ANL_VAR,2008,2007,WPI01,2008-03-31,IX,4.7
RBI:WHOLE_PRICE_INDEX_AVG_VAR_RN(1.0),N_A,BY_1993_94,AFY,ANL_VAR,2008,2007,WPI0101,2008-03-31,IX,7.7
RBI:WHOLE_PRICE_INDEX_AVG_VAR_RN(1.0),N_A,BY_1993_94,AFY,ANL_VAR,2008,2007,WPI010101,2008-03-31,IX,5.6
RBI:WHOLE_PRICE_INDEX_AVG_VAR_RN(1.0),N_A,BY_1993_94,AFY,ANL_VAR,2008,2007,WPI010102,2008-03-31,IX,12.8
RBI:WHOLE_PRICE_INDEX_AVG_VAR_RN(1.0),N_A,BY_1993_94,AFY,ANL_VAR,2008,2007,WPI0102,2008-03-31,IX,1.0
RBI:WHOLE_PRICE_INDEX_AVG_VAR_RN(1.0),N_A,BY_1993_94,AFY,ANL_VAR,2008,2007,WPI0103,2008-03-31,IX,5.0
RBI:WHOLE_PRICE_INDEX_AVG_VAR_RN(1.0),N_A,BY_1993_94,AFY,ANNUAL_AVE,2008,2007,WPI01,2008-03-31,IX,215.9
RBI:WHOLE_PRICE_INDEX_AVG_VAR_RN(1.0),N_A,BY_1993_94,AFY,ANNUAL_AVE,2008,2007,WPI0101,2008-03-31,IX,224.8
RBI:WHOLE_PRICE_INDEX_AVG_VAR_RN(1.0),N_A,BY_1993_94,AFY,ANNUAL_AVE,2008,2007,WPI010101,2008-03-31,IX,222.1
RBI:WHOLE_PRICE_INDEX_AVG_VAR_RN(1.0),N_A,BY_1993_94,AFY,ANNUAL_AVE,2008,2007,WPI010102,2008-03-31,IX,212.2
RBI:WHOLE_PRICE_INDEX_AVG_VAR_RN(1.0),N_A,BY_1993_94,AFY,ANNUAL_AVE,2008,2007,WPI0102,2008-03-31,IX,327.2
RBI:WHOLE_PRICE_INDEX_AVG_VAR_RN(1.0),N_A,BY_1993_94,AFY,ANNUAL_AVE,2008,2007,WPI0103,2008-03-31,IX,188.0
RBI:WHOLE_PRICE_INDEX_AVG_VAR_RN(1.0),N_A,BY_2004_05,AFY,ANL_VAR,2008,2007,WPI01,2008-03-31,IX,4.7
RBI:WHOLE_PRICE_INDEX_AVG_VAR_RN(1.0),N_A,BY_2004_05,AFY,ANL_VAR,2008,2007,WPI0101,2008-03-31,IX,8.3
RBI:WHOLE_PRICE_INDEX_AVG_VAR_RN(1.0),N_A,BY_2004_05,AFY,ANL_VAR,2008,2007,WPI010101,2008-03-31,IX,7.0
RBI:WHOLE_PRICE_INDEX_AVG_VAR_RN(1.0),N_A,BY_2004_05,AFY,ANL_VAR,2008,2007,WPI010102,2008-03-31,IX,11.9
RBI:WHOLE_PRICE_INDEX_AVG_VAR_RN(1.0),N_A,BY_2004_05,AFY,ANL_VAR,2008,2007,WPI0102,2008-03-31,IX,0.0
RBI:WHOLE_PRICE_INDEX_AVG_VAR_RN(1.0),N_A,BY_2004_05,AFY,ANL_VAR,2008,2007,WPI0103,2008-03-31,IX,4.8
RBI:WHOLE_PRICE_INDEX_AVG_VAR_RN(1.0),N_A,BY_2004_05,AFY,ANNUAL_AVE,2008,2007,WPI01,2008-03-31,IX,116.625
RBI:WHOLE_PRICE_INDEX_AVG_VAR_RN(1.0),N_A,BY_2004_05,AFY,ANNUAL_AVE,2008,2007,WPI0101,2008-03-31,IX,123.85
RBI:WHOLE_PRICE_INDEX_AVG_VAR_RN(1.0),N_A,BY_2004_05,AFY,ANNUAL_AVE,2008,2007,WPI010101,2008-03-31,IX,123.56667
RBI:WHOLE_PRICE_INDEX_AVG_VAR_RN(1.0),N_A,BY_2004_05,AFY,ANNUAL_AVE,2008,2007,WPI010102,2008-03-31,IX,114.41667
RBI:WHOLE_PRICE_INDEX_AVG_VAR_RN(1.0),N_A,BY_2004_05,AFY,ANNUAL_AVE,2008,2007,WPI0102,2008-03-31,IX,120.95833
RBI:WHOLE_PRICE_INDEX_AVG_VAR_RN(1.0),N_A,BY_2004_05,AFY,ANNUAL_AVE,2008,2007,WPI0103,2008-03-31,IX,113.39167
RBI:WHOLE_PRICE_INDEX_AVG_VAR_RN(1.0),N_A,BY_1993_94,AFY,ANL_VAR,2009,2008,WPI01,2009-03-31,IX,8.3
RBI:WHOLE_PRICE_INDEX_AVG_VAR_RN(1.0),N_A,BY_1993_94,AFY,ANL_VAR,2009,2008,WPI0101,2009-03-31,IX,10.0
RBI:WHOLE_PRICE_INDEX_AVG_VAR_RN(1.0),N_A,BY_1993_94,AFY,ANL_VAR,2009,2008,WPI010101,2009-03-31,IX,8.0
RBI:WHOLE_PRICE_INDEX_AVG_VAR_RN(1.0),N_A,BY_1993_94,AFY,ANL_VAR,2009,2008,WPI010102,2009-03-31,IX,11.1
RBI:WHOLE_PRICE_INDEX_AVG_VAR_RN(1.0),N_A,BY_1993_94,AFY,ANL_VAR,2009,2008,WPI0102,2009-03-31,IX,7.4
RBI:WHOLE_PRICE_INDEX_AVG_VAR_RN(1.0),N_A,BY_1993_94,AFY,ANL_VAR,2009,2008,WPI0103,2009-03-31,IX,8.0
RBI:WHOLE_PRICE_INDEX_AVG_VAR_RN(1.0),N_A,BY_1993_94,AFY,ANNUAL_AVE,2009,2008,WPI01,2009-03-31,IX,233.9
RBI:WHOLE_PRICE_INDEX_AVG_VAR_RN(1.0),N_A,BY_1993_94,AFY,ANNUAL_AVE,2009,2008,WPI0101,2009-03-31,IX,247.3
RBI:WHOLE_PRICE_INDEX_AVG_VAR_RN(1.0),N_A,BY_1993_94,AFY,ANNUAL_AVE,2009,2008,WPI010101,2009-03-31,IX,239.8
RBI:WHOLE_PRICE_INDEX_AVG_VAR_RN(1.0),N_A,BY_1993_94,AFY,ANNUAL_AVE,2009,2008,WPI010102,2009-03-31,IX,235.8
RBI:WHOLE_PRICE_INDEX_AVG_VAR_RN(1.0),N_A,BY_1993_94,AFY,ANNUAL_AVE,2009,2008,WPI0102,2009-03-31,IX,351.3
RBI:WHOLE_PRICE_INDEX_AVG_VAR_RN(1.0),N_A,BY_1993_94,AFY,ANNUAL_AVE,2009,2008,WPI0103,2009-03-31,IX,203.1
RBI:WHOLE_PRICE_INDEX_AVG_VAR_RN(1.0),N_A,BY_2004_05,AFY,ANL_VAR,2009,2008,WPI01,2009-03-31,IX,8.1
RBI:WHOLE_PRICE_INDEX_AVG_VAR_RN(1.0),N_A,BY_2004_05,AFY,ANL_VAR,2009,2008,WPI0101,2009-03-31,IX,11.0
RBI:WHOLE_PRICE_INDEX_AVG_VAR_RN(1.0),N_A,BY_2004_05,AFY,ANL_VAR,2009,2008,WPI010101,2009-03-31,IX,9.1
RBI:WHOLE_PRICE_INDEX_AVG_VAR_RN(1.0),N_A,BY_2004_05,AFY,ANL_VAR,2009,2008,WPI010102,2009-03-31,IX,12.9
RBI:WHOLE_PRICE_INDEX_AVG_VAR_RN(1.0),N_A,BY_2004_05,AFY,ANL_VAR,2009,2008,WPI0102,2009-03-31,IX,11.6
RBI:WHOLE_PRICE_INDEX_AVG_VAR_RN(1.0),N_A,BY_2004_05,AFY,ANL_VAR,2009,2008,WPI0103,2009-03-31,IX,6.2
RBI:WHOLE_PRICE_INDEX_AVG_VAR_RN(1.0),N_A,BY_2004_05,AFY,ANNUAL_AVE,2009,2008,WPI01,2009-03-31,IX,126.01667
RBI:WHOLE_PRICE_INDEX_AVG_VAR_RN(1.0),N_A,BY_2004_05,AFY,ANNUAL_AVE,2009,2008,WPI0101,2009-03-31,IX,137.525
RBI:WHOLE_PRICE_INDEX_AVG_VAR_RN(1.0),N_A,BY_2004_05,AFY,ANNUAL_AVE,2009,2008,WPI010101,2009-03-31,IX,134.8
RBI:WHOLE_PRICE_INDEX_AVG_VAR_RN(1.0),N_A,BY_2004_05,AFY,ANNUAL_AVE,2009,2008,WPI010102,2009-03-31,IX,129.15
RBI:WHOLE_PRICE_INDEX_AVG_VAR_RN(1.0),N_A,BY_2004_05,AFY,ANNUAL_AVE,2009,2008,WPI0102,2009-03-31,IX,134.95
RBI:WHOLE_PRICE_INDEX_AVG_VAR_RN(1.0),N_A,BY_2004_05,AFY,ANNUAL_AVE,2009,2008,WPI0103,2009-03-31,IX,120.375
RBI:WHOLE_PRICE_INDEX_AVG_VAR_RN(1.0),N_A,BY_1993_94,AFY,ANL_VAR,2010,2009,WPI01,2010-03-31,IX,3.8
RBI:WHOLE_PRICE_INDEX_AVG_VAR_RN(1.0),N_A,BY_1993_94,AFY,ANL_VAR,2010,2009,WPI0101,2010-03-31,IX,11.0
RBI:WHOLE_PRICE_INDEX_AVG_VAR_RN(1.0),N_A,BY_1993_94,AFY,ANL_VAR,2010,2009,WPI010101,2010-03-31,IX,14.7
RBI:WHOLE_PRICE_INDEX_AVG_VAR_RN(1.0),N_A,BY_1993_94,AFY,ANL_VAR,2010,2009,WPI010102,2010-03-31,IX,4.6
RBI:WHOLE_PRICE_INDEX_AVG_VAR_RN(1.0),N_A,BY_1993_94,AFY,ANL_VAR,2010,2009,WPI0102,2010-03-31,IX,-2.4
RBI:WHOLE_PRICE_INDEX_AVG_VAR_RN(1.0),N_A,BY_1993_94,AFY,ANL_VAR,2010,2009,WPI0103,2010-03-31,IX,3.2
RBI:WHOLE_PRICE_INDEX_AVG_VAR_RN(1.0),N_A,BY_1993_94,AFY,ANNUAL_AVE,2010,2009,WPI01,2010-03-31,IX,242.7
RBI:WHOLE_PRICE_INDEX_AVG_VAR_RN(1.0),N_A,BY_1993_94,AFY,ANNUAL_AVE,2010,2009,WPI0101,2010-03-31,IX,273.6
RBI:WHOLE_PRICE_INDEX_AVG_VAR_RN(1.0),N_A,BY_1993_94,AFY,ANNUAL_AVE,2010,2009,WPI010101,2010-03-31,IX,274.9
RBI:WHOLE_PRICE_INDEX_AVG_VAR_RN(1.0),N_A,BY_1993_94,AFY,ANNUAL_AVE,2010,2009,WPI010102,2010-03-31,IX,244.6
RBI:WHOLE_PRICE_INDEX_AVG_VAR_RN(1.0),N_A,BY_1993_94,AFY,ANNUAL_AVE,2010,2009,WPI0102,2010-03-31,IX,343.1
RBI:WHOLE_PRICE_INDEX_AVG_VAR_RN(1.0),N_A,BY_1993_94,AFY,ANNUAL_AVE,2010,2009,WPI0103,2010-03-31,IX,209.6
RBI:WHOLE_PRICE_INDEX_AVG_VAR_RN(1.0),N_A,BY_2004_05,AFY,ANL_VAR,2010,2009,WPI01,2010-03-31,IX,3.8
RBI:WHOLE_PRICE_INDEX_AVG_VAR_RN(1.0),N_A,BY_2004_05,AFY,ANL_VAR,2010,2009,WPI0101,2010-03-31,IX,12.7
RBI:WHOLE_PRICE_INDEX_AVG_VAR_RN(1.0),N_A,BY_2004_05,AFY,ANL_VAR,2010,2009,WPI010101,2010-03-31,IX,15.3
RBI:WHOLE_PRICE_INDEX_AVG_VAR_RN(1.0),N_A,BY_2004_05,AFY,ANL_VAR,2010,2009,WPI010102,2010-03-31,IX,5.5
RBI:WHOLE_PRICE_INDEX_AVG_VAR_RN(1.0),N_A,BY_2004_05,AFY,ANL_VAR,2010,2009,WPI0102,2010-03-31,IX,-2.1
RBI:WHOLE_PRICE_INDEX_AVG_VAR_RN(1.0),N_A,BY_2004_05,AFY,ANL_VAR,2010,2009,WPI0103,2010-03-31,IX,2.2
RBI:WHOLE_PRICE_INDEX_AVG_VAR_RN(1.0),N_A,BY_2004_05,AFY,ANNUAL_AVE,2010,2009,WPI01,2010-03-31,IX,130.81667
RBI:WHOLE_PRICE_INDEX_AVG_VAR_RN(1.0),N_A,BY_2004_05,AFY,ANNUAL_AVE,2010,2009,WPI0101,2010-03-31,IX,154.94167
RBI:WHOLE_PRICE_INDEX_AVG_VAR_RN(1.0),N_A,BY_2004_05,AFY,ANNUAL_AVE,2010,2009,WPI010101,2010-03-31,IX,155.39167
RBI:WHOLE_PRICE_INDEX_AVG_VAR_RN(1.0),N_A,BY_2004_05,AFY,ANNUAL_AVE,2010,2009,WPI010102,2010-03-31,IX,136.20833
RBI:WHOLE_PRICE_INDEX_AVG_VAR_RN(1.0),N_A,BY_2004_05,AFY,ANNUAL_AVE,2010,2009,WPI0102,2010-03-31,IX,132.1
RBI:WHOLE_PRICE_INDEX_AVG_VAR_RN(1.0),N_A,BY_2004_05,AFY,ANNUAL_AVE,2010,2009,WPI0103,2010-03-31,IX,123.05
RBI:WHOLE_PRICE_INDEX_AVG_VAR_RN(1.0),N_A,BY_2004_05,AFY,ANL_VAR,2011,2010,WPI01,2011-03-31,IX,9.6
RBI:WHOLE_PRICE_INDEX_AVG_VAR_RN(1.0),N_A,BY_2004_05,AFY,ANL_VAR,2011,2010,WPI0101,2011-03-31,IX,17.7
RBI:WHOLE_PRICE_INDEX_AVG_VAR_RN(1.0),N_A,BY_2004_05,AFY,ANL_VAR,2011,2010,WPI010101,2011-03-31,IX,15.6
RBI:WHOLE_PRICE_INDEX_AVG_VAR_RN(1.0),N_A,BY_2004_05,AFY,ANL_VAR,2011,2010,WPI010102,2011-03-31,IX,22.3
RBI:WHOLE_PRICE_INDEX_AVG_VAR_RN(1.0),N_A,BY_2004_05,AFY,ANL_VAR,2011,2010,WPI0102,2011-03-31,IX,12.3
RBI:WHOLE_PRICE_INDEX_AVG_VAR_RN(1.0),N_A,BY_2004_05,AFY,ANL_VAR,2011,2010,WPI0103,2011-03-31,IX,5.7
RBI:WHOLE_PRICE_INDEX_AVG_VAR_RN(1.0),N_A,BY_2004_05,AFY,ANNUAL_AVE,2011,2010,WPI01,2011-03-31,IX,143.325
RBI:WHOLE_PRICE_INDEX_AVG_VAR_RN(1.0),N_A,BY_2004_05,AFY,ANNUAL_AVE,2011,2010,WPI0101,2011-03-31,IX,182.44167
RBI:WHOLE_PRICE_INDEX_AVG_VAR_RN(1.0),N_A,BY_2004_05,AFY,ANNUAL_AVE,2011,2010,WPI010101,2011-03-31,IX,179.625
RBI:WHOLE_PRICE_INDEX_AVG_VAR_RN(1.0),N_A,BY_2004_05,AFY,ANNUAL_AVE,2011,2010,WPI010102,2011-03-31,IX,166.625
RBI:WHOLE_PRICE_INDEX_AVG_VAR_RN(1.0),N_A,BY_2004_05,AFY,ANNUAL_AVE,2011,2010,WPI0102,2011-03-31,IX,148.31667
RBI:WHOLE_PRICE_INDEX_AVG_VAR_RN(1.0),N_A,BY_2004_05,AFY,ANNUAL_AVE,2011,2010,WPI0103,2011-03-31,IX,130.06667
RBI:WHOLE_PRICE_INDEX_AVG_VAR_RN(1.0),N_A,BY_2004_05,AFY,ANL_VAR,2012,2011,WPI01,2012-03-31,IX,8.93657
RBI:WHOLE_PRICE_INDEX_AVG_VAR_RN(1.0),N_A,BY_2004_05,AFY,ANL_VAR,2012,2011,WPI0101,2012-03-31,IX,9.79765
RBI:WHOLE_PRICE_INDEX_AVG_VAR_RN(1.0),N_A,BY_2004_05,AFY,ANL_VAR,2012,2011,WPI010101,2012-03-31,IX,7.30225
RBI:WHOLE_PRICE_INDEX_AVG_VAR_RN(1.0),N_A,BY_2004_05,AFY,ANL_VAR,2012,2011,WPI010102,2012-03-31,IX,9.64741
RBI:WHOLE_PRICE_INDEX_AVG_VAR_RN(1.0),N_A,BY_2004_05,AFY,ANL_VAR,2012,2011,WPI0102,2012-03-31,IX,13.96224
RBI:WHOLE_PRICE_INDEX_AVG_VAR_RN(1.0),N_A,BY_2004_05,AFY,ANL_VAR,2012,2011,WPI0103,2012-03-31,IX,7.2591
RBI:WHOLE_PRICE_INDEX_AVG_VAR_RN(1.0),N_A,BY_2004_05,AFY,ANNUAL_AVE,2012,2011,WPI01,2012-03-31,IX,156.13333
RBI:WHOLE_PRICE_INDEX_AVG_VAR_RN(1.0),N_A,BY_2004_05,AFY,ANNUAL_AVE,2012,2011,WPI0101,2012-03-31,IX,200.31667
RBI:WHOLE_PRICE_INDEX_AVG_VAR_RN(1.0),N_A,BY_2004_05,AFY,ANNUAL_AVE,2012,2011,WPI010101,2012-03-31,IX,192.74167
RBI:WHOLE_PRICE_INDEX_AVG_VAR_RN(1.0),N_A,BY_2004_05,AFY,ANNUAL_AVE,2012,2011,WPI010102,2012-03-31,IX,182.7
RBI:WHOLE_PRICE_INDEX_AVG_VAR_RN(1.0),N_A,BY_2004_05,AFY,ANNUAL_AVE,2012,2011,WPI0102,2012-03-31,IX,169.025
RBI:WHOLE_PRICE_INDEX_AVG_VAR_RN(1.0),N_A,BY_2004_05,AFY,ANNUAL_AVE,2012,2011,WPI0103,2012-03-31,IX,139.50833
RBI:WHOLE_PRICE_INDEX_AVG_VAR_RN(1.0),N_A,BY_2004_05,AFY,ANNUAL_AVE,2013,2012,WPI01,2013-03-31,IX,167.61667
RBI:WHOLE_PRICE_INDEX_AVG_VAR_RN(1.0),N_A,BY_2004_05,AFY,ANNUAL_AVE,2013,2012,WPI0101,2013-03-31,IX,219.96667
RBI:WHOLE_PRICE_INDEX_AVG_VAR_RN(1.0),N_A,BY_2004_05,AFY,ANNUAL_AVE,2013,2012,WPI010101,2013-03-31,IX,211.825
RBI:WHOLE_PRICE_INDEX_AVG_VAR_RN(1.0),N_A,BY_2004_05,AFY,ANNUAL_AVE,2013,2012,WPI010102,2013-03-31,IX,201.925
RBI:WHOLE_PRICE_INDEX_AVG_VAR_RN(1.0),N_A,BY_2004_05,AFY,ANNUAL_AVE,2013,2012,WPI0102,2013-03-31,IX,186.49167
RBI:WHOLE_PRICE_INDEX_AVG_VAR_RN(1.0),N_A,BY_2004_05,AFY,ANNUAL_AVE,2013,2012,WPI0103,2013-03-31,IX,147.05833
RBI:WHOLE_PRICE_INDEX_AVG_VAR_RN(1.0),N_A,BY_2011_12,AFY,ANL_VAR,2013,2012,WPI01,2013-03-31,IX,6.9
RBI:WHOLE_PRICE_INDEX_AVG_VAR_RN(1.0),N_A,BY_2011_12,AFY,ANL_VAR,2013,2012,WPI0101,2013-03-31,IX,11.44167
RBI:WHOLE_PRICE_INDEX_AVG_VAR_RN(1.0),N_A,BY_2011_12,AFY,ANL_VAR,2013,2012,WPI010101,2013-03-31,IX,10.86667
RBI:WHOLE_PRICE_INDEX_AVG_VAR_RN(1.0),N_A,BY_2011_12,AFY,ANL_VAR,2013,2012,WPI010102,2013-03-31,IX,13.33333
RBI:WHOLE_PRICE_INDEX_AVG_VAR_RN(1.0),N_A,BY_2011_12,AFY,ANL_VAR,2013,2012,WPI0102,2013-03-31,IX,7.05833
RBI:WHOLE_PRICE_INDEX_AVG_VAR_RN(1.0),N_A,BY_2011_12,AFY,ANL_VAR,2013,2012,WPI0103,2013-03-31,IX,5.25
RBI:WHOLE_PRICE_INDEX_AVG_VAR_RN(1.0),N_A,BY_2011_12,AFY,ANNUAL_AVE,2013,2012,WPI01,2013-03-31,IX,106.9
RBI:WHOLE_PRICE_INDEX_AVG_VAR_RN(1.0),N_A,BY_2011_12,AFY,ANNUAL_AVE,2013,2012,WPI0101,2013-03-31,IX,111.44167
RBI:WHOLE_PRICE_INDEX_AVG_VAR_RN(1.0),N_A,BY_2011_12,AFY,ANNUAL_AVE,2013,2012,WPI010101,2013-03-31,IX,110.86667
RBI:WHOLE_PRICE_INDEX_AVG_VAR_RN(1.0),N_A,BY_2011_12,AFY,ANNUAL_AVE,2013,2012,WPI010102,2013-03-31,IX,113.33333
RBI:WHOLE_PRICE_INDEX_AVG_VAR_RN(1.0),N_A,BY_2011_12,AFY,ANNUAL_AVE,2013,2012,WPI0102,2013-03-31,IX,107.05833
RBI:WHOLE_PRICE_INDEX_AVG_VAR_RN(1.0),N_A,BY_2011_12,AFY,ANNUAL_AVE,2013,2012,WPI0103,2013-03-31,IX,105.25
RBI:WHOLE_PRICE_INDEX_AVG_VAR_RN(1.0),N_A,BY_2004_05,AFY,ANNUAL_AVE,2014,2013,WPI01,2014-03-31,IX,177.64167
RBI:WHOLE_PRICE_INDEX_AVG_VAR_RN(1.0),N_A,BY_2004_05,AFY,ANNUAL_AVE,2014,2013,WPI0101,2014-03-31,IX,241.60833
RBI:WHOLE_PRICE_INDEX_AVG_VAR_RN(1.0),N_A,BY_2004_05,AFY,ANNUAL_AVE,2014,2013,WPI010101,2014-03-31,IX,238.85
RBI:WHOLE_PRICE_INDEX_AVG_VAR_RN(1.0),N_A,BY_2004_05,AFY,ANNUAL_AVE,2014,2013,WPI010102,2014-03-31,IX,213.23333
RBI:WHOLE_PRICE_INDEX_AVG_VAR_RN(1.0),N_A,BY_2004_05,AFY,ANNUAL_AVE,2014,2013,WPI0102,2014-03-31,IX,205.43333
RBI:WHOLE_PRICE_INDEX_AVG_VAR_RN(1.0),N_A,BY_2004_05,AFY,ANNUAL_AVE,2014,2013,WPI0103,2014-03-31,IX,151.45833
RBI:WHOLE_PRICE_INDEX_AVG_VAR_RN(1.0),N_A,BY_2011_12,AFY,ANL_VAR,2014,2013,WPI01,2014-03-31,IX,5.19956
RBI:WHOLE_PRICE_INDEX_AVG_VAR_RN(1.0),N_A,BY_2011_12,AFY,ANL_VAR,2014,2013,WPI0101,2014-03-31,IX,9.9
RBI:WHOLE_PRICE_INDEX_AVG_VAR_RN(1.0),N_A,BY_2011_12,AFY,ANL_VAR,2014,2013,WPI010101,2014-03-31,IX,12.31209
RBI:WHOLE_PRICE_INDEX_AVG_VAR_RN(1.0),N_A,BY_2011_12,AFY,ANL_VAR,2014,2013,WPI010102,2014-03-31,IX,4.45588
RBI:WHOLE_PRICE_INDEX_AVG_VAR_RN(1.0),N_A,BY_2011_12,AFY,ANL_VAR,2014,2013,WPI0102,2014-03-31,IX,7.1145
RBI:WHOLE_PRICE_INDEX_AVG_VAR_RN(1.0),N_A,BY_2011_12,AFY,ANL_VAR,2014,2013,WPI0103,2014-03-31,IX,3.0483
RBI:WHOLE_PRICE_INDEX_AVG_VAR_RN(1.0),N_A,BY_2011_12,AFY,ANNUAL_AVE,2014,2013,WPI01,2014-03-31,IX,112.45833
RBI:WHOLE_PRICE_INDEX_AVG_VAR_RN(1.0),N_A,BY_2011_12,AFY,ANNUAL_AVE,2014,2013,WPI0101,2014-03-31,IX,122.41667
RBI:WHOLE_PRICE_INDEX_AVG_VAR_RN(1.0),N_A,BY_2011_12,AFY,ANNUAL_AVE,2014,2013,WPI010101,2014-03-31,IX,124.51667
RBI:WHOLE_PRICE_INDEX_AVG_VAR_RN(1.0),N_A,BY_2011_12,AFY,ANNUAL_AVE,2014,2013,WPI010102,2014-03-31,IX,118.38333
RBI:WHOLE_PRICE_INDEX_AVG_VAR_RN(1.0),N_A,BY_2011_12,AFY,ANNUAL_AVE,2014,2013,WPI0102,2014-03-31,IX,114.675
RBI:WHOLE_PRICE_INDEX_AVG_VAR_RN(1.0),N_A,BY_2011_12,AFY,ANNUAL_AVE,2014,2013,WPI0103,2014-03-31,IX,108.45833
RBI:WHOLE_PRICE_INDEX_AVG_VAR_RN(1.0),N_A,BY_2004_05,AFY,ANNUAL_AVE,2015,2014,WPI01,2015-03-31,IX,181.19167
RBI:WHOLE_PRICE_INDEX_AVG_VAR_RN(1.0),N_A,BY_2004_05,AFY,ANNUAL_AVE,2015,2014,WPI0101,2015-03-31,IX,248.8
RBI:WHOLE_PRICE_INDEX_AVG_VAR_RN(1.0),N_A,BY_2004_05,AFY,ANNUAL_AVE,2015,2014,WPI010101,2015-03-31,IX,253.38333
RBI:WHOLE_PRICE_INDEX_AVG_VAR_RN(1.0),N_A,BY_2004_05,AFY,ANNUAL_AVE,2015,2014,WPI010102,2015-03-31,IX,212.06667
RBI:WHOLE_PRICE_INDEX_AVG_VAR_RN(1.0),N_A,BY_2004_05,AFY,ANNUAL_AVE,2015,2014,WPI0102,2015-03-31,IX,203.49167
RBI:WHOLE_PRICE_INDEX_AVG_VAR_RN(1.0),N_A,BY_2004_05,AFY,ANNUAL_AVE,2015,2014,WPI0103,2015-03-31,IX,155.11667
RBI:WHOLE_PRICE_INDEX_AVG_VAR_RN(1.0),N_A,BY_2011_12,AFY,ANL_VAR,2015,2014,WPI01,2015-03-31,IX,1.2
RBI:WHOLE_PRICE_INDEX_AVG_VAR_RN(1.0),N_A,BY_2011_12,AFY,ANL_VAR,2015,2014,WPI0101,2015-03-31,IX,2.15793
RBI:WHOLE_PRICE_INDEX_AVG_VAR_RN(1.0),N_A,BY_2011_12,AFY,ANL_VAR,2015,2014,WPI010101,2015-03-31,IX,5.61504
RBI:WHOLE_PRICE_INDEX_AVG_VAR_RN(1.0),N_A,BY_2011_12,AFY,ANL_VAR,2015,2014,WPI010102,2015-03-31,IX,-2.81571
RBI:WHOLE_PRICE_INDEX_AVG_VAR_RN(1.0),N_A,BY_2011_12,AFY,ANL_VAR,2015,2014,WPI0102,2015-03-31,IX,-6.11874
RBI:WHOLE_PRICE_INDEX_AVG_VAR_RN(1.0),N_A,BY_2011_12,AFY,ANL_VAR,2015,2014,WPI0103,2015-03-31,IX,2.5
RBI:WHOLE_PRICE_INDEX_AVG_VAR_RN(1.0),N_A,BY_2011_12,AFY,ANNUAL_AVE,2015,2014,WPI01,2015-03-31,IX,113.875
RBI:WHOLE_PRICE_INDEX_AVG_VAR_RN(1.0),N_A,BY_2011_12,AFY,ANNUAL_AVE,2015,2014,WPI0101,2015-03-31,IX,125.05833
RBI:WHOLE_PRICE_INDEX_AVG_VAR_RN(1.0),N_A,BY_2011_12,AFY,ANNUAL_AVE,2015,2014,WPI010101,2015-03-31,IX,131.50833
RBI:WHOLE_PRICE_INDEX_AVG_VAR_RN(1.0),N_A,BY_2011_12,AFY,ANNUAL_AVE,2015,2014,WPI010102,2015-03-31,IX,115.05
RBI:WHOLE_PRICE_INDEX_AVG_VAR_RN(1.0),N_A,BY_2011_12,AFY,ANNUAL_AVE,2015,2014,WPI0102,2015-03-31,IX,107.65833
RBI:WHOLE_PRICE_INDEX_AVG_VAR_RN(1.0),N_A,BY_2011_12,AFY,ANNUAL_AVE,2015,2014,WPI0103,2015-03-31,IX,111.225
RBI:WHOLE_PRICE_INDEX_AVG_VAR_RN(1.0),N_A,BY_2004_05,AFY,ANNUAL_AVE,2016,2015,WPI01,2016-03-31,IX,176.675
RBI:WHOLE_PRICE_INDEX_AVG_VAR_RN(1.0),N_A,BY_2004_05,AFY,ANNUAL_AVE,2016,2015,WPI0101,2016-03-31,IX,249.58333
RBI:WHOLE_PRICE_INDEX_AVG_VAR_RN(1.0),N_A,BY_2004_05,AFY,ANNUAL_AVE,2016,2015,WPI010101,2016-03-31,IX,262.05833
RBI:WHOLE_PRICE_INDEX_AVG_VAR_RN(1.0),N_A,BY_2004_05,AFY,ANNUAL_AVE,2016,2015,WPI010102,2016-03-31,IX,219.5
RBI:WHOLE_PRICE_INDEX_AVG_VAR_RN(1.0),N_A,BY_2004_05,AFY,ANNUAL_AVE,2016,2015,WPI0102,2016-03-31,IX,179.75
RBI:WHOLE_PRICE_INDEX_AVG_VAR_RN(1.0),N_A,BY_2004_05,AFY,ANNUAL_AVE,2016,2015,WPI0103,2016-03-31,IX,153.41667
RBI:WHOLE_PRICE_INDEX_AVG_VAR_RN(1.0),N_A,BY_2011_12,AFY,ANL_VAR,2016,2015,WPI01,2016-03-31,IX,-3.65166
RBI:WHOLE_PRICE_INDEX_AVG_VAR_RN(1.0),N_A,BY_2011_12,AFY,ANL_VAR,2016,2015,WPI0101,2016-03-31,IX,-0.37982
RBI:WHOLE_PRICE_INDEX_AVG_VAR_RN(1.0),N_A,BY_2011_12,AFY,ANL_VAR,2016,2015,WPI010101,2016-03-31,IX,2.57271
RBI:WHOLE_PRICE_INDEX_AVG_VAR_RN(1.0),N_A,BY_2011_12,AFY,ANL_VAR,2016,2015,WPI010102,2016-03-31,IX,2.7
RBI:WHOLE_PRICE_INDEX_AVG_VAR_RN(1.0),N_A,BY_2011_12,AFY,ANL_VAR,2016,2015,WPI0102,2016-03-31,IX,-19.65322
RBI:WHOLE_PRICE_INDEX_AVG_VAR_RN(1.0),N_A,BY_2011_12,AFY,ANL_VAR,2016,2015,WPI0103,2016-03-31,IX,-1.78317
RBI:WHOLE_PRICE_INDEX_AVG_VAR_RN(1.0),N_A,BY_2011_12,AFY,ANNUAL_AVE,2016,2015,WPI01,2016-03-31,IX,109.71667
RBI:WHOLE_PRICE_INDEX_AVG_VAR_RN(1.0),N_A,BY_2011_12,AFY,ANNUAL_AVE,2016,2015,WPI0101,2016-03-31,IX,124.58333
RBI:WHOLE_PRICE_INDEX_AVG_VAR_RN(1.0),N_A,BY_2011_12,AFY,ANNUAL_AVE,2016,2015,WPI010101,2016-03-31,IX,134.89167
RBI:WHOLE_PRICE_INDEX_AVG_VAR_RN(1.0),N_A,BY_2011_12,AFY,ANNUAL_AVE,2016,2015,WPI010102,2016-03-31,IX,118.24167
RBI:WHOLE_PRICE_INDEX_AVG_VAR_RN(1.0),N_A,BY_2011_12,AFY,ANNUAL_AVE,2016,2015,WPI0102,2016-03-31,IX,86.5
RBI:WHOLE_PRICE_INDEX_AVG_VAR_RN(1.0),N_A,BY_2011_12,AFY,ANNUAL_AVE,2016,2015,WPI0103,2016-03-31,IX,109.24167
RBI:WHOLE_PRICE_INDEX_AVG_VAR_RN(1.0),N_A,BY_2004_05,AFY,ANNUAL_AVE,2017,2016,WPI01,2017-03-31,IX,183.04348
RBI:WHOLE_PRICE_INDEX_AVG_VAR_RN(1.0),N_A,BY_2004_05,AFY,ANNUAL_AVE,2017,2016,WPI0101,2017-03-31,IX,261.50435
RBI:WHOLE_PRICE_INDEX_AVG_VAR_RN(1.0),N_A,BY_2004_05,AFY,ANNUAL_AVE,2017,2016,WPI010101,2017-03-31,IX,275.52609
RBI:WHOLE_PRICE_INDEX_AVG_VAR_RN(1.0),N_A,BY_2004_05,AFY,ANNUAL_AVE,2017,2016,WPI010102,2017-03-31,IX,229.90435
RBI:WHOLE_PRICE_INDEX_AVG_VAR_RN(1.0),N_A,BY_2004_05,AFY,ANNUAL_AVE,2017,2016,WPI0102,2017-03-31,IX,189.3
RBI:WHOLE_PRICE_INDEX_AVG_VAR_RN(1.0),N_A,BY_2004_05,AFY,ANNUAL_AVE,2017,2016,WPI0103,2017-03-31,IX,157.31739
RBI:WHOLE_PRICE_INDEX_AVG_VAR_RN(1.0),N_A,BY_2011_12,AFY,ANL_VAR,2017,2016,WPI01,2017-03-31,IX,1.731733
RBI:WHOLE_PRICE_INDEX_AVG_VAR_RN(1.0),N_A,BY_2011_12,AFY,ANL_VAR,2017,2016,WPI0101,2017-03-31,IX,3.5
RBI:WHOLE_PRICE_INDEX_AVG_VAR_RN(1.0),N_A,BY_2011_12,AFY,ANL_VAR,2017,2016,WPI010101,2017-03-31,IX,4.027924
RBI:WHOLE_PRICE_INDEX_AVG_VAR_RN(1.0),N_A,BY_2011_12,AFY,ANL_VAR,2017,2016,WPI010102,2017-03-31,IX,3.4
RBI:WHOLE_PRICE_INDEX_AVG_VAR_RN(1.0),N_A,BY_2011_12,AFY,ANL_VAR,2017,2016,WPI0102,2017-03-31,IX,-0.2
RBI:WHOLE_PRICE_INDEX_AVG_VAR_RN(1.0),N_A,BY_2011_12,AFY,ANL_VAR,2017,2016,WPI0103,2017-03-31,IX,1.4
RBI:WHOLE_PRICE_INDEX_AVG_VAR_RN(1.0),N_A,BY_2011_12,AFY,ANNUAL_AVE,2017,2016,WPI01,2017-03-31,IX,111.61667
RBI:WHOLE_PRICE_INDEX_AVG_VAR_RN(1.0),N_A,BY_2011_12,AFY,ANNUAL_AVE,2017,2016,WPI0101,2017-03-31,IX,128.85
RBI:WHOLE_PRICE_INDEX_AVG_VAR_RN(1.0),N_A,BY_2011_12,AFY,ANNUAL_AVE,2017,2016,WPI010101,2017-03-31,IX,140.325
RBI:WHOLE_PRICE_INDEX_AVG_VAR_RN(1.0),N_A,BY_2011_12,AFY,ANNUAL_AVE,2017,2016,WPI010102,2017-03-31,IX,122.18333
RBI:WHOLE_PRICE_INDEX_AVG_VAR_RN(1.0),N_A,BY_2011_12,AFY,ANNUAL_AVE,2017,2016,WPI0102,2017-03-31,IX,86.275
RBI:WHOLE_PRICE_INDEX_AVG_VAR_RN(1.0),N_A,BY_2011_12,AFY,ANNUAL_AVE,2017,2016,WPI0103,2017-03-31,IX,110.70833
RBI:WHOLE_PRICE_INDEX_AVG_VAR_RN(1.0),N_A,BY_2011_12,AFY,ANL_VAR,2018,2017,WPI01,2018-03-31,IX,3.0
RBI:WHOLE_PRICE_INDEX_AVG_VAR_RN(1.0),N_A,BY_2011_12,AFY,ANL_VAR,2018,2017,WPI0101,2018-03-31,IX,1.3
RBI:WHOLE_PRICE_INDEX_AVG_VAR_RN(1.0),N_A,BY_2011_12,AFY,ANL_VAR,2018,2017,WPI010101,2018-03-31,IX,2.054754
RBI:WHOLE_PRICE_INDEX_AVG_VAR_RN(1.0),N_A,BY_2011_12,AFY,ANL_VAR,2018,2017,WPI010102,2018-03-31,IX,-2.148411
RBI:WHOLE_PRICE_INDEX_AVG_VAR_RN(1.0),N_A,BY_2011_12,AFY,ANL_VAR,2018,2017,WPI0102,2018-03-31,IX,8.1
RBI:WHOLE_PRICE_INDEX_AVG_VAR_RN(1.0),N_A,BY_2011_12,AFY,ANL_VAR,2018,2017,WPI0103,2018-03-31,IX,2.8
RBI:WHOLE_PRICE_INDEX_AVG_VAR_RN(1.0),N_A,BY_2011_12,AFY,ANNUAL_AVE,2018,2017,WPI01,2018-03-31,IX,114.9
RBI:WHOLE_PRICE_INDEX_AVG_VAR_RN(1.0),N_A,BY_2011_12,AFY,ANNUAL_AVE,2018,2017,WPI0101,2018-03-31,IX,130.55417
RBI:WHOLE_PRICE_INDEX_AVG_VAR_RN(1.0),N_A,BY_2011_12,AFY,ANNUAL_AVE,2018,2017,WPI010101,2018-03-31,IX,143.17083
RBI:WHOLE_PRICE_INDEX_AVG_VAR_RN(1.0),N_A,BY_2011_12,AFY,ANNUAL_AVE,2018,2017,WPI010102,2018-03-31,IX,119.5625
RBI:WHOLE_PRICE_INDEX_AVG_VAR_RN(1.0),N_A,BY_2011_12,AFY,ANNUAL_AVE,2018,2017,WPI0102,2018-03-31,IX,93.30833
RBI:WHOLE_PRICE_INDEX_AVG_VAR_RN(1.0),N_A,BY_2011_12,AFY,ANNUAL_AVE,2018,2017,WPI0103,2018-03-31,IX,113.83
RBI:WHOLE_PRICE_INDEX_AVG_VAR_RN(1.0),N_A,BY_2011_12,AFY,ANL_VAR,2019,2018,WPI01,2019-03-31,IX,4.280015
RBI:WHOLE_PRICE_INDEX_AVG_VAR_RN(1.0),N_A,BY_2011_12,AFY,ANL_VAR,2019,2018,WPI0101,2019-03-31,IX,2.8
RBI:WHOLE_PRICE_INDEX_AVG_VAR_RN(1.0),N_A,BY_2011_12,AFY,ANL_VAR,2019,2018,WPI010101,2019-03-31,IX,0.320047
RBI:WHOLE_PRICE_INDEX_AVG_VAR_RN(1.0),N_A,BY_2011_12,AFY,ANL_VAR,2019,2018,WPI010102,2019-03-31,IX,2.9
RBI:WHOLE_PRICE_INDEX_AVG_VAR_RN(1.0),N_A,BY_2011_12,AFY,ANL_VAR,2019,2018,WPI0102,2019-03-31,IX,11.6
RBI:WHOLE_PRICE_INDEX_AVG_VAR_RN(1.0),N_A,BY_2011_12,AFY,ANL_VAR,2019,2018,WPI0103,2019-03-31,IX,3.6
RBI:WHOLE_PRICE_INDEX_AVG_VAR_RN(1.0),N_A,BY_2011_12,AFY,ANNUAL_AVE,2019,2018,WPI01,2019-03-31,IX,119.75417
RBI:WHOLE_PRICE_INDEX_AVG_VAR_RN(1.0),N_A,BY_2011_12,AFY,ANNUAL_AVE,2019,2018,WPI0101,2019-03-31,IX,134.17917
RBI:WHOLE_PRICE_INDEX_AVG_VAR_RN(1.0),N_A,BY_2011_12,AFY,ANNUAL_AVE,2019,2018,WPI010101,2019-03-31,IX,143.6875
RBI:WHOLE_PRICE_INDEX_AVG_VAR_RN(1.0),N_A,BY_2011_12,AFY,ANNUAL_AVE,2019,2018,WPI010102,2019-03-31,IX,123.1
RBI:WHOLE_PRICE_INDEX_AVG_VAR_RN(1.0),N_A,BY_2011_12,AFY,ANNUAL_AVE,2019,2018,WPI0102,2019-03-31,IX,104.1
RBI:WHOLE_PRICE_INDEX_AVG_VAR_RN(1.0),N_A,BY_2011_12,AFY,ANNUAL_AVE,2019,2018,WPI0103,2019-03-31,IX,117.87917
RBI:WHOLE_PRICE_INDEX_AVG_VAR_RN(1.0),N_A,BY_2011_12,AFY,ANL_VAR,2020,2019,WPI01,2020-03-31,IX,1.676522
RBI:WHOLE_PRICE_INDEX_AVG_VAR_RN(1.0),N_A,BY_2011_12,AFY,ANL_VAR,2020,2019,WPI0101,2020-03-31,IX,6.761875
RBI:WHOLE_PRICE_INDEX_AVG_VAR_RN(1.0),N_A,BY_2011_12,AFY,ANL_VAR,2020,2019,WPI010101,2020-03-31,IX,8.422274
RBI:WHOLE_PRICE_INDEX_AVG_VAR_RN(1.0),N_A,BY_2011_12,AFY,ANL_VAR,2020,2019,WPI010102,2020-03-31,IX,4.5
RBI:WHOLE_PRICE_INDEX_AVG_VAR_RN(1.0),N_A,BY_2011_12,AFY,ANL_VAR,2020,2019,WPI0102,2020-03-31,IX,-1.777991
RBI:WHOLE_PRICE_INDEX_AVG_VAR_RN(1.0),N_A,BY_2011_12,AFY,ANL_VAR,2020,2019,WPI0103,2020-03-31,IX,0.289753
RBI:WHOLE_PRICE_INDEX_AVG_VAR_RN(1.0),N_A,BY_2011_12,AFY,ANNUAL_AVE,2020,2019,WPI01,2020-03-31,IX,121.775
RBI:WHOLE_PRICE_INDEX_AVG_VAR_RN(1.0),N_A,BY_2011_12,AFY,ANNUAL_AVE,2020,2019,WPI0101,2020-03-31,IX,143.3
RBI:WHOLE_PRICE_INDEX_AVG_VAR_RN(1.0),N_A,BY_2011_12,AFY,ANNUAL_AVE,2020,2019,WPI010101,2020-03-31,IX,155.76667
RBI:WHOLE_PRICE_INDEX_AVG_VAR_RN(1.0),N_A,BY_2011_12,AFY,ANNUAL_AVE,2020,2019,WPI010102,2020-03-31,IX,128.7
RBI:WHOLE_PRICE_INDEX_AVG_VAR_RN(1.0),N_A,BY_2011_12,AFY,ANNUAL_AVE,2020,2019,WPI0102,2020-03-31,IX,102.2
RBI:WHOLE_PRICE_INDEX_AVG_VAR_RN(1.0),N_A,BY_2011_12,AFY,ANNUAL_AVE,2020,2019,WPI0103,2020-03-31,IX,118.3
RBI:WHOLE_PRICE_INDEX_AVG_VAR_RN(1.0),N_A,BY_2011_12,AFY,ANL_VAR,2021,2020,WPI01,2021-03-31,IX,1.293103
RBI:WHOLE_PRICE_INDEX_AVG_VAR_RN(1.0),N_A,BY_2011_12,AFY,ANL_VAR,2021,2020,WPI0101,2021-03-31,IX,1.698267
RBI:WHOLE_PRICE_INDEX_AVG_VAR_RN(1.0),N_A,BY_2011_12,AFY,ANL_VAR,2021,2020,WPI010101,2021-03-31,IX,3.1
RBI:WHOLE_PRICE_INDEX_AVG_VAR_RN(1.0),N_A,BY_2011_12,AFY,ANL_VAR,2021,2020,WPI010102,2021-03-31,IX,1.4
RBI:WHOLE_PRICE_INDEX_AVG_VAR_RN(1.0),N_A,BY_2011_12,AFY,ANL_VAR,2021,2020,WPI0102,2021-03-31,IX,-8.031637
RBI:WHOLE_PRICE_INDEX_AVG_VAR_RN(1.0),N_A,BY_2011_12,AFY,ANL_VAR,2021,2020,WPI0103,2021-03-31,IX,2.7
RBI:WHOLE_PRICE_INDEX_AVG_VAR_RN(1.0),N_A,BY_2011_12,AFY,ANNUAL_AVE,2021,2020,WPI01,2021-03-31,IX,123.37826
RBI:WHOLE_PRICE_INDEX_AVG_VAR_RN(1.0),N_A,BY_2011_12,AFY,ANNUAL_AVE,2021,2020,WPI0101,2021-03-31,IX,145.7
RBI:WHOLE_PRICE_INDEX_AVG_VAR_RN(1.0),N_A,BY_2011_12,AFY,ANNUAL_AVE,2021,2020,WPI010101,2021-03-31,IX,160.7
RBI:WHOLE_PRICE_INDEX_AVG_VAR_RN(1.0),N_A,BY_2011_12,AFY,ANNUAL_AVE,2021,2020,WPI010102,2021-03-31,IX,130.5
RBI:WHOLE_PRICE_INDEX_AVG_VAR_RN(1.0),N_A,BY_2011_12,AFY,ANNUAL_AVE,2021,2020,WPI0102,2021-03-31,IX,93.98333
RBI:WHOLE_PRICE_INDEX_AVG_VAR_RN(1.0),N_A,BY_2011_12,AFY,ANNUAL_AVE,2021,2020,WPI0103,2021-03-31,IX,121.52609
RBI:WHOLE_PRICE_INDEX_AVG_VAR_RN(1.0),N_A,BY_2011_12,AFY,ANL_VAR,2022,2021,WPI01,2022-03-31,IX,12.99561
RBI:WHOLE_PRICE_INDEX_AVG_VAR_RN(1.0),N_A,BY_2011_12,AFY,ANL_VAR,2022,2021,WPI0101,2022-03-31,IX,10.3
RBI:WHOLE_PRICE_INDEX_AVG_VAR_RN(1.0),N_A,BY_2011_12,AFY,ANL_VAR,2022,2021,WPI010101,2022-03-31,IX,4.12323
RBI:WHOLE_PRICE_INDEX_AVG_VAR_RN(1.0),N_A,BY_2011_12,AFY,ANL_VAR,2022,2021,WPI010102,2022-03-31,IX,21.162
RBI:WHOLE_PRICE_INDEX_AVG_VAR_RN(1.0),N_A,BY_2011_12,AFY,ANL_VAR,2022,2021,WPI0102,2022-03-31,IX,32.542
RBI:WHOLE_PRICE_INDEX_AVG_VAR_RN(1.0),N_A,BY_2011_12,AFY,ANL_VAR,2022,2021,WPI0103,2022-03-31,IX,11.089014
RBI:WHOLE_PRICE_INDEX_AVG_VAR_RN(1.0),N_A,BY_2011_12,AFY,ANNUAL_AVE,2022,2021,WPI01,2022-03-31,IX,139.408
RBI:WHOLE_PRICE_INDEX_AVG_VAR_RN(1.0),N_A,BY_2011_12,AFY,ANNUAL_AVE,2022,2021,WPI0101,2022-03-31,IX,160.65
RBI:WHOLE_PRICE_INDEX_AVG_VAR_RN(1.0),N_A,BY_2011_12,AFY,ANNUAL_AVE,2022,2021,WPI010101,2022-03-31,IX,167.3
RBI:WHOLE_PRICE_INDEX_AVG_VAR_RN(1.0),N_A,BY_2011_12,AFY,ANNUAL_AVE,2022,2021,WPI010102,2022-03-31,IX,158.117
RBI:WHOLE_PRICE_INDEX_AVG_VAR_RN(1.0),N_A,BY_2011_12,AFY,ANNUAL_AVE,2022,2021,WPI0102,2022-03-31,IX,124.567
RBI:WHOLE_PRICE_INDEX_AVG_VAR_RN(1.0),N_A,BY_2011_12,AFY,ANNUAL_AVE,2022,2021,WPI0103,2022-03-31,IX,134.992
RBI:WHOLE_PRICE_INDEX_AVG_VAR_RN(1.0),N_A,BY_2011_12,AFY,ANL_VAR,2023,2022,WPI01,2023-03-31,IX,9.408811
RBI:WHOLE_PRICE_INDEX_AVG_VAR_RN(1.0),N_A,BY_2011_12,AFY,ANL_VAR,2023,2022,WPI0101,2023-03-31,IX,10.042536
RBI:WHOLE_PRICE_INDEX_AVG_VAR_RN(1.0),N_A,BY_2011_12,AFY,ANL_VAR,2023,2022,WPI010101,2023-03-31,IX,7.272365
RBI:WHOLE_PRICE_INDEX_AVG_VAR_RN(1.0),N_A,BY_2011_12,AFY,ANL_VAR,2023,2022,WPI010102,2023-03-31,IX,8.854222
RBI:WHOLE_PRICE_INDEX_AVG_VAR_RN(1.0),N_A,BY_2011_12,AFY,ANL_VAR,2023,2022,WPI0102,2023-03-31,IX,28.077335
RBI:WHOLE_PRICE_INDEX_AVG_VAR_RN(1.0),N_A,BY_2011_12,AFY,ANL_VAR,2023,2022,WPI0103,2023-03-31,IX,5.611457
RBI:WHOLE_PRICE_INDEX_AVG_VAR_RN(1.0),N_A,BY_2011_12,AFY,ANNUAL_AVE,2023,2022,WPI01,2023-03-31,IX,152.525
RBI:WHOLE_PRICE_INDEX_AVG_VAR_RN(1.0),N_A,BY_2011_12,AFY,ANNUAL_AVE,2023,2022,WPI0101,2023-03-31,IX,176.783333
RBI:WHOLE_PRICE_INDEX_AVG_VAR_RN(1.0),N_A,BY_2011_12,AFY,ANNUAL_AVE,2023,2022,WPI010101,2023-03-31,IX,179.466667
RBI:WHOLE_PRICE_INDEX_AVG_VAR_RN(1.0),N_A,BY_2011_12,AFY,ANNUAL_AVE,2023,2022,WPI010102,2023-03-31,IX,172.116667
RBI:WHOLE_PRICE_INDEX_AVG_VAR_RN(1.0),N_A,BY_2011_12,AFY,ANNUAL_AVE,2023,2022,WPI0102,2023-03-31,IX,159.541667
RBI:WHOLE_PRICE_INDEX_AVG_VAR_RN(1.0),N_A,BY_2011_12,AFY,ANNUAL_AVE,2023,2022,WPI0103,2023-03-31,IX,142.566667
RBI:WHOLE_PRICE_INDEX_AVG_VAR_RN(1.0),N_A,BY_2011_12,AFY,ANL_VAR,2024,2023,WPI01,2024-03-31,IX,-0.726657
RBI:WHOLE_PRICE_INDEX_AVG_VAR_RN(1.0),N_A,BY_2011_12,AFY,ANL_VAR,2024,2023,WPI0101,2024-03-31,IX,3.535401
RBI:WHOLE_PRICE_INDEX_AVG_VAR_RN(1.0),N_A,BY_2011_12,AFY,ANL_VAR,2024,2023,WPI010101,2024-03-31,IX,6.607541
RBI:WHOLE_PRICE_INDEX_AVG_VAR_RN(1.0),N_A,BY_2011_12,AFY,ANL_VAR,2024,2023,WPI010102,2024-03-31,IX,-5.640554
RBI:WHOLE_PRICE_INDEX_AVG_VAR_RN(1.0),N_A,BY_2011_12,AFY,ANL_VAR,2024,2023,WPI0102,2024-03-31,IX,-4.700966
RBI:WHOLE_PRICE_INDEX_AVG_VAR_RN(1.0),N_A,BY_2011_12,AFY,ANL_VAR,2024,2023,WPI0103,2024-03-31,IX,-1.683423
RBI:WHOLE_PRICE_INDEX_AVG_VAR_RN(1.0),N_A,BY_2011_12,AFY,ANNUAL_AVE,2024,2023,WPI01,2024-03-31,IX,151.416667
RBI:WHOLE_PRICE_INDEX_AVG_VAR_RN(1.0),N_A,BY_2011_12,AFY,ANNUAL_AVE,2024,2023,WPI0101,2024-03-31,IX,183.033333
RBI:WHOLE_PRICE_INDEX_AVG_VAR_RN(1.0),N_A,BY_2011_12,AFY,ANNUAL_AVE,2024,2023,WPI010101,2024-03-31,IX,191.325
RBI:WHOLE_PRICE_INDEX_AVG_VAR_RN(1.0),N_A,BY_2011_12,AFY,ANNUAL_AVE,2024,2023,WPI010102,2024-03-31,IX,162.408333
RBI:WHOLE_PRICE_INDEX_AVG_VAR_RN(1.0),N_A,BY_2011_12,AFY,ANNUAL_AVE,2024,2023,WPI0102,2024-03-31,IX,152.041667
RBI:WHOLE_PRICE_INDEX_AVG_VAR_RN(1.0),N_A,BY_2011_12,AFY,ANNUAL_AVE,2024,2023,WPI0103,2024-03-31,IX,140.166667
RBI:WHOLE_PRICE_INDEX_AVG_VAR_RN(1.0),N_A,BY_2011_12,AFY,ANL_VAR,2025,2024,WPI01,2025-03-31,IX,2.272977
RBI:WHOLE_PRICE_INDEX_AVG_VAR_RN(1.0),N_A,BY_2011_12,AFY,ANL_VAR,2025,2024,WPI0101,2025-03-31,IX,5.181206
RBI:WHOLE_PRICE_INDEX_AVG_VAR_RN(1.0),N_A,BY_2011_12,AFY,ANL_VAR,2025,2024,WPI010101,2025-03-31,IX,7.326103
RBI:WHOLE_PRICE_INDEX_AVG_VAR_RN(1.0),N_A,BY_2011_12,AFY,ANL_VAR,2025,2024,WPI010102,2025-03-31,IX,-0.41562
RBI:WHOLE_PRICE_INDEX_AVG_VAR_RN(1.0),N_A,BY_2011_12,AFY,ANL_VAR,2025,2024,WPI0102,2025-03-31,IX,-1.337353
RBI:WHOLE_PRICE_INDEX_AVG_VAR_RN(1.0),N_A,BY_2011_12,AFY,ANL_VAR,2025,2024,WPI0103,2025-03-31,IX,1.736132
RBI:WHOLE_PRICE_INDEX_AVG_VAR_RN(1.0),N_A,BY_2011_12,AFY,ANNUAL_AVE,2025,2024,WPI01,2025-03-31,IX,154.85833
RBI:WHOLE_PRICE_INDEX_AVG_VAR_RN(1.0),N_A,BY_2011_12,AFY,ANNUAL_AVE,2025,2024,WPI0101,2025-03-31,IX,192.51667
RBI:WHOLE_PRICE_INDEX_AVG_VAR_RN(1.0),N_A,BY_2011_12,AFY,ANNUAL_AVE,2025,2024,WPI010101,2025-03-31,IX,205.34167
RBI:WHOLE_PRICE_INDEX_AVG_VAR_RN(1.0),N_A,BY_2011_12,AFY,ANNUAL_AVE,2025,2024,WPI010102,2025-03-31,IX,161.73333
RBI:WHOLE_PRICE_INDEX_AVG_VAR_RN(1.0),N_A,BY_2011_12,AFY,ANNUAL_AVE,2025,2024,WPI0102,2025-03-31,IX,150.00833
RBI:WHOLE_PRICE_INDEX_AVG_VAR_RN(1.0),N_A,BY_2011_12,AFY,ANNUAL_AVE,2025,2024,WPI0103,2025-03-31,IX,142.59167
RBI:WHOLE_PRICE_INDEX_AVG_VAR_RN(1.0),N_A,BY_2011_12,AFY,ANNUAL_AVE,2026,2025,WPI01,2026-03-31,IX,155.5
RBI:WHOLE_PRICE_INDEX_AVG_VAR_RN(1.0),N_A,BY_2011_12,AFY,ANNUAL_AVE,2026,2025,WPI0101,2026-03-31,IX,189.809090909091
RBI:WHOLE_PRICE_INDEX_AVG_VAR_RN(1.0),N_A,BY_2011_12,AFY,ANNUAL_AVE,2026,2025,WPI010101,2026-03-31,IX,200.809090909091
RBI:WHOLE_PRICE_INDEX_AVG_VAR_RN(1.0),N_A,BY_2011_12,AFY,ANNUAL_AVE,2026,2025,WPI010102,2026-03-31,IX,168.172727272727
RBI:WHOLE_PRICE_INDEX_AVG_VAR_RN(1.0),N_A,BY_2011_12,AFY,ANNUAL_AVE,2026,2025,WPI0102,2026-03-31,IX,144.990909090909
RBI:WHOLE_PRICE_INDEX_AVG_VAR_RN(1.0),N_A,BY_2011_12,AFY,ANNUAL_AVE,2026,2025,WPI0103,2026-03-31,IX,145.554545454545
