DATAFLOW,AUDST,CLS_OF_CRPS,FREQ,REPYEAREND,REPYEARSTART,UNIT_MULT,TIME_PERIOD,UNIT_MEASURE,OBS_VALUE
RBI:AGR_PROD_RN(1.0),N_A,FDGRNS,AFY,2026,2025,0,2026-03-31,TN,173330000
RBI:AGR_PROD_RN(1.0),N_A,RJNM,AFY,2026,2025,0,2026-03-31,TN,8345000.0
RBI:AGR_PROD_RN(1.0),N_A,SGRCN,AFY,2026,2025,0,2026-03-31,TN,475614000
RBI:AGR_PROD_RN(1.0),N_A,CC,AFY,2026,2025,0,2026-03-31,TN,41414000
RBI:AGR_PROD_RN(1.0),N_A,COTTON,AFY,2026,2025,0,2026-03-31,TN,29215000
RBI:AGR_PROD_RN(1.0),N_A,RI,AFY,2026,2025,0,2026-03-31,TN,124504000
RBI:AGR_PROD_RN(1.0),N_A,OILSDS,AFY,2026,2025,0,2026-03-31,TN,27563000
RBI:AGR_PROD_RN(1.0),N_A,SOY,AFY,2026,2025,0,2026-03-31,TN,14266000
RBI:AGR_PROD_RN(1.0),N_A,CERLS,AFY,2026,2025,0,2026-03-31,TN,165918000
RBI:AGR_PROD_RN(1.0),N_A,GRDNT,AFY,2026,2025,0,2026-03-31,TN,11093000
RBI:AGR_PROD_RN(1.0),N_A,PUL,AFY,2026,2025,0,2026-03-31,TN,7413000.0
RBI:AGR_PROD_RN(1.0),N_A,CC,AFY,2025,2024,0,2025-03-31,TN,63921000
RBI:AGR_PROD_RN(1.0),N_A,TOBB,AFY,2025,2024,0,2025-03-31,TN,1037000.0
RBI:AGR_PROD_RN(1.0),N_A,CERLS,AFY,2025,2024,0,2025-03-31,TN,332050000
RBI:AGR_PROD_RN(1.0),N_A,RNM,AFY,2025,2024,0,2025-03-31,TN,12667000
RBI:AGR_PROD_RN(1.0),N_A,WH,AFY,2025,2024,0,2025-03-31,TN,117945000
RBI:AGR_PROD_RN(1.0),N_A,SGRCN,AFY,2025,2024,0,2025-03-31,TN,454611000
RBI:AGR_PROD_RN(1.0),N_A,FDGRNS,AFY,2025,2024,0,2025-03-31,TN,357732000
RBI:AGR_PROD_RN(1.0),N_A,OILSDS,AFY,2025,2024,0,2025-03-31,TN,42989000
RBI:AGR_PROD_RN(1.0),N_A,SOY,AFY,2025,2024,0,2025-03-31,TN,15268000
RBI:AGR_PROD_RN(1.0),N_A,PUL,AFY,2025,2024,0,2025-03-31,TN,25683000
RBI:AGR_PROD_RN(1.0),N_A,COTTON,AFY,2025,2024,0,2025-03-31,TN,29724000
RBI:AGR_PROD_RN(1.0),N_A,RI,AFY,2025,2024,0,2025-03-31,TN,150184000
RBI:AGR_PROD_RN(1.0),N_A,GRDNT,AFY,2025,2024,0,2025-03-31,TN,11942000
RBI:AGR_PROD_RN(1.0),N_A,CFF,AFY,2025,2024,0,2025-03-31,TN,363000000
RBI:AGR_PROD_RN(1.0),N_A,TEA,AFY,2025,2024,0,2025-03-31,TN,1315770000
RBI:AGR_PROD_RN(1.0),N_A,RJNM,AFY,2025,2024,0,2025-03-31,TN,8802000.0
RBI:AGR_PROD_RN(1.0),N_A,GRDNT,AFY,2024,2023,0,2024-03-31,TN,10180000
RBI:AGR_PROD_RN(1.0),N_A,RJNM,AFY,2024,2023,0,2024-03-31,TN,9692000.0
RBI:AGR_PROD_RN(1.0),N_A,TEA,AFY,2024,2023,0,2024-03-31,TN,1382030000
RBI:AGR_PROD_RN(1.0),N_A,CFF,AFY,2024,2023,0,2024-03-31,TN,360000000
RBI:AGR_PROD_RN(1.0),N_A,CC,AFY,2024,2023,0,2024-03-31,TN,56936000
RBI:AGR_PROD_RN(1.0),N_A,COTTON,AFY,2024,2023,0,2024-03-31,TN,32522000
RBI:AGR_PROD_RN(1.0),N_A,OILSDS,AFY,2024,2023,0,2024-03-31,TN,39669000
RBI:AGR_PROD_RN(1.0),N_A,FDGRNS,AFY,2024,2023,0,2024-03-31,TN,332298000
RBI:AGR_PROD_RN(1.0),N_A,TOBB,AFY,2024,2023,0,2024-03-31,TN,866000.0
RBI:AGR_PROD_RN(1.0),N_A,SOY,AFY,2024,2023,0,2024-03-31,TN,13062000
RBI:AGR_PROD_RN(1.0),N_A,CERLS,AFY,2024,2023,0,2024-03-31,TN,308052000
RBI:AGR_PROD_RN(1.0),N_A,RI,AFY,2024,2023,0,2024-03-31,TN,137825000
RBI:AGR_PROD_RN(1.0),N_A,PUL,AFY,2024,2023,0,2024-03-31,TN,24246000
RBI:AGR_PROD_RN(1.0),N_A,RNM,AFY,2024,2023,0,2024-03-31,TN,13259000
RBI:AGR_PROD_RN(1.0),N_A,SGRCN,AFY,2024,2023,0,2024-03-31,TN,453158000
RBI:AGR_PROD_RN(1.0),N_A,WH,AFY,2024,2023,0,2024-03-31,TN,113292000
RBI:AGR_PROD_RN(1.0),N_A,CFF,AFY,2023,2022,0,2023-03-31,TN,352000000
RBI:AGR_PROD_RN(1.0),N_A,OILSDS,AFY,2023,2022,0,2023-03-31,TN,41355000
RBI:AGR_PROD_RN(1.0),N_A,RJNM,AFY,2023,2022,0,2023-03-31,TN,9392000.0
RBI:AGR_PROD_RN(1.0),N_A,SGRCN,AFY,2023,2022,0,2023-03-31,TN,490533000
RBI:AGR_PROD_RN(1.0),N_A,TOBB,AFY,2023,2022,0,2023-03-31,TN,770000.0
RBI:AGR_PROD_RN(1.0),N_A,TEA,AFY,2023,2022,0,2023-03-31,TN,1374970000
RBI:AGR_PROD_RN(1.0),N_A,RNM,AFY,2023,2022,0,2023-03-31,TN,12643000
RBI:AGR_PROD_RN(1.0),N_A,CERLS,AFY,2023,2022,0,2023-03-31,TN,303630000
RBI:AGR_PROD_RN(1.0),N_A,PUL,AFY,2023,2022,0,2023-03-31,TN,26058000
RBI:AGR_PROD_RN(1.0),N_A,FDGRNS,AFY,2023,2022,0,2023-03-31,TN,329687000
RBI:AGR_PROD_RN(1.0),N_A,GRDNT,AFY,2023,2022,0,2023-03-31,TN,10297000
RBI:AGR_PROD_RN(1.0),N_A,RI,AFY,2023,2022,0,2023-03-31,TN,135755000
RBI:AGR_PROD_RN(1.0),N_A,WH,AFY,2023,2022,0,2023-03-31,TN,110554000
RBI:AGR_PROD_RN(1.0),N_A,COTTON,AFY,2023,2022,0,2023-03-31,TN,33660000
RBI:AGR_PROD_RN(1.0),N_A,CC,AFY,2023,2022,0,2023-03-31,TN,57319000
RBI:AGR_PROD_RN(1.0),N_A,SOY,AFY,2023,2022,0,2023-03-31,TN,14985000
RBI:AGR_PROD_RN(1.0),N_A,RNM,AFY,2022,2021,0,2022-03-31,TN,11963000
RBI:AGR_PROD_RN(1.0),N_A,CC,AFY,2022,2021,0,2022-03-31,TN,51101000
RBI:AGR_PROD_RN(1.0),N_A,RI,AFY,2022,2021,0,2022-03-31,TN,129471000
RBI:AGR_PROD_RN(1.0),N_A,CFF,AFY,2022,2021,0,2022-03-31,TN,342000000
RBI:AGR_PROD_RN(1.0),N_A,SGRCN,AFY,2022,2021,0,2022-03-31,TN,439425000
RBI:AGR_PROD_RN(1.0),N_A,RJNM,AFY,2022,2021,0,2022-03-31,TN,10149000
RBI:AGR_PROD_RN(1.0),N_A,OILSDS,AFY,2022,2021,0,2022-03-31,TN,37963000
RBI:AGR_PROD_RN(1.0),N_A,WH,AFY,2022,2021,0,2022-03-31,TN,107742000
RBI:AGR_PROD_RN(1.0),N_A,TEA,AFY,2022,2021,0,2022-03-31,TN,1344400000
RBI:AGR_PROD_RN(1.0),N_A,GRDNT,AFY,2022,2021,0,2022-03-31,TN,10135000
RBI:AGR_PROD_RN(1.0),N_A,FDGRNS,AFY,2022,2021,0,2022-03-31,TN,315616000
RBI:AGR_PROD_RN(1.0),N_A,PUL,AFY,2022,2021,0,2022-03-31,TN,27302000
RBI:AGR_PROD_RN(1.0),N_A,TOBB,AFY,2022,2021,0,2022-03-31,TN,818000.0
RBI:AGR_PROD_RN(1.0),N_A,CERLS,AFY,2022,2021,0,2022-03-31,TN,288314000
RBI:AGR_PROD_RN(1.0),N_A,COTTON,AFY,2022,2021,0,2022-03-31,TN,31118000
RBI:AGR_PROD_RN(1.0),N_A,SOY,AFY,2022,2021,0,2022-03-31,TN,12987000
RBI:AGR_PROD_RN(1.0),N_A,WH,AFY,2021,2020,0,2021-03-31,TN,109586000
RBI:AGR_PROD_RN(1.0),N_A,RJNM,AFY,2021,2020,0,2021-03-31,TN,9354000.0
RBI:AGR_PROD_RN(1.0),N_A,CERLS,AFY,2021,2020,0,2021-03-31,TN,285279000
RBI:AGR_PROD_RN(1.0),N_A,RNM,AFY,2021,2020,0,2021-03-31,TN,10210000
RBI:AGR_PROD_RN(1.0),N_A,OILSDS,AFY,2021,2020,0,2021-03-31,TN,35946000
RBI:AGR_PROD_RN(1.0),N_A,FDGRNS,AFY,2021,2020,0,2021-03-31,TN,310742000
RBI:AGR_PROD_RN(1.0),N_A,TEA,AFY,2021,2020,0,2021-03-31,TN,1283030000
RBI:AGR_PROD_RN(1.0),N_A,RI,AFY,2021,2020,0,2021-03-31,TN,124368000
RBI:AGR_PROD_RN(1.0),N_A,TOBB,AFY,2021,2020,0,2021-03-31,TN,760000.0
RBI:AGR_PROD_RN(1.0),N_A,SOY,AFY,2021,2020,0,2021-03-31,TN,12610000
RBI:AGR_PROD_RN(1.0),N_A,CFF,AFY,2021,2020,0,2021-03-31,TN,334000000
RBI:AGR_PROD_RN(1.0),N_A,GRDNT,AFY,2021,2020,0,2021-03-31,TN,10244000
RBI:AGR_PROD_RN(1.0),N_A,PUL,AFY,2021,2020,0,2021-03-31,TN,25463000
RBI:AGR_PROD_RN(1.0),N_A,SGRCN,AFY,2021,2020,0,2021-03-31,TN,405399000
RBI:AGR_PROD_RN(1.0),N_A,CC,AFY,2021,2020,0,2021-03-31,TN,51324000
RBI:AGR_PROD_RN(1.0),N_A,COTTON,AFY,2021,2020,0,2021-03-31,TN,35248000
RBI:AGR_PROD_RN(1.0),N_A,GRDNT,AFY,2020,2019,0,2020-03-31,TN,9950000.0
RBI:AGR_PROD_RN(1.0),N_A,CC,AFY,2020,2019,0,2020-03-31,TN,47750000
RBI:AGR_PROD_RN(1.0),N_A,TEA,AFY,2020,2019,0,2020-03-31,TN,1360810000
RBI:AGR_PROD_RN(1.0),N_A,SOY,AFY,2020,2019,0,2020-03-31,TN,11230000
RBI:AGR_PROD_RN(1.0),N_A,COTTON,AFY,2020,2019,0,2020-03-31,TN,36070000
RBI:AGR_PROD_RN(1.0),N_A,OILSDS,AFY,2020,2019,0,2020-03-31,TN,33220000
RBI:AGR_PROD_RN(1.0),N_A,SGRCN,AFY,2020,2019,0,2020-03-31,TN,370500000
RBI:AGR_PROD_RN(1.0),N_A,PUL,AFY,2020,2019,0,2020-03-31,TN,23030000
RBI:AGR_PROD_RN(1.0),N_A,RI,AFY,2020,2019,0,2020-03-31,TN,118870000
RBI:AGR_PROD_RN(1.0),N_A,WH,AFY,2020,2019,0,2020-03-31,TN,107860000
RBI:AGR_PROD_RN(1.0),N_A,TOBB,AFY,2020,2019,0,2020-03-31,TN,800000.0
RBI:AGR_PROD_RN(1.0),N_A,FDGRNS,AFY,2020,2019,0,2020-03-31,TN,297500000
RBI:AGR_PROD_RN(1.0),N_A,RNM,AFY,2020,2019,0,2020-03-31,TN,9120000.0
RBI:AGR_PROD_RN(1.0),N_A,CERLS,AFY,2020,2019,0,2020-03-31,TN,274500000
RBI:AGR_PROD_RN(1.0),N_A,CFF,AFY,2020,2019,0,2020-03-31,TN,298000000
RBI:AGR_PROD_RN(1.0),N_A,RJNM,AFY,2020,2019,0,2020-03-31,TN,9880000.0
RBI:AGR_PROD_RN(1.0),N_A,WH,AFY,2019,2018,0,2019-03-31,TN,103600000
RBI:AGR_PROD_RN(1.0),N_A,FDGRNS,AFY,2019,2018,0,2019-03-31,TN,285200000
RBI:AGR_PROD_RN(1.0),N_A,GRDNT,AFY,2019,2018,0,2019-03-31,TN,6730000.0
RBI:AGR_PROD_RN(1.0),N_A,RNM,AFY,2019,2018,0,2019-03-31,TN,9260000.0
RBI:AGR_PROD_RN(1.0),N_A,RI,AFY,2019,2018,0,2019-03-31,TN,116480000
RBI:AGR_PROD_RN(1.0),N_A,RJNM,AFY,2019,2018,0,2019-03-31,TN,9820000.0
RBI:AGR_PROD_RN(1.0),N_A,PUL,AFY,2019,2018,0,2019-03-31,TN,22080000
RBI:AGR_PROD_RN(1.0),N_A,TOBB,AFY,2019,2018,0,2019-03-31,TN,660000.0
RBI:AGR_PROD_RN(1.0),N_A,SOY,AFY,2019,2018,0,2019-03-31,TN,13270000
RBI:AGR_PROD_RN(1.0),N_A,OILSDS,AFY,2019,2018,0,2019-03-31,TN,31520000
RBI:AGR_PROD_RN(1.0),N_A,COTTON,AFY,2019,2018,0,2019-03-31,TN,28040000
RBI:AGR_PROD_RN(1.0),N_A,TEA,AFY,2019,2018,0,2019-03-31,TN,1350040000
RBI:AGR_PROD_RN(1.0),N_A,CC,AFY,2019,2018,0,2019-03-31,TN,43060000
RBI:AGR_PROD_RN(1.0),N_A,CFF,AFY,2019,2018,0,2019-03-31,TN,319500000
RBI:AGR_PROD_RN(1.0),N_A,SGRCN,AFY,2019,2018,0,2019-03-31,TN,405416000
RBI:AGR_PROD_RN(1.0),N_A,CERLS,AFY,2019,2018,0,2019-03-31,TN,263100000
RBI:AGR_PROD_RN(1.0),N_A,PUL,AFY,2018,2017,0,2018-03-31,TN,25420000
RBI:AGR_PROD_RN(1.0),N_A,TEA,AFY,2018,2017,0,2018-03-31,TN,1325050000
RBI:AGR_PROD_RN(1.0),N_A,WH,AFY,2018,2017,0,2018-03-31,TN,99870000
RBI:AGR_PROD_RN(1.0),N_A,GRDNT,AFY,2018,2017,0,2018-03-31,TN,9253000.0
RBI:AGR_PROD_RN(1.0),N_A,TOBB,AFY,2018,2017,0,2018-03-31,TN,950000.0
RBI:AGR_PROD_RN(1.0),N_A,SGRCN,AFY,2018,2017,0,2018-03-31,TN,379905000
RBI:AGR_PROD_RN(1.0),N_A,CC,AFY,2018,2017,0,2018-03-31,TN,46970000
RBI:AGR_PROD_RN(1.0),N_A,CERLS,AFY,2018,2017,0,2018-03-31,TN,259600000
RBI:AGR_PROD_RN(1.0),N_A,RNM,AFY,2018,2017,0,2018-03-31,TN,8430000.0
RBI:AGR_PROD_RN(1.0),N_A,OILSDS,AFY,2018,2017,0,2018-03-31,TN,31459000
RBI:AGR_PROD_RN(1.0),N_A,SOY,AFY,2018,2017,0,2018-03-31,TN,10933000
RBI:AGR_PROD_RN(1.0),N_A,COTTON,AFY,2018,2017,0,2018-03-31,TN,32805000
RBI:AGR_PROD_RN(1.0),N_A,RI,AFY,2018,2017,0,2018-03-31,TN,112760000
RBI:AGR_PROD_RN(1.0),N_A,FDGRNS,AFY,2018,2017,0,2018-03-31,TN,285000000
RBI:AGR_PROD_RN(1.0),N_A,RJNM,AFY,2018,2017,0,2018-03-31,TN,10033000
RBI:AGR_PROD_RN(1.0),N_A,CFF,AFY,2018,2017,0,2018-03-31,TN,316000000
RBI:AGR_PROD_RN(1.0),N_A,OILSDS,AFY,2017,2016,0,2017-03-31,TN,31280000
RBI:AGR_PROD_RN(1.0),N_A,COTTON,AFY,2017,2016,0,2017-03-31,TN,32580000
RBI:AGR_PROD_RN(1.0),N_A,CFF,AFY,2017,2016,0,2017-03-31,TN,312000000
RBI:AGR_PROD_RN(1.0),N_A,SOY,AFY,2017,2016,0,2017-03-31,TN,13160000
RBI:AGR_PROD_RN(1.0),N_A,TEA,AFY,2017,2016,0,2017-03-31,TN,1250490000
RBI:AGR_PROD_RN(1.0),N_A,TOBB,AFY,2017,2016,0,2017-03-31,TN,810000.0
RBI:AGR_PROD_RN(1.0),N_A,RNM,AFY,2017,2016,0,2017-03-31,TN,7920000.0
RBI:AGR_PROD_RN(1.0),N_A,WH,AFY,2017,2016,0,2017-03-31,TN,98510000
RBI:AGR_PROD_RN(1.0),N_A,FDGRNS,AFY,2017,2016,0,2017-03-31,TN,275100000
RBI:AGR_PROD_RN(1.0),N_A,GRDNT,AFY,2017,2016,0,2017-03-31,TN,7460000.0
RBI:AGR_PROD_RN(1.0),N_A,CERLS,AFY,2017,2016,0,2017-03-31,TN,252000000
RBI:AGR_PROD_RN(1.0),N_A,CC,AFY,2017,2016,0,2017-03-31,TN,43770000
RBI:AGR_PROD_RN(1.0),N_A,SGRCN,AFY,2017,2016,0,2017-03-31,TN,306070000
RBI:AGR_PROD_RN(1.0),N_A,PUL,AFY,2017,2016,0,2017-03-31,TN,23130000
RBI:AGR_PROD_RN(1.0),N_A,RJNM,AFY,2017,2016,0,2017-03-31,TN,10960000
RBI:AGR_PROD_RN(1.0),N_A,RI,AFY,2017,2016,0,2017-03-31,TN,109698000
RBI:AGR_PROD_RN(1.0),N_A,GRDNT,AFY,2016,2015,0,2016-03-31,TN,6730000.0
RBI:AGR_PROD_RN(1.0),N_A,COTTON,AFY,2016,2015,0,2016-03-31,TN,30000000
RBI:AGR_PROD_RN(1.0),N_A,TEA,AFY,2016,2015,0,2016-03-31,TN,1233140000
RBI:AGR_PROD_RN(1.0),N_A,OILSDS,AFY,2016,2015,0,2016-03-31,TN,25250000
RBI:AGR_PROD_RN(1.0),N_A,RJNM,AFY,2016,2015,0,2016-03-31,TN,10520000
RBI:AGR_PROD_RN(1.0),N_A,RI,AFY,2016,2015,0,2016-03-31,TN,104410000
RBI:AGR_PROD_RN(1.0),N_A,CC,AFY,2016,2015,0,2016-03-31,TN,38520000
RBI:AGR_PROD_RN(1.0),N_A,PUL,AFY,2016,2015,0,2016-03-31,TN,16320000
RBI:AGR_PROD_RN(1.0),N_A,WH,AFY,2016,2015,0,2016-03-31,TN,92290000
RBI:AGR_PROD_RN(1.0),N_A,FDGRNS,AFY,2016,2015,0,2016-03-31,TN,251500000
RBI:AGR_PROD_RN(1.0),N_A,CERLS,AFY,2016,2015,0,2016-03-31,TN,235200000
RBI:AGR_PROD_RN(1.0),N_A,SGRCN,AFY,2016,2015,0,2016-03-31,TN,348440000
RBI:AGR_PROD_RN(1.0),N_A,TOBB,AFY,2016,2015,0,2016-03-31,TN,800000.0
RBI:AGR_PROD_RN(1.0),N_A,SOY,AFY,2016,2015,0,2016-03-31,TN,8570000.0
RBI:AGR_PROD_RN(1.0),N_A,CFF,AFY,2016,2015,0,2016-03-31,TN,348000000
RBI:AGR_PROD_RN(1.0),N_A,RNM,AFY,2016,2015,0,2016-03-31,TN,6790000.0
RBI:AGR_PROD_RN(1.0),N_A,OILSDS,AFY,2015,2014,0,2015-03-31,TN,27510000
RBI:AGR_PROD_RN(1.0),N_A,CFF,AFY,2015,2014,0,2015-03-31,TN,327000000
RBI:AGR_PROD_RN(1.0),N_A,RJNM,AFY,2015,2014,0,2015-03-31,TN,11130000
RBI:AGR_PROD_RN(1.0),N_A,RNM,AFY,2015,2014,0,2015-03-31,TN,6280000.0
RBI:AGR_PROD_RN(1.0),N_A,COTTON,AFY,2015,2014,0,2015-03-31,TN,34810000
RBI:AGR_PROD_RN(1.0),N_A,SOY,AFY,2015,2014,0,2015-03-31,TN,10370000
RBI:AGR_PROD_RN(1.0),N_A,WH,AFY,2015,2014,0,2015-03-31,TN,86530000
RBI:AGR_PROD_RN(1.0),N_A,CERLS,AFY,2015,2014,0,2015-03-31,TN,234900000
RBI:AGR_PROD_RN(1.0),N_A,FDGRNS,AFY,2015,2014,0,2015-03-31,TN,252000000
RBI:AGR_PROD_RN(1.0),N_A,TEA,AFY,2015,2014,0,2015-03-31,TN,1197180000
RBI:AGR_PROD_RN(1.0),N_A,TOBB,AFY,2015,2014,0,2015-03-31,TN,860000.0
RBI:AGR_PROD_RN(1.0),N_A,SGRCN,AFY,2015,2014,0,2015-03-31,TN,362330000
RBI:AGR_PROD_RN(1.0),N_A,PUL,AFY,2015,2014,0,2015-03-31,TN,17150000
RBI:AGR_PROD_RN(1.0),N_A,RI,AFY,2015,2014,0,2015-03-31,TN,105480000
RBI:AGR_PROD_RN(1.0),N_A,CC,AFY,2015,2014,0,2015-03-31,TN,42860000
RBI:AGR_PROD_RN(1.0),N_A,GRDNT,AFY,2015,2014,0,2015-03-31,TN,7400000.0
RBI:AGR_PROD_RN(1.0),N_A,PUL,AFY,2014,2013,0,2014-03-31,TN,19250000
RBI:AGR_PROD_RN(1.0),N_A,CERLS,AFY,2014,2013,0,2014-03-31,TN,245800000
RBI:AGR_PROD_RN(1.0),N_A,OILSDS,AFY,2014,2013,0,2014-03-31,TN,32750000
RBI:AGR_PROD_RN(1.0),N_A,RI,AFY,2014,2013,0,2014-03-31,TN,106650000
RBI:AGR_PROD_RN(1.0),N_A,CC,AFY,2014,2013,0,2014-03-31,TN,43290000
RBI:AGR_PROD_RN(1.0),N_A,GRDNT,AFY,2014,2013,0,2014-03-31,TN,9710000.0
RBI:AGR_PROD_RN(1.0),N_A,SOY,AFY,2014,2013,0,2014-03-31,TN,11860000
RBI:AGR_PROD_RN(1.0),N_A,FDGRNS,AFY,2014,2013,0,2014-03-31,TN,265000000
RBI:AGR_PROD_RN(1.0),N_A,TEA,AFY,2014,2013,0,2014-03-31,TN,1208780000
RBI:AGR_PROD_RN(1.0),N_A,WH,AFY,2014,2013,0,2014-03-31,TN,95850000
RBI:AGR_PROD_RN(1.0),N_A,RJNM,AFY,2014,2013,0,2014-03-31,TN,11690000
RBI:AGR_PROD_RN(1.0),N_A,RNM,AFY,2014,2013,0,2014-03-31,TN,7880000.0
RBI:AGR_PROD_RN(1.0),N_A,TOBB,AFY,2014,2013,0,2014-03-31,TN,740000.0
RBI:AGR_PROD_RN(1.0),N_A,SGRCN,AFY,2014,2013,0,2014-03-31,TN,352140000
RBI:AGR_PROD_RN(1.0),N_A,COTTON,AFY,2014,2013,0,2014-03-31,TN,35900000
RBI:AGR_PROD_RN(1.0),N_A,CFF,AFY,2014,2013,0,2014-03-31,TN,304500000
RBI:AGR_PROD_RN(1.0),N_A,TEA,AFY,2013,2012,0,2013-03-31,TN,1135070000
RBI:AGR_PROD_RN(1.0),N_A,FDGRNS,AFY,2013,2012,0,2013-03-31,TN,257100000
RBI:AGR_PROD_RN(1.0),N_A,PUL,AFY,2013,2012,0,2013-03-31,TN,18340000
RBI:AGR_PROD_RN(1.0),N_A,OILSDS,AFY,2013,2012,0,2013-03-31,TN,30940000
RBI:AGR_PROD_RN(1.0),N_A,GRDNT,AFY,2013,2012,0,2013-03-31,TN,4700000.0
RBI:AGR_PROD_RN(1.0),N_A,RI,AFY,2013,2012,0,2013-03-31,TN,105240000
RBI:AGR_PROD_RN(1.0),N_A,SGRCN,AFY,2013,2012,0,2013-03-31,TN,341200000
RBI:AGR_PROD_RN(1.0),N_A,CERLS,AFY,2013,2012,0,2013-03-31,TN,238800000
RBI:AGR_PROD_RN(1.0),N_A,COTTON,AFY,2013,2012,0,2013-03-31,TN,34220000
RBI:AGR_PROD_RN(1.0),N_A,CFF,AFY,2013,2012,0,2013-03-31,TN,318200000
RBI:AGR_PROD_RN(1.0),N_A,WH,AFY,2013,2012,0,2013-03-31,TN,93510000
RBI:AGR_PROD_RN(1.0),N_A,RNM,AFY,2013,2012,0,2013-03-31,TN,8030000.0
RBI:AGR_PROD_RN(1.0),N_A,RJNM,AFY,2013,2012,0,2013-03-31,TN,10930000
RBI:AGR_PROD_RN(1.0),N_A,CC,AFY,2013,2012,0,2013-03-31,TN,40040000
RBI:AGR_PROD_RN(1.0),N_A,TOBB,AFY,2013,2012,0,2013-03-31,TN,660000.0
RBI:AGR_PROD_RN(1.0),N_A,SOY,AFY,2013,2012,0,2013-03-31,TN,14670000
RBI:AGR_PROD_RN(1.0),N_A,SGRCN,AFY,2012,2011,0,2012-03-31,TN,361040000
RBI:AGR_PROD_RN(1.0),N_A,COTTON,AFY,2012,2011,0,2012-03-31,TN,35200000
RBI:AGR_PROD_RN(1.0),N_A,CERLS,AFY,2012,2011,0,2012-03-31,TN,242200000
RBI:AGR_PROD_RN(1.0),N_A,CC,AFY,2012,2011,0,2012-03-31,TN,42010000
RBI:AGR_PROD_RN(1.0),N_A,SOY,AFY,2012,2011,0,2012-03-31,TN,12210000
RBI:AGR_PROD_RN(1.0),N_A,CFF,AFY,2012,2011,0,2012-03-31,TN,314000000
RBI:AGR_PROD_RN(1.0),N_A,GRDNT,AFY,2012,2011,0,2012-03-31,TN,6960000.0
RBI:AGR_PROD_RN(1.0),N_A,RJNM,AFY,2012,2011,0,2012-03-31,TN,11400000
RBI:AGR_PROD_RN(1.0),N_A,RNM,AFY,2012,2011,0,2012-03-31,TN,6600000.0
RBI:AGR_PROD_RN(1.0),N_A,FDGRNS,AFY,2012,2011,0,2012-03-31,TN,259300000
RBI:AGR_PROD_RN(1.0),N_A,TEA,AFY,2012,2011,0,2012-03-31,TN,1095460000
RBI:AGR_PROD_RN(1.0),N_A,RI,AFY,2012,2011,0,2012-03-31,TN,105300000
RBI:AGR_PROD_RN(1.0),N_A,WH,AFY,2012,2011,0,2012-03-31,TN,94880000
RBI:AGR_PROD_RN(1.0),N_A,PUL,AFY,2012,2011,0,2012-03-31,TN,17090000
RBI:AGR_PROD_RN(1.0),N_A,OILSDS,AFY,2012,2011,0,2012-03-31,TN,29800000
RBI:AGR_PROD_RN(1.0),N_A,TOBB,AFY,2012,2011,0,2012-03-31,TN,750000.0
RBI:AGR_PROD_RN(1.0),N_A,COTTON,AFY,2011,2010,0,2011-03-31,TN,33000000
RBI:AGR_PROD_RN(1.0),N_A,WH,AFY,2011,2010,0,2011-03-31,TN,86870000
RBI:AGR_PROD_RN(1.0),N_A,TEA,AFY,2011,2010,0,2011-03-31,TN,966730000
RBI:AGR_PROD_RN(1.0),N_A,FDGRNS,AFY,2011,2010,0,2011-03-31,TN,244500000
RBI:AGR_PROD_RN(1.0),N_A,RI,AFY,2011,2010,0,2011-03-31,TN,95980000
RBI:AGR_PROD_RN(1.0),N_A,RJNM,AFY,2011,2010,0,2011-03-31,TN,10620000
RBI:AGR_PROD_RN(1.0),N_A,SGRCN,AFY,2011,2010,0,2011-03-31,TN,342380000
RBI:AGR_PROD_RN(1.0),N_A,RNM,AFY,2011,2010,0,2011-03-31,TN,8180000.0
RBI:AGR_PROD_RN(1.0),N_A,CC,AFY,2011,2010,0,2011-03-31,TN,43400000
RBI:AGR_PROD_RN(1.0),N_A,PUL,AFY,2011,2010,0,2011-03-31,TN,18240000
RBI:AGR_PROD_RN(1.0),N_A,OILSDS,AFY,2011,2010,0,2011-03-31,TN,32480000
RBI:AGR_PROD_RN(1.0),N_A,CERLS,AFY,2011,2010,0,2011-03-31,TN,226300000
RBI:AGR_PROD_RN(1.0),N_A,TOBB,AFY,2011,2010,0,2011-03-31,TN,880000.0
RBI:AGR_PROD_RN(1.0),N_A,CFF,AFY,2011,2010,0,2011-03-31,TN,302000000
RBI:AGR_PROD_RN(1.0),N_A,GRDNT,AFY,2011,2010,0,2011-03-31,TN,8270000.0
RBI:AGR_PROD_RN(1.0),N_A,SOY,AFY,2011,2010,0,2011-03-31,TN,12740000
RBI:AGR_PROD_RN(1.0),N_A,OILSDS,AFY,2010,2009,0,2010-03-31,TN,24880000
RBI:AGR_PROD_RN(1.0),N_A,TEA,AFY,2010,2009,0,2010-03-31,TN,991180000
RBI:AGR_PROD_RN(1.0),N_A,WH,AFY,2010,2009,0,2010-03-31,TN,80800000
RBI:AGR_PROD_RN(1.0),N_A,RJNM,AFY,2010,2009,0,2010-03-31,TN,11820000
RBI:AGR_PROD_RN(1.0),N_A,SOY,AFY,2010,2009,0,2010-03-31,TN,9960000.0
RBI:AGR_PROD_RN(1.0),N_A,CC,AFY,2010,2009,0,2010-03-31,TN,33550000
RBI:AGR_PROD_RN(1.0),N_A,PUL,AFY,2010,2009,0,2010-03-31,TN,14660000
RBI:AGR_PROD_RN(1.0),N_A,COTTON,AFY,2010,2009,0,2010-03-31,TN,24020000
RBI:AGR_PROD_RN(1.0),N_A,CERLS,AFY,2010,2009,0,2010-03-31,TN,203500000
RBI:AGR_PROD_RN(1.0),N_A,FDGRNS,AFY,2010,2009,0,2010-03-31,TN,218100000
RBI:AGR_PROD_RN(1.0),N_A,RNM,AFY,2010,2009,0,2010-03-31,TN,6610000.0
RBI:AGR_PROD_RN(1.0),N_A,TOBB,AFY,2010,2009,0,2010-03-31,TN,690000.0
RBI:AGR_PROD_RN(1.0),N_A,GRDNT,AFY,2010,2009,0,2010-03-31,TN,5430000.0
RBI:AGR_PROD_RN(1.0),N_A,CFF,AFY,2010,2009,0,2010-03-31,TN,289600000
RBI:AGR_PROD_RN(1.0),N_A,RI,AFY,2010,2009,0,2010-03-31,TN,89090000
RBI:AGR_PROD_RN(1.0),N_A,SGRCN,AFY,2010,2009,0,2010-03-31,TN,292300000
RBI:AGR_PROD_RN(1.0),N_A,COTTON,AFY,2009,2008,0,2009-03-31,TN,22280000
RBI:AGR_PROD_RN(1.0),N_A,SGRCN,AFY,2009,2008,0,2009-03-31,TN,285030000
RBI:AGR_PROD_RN(1.0),N_A,CFF,AFY,2009,2008,0,2009-03-31,TN,262300000
RBI:AGR_PROD_RN(1.0),N_A,CC,AFY,2009,2008,0,2009-03-31,TN,40040000
RBI:AGR_PROD_RN(1.0),N_A,RI,AFY,2009,2008,0,2009-03-31,TN,99180000
RBI:AGR_PROD_RN(1.0),N_A,PUL,AFY,2009,2008,0,2009-03-31,TN,14570000
RBI:AGR_PROD_RN(1.0),N_A,TOBB,AFY,2009,2008,0,2009-03-31,TN,570000.0
RBI:AGR_PROD_RN(1.0),N_A,OILSDS,AFY,2009,2008,0,2009-03-31,TN,27720000
RBI:AGR_PROD_RN(1.0),N_A,GRDNT,AFY,2009,2008,0,2009-03-31,TN,7170000.0
RBI:AGR_PROD_RN(1.0),N_A,FDGRNS,AFY,2009,2008,0,2009-03-31,TN,234500000
RBI:AGR_PROD_RN(1.0),N_A,CERLS,AFY,2009,2008,0,2009-03-31,TN,219900000
RBI:AGR_PROD_RN(1.0),N_A,RJNM,AFY,2009,2008,0,2009-03-31,TN,10370000
RBI:AGR_PROD_RN(1.0),N_A,WH,AFY,2009,2008,0,2009-03-31,TN,80680000
RBI:AGR_PROD_RN(1.0),N_A,TEA,AFY,2009,2008,0,2009-03-31,TN,972770000
RBI:AGR_PROD_RN(1.0),N_A,RNM,AFY,2009,2008,0,2009-03-31,TN,7200000.0
RBI:AGR_PROD_RN(1.0),N_A,SOY,AFY,2009,2008,0,2009-03-31,TN,9910000.0
RBI:AGR_PROD_RN(1.0),N_A,TOBB,AFY,2008,2007,0,2008-03-31,TN,440000.0
RBI:AGR_PROD_RN(1.0),N_A,CFF,AFY,2008,2007,0,2008-03-31,TN,262000000
RBI:AGR_PROD_RN(1.0),N_A,RJNM,AFY,2008,2007,0,2008-03-31,TN,11210000
RBI:AGR_PROD_RN(1.0),N_A,GRDNT,AFY,2008,2007,0,2008-03-31,TN,9180000.0
RBI:AGR_PROD_RN(1.0),N_A,OILSDS,AFY,2008,2007,0,2008-03-31,TN,29760000
RBI:AGR_PROD_RN(1.0),N_A,COTTON,AFY,2008,2007,0,2008-03-31,TN,25880000
RBI:AGR_PROD_RN(1.0),N_A,FDGRNS,AFY,2008,2007,0,2008-03-31,TN,230800000
RBI:AGR_PROD_RN(1.0),N_A,CERLS,AFY,2008,2007,0,2008-03-31,TN,216000000
RBI:AGR_PROD_RN(1.0),N_A,SGRCN,AFY,2008,2007,0,2008-03-31,TN,348190000
RBI:AGR_PROD_RN(1.0),N_A,RNM,AFY,2008,2007,0,2008-03-31,TN,5830000.0
RBI:AGR_PROD_RN(1.0),N_A,TEA,AFY,2008,2007,0,2008-03-31,TN,987020000
RBI:AGR_PROD_RN(1.0),N_A,WH,AFY,2008,2007,0,2008-03-31,TN,78570000
RBI:AGR_PROD_RN(1.0),N_A,RI,AFY,2008,2007,0,2008-03-31,TN,96690000
RBI:AGR_PROD_RN(1.0),N_A,CC,AFY,2008,2007,0,2008-03-31,TN,40750000
RBI:AGR_PROD_RN(1.0),N_A,PUL,AFY,2008,2007,0,2008-03-31,TN,14760000
RBI:AGR_PROD_RN(1.0),N_A,SOY,AFY,2008,2007,0,2008-03-31,TN,10970000
RBI:AGR_PROD_RN(1.0),N_A,RJNM,AFY,2007,2006,0,2007-03-31,TN,11270000
RBI:AGR_PROD_RN(1.0),N_A,COTTON,AFY,2007,2006,0,2007-03-31,TN,22630000
RBI:AGR_PROD_RN(1.0),N_A,SOY,AFY,2007,2006,0,2007-03-31,TN,8850000.0
RBI:AGR_PROD_RN(1.0),N_A,CC,AFY,2007,2006,0,2007-03-31,TN,33920000
RBI:AGR_PROD_RN(1.0),N_A,CERLS,AFY,2007,2006,0,2007-03-31,TN,203100000
RBI:AGR_PROD_RN(1.0),N_A,TOBB,AFY,2007,2006,0,2007-03-31,TN,470000.0
RBI:AGR_PROD_RN(1.0),N_A,GRDNT,AFY,2007,2006,0,2007-03-31,TN,4860000.0
RBI:AGR_PROD_RN(1.0),N_A,RI,AFY,2007,2006,0,2007-03-31,TN,93360000
RBI:AGR_PROD_RN(1.0),N_A,FDGRNS,AFY,2007,2006,0,2007-03-31,TN,217300000
RBI:AGR_PROD_RN(1.0),N_A,RNM,AFY,2007,2006,0,2007-03-31,TN,7440000.0
RBI:AGR_PROD_RN(1.0),N_A,CFF,AFY,2007,2006,0,2007-03-31,TN,288000000
RBI:AGR_PROD_RN(1.0),N_A,OILSDS,AFY,2007,2006,0,2007-03-31,TN,24290000
RBI:AGR_PROD_RN(1.0),N_A,PUL,AFY,2007,2006,0,2007-03-31,TN,14200000
RBI:AGR_PROD_RN(1.0),N_A,TEA,AFY,2007,2006,0,2007-03-31,TN,973070000
RBI:AGR_PROD_RN(1.0),N_A,SGRCN,AFY,2007,2006,0,2007-03-31,TN,355520000
RBI:AGR_PROD_RN(1.0),N_A,WH,AFY,2007,2006,0,2007-03-31,TN,75810000
RBI:AGR_PROD_RN(1.0),N_A,CC,AFY,2006,2005,0,2006-03-31,TN,34070000
RBI:AGR_PROD_RN(1.0),N_A,RJNM,AFY,2006,2005,0,2006-03-31,TN,10840000
RBI:AGR_PROD_RN(1.0),N_A,COTTON,AFY,2006,2005,0,2006-03-31,TN,18500000
RBI:AGR_PROD_RN(1.0),N_A,WH,AFY,2006,2005,0,2006-03-31,TN,69350000
RBI:AGR_PROD_RN(1.0),N_A,CERLS,AFY,2006,2005,0,2006-03-31,TN,195200000
RBI:AGR_PROD_RN(1.0),N_A,CFF,AFY,2006,2005,0,2006-03-31,TN,274000000
RBI:AGR_PROD_RN(1.0),N_A,PUL,AFY,2006,2005,0,2006-03-31,TN,13380000
RBI:AGR_PROD_RN(1.0),N_A,RI,AFY,2006,2005,0,2006-03-31,TN,91790000
RBI:AGR_PROD_RN(1.0),N_A,FDGRNS,AFY,2006,2005,0,2006-03-31,TN,208600000
RBI:AGR_PROD_RN(1.0),N_A,OILSDS,AFY,2006,2005,0,2006-03-31,TN,27980000
RBI:AGR_PROD_RN(1.0),N_A,TEA,AFY,2006,2005,0,2006-03-31,TN,948940000
RBI:AGR_PROD_RN(1.0),N_A,SGRCN,AFY,2006,2005,0,2006-03-31,TN,281170000
RBI:AGR_PROD_RN(1.0),N_A,SOY,AFY,2006,2005,0,2006-03-31,TN,8270000.0
RBI:AGR_PROD_RN(1.0),N_A,GRDNT,AFY,2006,2005,0,2006-03-31,TN,7990000.0
RBI:AGR_PROD_RN(1.0),N_A,RNM,AFY,2006,2005,0,2006-03-31,TN,8130000.0
RBI:AGR_PROD_RN(1.0),N_A,TOBB,AFY,2006,2005,0,2006-03-31,TN,500000.0
RBI:AGR_PROD_RN(1.0),N_A,SGRCN,AFY,2005,2004,0,2005-03-31,TN,237090000
RBI:AGR_PROD_RN(1.0),N_A,CERLS,AFY,2005,2004,0,2005-03-31,TN,185200000
RBI:AGR_PROD_RN(1.0),N_A,TEA,AFY,2005,2004,0,2005-03-31,TN,906840000
RBI:AGR_PROD_RN(1.0),N_A,SOY,AFY,2005,2004,0,2005-03-31,TN,6880000.0
RBI:AGR_PROD_RN(1.0),N_A,COTTON,AFY,2005,2004,0,2005-03-31,TN,16430000
RBI:AGR_PROD_RN(1.0),N_A,CC,AFY,2005,2004,0,2005-03-31,TN,33460000
RBI:AGR_PROD_RN(1.0),N_A,WH,AFY,2005,2004,0,2005-03-31,TN,68640000
RBI:AGR_PROD_RN(1.0),N_A,RNM,AFY,2005,2004,0,2005-03-31,TN,7590000.0
RBI:AGR_PROD_RN(1.0),N_A,OILSDS,AFY,2005,2004,0,2005-03-31,TN,24350000
RBI:AGR_PROD_RN(1.0),N_A,CFF,AFY,2005,2004,0,2005-03-31,TN,275500000
RBI:AGR_PROD_RN(1.0),N_A,RJNM,AFY,2005,2004,0,2005-03-31,TN,10270000
RBI:AGR_PROD_RN(1.0),N_A,PUL,AFY,2005,2004,0,2005-03-31,TN,13130000
RBI:AGR_PROD_RN(1.0),N_A,TOBB,AFY,2005,2004,0,2005-03-31,TN,550000.0
RBI:AGR_PROD_RN(1.0),N_A,FDGRNS,AFY,2005,2004,0,2005-03-31,TN,198400000
RBI:AGR_PROD_RN(1.0),N_A,RI,AFY,2005,2004,0,2005-03-31,TN,83130000
RBI:AGR_PROD_RN(1.0),N_A,GRDNT,AFY,2005,2004,0,2005-03-31,TN,6770000.0
RBI:AGR_PROD_RN(1.0),N_A,COTTON,AFY,2004,2003,0,2004-03-31,TN,13730000
RBI:AGR_PROD_RN(1.0),N_A,RNM,AFY,2004,2003,0,2004-03-31,TN,6290000.0
RBI:AGR_PROD_RN(1.0),N_A,FDGRNS,AFY,2004,2003,0,2004-03-31,TN,213200000
RBI:AGR_PROD_RN(1.0),N_A,TOBB,AFY,2004,2003,0,2004-03-31,TN,550000.0
RBI:AGR_PROD_RN(1.0),N_A,RI,AFY,2004,2003,0,2004-03-31,TN,88530000
RBI:AGR_PROD_RN(1.0),N_A,OILSDS,AFY,2004,2003,0,2004-03-31,TN,25190000
RBI:AGR_PROD_RN(1.0),N_A,PUL,AFY,2004,2003,0,2004-03-31,TN,14910000
RBI:AGR_PROD_RN(1.0),N_A,RJNM,AFY,2004,2003,0,2004-03-31,TN,11170000
RBI:AGR_PROD_RN(1.0),N_A,GRDNT,AFY,2004,2003,0,2004-03-31,TN,8130000.0
RBI:AGR_PROD_RN(1.0),N_A,CFF,AFY,2004,2003,0,2004-03-31,TN,270500000
RBI:AGR_PROD_RN(1.0),N_A,TEA,AFY,2004,2003,0,2004-03-31,TN,878650000
RBI:AGR_PROD_RN(1.0),N_A,SGRCN,AFY,2004,2003,0,2004-03-31,TN,233860000
RBI:AGR_PROD_RN(1.0),N_A,WH,AFY,2004,2003,0,2004-03-31,TN,72160000
RBI:AGR_PROD_RN(1.0),N_A,CERLS,AFY,2004,2003,0,2004-03-31,TN,198300000
RBI:AGR_PROD_RN(1.0),N_A,CC,AFY,2004,2003,0,2004-03-31,TN,37600000
RBI:AGR_PROD_RN(1.0),N_A,SOY,AFY,2004,2003,0,2004-03-31,TN,7820000.0
RBI:AGR_PROD_RN(1.0),N_A,CFF,AFY,2003,2002,0,2003-03-31,TN,275300000
RBI:AGR_PROD_RN(1.0),N_A,TOBB,AFY,2003,2002,0,2003-03-31,TN,490000.0
RBI:AGR_PROD_RN(1.0),N_A,CC,AFY,2003,2002,0,2003-03-31,TN,26070000
RBI:AGR_PROD_RN(1.0),N_A,OILSDS,AFY,2003,2002,0,2003-03-31,TN,14840000
RBI:AGR_PROD_RN(1.0),N_A,WH,AFY,2003,2002,0,2003-03-31,TN,65760000
RBI:AGR_PROD_RN(1.0),N_A,SGRCN,AFY,2003,2002,0,2003-03-31,TN,287380000
RBI:AGR_PROD_RN(1.0),N_A,SOY,AFY,2003,2002,0,2003-03-31,TN,4660000.0
RBI:AGR_PROD_RN(1.0),N_A,RI,AFY,2003,2002,0,2003-03-31,TN,71820000
RBI:AGR_PROD_RN(1.0),N_A,CERLS,AFY,2003,2002,0,2003-03-31,TN,163700000
RBI:AGR_PROD_RN(1.0),N_A,PUL,AFY,2003,2002,0,2003-03-31,TN,11130000
RBI:AGR_PROD_RN(1.0),N_A,FDGRNS,AFY,2003,2002,0,2003-03-31,TN,174800000
RBI:AGR_PROD_RN(1.0),N_A,TEA,AFY,2003,2002,0,2003-03-31,TN,845970000
RBI:AGR_PROD_RN(1.0),N_A,COTTON,AFY,2003,2002,0,2003-03-31,TN,8620000.0
RBI:AGR_PROD_RN(1.0),N_A,GRDNT,AFY,2003,2002,0,2003-03-31,TN,4120000.0
RBI:AGR_PROD_RN(1.0),N_A,RJNM,AFY,2003,2002,0,2003-03-31,TN,11280000
RBI:AGR_PROD_RN(1.0),N_A,RNM,AFY,2003,2002,0,2003-03-31,TN,3880000.0
RBI:AGR_PROD_RN(1.0),N_A,TOBB,AFY,2002,2001,0,2002-03-31,TN,550000.0
RBI:AGR_PROD_RN(1.0),N_A,PUL,AFY,2002,2001,0,2002-03-31,TN,13370000
RBI:AGR_PROD_RN(1.0),N_A,GRDNT,AFY,2002,2001,0,2002-03-31,TN,7030000.0
RBI:AGR_PROD_RN(1.0),N_A,CFF,AFY,2002,2001,0,2002-03-31,TN,300600000
RBI:AGR_PROD_RN(1.0),N_A,TEA,AFY,2002,2001,0,2002-03-31,TN,851410000
RBI:AGR_PROD_RN(1.0),N_A,OILSDS,AFY,2002,2001,0,2002-03-31,TN,20660000
RBI:AGR_PROD_RN(1.0),N_A,SOY,AFY,2002,2001,0,2002-03-31,TN,5960000.0
RBI:AGR_PROD_RN(1.0),N_A,RNM,AFY,2002,2001,0,2002-03-31,TN,5080000.0
RBI:AGR_PROD_RN(1.0),N_A,RI,AFY,2002,2001,0,2002-03-31,TN,93340000
RBI:AGR_PROD_RN(1.0),N_A,COTTON,AFY,2002,2001,0,2002-03-31,TN,10000000
RBI:AGR_PROD_RN(1.0),N_A,CERLS,AFY,2002,2001,0,2002-03-31,TN,199500000
RBI:AGR_PROD_RN(1.0),N_A,CC,AFY,2002,2001,0,2002-03-31,TN,33370000
RBI:AGR_PROD_RN(1.0),N_A,SGRCN,AFY,2002,2001,0,2002-03-31,TN,297210000
RBI:AGR_PROD_RN(1.0),N_A,RJNM,AFY,2002,2001,0,2002-03-31,TN,11680000
RBI:AGR_PROD_RN(1.0),N_A,WH,AFY,2002,2001,0,2002-03-31,TN,72770000
RBI:AGR_PROD_RN(1.0),N_A,FDGRNS,AFY,2002,2001,0,2002-03-31,TN,212900000
RBI:AGR_PROD_RN(1.0),N_A,CERLS,AFY,2001,2000,0,2001-03-31,TN,185700000
RBI:AGR_PROD_RN(1.0),N_A,PUL,AFY,2001,2000,0,2001-03-31,TN,11070000
RBI:AGR_PROD_RN(1.0),N_A,GRDNT,AFY,2001,2000,0,2001-03-31,TN,6410000.0
RBI:AGR_PROD_RN(1.0),N_A,SOY,AFY,2001,2000,0,2001-03-31,TN,5280000.0
RBI:AGR_PROD_RN(1.0),N_A,CC,AFY,2001,2000,0,2001-03-31,TN,31080000
RBI:AGR_PROD_RN(1.0),N_A,TOBB,AFY,2001,2000,0,2001-03-31,TN,340000.0
RBI:AGR_PROD_RN(1.0),N_A,RJNM,AFY,2001,2000,0,2001-03-31,TN,10560000
RBI:AGR_PROD_RN(1.0),N_A,WH,AFY,2001,2000,0,2001-03-31,TN,69680000
RBI:AGR_PROD_RN(1.0),N_A,CFF,AFY,2001,2000,0,2001-03-31,TN,301200000
RBI:AGR_PROD_RN(1.0),N_A,FDGRNS,AFY,2001,2000,0,2001-03-31,TN,196800000
RBI:AGR_PROD_RN(1.0),N_A,OILSDS,AFY,2001,2000,0,2001-03-31,TN,18440000
RBI:AGR_PROD_RN(1.0),N_A,SGRCN,AFY,2001,2000,0,2001-03-31,TN,295960000
RBI:AGR_PROD_RN(1.0),N_A,COTTON,AFY,2001,2000,0,2001-03-31,TN,9520000.0
RBI:AGR_PROD_RN(1.0),N_A,RI,AFY,2001,2000,0,2001-03-31,TN,84980000
RBI:AGR_PROD_RN(1.0),N_A,RNM,AFY,2001,2000,0,2001-03-31,TN,4190000.0
RBI:AGR_PROD_RN(1.0),N_A,TEA,AFY,2001,2000,0,2001-03-31,TN,848430000
RBI:AGR_PROD_RN(1.0),N_A,WH,AFY,2000,1999,0,2000-03-31,TN,76370000
RBI:AGR_PROD_RN(1.0),N_A,CERLS,AFY,2000,1999,0,2000-03-31,TN,196400000
RBI:AGR_PROD_RN(1.0),N_A,SOY,AFY,2000,1999,0,2000-03-31,TN,7080000.0
RBI:AGR_PROD_RN(1.0),N_A,CC,AFY,2000,1999,0,2000-03-31,TN,30340000
RBI:AGR_PROD_RN(1.0),N_A,CFF,AFY,2000,1999,0,2000-03-31,TN,292000000
RBI:AGR_PROD_RN(1.0),N_A,GRDNT,AFY,2000,1999,0,2000-03-31,TN,5250000.0
RBI:AGR_PROD_RN(1.0),N_A,SGRCN,AFY,2000,1999,0,2000-03-31,TN,299320000
RBI:AGR_PROD_RN(1.0),N_A,TOBB,AFY,2000,1999,0,2000-03-31,TN,520000.0
RBI:AGR_PROD_RN(1.0),N_A,OILSDS,AFY,2000,1999,0,2000-03-31,TN,20710000
RBI:AGR_PROD_RN(1.0),N_A,RNM,AFY,2000,1999,0,2000-03-31,TN,5790000.0
RBI:AGR_PROD_RN(1.0),N_A,TEA,AFY,2000,1999,0,2000-03-31,TN,836860000
RBI:AGR_PROD_RN(1.0),N_A,RJNM,AFY,2000,1999,0,2000-03-31,TN,10550000
RBI:AGR_PROD_RN(1.0),N_A,COTTON,AFY,2000,1999,0,2000-03-31,TN,11530000
RBI:AGR_PROD_RN(1.0),N_A,FDGRNS,AFY,2000,1999,0,2000-03-31,TN,209800000
RBI:AGR_PROD_RN(1.0),N_A,RI,AFY,2000,1999,0,2000-03-31,TN,89680000
RBI:AGR_PROD_RN(1.0),N_A,PUL,AFY,2000,1999,0,2000-03-31,TN,13410000
RBI:AGR_PROD_RN(1.0),N_A,CC,AFY,1999,1998,0,1999-03-31,TN,31330000
RBI:AGR_PROD_RN(1.0),N_A,GRDNT,AFY,1999,1998,0,1999-03-31,TN,8980000.0
RBI:AGR_PROD_RN(1.0),N_A,CFF,AFY,1999,1998,0,1999-03-31,TN,265000000
RBI:AGR_PROD_RN(1.0),N_A,RNM,AFY,1999,1998,0,1999-03-31,TN,5660000.0
RBI:AGR_PROD_RN(1.0),N_A,SGRCN,AFY,1999,1998,0,1999-03-31,TN,288720000
RBI:AGR_PROD_RN(1.0),N_A,SOY,AFY,1999,1998,0,1999-03-31,TN,7140000.0
RBI:AGR_PROD_RN(1.0),N_A,TOBB,AFY,1999,1998,0,1999-03-31,TN,740000.0
RBI:AGR_PROD_RN(1.0),N_A,RI,AFY,1999,1998,0,1999-03-31,TN,86080000
RBI:AGR_PROD_RN(1.0),N_A,WH,AFY,1999,1998,0,1999-03-31,TN,71290000
RBI:AGR_PROD_RN(1.0),N_A,COTTON,AFY,1999,1998,0,1999-03-31,TN,12290000
RBI:AGR_PROD_RN(1.0),N_A,FDGRNS,AFY,1999,1998,0,1999-03-31,TN,203600000
RBI:AGR_PROD_RN(1.0),N_A,CERLS,AFY,1999,1998,0,1999-03-31,TN,188700000
RBI:AGR_PROD_RN(1.0),N_A,RJNM,AFY,1999,1998,0,1999-03-31,TN,9810000.0
RBI:AGR_PROD_RN(1.0),N_A,TEA,AFY,1999,1998,0,1999-03-31,TN,855160000
RBI:AGR_PROD_RN(1.0),N_A,PUL,AFY,1999,1998,0,1999-03-31,TN,14910000
RBI:AGR_PROD_RN(1.0),N_A,OILSDS,AFY,1999,1998,0,1999-03-31,TN,24750000
RBI:AGR_PROD_RN(1.0),N_A,FDGRNS,AFY,1998,1997,0,1998-03-31,TN,193100000
RBI:AGR_PROD_RN(1.0),N_A,SOY,AFY,1998,1997,0,1998-03-31,TN,6460000.0
RBI:AGR_PROD_RN(1.0),N_A,RJNM,AFY,1998,1997,0,1998-03-31,TN,11020000
RBI:AGR_PROD_RN(1.0),N_A,COTTON,AFY,1998,1997,0,1998-03-31,TN,10850000
RBI:AGR_PROD_RN(1.0),N_A,TOBB,AFY,1998,1997,0,1998-03-31,TN,640000.0
RBI:AGR_PROD_RN(1.0),N_A,RNM,AFY,1998,1997,0,1998-03-31,TN,4700000.0
RBI:AGR_PROD_RN(1.0),N_A,GRDNT,AFY,1998,1997,0,1998-03-31,TN,7370000.0
RBI:AGR_PROD_RN(1.0),N_A,SGRCN,AFY,1998,1997,0,1998-03-31,TN,279540000
RBI:AGR_PROD_RN(1.0),N_A,CC,AFY,1998,1997,0,1998-03-31,TN,30400000
RBI:AGR_PROD_RN(1.0),N_A,CERLS,AFY,1998,1997,0,1998-03-31,TN,179300000
RBI:AGR_PROD_RN(1.0),N_A,RI,AFY,1998,1997,0,1998-03-31,TN,82540000
RBI:AGR_PROD_RN(1.0),N_A,TEA,AFY,1998,1997,0,1998-03-31,TN,835640000
RBI:AGR_PROD_RN(1.0),N_A,WH,AFY,1998,1997,0,1998-03-31,TN,66350000
RBI:AGR_PROD_RN(1.0),N_A,PUL,AFY,1998,1997,0,1998-03-31,TN,13830000
RBI:AGR_PROD_RN(1.0),N_A,CFF,AFY,1998,1997,0,1998-03-31,TN,228300000
RBI:AGR_PROD_RN(1.0),N_A,OILSDS,AFY,1998,1997,0,1998-03-31,TN,21320000
RBI:AGR_PROD_RN(1.0),N_A,CERLS,AFY,1997,1996,0,1997-03-31,TN,185200000
RBI:AGR_PROD_RN(1.0),N_A,RNM,AFY,1997,1996,0,1997-03-31,TN,6660000.0
RBI:AGR_PROD_RN(1.0),N_A,CFF,AFY,1997,1996,0,1997-03-31,TN,205000000
RBI:AGR_PROD_RN(1.0),N_A,RI,AFY,1997,1996,0,1997-03-31,TN,81730000
RBI:AGR_PROD_RN(1.0),N_A,FDGRNS,AFY,1997,1996,0,1997-03-31,TN,199400000
RBI:AGR_PROD_RN(1.0),N_A,RJNM,AFY,1997,1996,0,1997-03-31,TN,11130000
RBI:AGR_PROD_RN(1.0),N_A,CC,AFY,1997,1996,0,1997-03-31,TN,34110000
RBI:AGR_PROD_RN(1.0),N_A,SGRCN,AFY,1997,1996,0,1997-03-31,TN,277560000
RBI:AGR_PROD_RN(1.0),N_A,WH,AFY,1997,1996,0,1997-03-31,TN,69350000
RBI:AGR_PROD_RN(1.0),N_A,PUL,AFY,1997,1996,0,1997-03-31,TN,14240000
RBI:AGR_PROD_RN(1.0),N_A,GRDNT,AFY,1997,1996,0,1997-03-31,TN,8640000.0
RBI:AGR_PROD_RN(1.0),N_A,TEA,AFY,1997,1996,0,1997-03-31,TN,780140000
RBI:AGR_PROD_RN(1.0),N_A,COTTON,AFY,1997,1996,0,1997-03-31,TN,14230000
RBI:AGR_PROD_RN(1.0),N_A,OILSDS,AFY,1997,1996,0,1997-03-31,TN,24380000
RBI:AGR_PROD_RN(1.0),N_A,TOBB,AFY,1997,1996,0,1997-03-31,TN,620000.0
RBI:AGR_PROD_RN(1.0),N_A,SOY,AFY,1997,1996,0,1997-03-31,TN,5380000.0
RBI:AGR_PROD_RN(1.0),N_A,GRDNT,AFY,1996,1995,0,1996-03-31,TN,7580000.0
RBI:AGR_PROD_RN(1.0),N_A,COTTON,AFY,1996,1995,0,1996-03-31,TN,12860000
RBI:AGR_PROD_RN(1.0),N_A,CERLS,AFY,1996,1995,0,1996-03-31,TN,168100000
RBI:AGR_PROD_RN(1.0),N_A,TEA,AFY,1996,1995,0,1996-03-31,TN,756020000
RBI:AGR_PROD_RN(1.0),N_A,FDGRNS,AFY,1996,1995,0,1996-03-31,TN,180400000
RBI:AGR_PROD_RN(1.0),N_A,WH,AFY,1996,1995,0,1996-03-31,TN,62100000
RBI:AGR_PROD_RN(1.0),N_A,TOBB,AFY,1996,1995,0,1996-03-31,TN,540000.0
RBI:AGR_PROD_RN(1.0),N_A,SOY,AFY,1996,1995,0,1996-03-31,TN,5100000.0
RBI:AGR_PROD_RN(1.0),N_A,PUL,AFY,1996,1995,0,1996-03-31,TN,12310000
RBI:AGR_PROD_RN(1.0),N_A,OILSDS,AFY,1996,1995,0,1996-03-31,TN,22110000
RBI:AGR_PROD_RN(1.0),N_A,CFF,AFY,1996,1995,0,1996-03-31,TN,223000000
RBI:AGR_PROD_RN(1.0),N_A,RNM,AFY,1996,1995,0,1996-03-31,TN,6000000.0
RBI:AGR_PROD_RN(1.0),N_A,CC,AFY,1996,1995,0,1996-03-31,TN,29030000
RBI:AGR_PROD_RN(1.0),N_A,SGRCN,AFY,1996,1995,0,1996-03-31,TN,281100000
RBI:AGR_PROD_RN(1.0),N_A,RI,AFY,1996,1995,0,1996-03-31,TN,76980000
RBI:AGR_PROD_RN(1.0),N_A,RJNM,AFY,1996,1995,0,1996-03-31,TN,8810000.0
RBI:AGR_PROD_RN(1.0),N_A,CC,AFY,1995,1994,0,1995-03-31,TN,29880000
RBI:AGR_PROD_RN(1.0),N_A,COTTON,AFY,1995,1994,0,1995-03-31,TN,11890000
RBI:AGR_PROD_RN(1.0),N_A,OILSDS,AFY,1995,1994,0,1995-03-31,TN,21340000
RBI:AGR_PROD_RN(1.0),N_A,RNM,AFY,1995,1994,0,1995-03-31,TN,5760000.0
RBI:AGR_PROD_RN(1.0),N_A,GRDNT,AFY,1995,1994,0,1995-03-31,TN,8060000.0
RBI:AGR_PROD_RN(1.0),N_A,CFF,AFY,1995,1994,0,1995-03-31,TN,180100000
RBI:AGR_PROD_RN(1.0),N_A,RJNM,AFY,1995,1994,0,1995-03-31,TN,9080000.0
RBI:AGR_PROD_RN(1.0),N_A,TOBB,AFY,1995,1994,0,1995-03-31,TN,570000.0
RBI:AGR_PROD_RN(1.0),N_A,SGRCN,AFY,1995,1994,0,1995-03-31,TN,275540000
RBI:AGR_PROD_RN(1.0),N_A,CERLS,AFY,1995,1994,0,1995-03-31,TN,177500000
RBI:AGR_PROD_RN(1.0),N_A,WH,AFY,1995,1994,0,1995-03-31,TN,65770000
RBI:AGR_PROD_RN(1.0),N_A,SOY,AFY,1995,1994,0,1995-03-31,TN,3930000.0
RBI:AGR_PROD_RN(1.0),N_A,PUL,AFY,1995,1994,0,1995-03-31,TN,14040000
RBI:AGR_PROD_RN(1.0),N_A,FDGRNS,AFY,1995,1994,0,1995-03-31,TN,191500000
RBI:AGR_PROD_RN(1.0),N_A,TEA,AFY,1995,1994,0,1995-03-31,TN,752900000
RBI:AGR_PROD_RN(1.0),N_A,RI,AFY,1995,1994,0,1995-03-31,TN,81810000
RBI:AGR_PROD_RN(1.0),N_A,RNM,AFY,1994,1993,0,1994-03-31,TN,5330000.0
RBI:AGR_PROD_RN(1.0),N_A,WH,AFY,1994,1993,0,1994-03-31,TN,59840000
RBI:AGR_PROD_RN(1.0),N_A,RI,AFY,1994,1993,0,1994-03-31,TN,80300000
RBI:AGR_PROD_RN(1.0),N_A,PUL,AFY,1994,1993,0,1994-03-31,TN,13300000
RBI:AGR_PROD_RN(1.0),N_A,CC,AFY,1994,1993,0,1994-03-31,TN,30820000
RBI:AGR_PROD_RN(1.0),N_A,TOBB,AFY,1994,1993,0,1994-03-31,TN,560000.0
RBI:AGR_PROD_RN(1.0),N_A,OILSDS,AFY,1994,1993,0,1994-03-31,TN,21500000
RBI:AGR_PROD_RN(1.0),N_A,TEA,AFY,1994,1993,0,1994-03-31,TN,760830000
RBI:AGR_PROD_RN(1.0),N_A,SOY,AFY,1994,1993,0,1994-03-31,TN,4750000.0
RBI:AGR_PROD_RN(1.0),N_A,CERLS,AFY,1994,1993,0,1994-03-31,TN,171000000
RBI:AGR_PROD_RN(1.0),N_A,FDGRNS,AFY,1994,1993,0,1994-03-31,TN,184300000
RBI:AGR_PROD_RN(1.0),N_A,GRDNT,AFY,1994,1993,0,1994-03-31,TN,7830000.0
RBI:AGR_PROD_RN(1.0),N_A,SGRCN,AFY,1994,1993,0,1994-03-31,TN,229660000
RBI:AGR_PROD_RN(1.0),N_A,CFF,AFY,1994,1993,0,1994-03-31,TN,212090000
RBI:AGR_PROD_RN(1.0),N_A,COTTON,AFY,1994,1993,0,1994-03-31,TN,10740000
RBI:AGR_PROD_RN(1.0),N_A,RJNM,AFY,1994,1993,0,1994-03-31,TN,8430000.0
RBI:AGR_PROD_RN(1.0),N_A,FDGRNS,AFY,1993,1992,0,1993-03-31,TN,179500000
RBI:AGR_PROD_RN(1.0),N_A,RJNM,AFY,1993,1992,0,1993-03-31,TN,8590000.0
RBI:AGR_PROD_RN(1.0),N_A,WH,AFY,1993,1992,0,1993-03-31,TN,57210000
RBI:AGR_PROD_RN(1.0),N_A,CC,AFY,1993,1992,0,1993-03-31,TN,36590000
RBI:AGR_PROD_RN(1.0),N_A,GRDNT,AFY,1993,1992,0,1993-03-31,TN,8560000.0
RBI:AGR_PROD_RN(1.0),N_A,SOY,AFY,1993,1992,0,1993-03-31,TN,3390000.0
RBI:AGR_PROD_RN(1.0),N_A,OILSDS,AFY,1993,1992,0,1993-03-31,TN,20110000
RBI:AGR_PROD_RN(1.0),N_A,SGRCN,AFY,1993,1992,0,1993-03-31,TN,228030000
RBI:AGR_PROD_RN(1.0),N_A,RI,AFY,1993,1992,0,1993-03-31,TN,72860000
RBI:AGR_PROD_RN(1.0),N_A,TEA,AFY,1993,1992,0,1993-03-31,TN,703930000
RBI:AGR_PROD_RN(1.0),N_A,TOBB,AFY,1993,1992,0,1993-03-31,TN,600000.0
RBI:AGR_PROD_RN(1.0),N_A,RNM,AFY,1993,1992,0,1993-03-31,TN,4800000.0
RBI:AGR_PROD_RN(1.0),N_A,COTTON,AFY,1993,1992,0,1993-03-31,TN,11400000
RBI:AGR_PROD_RN(1.0),N_A,PUL,AFY,1993,1992,0,1993-03-31,TN,12820000
RBI:AGR_PROD_RN(1.0),N_A,CERLS,AFY,1993,1992,0,1993-03-31,TN,166700000
RBI:AGR_PROD_RN(1.0),N_A,CFF,AFY,1993,1992,0,1993-03-31,TN,169400000
RBI:AGR_PROD_RN(1.0),N_A,CERLS,AFY,1992,1991,0,1992-03-31,TN,156400000
RBI:AGR_PROD_RN(1.0),N_A,PUL,AFY,1992,1991,0,1992-03-31,TN,12020000
RBI:AGR_PROD_RN(1.0),N_A,FDGRNS,AFY,1992,1991,0,1992-03-31,TN,168400000
RBI:AGR_PROD_RN(1.0),N_A,GRDNT,AFY,1992,1991,0,1992-03-31,TN,7090000.0
RBI:AGR_PROD_RN(1.0),N_A,TOBB,AFY,1992,1991,0,1992-03-31,TN,580000.0
RBI:AGR_PROD_RN(1.0),N_A,TEA,AFY,1992,1991,0,1992-03-31,TN,754190000
RBI:AGR_PROD_RN(1.0),N_A,SGRCN,AFY,1992,1991,0,1992-03-31,TN,254000000
RBI:AGR_PROD_RN(1.0),N_A,OILSDS,AFY,1992,1991,0,1992-03-31,TN,18600000
RBI:AGR_PROD_RN(1.0),N_A,CC,AFY,1992,1991,0,1992-03-31,TN,25990000
RBI:AGR_PROD_RN(1.0),N_A,CFF,AFY,1992,1991,0,1992-03-31,TN,180000000
RBI:AGR_PROD_RN(1.0),N_A,WH,AFY,1992,1991,0,1992-03-31,TN,55690000
RBI:AGR_PROD_RN(1.0),N_A,RJNM,AFY,1992,1991,0,1992-03-31,TN,10290000
RBI:AGR_PROD_RN(1.0),N_A,COTTON,AFY,1992,1991,0,1992-03-31,TN,9710000.0
RBI:AGR_PROD_RN(1.0),N_A,RNM,AFY,1992,1991,0,1992-03-31,TN,5860000.0
RBI:AGR_PROD_RN(1.0),N_A,SOY,AFY,1992,1991,0,1992-03-31,TN,2490000.0
RBI:AGR_PROD_RN(1.0),N_A,RI,AFY,1992,1991,0,1992-03-31,TN,74680000
RBI:AGR_PROD_RN(1.0),N_A,CFF,AFY,1991,1990,0,1991-03-31,TN,169730000
RBI:AGR_PROD_RN(1.0),N_A,GRDNT,AFY,1991,1990,0,1991-03-31,TN,7510000.0
RBI:AGR_PROD_RN(1.0),N_A,RI,AFY,1991,1990,0,1991-03-31,TN,74290000
RBI:AGR_PROD_RN(1.0),N_A,RNM,AFY,1991,1990,0,1991-03-31,TN,5230000.0
RBI:AGR_PROD_RN(1.0),N_A,SGRCN,AFY,1991,1990,0,1991-03-31,TN,241050000
RBI:AGR_PROD_RN(1.0),N_A,COTTON,AFY,1991,1990,0,1991-03-31,TN,9840000.0
RBI:AGR_PROD_RN(1.0),N_A,TOBB,AFY,1991,1990,0,1991-03-31,TN,560000.0
RBI:AGR_PROD_RN(1.0),N_A,FDGRNS,AFY,1991,1990,0,1991-03-31,TN,176400000
RBI:AGR_PROD_RN(1.0),N_A,SOY,AFY,1991,1990,0,1991-03-31,TN,2600000.0
RBI:AGR_PROD_RN(1.0),N_A,OILSDS,AFY,1991,1990,0,1991-03-31,TN,18610000
RBI:AGR_PROD_RN(1.0),N_A,PUL,AFY,1991,1990,0,1991-03-31,TN,14260000
RBI:AGR_PROD_RN(1.0),N_A,CC,AFY,1991,1990,0,1991-03-31,TN,32700000
RBI:AGR_PROD_RN(1.0),N_A,WH,AFY,1991,1990,0,1991-03-31,TN,55140000
RBI:AGR_PROD_RN(1.0),N_A,TEA,AFY,1991,1990,0,1991-03-31,TN,720340000
RBI:AGR_PROD_RN(1.0),N_A,RJNM,AFY,1991,1990,0,1991-03-31,TN,9230000.0
RBI:AGR_PROD_RN(1.0),N_A,CERLS,AFY,1991,1990,0,1991-03-31,TN,162100000
RBI:AGR_PROD_RN(1.0),N_A,CERLS,AFY,1990,1989,0,1990-03-31,TN,158200000
RBI:AGR_PROD_RN(1.0),N_A,COTTON,AFY,1990,1989,0,1990-03-31,TN,11420000
RBI:AGR_PROD_RN(1.0),N_A,TOBB,AFY,1990,1989,0,1990-03-31,TN,550000.0
RBI:AGR_PROD_RN(1.0),N_A,RNM,AFY,1990,1989,0,1990-03-31,TN,4130000.0
RBI:AGR_PROD_RN(1.0),N_A,CFF,AFY,1990,1989,0,1990-03-31,TN,118050000
RBI:AGR_PROD_RN(1.0),N_A,PUL,AFY,1990,1989,0,1990-03-31,TN,12860000
RBI:AGR_PROD_RN(1.0),N_A,TEA,AFY,1990,1989,0,1990-03-31,TN,684100000
RBI:AGR_PROD_RN(1.0),N_A,OILSDS,AFY,1990,1989,0,1990-03-31,TN,16920000
RBI:AGR_PROD_RN(1.0),N_A,SOY,AFY,1990,1989,0,1990-03-31,TN,1810000.0
RBI:AGR_PROD_RN(1.0),N_A,RI,AFY,1990,1989,0,1990-03-31,TN,73570000
RBI:AGR_PROD_RN(1.0),N_A,CC,AFY,1990,1989,0,1990-03-31,TN,34760000
RBI:AGR_PROD_RN(1.0),N_A,WH,AFY,1990,1989,0,1990-03-31,TN,49850000
RBI:AGR_PROD_RN(1.0),N_A,SGRCN,AFY,1990,1989,0,1990-03-31,TN,225570000
RBI:AGR_PROD_RN(1.0),N_A,FDGRNS,AFY,1990,1989,0,1990-03-31,TN,171000000
RBI:AGR_PROD_RN(1.0),N_A,GRDNT,AFY,1990,1989,0,1990-03-31,TN,8100000.0
RBI:AGR_PROD_RN(1.0),N_A,RJNM,AFY,1990,1989,0,1990-03-31,TN,8290000.0
RBI:AGR_PROD_RN(1.0),N_A,TEA,AFY,1989,1988,0,1989-03-31,TN,701100000
RBI:AGR_PROD_RN(1.0),N_A,FDGRNS,AFY,1989,1988,0,1989-03-31,TN,169900000
RBI:AGR_PROD_RN(1.0),N_A,WH,AFY,1989,1988,0,1989-03-31,TN,54110000
RBI:AGR_PROD_RN(1.0),N_A,OILSDS,AFY,1989,1988,0,1989-03-31,TN,18030000
RBI:AGR_PROD_RN(1.0),N_A,RI,AFY,1989,1988,0,1989-03-31,TN,70490000
RBI:AGR_PROD_RN(1.0),N_A,CERLS,AFY,1989,1988,0,1989-03-31,TN,156100000
RBI:AGR_PROD_RN(1.0),N_A,CFF,AFY,1989,1988,0,1989-03-31,TN,214720000
RBI:AGR_PROD_RN(1.0),N_A,GRDNT,AFY,1989,1988,0,1989-03-31,TN,9660000.0
RBI:AGR_PROD_RN(1.0),N_A,RJNM,AFY,1989,1988,0,1989-03-31,TN,7860000.0
RBI:AGR_PROD_RN(1.0),N_A,COTTON,AFY,1989,1988,0,1989-03-31,TN,8740000.0
RBI:AGR_PROD_RN(1.0),N_A,SGRCN,AFY,1989,1988,0,1989-03-31,TN,203040000
RBI:AGR_PROD_RN(1.0),N_A,TOBB,AFY,1989,1988,0,1989-03-31,TN,490000.0
RBI:AGR_PROD_RN(1.0),N_A,PUL,AFY,1989,1988,0,1989-03-31,TN,13850000
RBI:AGR_PROD_RN(1.0),N_A,RNM,AFY,1989,1988,0,1989-03-31,TN,4380000.0
RBI:AGR_PROD_RN(1.0),N_A,SOY,AFY,1989,1988,0,1989-03-31,TN,1550000.0
RBI:AGR_PROD_RN(1.0),N_A,CC,AFY,1989,1988,0,1989-03-31,TN,31470000
RBI:AGR_PROD_RN(1.0),N_A,SOY,AFY,1988,1987,0,1988-03-31,TN,900000.0
RBI:AGR_PROD_RN(1.0),N_A,TOBB,AFY,1988,1987,0,1988-03-31,TN,370000.0
RBI:AGR_PROD_RN(1.0),N_A,COTTON,AFY,1988,1987,0,1988-03-31,TN,6380000.0
RBI:AGR_PROD_RN(1.0),N_A,GRDNT,AFY,1988,1987,0,1988-03-31,TN,5850000.0
RBI:AGR_PROD_RN(1.0),N_A,CFF,AFY,1988,1987,0,1988-03-31,TN,122710000
RBI:AGR_PROD_RN(1.0),N_A,FDGRNS,AFY,1988,1987,0,1988-03-31,TN,140400000
RBI:AGR_PROD_RN(1.0),N_A,TEA,AFY,1988,1987,0,1988-03-31,TN,674300000
RBI:AGR_PROD_RN(1.0),N_A,SGRCN,AFY,1988,1987,0,1988-03-31,TN,196740000
RBI:AGR_PROD_RN(1.0),N_A,WH,AFY,1988,1987,0,1988-03-31,TN,46170000
RBI:AGR_PROD_RN(1.0),N_A,PUL,AFY,1988,1987,0,1988-03-31,TN,10960000
RBI:AGR_PROD_RN(1.0),N_A,CC,AFY,1988,1987,0,1988-03-31,TN,26360000
RBI:AGR_PROD_RN(1.0),N_A,RI,AFY,1988,1987,0,1988-03-31,TN,56860000
RBI:AGR_PROD_RN(1.0),N_A,OILSDS,AFY,1988,1987,0,1988-03-31,TN,12650000
RBI:AGR_PROD_RN(1.0),N_A,RNM,AFY,1988,1987,0,1988-03-31,TN,3450000.0
RBI:AGR_PROD_RN(1.0),N_A,RJNM,AFY,1988,1987,0,1988-03-31,TN,6780000.0
RBI:AGR_PROD_RN(1.0),N_A,CERLS,AFY,1988,1987,0,1988-03-31,TN,129400000
RBI:AGR_PROD_RN(1.0),N_A,COTTON,AFY,1987,1986,0,1987-03-31,TN,6910000.0
RBI:AGR_PROD_RN(1.0),N_A,CFF,AFY,1987,1986,0,1987-03-31,TN,192090000
RBI:AGR_PROD_RN(1.0),N_A,CC,AFY,1987,1986,0,1987-03-31,TN,26830000
RBI:AGR_PROD_RN(1.0),N_A,TEA,AFY,1987,1986,0,1987-03-31,TN,624600000
RBI:AGR_PROD_RN(1.0),N_A,SGRCN,AFY,1987,1986,0,1987-03-31,TN,186090000
RBI:AGR_PROD_RN(1.0),N_A,SOY,AFY,1987,1986,0,1987-03-31,TN,890000.0
RBI:AGR_PROD_RN(1.0),N_A,WH,AFY,1987,1986,0,1987-03-31,TN,44320000
RBI:AGR_PROD_RN(1.0),N_A,PUL,AFY,1987,1986,0,1987-03-31,TN,11710000
RBI:AGR_PROD_RN(1.0),N_A,RJNM,AFY,1987,1986,0,1987-03-31,TN,8620000.0
RBI:AGR_PROD_RN(1.0),N_A,RI,AFY,1987,1986,0,1987-03-31,TN,60560000
RBI:AGR_PROD_RN(1.0),N_A,RNM,AFY,1987,1986,0,1987-03-31,TN,2600000.0
RBI:AGR_PROD_RN(1.0),N_A,FDGRNS,AFY,1987,1986,0,1987-03-31,TN,143400000
RBI:AGR_PROD_RN(1.0),N_A,TOBB,AFY,1987,1986,0,1987-03-31,TN,460000.0
RBI:AGR_PROD_RN(1.0),N_A,OILSDS,AFY,1987,1986,0,1987-03-31,TN,11270000
RBI:AGR_PROD_RN(1.0),N_A,GRDNT,AFY,1987,1986,0,1987-03-31,TN,5880000.0
RBI:AGR_PROD_RN(1.0),N_A,CERLS,AFY,1987,1986,0,1987-03-31,TN,131700000
RBI:AGR_PROD_RN(1.0),N_A,GRDNT,AFY,1986,1985,0,1986-03-31,TN,5120000.0
RBI:AGR_PROD_RN(1.0),N_A,WH,AFY,1986,1985,0,1986-03-31,TN,47050000
RBI:AGR_PROD_RN(1.0),N_A,COTTON,AFY,1986,1985,0,1986-03-31,TN,8730000.0
RBI:AGR_PROD_RN(1.0),N_A,SOY,AFY,1986,1985,0,1986-03-31,TN,1020000.0
RBI:AGR_PROD_RN(1.0),N_A,PUL,AFY,1986,1985,0,1986-03-31,TN,13360000
RBI:AGR_PROD_RN(1.0),N_A,CFF,AFY,1986,1985,0,1986-03-31,TN,122450000
RBI:AGR_PROD_RN(1.0),N_A,OILSDS,AFY,1986,1985,0,1986-03-31,TN,10830000
RBI:AGR_PROD_RN(1.0),N_A,SGRCN,AFY,1986,1985,0,1986-03-31,TN,170650000
RBI:AGR_PROD_RN(1.0),N_A,RNM,AFY,1986,1985,0,1986-03-31,TN,2680000.0
RBI:AGR_PROD_RN(1.0),N_A,TEA,AFY,1986,1985,0,1986-03-31,TN,656200000
RBI:AGR_PROD_RN(1.0),N_A,TOBB,AFY,1986,1985,0,1986-03-31,TN,440000.0
RBI:AGR_PROD_RN(1.0),N_A,FDGRNS,AFY,1986,1985,0,1986-03-31,TN,150400000
RBI:AGR_PROD_RN(1.0),N_A,RJNM,AFY,1986,1985,0,1986-03-31,TN,12650000
RBI:AGR_PROD_RN(1.0),N_A,CERLS,AFY,1986,1985,0,1986-03-31,TN,137100000
RBI:AGR_PROD_RN(1.0),N_A,CC,AFY,1986,1985,0,1986-03-31,TN,26200000
RBI:AGR_PROD_RN(1.0),N_A,RI,AFY,1986,1985,0,1986-03-31,TN,63830000
