DATAFLOW,AGG_STATS,AUDST,FOOTNOTE,FREQ,REPYEAREND,REPYEARSTART,STATE_CODE,UNIT_MULT,TIME_PERIOD,UNIT_MEASURE,OBS_VALUE
RBI:AGG_STAT_IS_RN(1.0),COLD_STORG_CAP,N_A,Notes:1.DataforTelanganaisincludedinAndhraPradeshtill2019.Datafor2020and2021correspondto31.12.2020and31.01.2022,respectively.Foralltheremainingyears,datacorrespondto31stMarchoftherespectiveyear.-:Notavailable.Datafor2022correspondto30.11.2022.Foralltheremainingyearsdatacorrespondto31stMarchoftherespectiveyear.Source:AgricultureStatisticsataGlance,MinistryofAgricultureandFarmers’Welfare,GovernmentofIndia.,AFY,2022,2021,N_A,0,2022-03-31,TN,76448012
RBI:AGG_STAT_IS_RN(1.0),AVG_CONSPT_FERT_PR_HEC,N_A,Source:HandbookofStatisticsonIndianStatesTable94:State-wisePerHectareConsumptionofFertiliser(N+P+K)(https://www.rbi.org.in/Scripts/AnnualPublications.aspx?head=Handbook+of+Statistics+on+Indian+States)OriginalSource:AgriculturalStatisticsAtaGlance,MinistryofAgricultureandFarmers’Welfare,GovernmentofIndia.Dataisavailableform2004-05to2020-21Unit-Kg.PerHectare,AFY,2021,2020,N_A,0,2021-03-31,KG_HCT,137.2
RBI:AGG_STAT_IS_RN(1.0),COLD_STORG_CAP,N_A,Notes:1.DataforTelanganaisincludedinAndhraPradeshtill2019.Datafor2020and2021correspondto31.12.2020and31.01.2022,respectively.Foralltheremainingyears,datacorrespondto31stMarchoftherespectiveyear.-:Notavailable.Datafor2022correspondto30.11.2022.Foralltheremainingyearsdatacorrespondto31stMarchoftherespectiveyear.Source:AgricultureStatisticsataGlance,MinistryofAgricultureandFarmers’Welfare,GovernmentofIndia.,AFY,2021,2020,N_A,0,2021-03-31,TN,76176498
RBI:AGG_STAT_IS_RN(1.0),CONSPT_FERT_PR_HEC,N_A,Source:HandbookofStatisticsonIndianStatesTable94:State-wisePerHectareConsumptionofFertiliser(N+P+K)(https://www.rbi.org.in/Scripts/AnnualPublications.aspx?head=Handbook+of+Statistics+on+Indian+States)OriginalSource:AgriculturalStatisticsAtaGlance,MinistryofAgricultureandFarmers’Welfare,GovernmentofIndia.Dataisavailableform2004-05to2020-21Unit-Kg.PerHectare,AFY,2021,2020,N_A,0,2021-03-31,KG_HCT,3426.1999999999994
RBI:AGG_STAT_IS_RN(1.0),AVG_CONSPT_FERT_PR_HEC,N_A,Source:HandbookofStatisticsonIndianStatesTable94:State-wisePerHectareConsumptionofFertiliser(N+P+K)(https://www.rbi.org.in/Scripts/AnnualPublications.aspx?head=Handbook+of+Statistics+on+Indian+States)OriginalSource:AgriculturalStatisticsAtaGlance,MinistryofAgricultureandFarmers’Welfare,GovernmentofIndia.Dataisavailableform2004-05to2020-21Unit-Kg.PerHectare,AFY,2020,2019,N_A,0,2020-03-31,KG_HCT,127.8
RBI:AGG_STAT_IS_RN(1.0),COLD_STORG_CAP,N_A,Notes:1.DataforTelanganaisincludedinAndhraPradeshtill2019.Datafor2020and2021correspondto31.12.2020and31.01.2022,respectively.Foralltheremainingyears,datacorrespondto31stMarchoftherespectiveyear.-:Notavailable.Datafor2022correspondto30.11.2022.Foralltheremainingyearsdatacorrespondto31stMarchoftherespectiveyear.Source:AgricultureStatisticsataGlance,MinistryofAgricultureandFarmers’Welfare,GovernmentofIndia.,AFY,2020,2019,N_A,0,2020-03-31,TN,74850194
RBI:AGG_STAT_IS_RN(1.0),CONSPT_FERT_PR_HEC,N_A,Source:HandbookofStatisticsonIndianStatesTable94:State-wisePerHectareConsumptionofFertiliser(N+P+K)(https://www.rbi.org.in/Scripts/AnnualPublications.aspx?head=Handbook+of+Statistics+on+Indian+States)OriginalSource:AgriculturalStatisticsAtaGlance,MinistryofAgricultureandFarmers’Welfare,GovernmentofIndia.Dataisavailableform2004-05to2020-21Unit-Kg.PerHectare,AFY,2020,2019,N_A,0,2020-03-31,KG_HCT,3162.9
RBI:AGG_STAT_IS_RN(1.0),COLD_STORG_CAP,N_A,Notes:1.DataforTelanganaisincludedinAndhraPradeshtill2019.Datafor2020and2021correspondto31.12.2020and31.01.2022,respectively.Foralltheremainingyears,datacorrespondto31stMarchoftherespectiveyear.-:Notavailable.Datafor2022correspondto30.11.2022.Foralltheremainingyearsdatacorrespondto31stMarchoftherespectiveyear.Source:AgricultureStatisticsataGlance,MinistryofAgricultureandFarmers’Welfare,GovernmentofIndia.,AFY,2019,2018,N_A,0,2019-03-31,TN,73541274
RBI:AGG_STAT_IS_RN(1.0),CONSPT_FERT_PR_HEC,N_A,Source:HandbookofStatisticsonIndianStatesTable94:State-wisePerHectareConsumptionofFertiliser(N+P+K)(https://www.rbi.org.in/Scripts/AnnualPublications.aspx?head=Handbook+of+Statistics+on+Indian+States)OriginalSource:AgriculturalStatisticsAtaGlance,MinistryofAgricultureandFarmers’Welfare,GovernmentofIndia.Dataisavailableform2004-05to2020-21Unit-Kg.PerHectare,AFY,2019,2018,N_A,0,2019-03-31,KG_HCT,3281.1
RBI:AGG_STAT_IS_RN(1.0),AVG_CONSPT_FERT_PR_HEC,N_A,Source:HandbookofStatisticsonIndianStatesTable94:State-wisePerHectareConsumptionofFertiliser(N+P+K)(https://www.rbi.org.in/Scripts/AnnualPublications.aspx?head=Handbook+of+Statistics+on+Indian+States)OriginalSource:AgriculturalStatisticsAtaGlance,MinistryofAgricultureandFarmers’Welfare,GovernmentofIndia.Dataisavailableform2004-05to2020-21Unit-Kg.PerHectare,AFY,2019,2018,N_A,0,2019-03-31,KG_HCT,132.1
RBI:AGG_STAT_IS_RN(1.0),CONSPT_FERT_PR_HEC,N_A,Source:HandbookofStatisticsonIndianStatesTable94:State-wisePerHectareConsumptionofFertiliser(N+P+K)(https://www.rbi.org.in/Scripts/AnnualPublications.aspx?head=Handbook+of+Statistics+on+Indian+States)OriginalSource:AgriculturalStatisticsAtaGlance,MinistryofAgricultureandFarmers’Welfare,GovernmentofIndia.Dataisavailableform2004-05to2020-21Unit-Kg.PerHectare,AFY,2018,2017,N_A,0,2018-03-31,KG_HCT,3318.6000000000004
RBI:AGG_STAT_IS_RN(1.0),COLD_STORG_CAP,N_A,Notes:1.DataforTelanganaisincludedinAndhraPradeshtill2019.Datafor2020and2021correspondto31.12.2020and31.01.2022,respectively.Foralltheremainingyears,datacorrespondto31stMarchoftherespectiveyear.-:Notavailable.Datafor2022correspondto30.11.2022.Foralltheremainingyearsdatacorrespondto31stMarchoftherespectiveyear.Source:AgricultureStatisticsataGlance,MinistryofAgricultureandFarmers’Welfare,GovernmentofIndia.,AFY,2018,2017,N_A,0,2018-03-31,TN,72459350
RBI:AGG_STAT_IS_RN(1.0),AVG_CONSPT_FERT_PR_HEC,N_A,Source:HandbookofStatisticsonIndianStatesTable94:State-wisePerHectareConsumptionofFertiliser(N+P+K)(https://www.rbi.org.in/Scripts/AnnualPublications.aspx?head=Handbook+of+Statistics+on+Indian+States)OriginalSource:AgriculturalStatisticsAtaGlance,MinistryofAgricultureandFarmers’Welfare,GovernmentofIndia.Dataisavailableform2004-05to2020-21Unit-Kg.PerHectare,AFY,2018,2017,N_A,0,2018-03-31,KG_HCT,127.9
RBI:AGG_STAT_IS_RN(1.0),COLD_STORG_CAP,N_A,Notes:1.DataforTelanganaisincludedinAndhraPradeshtill2019.Datafor2020and2021correspondto31.12.2020and31.01.2022,respectively.Foralltheremainingyears,datacorrespondto31stMarchoftherespectiveyear.-:Notavailable.Datafor2022correspondto30.11.2022.Foralltheremainingyearsdatacorrespondto31stMarchoftherespectiveyear.Source:AgricultureStatisticsataGlance,MinistryofAgricultureandFarmers’Welfare,GovernmentofIndia.,AFY,2017,2016,N_A,0,2017-03-31,TN,69347772
RBI:AGG_STAT_IS_RN(1.0),CONSPT_FERT_PR_HEC,N_A,Source:HandbookofStatisticsonIndianStatesTable94:State-wisePerHectareConsumptionofFertiliser(N+P+K)(https://www.rbi.org.in/Scripts/AnnualPublications.aspx?head=Handbook+of+Statistics+on+Indian+States)OriginalSource:AgriculturalStatisticsAtaGlance,MinistryofAgricultureandFarmers’Welfare,GovernmentofIndia.Dataisavailableform2004-05to2020-21Unit-Kg.PerHectare,AFY,2017,2016,N_A,0,2017-03-31,KG_HCT,3463.0999999999995
RBI:AGG_STAT_IS_RN(1.0),AVG_CONSPT_FERT_PR_HEC,N_A,Source:HandbookofStatisticsonIndianStatesTable94:State-wisePerHectareConsumptionofFertiliser(N+P+K)(https://www.rbi.org.in/Scripts/AnnualPublications.aspx?head=Handbook+of+Statistics+on+Indian+States)OriginalSource:AgriculturalStatisticsAtaGlance,MinistryofAgricultureandFarmers’Welfare,GovernmentofIndia.Dataisavailableform2004-05to2020-21Unit-Kg.PerHectare,AFY,2017,2016,N_A,0,2017-03-31,KG_HCT,124.4
RBI:AGG_STAT_IS_RN(1.0),AVG_CONSPT_FERT_PR_HEC,N_A,Source:HandbookofStatisticsonIndianStatesTable94:State-wisePerHectareConsumptionofFertiliser(N+P+K)(https://www.rbi.org.in/Scripts/AnnualPublications.aspx?head=Handbook+of+Statistics+on+Indian+States)OriginalSource:AgriculturalStatisticsAtaGlance,MinistryofAgricultureandFarmers’Welfare,GovernmentofIndia.Dataisavailableform2004-05to2020-21Unit-Kg.PerHectare,AFY,2016,2015,N_A,0,2016-03-31,KG_HCT,130.7
RBI:AGG_STAT_IS_RN(1.0),COLD_STORG_CAP,N_A,Notes:1.DataforTelanganaisincludedinAndhraPradeshtill2019.Datafor2020and2021correspondto31.12.2020and31.01.2022,respectively.Foralltheremainingyears,datacorrespondto31stMarchoftherespectiveyear.-:Notavailable.Datafor2022correspondto30.11.2022.Foralltheremainingyearsdatacorrespondto31stMarchoftherespectiveyear.Source:AgricultureStatisticsataGlance,MinistryofAgricultureandFarmers’Welfare,GovernmentofIndia.,AFY,2016,2015,N_A,0,2016-03-31,TN,68100718
RBI:AGG_STAT_IS_RN(1.0),CONSPT_FERT_PR_HEC,N_A,Source:HandbookofStatisticsonIndianStatesTable94:State-wisePerHectareConsumptionofFertiliser(N+P+K)(https://www.rbi.org.in/Scripts/AnnualPublications.aspx?head=Handbook+of+Statistics+on+Indian+States)OriginalSource:AgriculturalStatisticsAtaGlance,MinistryofAgricultureandFarmers’Welfare,GovernmentofIndia.Dataisavailableform2004-05to2020-21Unit-Kg.PerHectare,AFY,2016,2015,N_A,0,2016-03-31,KG_HCT,3428.299999999999
RBI:AGG_STAT_IS_RN(1.0),AVG_CONSPT_FERT_PR_HEC,N_A,Source:HandbookofStatisticsonIndianStatesTable94:State-wisePerHectareConsumptionofFertiliser(N+P+K)(https://www.rbi.org.in/Scripts/AnnualPublications.aspx?head=Handbook+of+Statistics+on+Indian+States)OriginalSource:AgriculturalStatisticsAtaGlance,MinistryofAgricultureandFarmers’Welfare,GovernmentofIndia.Dataisavailableform2004-05to2020-21Unit-Kg.PerHectare,AFY,2015,2014,N_A,0,2015-03-31,KG_HCT,127.5
RBI:AGG_STAT_IS_RN(1.0),COLD_STORG_CAP,N_A,Notes:1.DataforTelanganaisincludedinAndhraPradeshtill2019.Datafor2020and2021correspondto31.12.2020and31.01.2022,respectively.Foralltheremainingyears,datacorrespondto31stMarchoftherespectiveyear.-:Notavailable.Datafor2022correspondto30.11.2022.Foralltheremainingyearsdatacorrespondto31stMarchoftherespectiveyear.Source:AgricultureStatisticsataGlance,MinistryofAgricultureandFarmers’Welfare,GovernmentofIndia.,AFY,2015,2014,N_A,0,2015-03-31,TN,65458542
RBI:AGG_STAT_IS_RN(1.0),CONSPT_FERT_PR_HEC,N_A,Source:HandbookofStatisticsonIndianStatesTable94:State-wisePerHectareConsumptionofFertiliser(N+P+K)(https://www.rbi.org.in/Scripts/AnnualPublications.aspx?head=Handbook+of+Statistics+on+Indian+States)OriginalSource:AgriculturalStatisticsAtaGlance,MinistryofAgricultureandFarmers’Welfare,GovernmentofIndia.Dataisavailableform2004-05to2020-21Unit-Kg.PerHectare,AFY,2015,2014,N_A,0,2015-03-31,KG_HCT,3264.2
RBI:AGG_STAT_IS_RN(1.0),AVG_CONSPT_FERT_PR_HEC,N_A,Source:HandbookofStatisticsonIndianStatesTable94:State-wisePerHectareConsumptionofFertiliser(N+P+K)(https://www.rbi.org.in/Scripts/AnnualPublications.aspx?head=Handbook+of+Statistics+on+Indian+States)OriginalSource:AgriculturalStatisticsAtaGlance,MinistryofAgricultureandFarmers’Welfare,GovernmentofIndia.Dataisavailableform2004-05to2020-21Unit-Kg.PerHectare,AFY,2014,2013,N_A,0,2014-03-31,KG_HCT,118.5
RBI:AGG_STAT_IS_RN(1.0),CONSPT_FERT_PR_HEC,N_A,Source:HandbookofStatisticsonIndianStatesTable94:State-wisePerHectareConsumptionofFertiliser(N+P+K)(https://www.rbi.org.in/Scripts/AnnualPublications.aspx?head=Handbook+of+Statistics+on+Indian+States)OriginalSource:AgriculturalStatisticsAtaGlance,MinistryofAgricultureandFarmers’Welfare,GovernmentofIndia.Dataisavailableform2004-05to2020-21Unit-Kg.PerHectare,AFY,2014,2013,N_A,0,2014-03-31,KG_HCT,3502.0000000000005
RBI:AGG_STAT_IS_RN(1.0),AVG_CONSPT_FERT_PR_HEC,N_A,Source:HandbookofStatisticsonIndianStatesTable94:State-wisePerHectareConsumptionofFertiliser(N+P+K)(https://www.rbi.org.in/Scripts/AnnualPublications.aspx?head=Handbook+of+Statistics+on+Indian+States)OriginalSource:AgriculturalStatisticsAtaGlance,MinistryofAgricultureandFarmers’Welfare,GovernmentofIndia.Dataisavailableform2004-05to2020-21Unit-Kg.PerHectare,AFY,2013,2012,N_A,0,2013-03-31,KG_HCT,130.8
RBI:AGG_STAT_IS_RN(1.0),CONSPT_FERT_PR_HEC,N_A,Source:HandbookofStatisticsonIndianStatesTable94:State-wisePerHectareConsumptionofFertiliser(N+P+K)(https://www.rbi.org.in/Scripts/AnnualPublications.aspx?head=Handbook+of+Statistics+on+Indian+States)OriginalSource:AgriculturalStatisticsAtaGlance,MinistryofAgricultureandFarmers’Welfare,GovernmentofIndia.Dataisavailableform2004-05to2020-21Unit-Kg.PerHectare,AFY,2013,2012,N_A,0,2013-03-31,KG_HCT,3586.899999999999
RBI:AGG_STAT_IS_RN(1.0),CONSPT_FERT_PR_HEC,N_A,Source:HandbookofStatisticsonIndianStatesTable94:State-wisePerHectareConsumptionofFertiliser(N+P+K)(https://www.rbi.org.in/Scripts/AnnualPublications.aspx?head=Handbook+of+Statistics+on+Indian+States)OriginalSource:AgriculturalStatisticsAtaGlance,MinistryofAgricultureandFarmers’Welfare,GovernmentofIndia.Dataisavailableform2004-05to2020-21Unit-Kg.PerHectare,AFY,2012,2011,N_A,0,2012-03-31,KG_HCT,3938.0000000000005
RBI:AGG_STAT_IS_RN(1.0),AVG_CONSPT_FERT_PR_HEC,N_A,Source:HandbookofStatisticsonIndianStatesTable94:State-wisePerHectareConsumptionofFertiliser(N+P+K)(https://www.rbi.org.in/Scripts/AnnualPublications.aspx?head=Handbook+of+Statistics+on+Indian+States)OriginalSource:AgriculturalStatisticsAtaGlance,MinistryofAgricultureandFarmers’Welfare,GovernmentofIndia.Dataisavailableform2004-05to2020-21Unit-Kg.PerHectare,AFY,2012,2011,N_A,0,2012-03-31,KG_HCT,142.3
RBI:AGG_STAT_IS_RN(1.0),AVG_CONSPT_FERT_PR_HEC,N_A,Source:HandbookofStatisticsonIndianStatesTable94:State-wisePerHectareConsumptionofFertiliser(N+P+K)(https://www.rbi.org.in/Scripts/AnnualPublications.aspx?head=Handbook+of+Statistics+on+Indian+States)OriginalSource:AgriculturalStatisticsAtaGlance,MinistryofAgricultureandFarmers’Welfare,GovernmentofIndia.Dataisavailableform2004-05to2020-21Unit-Kg.PerHectare,AFY,2011,2010,N_A,0,2011-03-31,KG_HCT,146.3
RBI:AGG_STAT_IS_RN(1.0),CONSPT_FERT_PR_HEC,N_A,Source:HandbookofStatisticsonIndianStatesTable94:State-wisePerHectareConsumptionofFertiliser(N+P+K)(https://www.rbi.org.in/Scripts/AnnualPublications.aspx?head=Handbook+of+Statistics+on+Indian+States)OriginalSource:AgriculturalStatisticsAtaGlance,MinistryofAgricultureandFarmers’Welfare,GovernmentofIndia.Dataisavailableform2004-05to2020-21Unit-Kg.PerHectare,AFY,2011,2010,N_A,0,2011-03-31,KG_HCT,4216.199999999999
RBI:AGG_STAT_IS_RN(1.0),AVG_CONSPT_FERT_PR_HEC,N_A,Source:HandbookofStatisticsonIndianStatesTable94:State-wisePerHectareConsumptionofFertiliser(N+P+K)(https://www.rbi.org.in/Scripts/AnnualPublications.aspx?head=Handbook+of+Statistics+on+Indian+States)OriginalSource:AgriculturalStatisticsAtaGlance,MinistryofAgricultureandFarmers’Welfare,GovernmentofIndia.Dataisavailableform2004-05to2020-21Unit-Kg.PerHectare,AFY,2010,2009,N_A,0,2010-03-31,KG_HCT,135.3
RBI:AGG_STAT_IS_RN(1.0),CONSPT_FERT_PR_HEC,N_A,Source:HandbookofStatisticsonIndianStatesTable94:State-wisePerHectareConsumptionofFertiliser(N+P+K)(https://www.rbi.org.in/Scripts/AnnualPublications.aspx?head=Handbook+of+Statistics+on+Indian+States)OriginalSource:AgriculturalStatisticsAtaGlance,MinistryofAgricultureandFarmers’Welfare,GovernmentofIndia.Dataisavailableform2004-05to2020-21Unit-Kg.PerHectare,AFY,2010,2009,N_A,0,2010-03-31,KG_HCT,4098.1
RBI:AGG_STAT_IS_RN(1.0),AVG_CONSPT_FERT_PR_HEC,N_A,Source:HandbookofStatisticsonIndianStatesTable94:State-wisePerHectareConsumptionofFertiliser(N+P+K)(https://www.rbi.org.in/Scripts/AnnualPublications.aspx?head=Handbook+of+Statistics+on+Indian+States)OriginalSource:AgriculturalStatisticsAtaGlance,MinistryofAgricultureandFarmers’Welfare,GovernmentofIndia.Dataisavailableform2004-05to2020-21Unit-Kg.PerHectare,AFY,2009,2008,N_A,0,2009-03-31,KG_HCT,127.2
RBI:AGG_STAT_IS_RN(1.0),CONSPT_FERT_PR_HEC,N_A,Source:HandbookofStatisticsonIndianStatesTable94:State-wisePerHectareConsumptionofFertiliser(N+P+K)(https://www.rbi.org.in/Scripts/AnnualPublications.aspx?head=Handbook+of+Statistics+on+Indian+States)OriginalSource:AgriculturalStatisticsAtaGlance,MinistryofAgricultureandFarmers’Welfare,GovernmentofIndia.Dataisavailableform2004-05to2020-21Unit-Kg.PerHectare,AFY,2009,2008,N_A,0,2009-03-31,KG_HCT,3003.4999999999995
RBI:AGG_STAT_IS_RN(1.0),CONSPT_FERT_PR_HEC,N_A,Source:HandbookofStatisticsonIndianStatesTable94:State-wisePerHectareConsumptionofFertiliser(N+P+K)(https://www.rbi.org.in/Scripts/AnnualPublications.aspx?head=Handbook+of+Statistics+on+Indian+States)OriginalSource:AgriculturalStatisticsAtaGlance,MinistryofAgricultureandFarmers’Welfare,GovernmentofIndia.Dataisavailableform2004-05to2020-21Unit-Kg.PerHectare,AFY,2008,2007,N_A,0,2008-03-31,KG_HCT,3880.900000000001
RBI:AGG_STAT_IS_RN(1.0),AVG_CONSPT_FERT_PR_HEC,N_A,Source:HandbookofStatisticsonIndianStatesTable94:State-wisePerHectareConsumptionofFertiliser(N+P+K)(https://www.rbi.org.in/Scripts/AnnualPublications.aspx?head=Handbook+of+Statistics+on+Indian+States)OriginalSource:AgriculturalStatisticsAtaGlance,MinistryofAgricultureandFarmers’Welfare,GovernmentofIndia.Dataisavailableform2004-05to2020-21Unit-Kg.PerHectare,AFY,2008,2007,N_A,0,2008-03-31,KG_HCT,115.3
RBI:AGG_STAT_IS_RN(1.0),AVG_CONSPT_FERT_PR_HEC,N_A,Source:HandbookofStatisticsonIndianStatesTable94:State-wisePerHectareConsumptionofFertiliser(N+P+K)(https://www.rbi.org.in/Scripts/AnnualPublications.aspx?head=Handbook+of+Statistics+on+Indian+States)OriginalSource:AgriculturalStatisticsAtaGlance,MinistryofAgricultureandFarmers’Welfare,GovernmentofIndia.Dataisavailableform2004-05to2020-21Unit-Kg.PerHectare,AFY,2007,2006,N_A,0,2007-03-31,KG_HCT,112.3
RBI:AGG_STAT_IS_RN(1.0),CONSPT_FERT_PR_HEC,N_A,Source:HandbookofStatisticsonIndianStatesTable94:State-wisePerHectareConsumptionofFertiliser(N+P+K)(https://www.rbi.org.in/Scripts/AnnualPublications.aspx?head=Handbook+of+Statistics+on+Indian+States)OriginalSource:AgriculturalStatisticsAtaGlance,MinistryofAgricultureandFarmers’Welfare,GovernmentofIndia.Dataisavailableform2004-05to2020-21Unit-Kg.PerHectare,AFY,2007,2006,N_A,0,2007-03-31,KG_HCT,3886.2999999999997
RBI:AGG_STAT_IS_RN(1.0),CONSPT_FERT_PR_HEC,N_A,Source:HandbookofStatisticsonIndianStatesTable94:State-wisePerHectareConsumptionofFertiliser(N+P+K)(https://www.rbi.org.in/Scripts/AnnualPublications.aspx?head=Handbook+of+Statistics+on+Indian+States)OriginalSource:AgriculturalStatisticsAtaGlance,MinistryofAgricultureandFarmers’Welfare,GovernmentofIndia.Dataisavailableform2004-05to2020-21Unit-Kg.PerHectare,AFY,2006,2005,N_A,0,2006-03-31,KG_HCT,3426.2999999999997
RBI:AGG_STAT_IS_RN(1.0),AVG_CONSPT_FERT_PR_HEC,N_A,Source:HandbookofStatisticsonIndianStatesTable94:State-wisePerHectareConsumptionofFertiliser(N+P+K)(https://www.rbi.org.in/Scripts/AnnualPublications.aspx?head=Handbook+of+Statistics+on+Indian+States)OriginalSource:AgriculturalStatisticsAtaGlance,MinistryofAgricultureandFarmers’Welfare,GovernmentofIndia.Dataisavailableform2004-05to2020-21Unit-Kg.PerHectare,AFY,2006,2005,N_A,0,2006-03-31,KG_HCT,104.5
RBI:AGG_STAT_IS_RN(1.0),AVG_CONSPT_FERT_PR_HEC,N_A,Source:HandbookofStatisticsonIndianStatesTable94:State-wisePerHectareConsumptionofFertiliser(N+P+K)(https://www.rbi.org.in/Scripts/AnnualPublications.aspx?head=Handbook+of+Statistics+on+Indian+States)OriginalSource:AgriculturalStatisticsAtaGlance,MinistryofAgricultureandFarmers’Welfare,GovernmentofIndia.Dataisavailableform2004-05to2020-21Unit-Kg.PerHectare,AFY,2005,2004,N_A,0,2005-03-31,KG_HCT,94.5
RBI:AGG_STAT_IS_RN(1.0),CONSPT_FERT_PR_HEC,N_A,Source:HandbookofStatisticsonIndianStatesTable94:State-wisePerHectareConsumptionofFertiliser(N+P+K)(https://www.rbi.org.in/Scripts/AnnualPublications.aspx?head=Handbook+of+Statistics+on+Indian+States)OriginalSource:AgriculturalStatisticsAtaGlance,MinistryofAgricultureandFarmers’Welfare,GovernmentofIndia.Dataisavailableform2004-05to2020-21Unit-Kg.PerHectare,AFY,2005,2004,N_A,0,2005-03-31,KG_HCT,3230.7999999999997
