DATAFLOW,AUDST,FREQ,LIB_TYP_RN,REPYEAREND,REPYEARSTART,UNIT_MULT,TIME_PERIOD,UNIT_MEASURE,OBS_VALUE
RBI:GOVT_LIAB_RN(1.0),N_A,AFY,LT1,1986,1985,0,1986-03-31,INR,1516430000000
RBI:GOVT_LIAB_RN(1.0),N_A,AFY,LT11,1986,1985,0,1986-03-31,INR,1193310000000
RBI:GOVT_LIAB_RN(1.0),N_A,AFY,LT12,1986,1985,0,1986-03-31,INR,323120000000
RBI:GOVT_LIAB_RN(1.0),N_A,AFY,LT2,1986,1985,0,1986-03-31,INR,613550000000
RBI:GOVT_LIAB_RN(1.0),N_A,AFY,LT3,1986,1985,0,1986-03-31,INR,1428740000000
RBI:GOVT_LIAB_RN(1.0),N_A,AFY,LT4,1986,1985,0,1986-03-31,INR,1751860000000
RBI:GOVT_LIAB_RN(1.0),N_A,AFY,LT1,1987,1986,0,1987-03-31,INR,1828250000000
RBI:GOVT_LIAB_RN(1.0),N_A,AFY,LT11,1987,1986,0,1987-03-31,INR,1462470000000
RBI:GOVT_LIAB_RN(1.0),N_A,AFY,LT12,1987,1986,0,1987-03-31,INR,365780000000
RBI:GOVT_LIAB_RN(1.0),N_A,AFY,LT2,1987,1986,0,1987-03-31,INR,698750000000
RBI:GOVT_LIAB_RN(1.0),N_A,AFY,LT3,1987,1986,0,1987-03-31,INR,1734880000000
RBI:GOVT_LIAB_RN(1.0),N_A,AFY,LT4,1987,1986,0,1987-03-31,INR,2100660000000
RBI:GOVT_LIAB_RN(1.0),N_A,AFY,LT1,1988,1987,0,1988-03-31,INR,2191760000000
RBI:GOVT_LIAB_RN(1.0),N_A,AFY,LT11,1988,1987,0,1988-03-31,INR,1723380000000
RBI:GOVT_LIAB_RN(1.0),N_A,AFY,LT12,1988,1987,0,1988-03-31,INR,468380000000
RBI:GOVT_LIAB_RN(1.0),N_A,AFY,LT2,1988,1987,0,1988-03-31,INR,811800000000
RBI:GOVT_LIAB_RN(1.0),N_A,AFY,LT3,1988,1987,0,1988-03-31,INR,2041110000000
RBI:GOVT_LIAB_RN(1.0),N_A,AFY,LT4,1988,1987,0,1988-03-31,INR,2509490000000
RBI:GOVT_LIAB_RN(1.0),N_A,AFY,LT1,1989,1988,0,1989-03-31,INR,2581250000000
RBI:GOVT_LIAB_RN(1.0),N_A,AFY,LT11,1989,1988,0,1989-03-31,INR,2040250000000
RBI:GOVT_LIAB_RN(1.0),N_A,AFY,LT12,1989,1988,0,1989-03-31,INR,541000000000
RBI:GOVT_LIAB_RN(1.0),N_A,AFY,LT2,1989,1988,0,1989-03-31,INR,937720000000
RBI:GOVT_LIAB_RN(1.0),N_A,AFY,LT3,1989,1988,0,1989-03-31,INR,2416830000000
RBI:GOVT_LIAB_RN(1.0),N_A,AFY,LT4,1989,1988,0,1989-03-31,INR,2957830000000
RBI:GOVT_LIAB_RN(1.0),N_A,AFY,LT1,1990,1989,0,1990-03-31,INR,3058660000000
RBI:GOVT_LIAB_RN(1.0),N_A,AFY,LT11,1990,1989,0,1990-03-31,INR,2398490000000
RBI:GOVT_LIAB_RN(1.0),N_A,AFY,LT12,1990,1989,0,1990-03-31,INR,660170000000
RBI:GOVT_LIAB_RN(1.0),N_A,AFY,LT2,1990,1989,0,1990-03-31,INR,1098490000000
RBI:GOVT_LIAB_RN(1.0),N_A,AFY,LT3,1990,1989,0,1990-03-31,INR,2856490000000
RBI:GOVT_LIAB_RN(1.0),N_A,AFY,LT4,1990,1989,0,1990-03-31,INR,3516660000000
RBI:GOVT_LIAB_RN(1.0),N_A,AFY,LT1,1991,1990,0,1991-03-31,INR,3493470000000
RBI:GOVT_LIAB_RN(1.0),N_A,AFY,LT11,1991,1990,0,1991-03-31,INR,2830330000000
RBI:GOVT_LIAB_RN(1.0),N_A,AFY,LT12,1991,1990,0,1991-03-31,INR,663140000000
RBI:GOVT_LIAB_RN(1.0),N_A,AFY,LT2,1991,1990,0,1991-03-31,INR,1281550000000
RBI:GOVT_LIAB_RN(1.0),N_A,AFY,LT3,1991,1990,0,1991-03-31,INR,3372990000000
RBI:GOVT_LIAB_RN(1.0),N_A,AFY,LT4,1991,1990,0,1991-03-31,INR,4036130000000
RBI:GOVT_LIAB_RN(1.0),N_A,AFY,LT1,1992,1991,0,1992-03-31,INR,4273910000000
RBI:GOVT_LIAB_RN(1.0),N_A,AFY,LT11,1992,1991,0,1992-03-31,INR,3177140000000
RBI:GOVT_LIAB_RN(1.0),N_A,AFY,LT12,1992,1991,0,1992-03-31,INR,1096770000000
RBI:GOVT_LIAB_RN(1.0),N_A,AFY,LT2,1992,1991,0,1992-03-31,INR,1470300000000
RBI:GOVT_LIAB_RN(1.0),N_A,AFY,LT3,1992,1991,0,1992-03-31,INR,3814800000000
RBI:GOVT_LIAB_RN(1.0),N_A,AFY,LT4,1992,1991,0,1992-03-31,INR,4911570000000
RBI:GOVT_LIAB_RN(1.0),N_A,AFY,LT1,1993,1992,0,1993-03-31,INR,4806340000000
RBI:GOVT_LIAB_RN(1.0),N_A,AFY,LT11,1993,1992,0,1993-03-31,INR,3596550000000
RBI:GOVT_LIAB_RN(1.0),N_A,AFY,LT12,1993,1992,0,1993-03-31,INR,1209790000000
RBI:GOVT_LIAB_RN(1.0),N_A,AFY,LT2,1993,1992,0,1993-03-31,INR,1683650000000
RBI:GOVT_LIAB_RN(1.0),N_A,AFY,LT3,1993,1992,0,1993-03-31,INR,4367660000000
RBI:GOVT_LIAB_RN(1.0),N_A,AFY,LT4,1993,1992,0,1993-03-31,INR,5577450000000
RBI:GOVT_LIAB_RN(1.0),N_A,AFY,LT1,1994,1993,0,1994-03-31,INR,5584210000000
RBI:GOVT_LIAB_RN(1.0),N_A,AFY,LT11,1994,1993,0,1994-03-31,INR,4306230000000
RBI:GOVT_LIAB_RN(1.0),N_A,AFY,LT12,1994,1993,0,1994-03-31,INR,1277980000000
RBI:GOVT_LIAB_RN(1.0),N_A,AFY,LT2,1994,1993,0,1994-03-31,INR,1878750000000
RBI:GOVT_LIAB_RN(1.0),N_A,AFY,LT3,1994,1993,0,1994-03-31,INR,5174610000000
RBI:GOVT_LIAB_RN(1.0),N_A,AFY,LT4,1994,1993,0,1994-03-31,INR,6452590000000
RBI:GOVT_LIAB_RN(1.0),N_A,AFY,LT1,1995,1994,0,1995-03-31,INR,6301960000000
RBI:GOVT_LIAB_RN(1.0),N_A,AFY,LT11,1995,1994,0,1995-03-31,INR,4876820000000
RBI:GOVT_LIAB_RN(1.0),N_A,AFY,LT12,1995,1994,0,1995-03-31,INR,1425140000000
RBI:GOVT_LIAB_RN(1.0),N_A,AFY,LT2,1995,1994,0,1995-03-31,INR,2164730000000
RBI:GOVT_LIAB_RN(1.0),N_A,AFY,LT3,1995,1994,0,1995-03-31,INR,5898670000000
RBI:GOVT_LIAB_RN(1.0),N_A,AFY,LT4,1995,1994,0,1995-03-31,INR,7323810000000
RBI:GOVT_LIAB_RN(1.0),N_A,AFY,LT1,1996,1995,0,1996-03-31,INR,7033810000000
RBI:GOVT_LIAB_RN(1.0),N_A,AFY,LT11,1996,1995,0,1996-03-31,INR,5549830000000
RBI:GOVT_LIAB_RN(1.0),N_A,AFY,LT12,1996,1995,0,1996-03-31,INR,1483980000000
RBI:GOVT_LIAB_RN(1.0),N_A,AFY,LT2,1996,1995,0,1996-03-31,INR,2495350000000
RBI:GOVT_LIAB_RN(1.0),N_A,AFY,LT3,1996,1995,0,1996-03-31,INR,6769590000000
RBI:GOVT_LIAB_RN(1.0),N_A,AFY,LT4,1996,1995,0,1996-03-31,INR,8253570000000
RBI:GOVT_LIAB_RN(1.0),N_A,AFY,LT1,1997,1996,0,1997-03-31,INR,7710010000000
RBI:GOVT_LIAB_RN(1.0),N_A,AFY,LT11,1997,1996,0,1997-03-31,INR,6214370000000
RBI:GOVT_LIAB_RN(1.0),N_A,AFY,LT12,1997,1996,0,1997-03-31,INR,1495640000000
RBI:GOVT_LIAB_RN(1.0),N_A,AFY,LT2,1997,1996,0,1997-03-31,INR,2858980000000
RBI:GOVT_LIAB_RN(1.0),N_A,AFY,LT3,1997,1996,0,1997-03-31,INR,7639670000000
RBI:GOVT_LIAB_RN(1.0),N_A,AFY,LT4,1997,1996,0,1997-03-31,INR,9135310000000
RBI:GOVT_LIAB_RN(1.0),N_A,AFY,LT1,1998,1997,0,1998-03-31,INR,8843800000000
RBI:GOVT_LIAB_RN(1.0),N_A,AFY,LT11,1998,1997,0,1998-03-31,INR,7229620000000
RBI:GOVT_LIAB_RN(1.0),N_A,AFY,LT12,1998,1997,0,1998-03-31,INR,1614180000000
RBI:GOVT_LIAB_RN(1.0),N_A,AFY,LT2,1998,1997,0,1998-03-31,INR,3308160000000
RBI:GOVT_LIAB_RN(1.0),N_A,AFY,LT3,1998,1997,0,1998-03-31,INR,8808980000000
RBI:GOVT_LIAB_RN(1.0),N_A,AFY,LT4,1998,1997,0,1998-03-31,INR,10423160000000
RBI:GOVT_LIAB_RN(1.0),N_A,AFY,LT1,1999,1998,0,1999-03-31,INR,10124860000000
RBI:GOVT_LIAB_RN(1.0),N_A,AFY,LT11,1999,1998,0,1999-03-31,INR,8345520000000
RBI:GOVT_LIAB_RN(1.0),N_A,AFY,LT12,1999,1998,0,1999-03-31,INR,1779340000000
RBI:GOVT_LIAB_RN(1.0),N_A,AFY,LT2,1999,1998,0,1999-03-31,INR,3995760000000
RBI:GOVT_LIAB_RN(1.0),N_A,AFY,LT3,1999,1998,0,1999-03-31,INR,10322570000000
RBI:GOVT_LIAB_RN(1.0),N_A,AFY,LT4,1999,1998,0,1999-03-31,INR,12101910000000
RBI:GOVT_LIAB_RN(1.0),N_A,AFY,LT1,2000,1999,0,2000-03-31,INR,11493830000000
RBI:GOVT_LIAB_RN(1.0),N_A,AFY,LT11,2000,1999,0,2000-03-31,INR,9625920000000
RBI:GOVT_LIAB_RN(1.0),N_A,AFY,LT12,2000,1999,0,2000-03-31,INR,1867910000000
RBI:GOVT_LIAB_RN(1.0),N_A,AFY,LT2,2000,1999,0,2000-03-31,INR,5095290000000
RBI:GOVT_LIAB_RN(1.0),N_A,AFY,LT3,2000,1999,0,2000-03-31,INR,12389430000000
RBI:GOVT_LIAB_RN(1.0),N_A,AFY,LT4,2000,1999,0,2000-03-31,INR,14257340000000
RBI:GOVT_LIAB_RN(1.0),N_A,AFY,LT1,2001,2000,0,2001-03-31,INR,12925860000000
RBI:GOVT_LIAB_RN(1.0),N_A,AFY,LT11,2001,2000,0,2001-03-31,INR,11025960000000
RBI:GOVT_LIAB_RN(1.0),N_A,AFY,LT12,2001,2000,0,2001-03-31,INR,1899900000000
RBI:GOVT_LIAB_RN(1.0),N_A,AFY,LT2,2001,2000,0,2001-03-31,INR,5941470000000
RBI:GOVT_LIAB_RN(1.0),N_A,AFY,LT3,2001,2000,0,2001-03-31,INR,14141130000000
RBI:GOVT_LIAB_RN(1.0),N_A,AFY,LT4,2001,2000,0,2001-03-31,INR,16041030000000
RBI:GOVT_LIAB_RN(1.0),N_A,AFY,LT1,2002,2001,0,2002-03-31,INR,14945010000000
RBI:GOVT_LIAB_RN(1.0),N_A,AFY,LT11,2002,2001,0,2002-03-31,INR,12948620000000
RBI:GOVT_LIAB_RN(1.0),N_A,AFY,LT12,2002,2001,0,2002-03-31,INR,1996390000000
RBI:GOVT_LIAB_RN(1.0),N_A,AFY,LT2,2002,2001,0,2002-03-31,INR,6907470000000
RBI:GOVT_LIAB_RN(1.0),N_A,AFY,LT3,2002,2001,0,2002-03-31,INR,16565440000000
RBI:GOVT_LIAB_RN(1.0),N_A,AFY,LT4,2002,2001,0,2002-03-31,INR,18561830000000
RBI:GOVT_LIAB_RN(1.0),N_A,AFY,LT1,2003,2002,0,2003-03-31,INR,16956560000000
RBI:GOVT_LIAB_RN(1.0),N_A,AFY,LT11,2003,2002,0,2003-03-31,INR,14995890000000
RBI:GOVT_LIAB_RN(1.0),N_A,AFY,LT12,2003,2002,0,2003-03-31,INR,1960670000000
RBI:GOVT_LIAB_RN(1.0),N_A,AFY,LT2,2003,2002,0,2003-03-31,INR,7864300000000
RBI:GOVT_LIAB_RN(1.0),N_A,AFY,LT3,2003,2002,0,2003-03-31,INR,19056010000000
RBI:GOVT_LIAB_RN(1.0),N_A,AFY,LT4,2003,2002,0,2003-03-31,INR,21016680000000
RBI:GOVT_LIAB_RN(1.0),N_A,AFY,LT1,2004,2003,0,2004-03-31,INR,18747310000000
RBI:GOVT_LIAB_RN(1.0),N_A,AFY,LT11,2004,2003,0,2004-03-31,INR,16905540000000
RBI:GOVT_LIAB_RN(1.0),N_A,AFY,LT12,2004,2003,0,2004-03-31,INR,1841770000000
RBI:GOVT_LIAB_RN(1.0),N_A,AFY,LT2,2004,2003,0,2004-03-31,INR,9031740000000
RBI:GOVT_LIAB_RN(1.0),N_A,AFY,LT3,2004,2003,0,2004-03-31,INR,21807680000000
RBI:GOVT_LIAB_RN(1.0),N_A,AFY,LT4,2004,2003,0,2004-03-31,INR,23649450000000
RBI:GOVT_LIAB_RN(1.0),N_A,AFY,LT1,2005,2004,0,2005-03-31,INR,21247260000000
RBI:GOVT_LIAB_RN(1.0),N_A,AFY,LT11,2005,2004,0,2005-03-31,INR,19335440000000
RBI:GOVT_LIAB_RN(1.0),N_A,AFY,LT12,2005,2004,0,2005-03-31,INR,1911820000000
RBI:GOVT_LIAB_RN(1.0),N_A,AFY,LT2,2005,2004,0,2005-03-31,INR,10140670000000
RBI:GOVT_LIAB_RN(1.0),N_A,AFY,LT3,2005,2004,0,2005-03-31,INR,24717160000000
RBI:GOVT_LIAB_RN(1.0),N_A,AFY,LT4,2005,2004,0,2005-03-31,INR,26628980000000
RBI:GOVT_LIAB_RN(1.0),N_A,AFY,LT1,2006,2005,0,2006-03-31,INR,23599720000000
RBI:GOVT_LIAB_RN(1.0),N_A,AFY,LT11,2006,2005,0,2006-03-31,INR,21659020000000
RBI:GOVT_LIAB_RN(1.0),N_A,AFY,LT12,2006,2005,0,2006-03-31,INR,1940700000000
RBI:GOVT_LIAB_RN(1.0),N_A,AFY,LT2,2006,2005,0,2006-03-31,INR,11477170000000
RBI:GOVT_LIAB_RN(1.0),N_A,AFY,LT3,2006,2005,0,2006-03-31,INR,27263300000000
RBI:GOVT_LIAB_RN(1.0),N_A,AFY,LT4,2006,2005,0,2006-03-31,INR,29204000000000
RBI:GOVT_LIAB_RN(1.0),N_A,AFY,LT1,2007,2006,0,2007-03-31,INR,26370790000000
RBI:GOVT_LIAB_RN(1.0),N_A,AFY,LT11,2007,2006,0,2007-03-31,INR,24358800000000
RBI:GOVT_LIAB_RN(1.0),N_A,AFY,LT12,2007,2006,0,2007-03-31,INR,2011990000000
RBI:GOVT_LIAB_RN(1.0),N_A,AFY,LT2,2007,2006,0,2007-03-31,INR,12415760000000
RBI:GOVT_LIAB_RN(1.0),N_A,AFY,LT3,2007,2006,0,2007-03-31,INR,30053360000000
RBI:GOVT_LIAB_RN(1.0),N_A,AFY,LT4,2007,2006,0,2007-03-31,INR,32065350000000
RBI:GOVT_LIAB_RN(1.0),N_A,AFY,LT1,2008,2007,0,2008-03-31,INR,29354800000000
RBI:GOVT_LIAB_RN(1.0),N_A,AFY,LT11,2008,2007,0,2008-03-31,INR,27253940000000
RBI:GOVT_LIAB_RN(1.0),N_A,AFY,LT12,2008,2007,0,2008-03-31,INR,2100860000000
RBI:GOVT_LIAB_RN(1.0),N_A,AFY,LT2,2008,2007,0,2008-03-31,INR,13283020000000
RBI:GOVT_LIAB_RN(1.0),N_A,AFY,LT3,2008,2007,0,2008-03-31,INR,33527400000000
RBI:GOVT_LIAB_RN(1.0),N_A,AFY,LT4,2008,2007,0,2008-03-31,INR,35628260000000
RBI:GOVT_LIAB_RN(1.0),N_A,AFY,LT1,2009,2008,0,2009-03-31,INR,33001080000000
RBI:GOVT_LIAB_RN(1.0),N_A,AFY,LT11,2009,2008,0,2009-03-31,INR,30361320000000
RBI:GOVT_LIAB_RN(1.0),N_A,AFY,LT12,2009,2008,0,2009-03-31,INR,2639760000000
RBI:GOVT_LIAB_RN(1.0),N_A,AFY,LT2,2009,2008,0,2009-03-31,INR,14701950000000
RBI:GOVT_LIAB_RN(1.0),N_A,AFY,LT3,2009,2008,0,2009-03-31,INR,38015020000000
RBI:GOVT_LIAB_RN(1.0),N_A,AFY,LT4,2009,2008,0,2009-03-31,INR,40654780000000
RBI:GOVT_LIAB_RN(1.0),N_A,AFY,LT1,2010,2009,0,2010-03-31,INR,36451650000000
RBI:GOVT_LIAB_RN(1.0),N_A,AFY,LT11,2010,2009,0,2010-03-31,INR,33958770000000
RBI:GOVT_LIAB_RN(1.0),N_A,AFY,LT12,2010,2009,0,2010-03-31,INR,2492880000000
RBI:GOVT_LIAB_RN(1.0),N_A,AFY,LT2,2010,2009,0,2010-03-31,INR,16486500000000
RBI:GOVT_LIAB_RN(1.0),N_A,AFY,LT3,2010,2009,0,2010-03-31,INR,43243030000000
RBI:GOVT_LIAB_RN(1.0),N_A,AFY,LT4,2010,2009,0,2010-03-31,INR,45735910000000
RBI:GOVT_LIAB_RN(1.0),N_A,AFY,LT1,2011,2010,0,2011-03-31,INR,40595900000000
RBI:GOVT_LIAB_RN(1.0),N_A,AFY,LT11,2011,2010,0,2011-03-31,INR,37811350000000
RBI:GOVT_LIAB_RN(1.0),N_A,AFY,LT12,2011,2010,0,2011-03-31,INR,2784550000000
RBI:GOVT_LIAB_RN(1.0),N_A,AFY,LT2,2011,2010,0,2011-03-31,INR,18289760000000
RBI:GOVT_LIAB_RN(1.0),N_A,AFY,LT3,2011,2010,0,2011-03-31,INR,48276880000000
RBI:GOVT_LIAB_RN(1.0),N_A,AFY,LT4,2011,2010,0,2011-03-31,INR,51061430000000
RBI:GOVT_LIAB_RN(1.0),N_A,AFY,LT1,2012,2011,0,2012-03-31,INR,46700540000000
RBI:GOVT_LIAB_RN(1.0),N_A,AFY,LT11,2012,2011,0,2012-03-31,INR,43471640000000
RBI:GOVT_LIAB_RN(1.0),N_A,AFY,LT12,2012,2011,0,2012-03-31,INR,3228900000000
RBI:GOVT_LIAB_RN(1.0),N_A,AFY,LT2,2012,2011,0,2012-03-31,INR,19939170000000
RBI:GOVT_LIAB_RN(1.0),N_A,AFY,LT3,2012,2011,0,2012-03-31,INR,55616580000000
RBI:GOVT_LIAB_RN(1.0),N_A,AFY,LT4,2012,2011,0,2012-03-31,INR,58845480000000
RBI:GOVT_LIAB_RN(1.0),N_A,AFY,LT1,2013,2012,0,2013-03-31,INR,52253070000000
RBI:GOVT_LIAB_RN(1.0),N_A,AFY,LT11,2013,2012,0,2013-03-31,INR,48933030000000
RBI:GOVT_LIAB_RN(1.0),N_A,AFY,LT12,2013,2012,0,2013-03-31,INR,3320040000000
RBI:GOVT_LIAB_RN(1.0),N_A,AFY,LT2,2013,2012,0,2013-03-31,INR,22102450000000
RBI:GOVT_LIAB_RN(1.0),N_A,AFY,LT3,2013,2012,0,2013-03-31,INR,62958150000000
RBI:GOVT_LIAB_RN(1.0),N_A,AFY,LT4,2013,2012,0,2013-03-31,INR,66278200000000
RBI:GOVT_LIAB_RN(1.0),N_A,AFY,LT1,2014,2013,0,2014-03-31,INR,58593310000000
RBI:GOVT_LIAB_RN(1.0),N_A,AFY,LT11,2014,2013,0,2014-03-31,INR,54848480000000
RBI:GOVT_LIAB_RN(1.0),N_A,AFY,LT12,2014,2013,0,2014-03-31,INR,3744830000000
RBI:GOVT_LIAB_RN(1.0),N_A,AFY,LT2,2014,2013,0,2014-03-31,INR,24712630000000
RBI:GOVT_LIAB_RN(1.0),N_A,AFY,LT3,2014,2013,0,2014-03-31,INR,71586770000000
RBI:GOVT_LIAB_RN(1.0),N_A,AFY,LT4,2014,2013,0,2014-03-31,INR,75331610000000
RBI:GOVT_LIAB_RN(1.0),N_A,AFY,LT1,2015,2014,0,2015-03-31,INR,64113910000000
RBI:GOVT_LIAB_RN(1.0),N_A,AFY,LT11,2015,2014,0,2015-03-31,INR,60450070000000
RBI:GOVT_LIAB_RN(1.0),N_A,AFY,LT12,2015,2014,0,2015-03-31,INR,3663840000000
RBI:GOVT_LIAB_RN(1.0),N_A,AFY,LT2,2015,2014,0,2015-03-31,INR,27037596268180
RBI:GOVT_LIAB_RN(1.0),N_A,AFY,LT3,2015,2014,0,2015-03-31,INR,79343900000000
RBI:GOVT_LIAB_RN(1.0),N_A,AFY,LT4,2015,2014,0,2015-03-31,INR,83005830000000
RBI:GOVT_LIAB_RN(1.0),N_A,AFY,LT1,2016,2015,0,2016-03-31,INR,70982980000000
RBI:GOVT_LIAB_RN(1.0),N_A,AFY,LT11,2016,2015,0,2016-03-31,INR,66917090000000
RBI:GOVT_LIAB_RN(1.0),N_A,AFY,LT12,2016,2015,0,2016-03-31,INR,4065890000000
RBI:GOVT_LIAB_RN(1.0),N_A,AFY,LT2,2016,2015,0,2016-03-31,INR,32181258815600
RBI:GOVT_LIAB_RN(1.0),N_A,AFY,LT3,2016,2015,0,2016-03-31,INR,90316590000000
RBI:GOVT_LIAB_RN(1.0),N_A,AFY,LT4,2016,2015,0,2016-03-31,INR,94382480000000
RBI:GOVT_LIAB_RN(1.0),N_A,AFY,LT1,2017,2016,0,2017-03-31,INR,76250780000000
RBI:GOVT_LIAB_RN(1.0),N_A,AFY,LT11,2017,2016,0,2017-03-31,INR,72169700000000
RBI:GOVT_LIAB_RN(1.0),N_A,AFY,LT12,2017,2016,0,2017-03-31,INR,4081082600000
RBI:GOVT_LIAB_RN(1.0),N_A,AFY,LT2,2017,2016,0,2017-03-31,INR,38093573000000
RBI:GOVT_LIAB_RN(1.0),N_A,AFY,LT3,2017,2016,0,2017-03-31,INR,101763019700000
RBI:GOVT_LIAB_RN(1.0),N_A,AFY,LT4,2017,2016,0,2017-03-31,INR,105844100000000
RBI:GOVT_LIAB_RN(1.0),N_A,AFY,LT1,2018,2017,0,2018-03-31,INR,84546310000000
RBI:GOVT_LIAB_RN(1.0),N_A,AFY,LT11,2018,2017,0,2018-03-31,INR,80093490000000
RBI:GOVT_LIAB_RN(1.0),N_A,AFY,LT12,2018,2017,0,2018-03-31,INR,4452820000000
RBI:GOVT_LIAB_RN(1.0),N_A,AFY,LT2,2018,2017,0,2018-03-31,INR,42924953000000
RBI:GOVT_LIAB_RN(1.0),N_A,AFY,LT3,2018,2017,0,2018-03-31,INR,114451011199999.98
RBI:GOVT_LIAB_RN(1.0),N_A,AFY,LT4,2018,2017,0,2018-03-31,INR,118903830000000
RBI:GOVT_LIAB_RN(1.0),N_A,AFY,LT1,2019,2018,0,2019-03-31,INR,93778570000000
RBI:GOVT_LIAB_RN(1.0),N_A,AFY,LT11,2019,2018,0,2019-03-31,INR,89034182800000
RBI:GOVT_LIAB_RN(1.0),N_A,AFY,LT12,2019,2018,0,2019-03-31,INR,4744390000000
RBI:GOVT_LIAB_RN(1.0),N_A,AFY,LT2,2019,2018,0,2019-03-31,INR,47867700000000
RBI:GOVT_LIAB_RN(1.0),N_A,AFY,LT3,2019,2018,0,2019-03-31,INR,128555862180000
RBI:GOVT_LIAB_RN(1.0),N_A,AFY,LT4,2019,2018,0,2019-03-31,INR,133300250000000
RBI:GOVT_LIAB_RN(1.0),N_A,AFY,LT1,2020,2019,0,2020-03-31,INR,105554888400000
RBI:GOVT_LIAB_RN(1.0),N_A,AFY,LT11,2020,2019,0,2020-03-31,INR,100110943800000
RBI:GOVT_LIAB_RN(1.0),N_A,AFY,LT12,2020,2019,0,2020-03-31,INR,5443940000000
RBI:GOVT_LIAB_RN(1.0),N_A,AFY,LT2,2020,2019,0,2020-03-31,INR,53507160000000
RBI:GOVT_LIAB_RN(1.0),N_A,AFY,LT3,2020,2019,0,2020-03-31,INR,145565970400000
RBI:GOVT_LIAB_RN(1.0),N_A,AFY,LT4,2020,2019,0,2020-03-31,INR,151009910400000
RBI:GOVT_LIAB_RN(1.0),N_A,AFY,LT1,2021,2020,0,2021-03-31,INR,124241794500000
RBI:GOVT_LIAB_RN(1.0),N_A,AFY,LT11,2021,2020,0,2021-03-31,INR,118093504500000
RBI:GOVT_LIAB_RN(1.0),N_A,AFY,LT12,2021,2020,0,2021-03-31,INR,6148290000000
RBI:GOVT_LIAB_RN(1.0),N_A,AFY,LT2,2021,2020,0,2021-03-31,INR,61550000000000
RBI:GOVT_LIAB_RN(1.0),N_A,AFY,LT3,2021,2020,0,2021-03-31,INR,171032744040899
RBI:GOVT_LIAB_RN(1.0),N_A,AFY,LT4,2021,2020,0,2021-03-31,INR,177181034040899
RBI:GOVT_LIAB_RN(1.0),N_A,AFY,LT1,2022,2021,0,2022-03-31,INR,139027630000000
RBI:GOVT_LIAB_RN(1.0),N_A,AFY,LT11,2022,2021,0,2022-03-31,INR,132444290000000
RBI:GOVT_LIAB_RN(1.0),N_A,AFY,LT12,2022,2021,0,2022-03-31,INR,6583340000000
RBI:GOVT_LIAB_RN(1.0),N_A,AFY,LT2,2022,2021,0,2022-03-31,INR,68761790000000
RBI:GOVT_LIAB_RN(1.0),N_A,AFY,LT3,2022,2021,0,2022-03-31,INR,192183139200000
RBI:GOVT_LIAB_RN(1.0),N_A,AFY,LT4,2022,2021,0,2022-03-31,INR,198766480000000
RBI:GOVT_LIAB_RN(1.0),N_A,AFY,LT1,2023,2022,0,2023-03-31,INR,156168548400000
RBI:GOVT_LIAB_RN(1.0),N_A,AFY,LT11,2023,2022,0,2023-03-31,INR,148683988300000
RBI:GOVT_LIAB_RN(1.0),N_A,AFY,LT12,2023,2022,0,2023-03-31,INR,7484558700000
RBI:GOVT_LIAB_RN(1.0),N_A,AFY,LT2,2023,2022,0,2023-03-31,INR,75926861833048.7
RBI:GOVT_LIAB_RN(1.0),N_A,AFY,LT3,2023,2022,0,2023-03-31,INR,215383936633049
RBI:GOVT_LIAB_RN(1.0),N_A,AFY,LT4,2023,2022,0,2023-03-31,INR,222868496733049
RBI:GOVT_LIAB_RN(1.0),N_A,AFY,LT1,2024,2023,0,2024-03-31,INR,173457769100000
RBI:GOVT_LIAB_RN(1.0),N_A,AFY,LT11,2024,2023,0,2024-03-31,INR,165496989100000
RBI:GOVT_LIAB_RN(1.0),N_A,AFY,LT12,2024,2023,0,2024-03-31,INR,7960780000000
RBI:GOVT_LIAB_RN(1.0),N_A,AFY,LT2,2024,2023,0,2024-03-31,INR,84661440000000
RBI:GOVT_LIAB_RN(1.0),N_A,AFY,LT3,2024,2023,0,2024-03-31,INR,239476186600000
RBI:GOVT_LIAB_RN(1.0),N_A,AFY,LT4,2024,2023,0,2024-03-31,INR,247436966600000
RBI:GOVT_LIAB_RN(1.0),N_A,AFY,LT1,2025,2024,0,2025-03-31,INR,185681572000000
RBI:GOVT_LIAB_RN(1.0),N_A,AFY,LT11,2025,2024,0,2025-03-31,INR,176938572000000
RBI:GOVT_LIAB_RN(1.0),N_A,AFY,LT12,2025,2024,0,2025-03-31,INR,8743000000000
RBI:GOVT_LIAB_RN(1.0),N_A,AFY,LT2,2025,2024,0,2025-03-31,INR,93862436000000
RBI:GOVT_LIAB_RN(1.0),N_A,AFY,LT3,2025,2024,0,2025-03-31,INR,259530129400000
RBI:GOVT_LIAB_RN(1.0),N_A,AFY,LT4,2025,2024,0,2025-03-31,INR,268273129400000
RBI:GOVT_LIAB_RN(1.0),N_A,AFY,LT1,2026,2025,0,2026-03-31,INR,200505109900000
RBI:GOVT_LIAB_RN(1.0),N_A,AFY,LT11,2026,2025,0,2026-03-31,INR,191527206100000
RBI:GOVT_LIAB_RN(1.0),N_A,AFY,LT12,2026,2025,0,2026-03-31,INR,8977903800000
RBI:GOVT_LIAB_RN(1.0),N_A,AFY,LT2,2026,2025,0,2026-03-31,INR,104279208000000
RBI:GOVT_LIAB_RN(1.0),N_A,AFY,LT3,2026,2025,0,2026-03-31,INR,283213263900000
RBI:GOVT_LIAB_RN(1.0),N_A,AFY,LT4,2026,2025,0,2026-03-31,INR,292191167700000
