DATAFLOW,AUDST,FREQ,REPYEAREND,REPYEARSTART,TYP_TAXES_RN,UNIT_MULT,TIME_PERIOD,UNIT_MEASURE,OBS_VALUE
RBI:TAX_REV_RN(1.0),N_A,AFY,2026,2025,GR3101,0,2026-03-31,INR,25200000000000
RBI:TAX_REV_RN(1.0),N_A,AFY,2026,2025,GR3201,0,2026-03-31,INR,3461371650000
RBI:TAX_REV_RN(1.0),N_A,AFY,2026,2025,GR31,0,2026-03-31,INR,42598530000000
RBI:TAX_REV_RN(1.0),N_A,AFY,2026,2025,GR32,0,2026-03-31,INR,25483160283000
RBI:TAX_REV_RN(1.0),N_A,AFY,2026,2025,GR3102,0,2026-03-31,INR,17398530000000
RBI:TAX_REV_RN(1.0),N_A,AFY,2026,2025,GR3202,0,2026-03-31,INR,22021788633000
RBI:TAX_REV_RN(1.0),N_A,AFY,2026,2025,GR3,0,2026-03-31,INR,68081690283000
RBI:TAX_REV_RN(1.0),N_A,AFY,2025,2024,GR3102,0,2025-03-31,INR,16068450100000
RBI:TAX_REV_RN(1.0),N_A,AFY,2025,2024,GR32,0,2025-03-31,INR,22362531547000
RBI:TAX_REV_RN(1.0),N_A,AFY,2025,2024,GR3201,0,2025-03-31,INR,2932345600000
RBI:TAX_REV_RN(1.0),N_A,AFY,2025,2024,GR3,0,2025-03-31,INR,60800981647000
RBI:TAX_REV_RN(1.0),N_A,AFY,2025,2024,GR3101,0,2025-03-31,INR,22370000000000
RBI:TAX_REV_RN(1.0),N_A,AFY,2025,2024,GR31,0,2025-03-31,INR,38438450100000
RBI:TAX_REV_RN(1.0),N_A,AFY,2025,2024,GR3202,0,2025-03-31,INR,19430185947000
RBI:TAX_REV_RN(1.0),N_A,AFY,2024,2023,GR3201,0,2024-03-31,INR,2776268232944
RBI:TAX_REV_RN(1.0),N_A,AFY,2024,2023,GR3,0,2024-03-31,INR,54078482438926
RBI:TAX_REV_RN(1.0),N_A,AFY,2024,2023,GR3202,0,2024-03-31,INR,16734771605982
RBI:TAX_REV_RN(1.0),N_A,AFY,2024,2023,GR3101,0,2024-03-31,INR,19562333200000
RBI:TAX_REV_RN(1.0),N_A,AFY,2024,2023,GR3102,0,2024-03-31,INR,15005109400000
RBI:TAX_REV_RN(1.0),N_A,AFY,2024,2023,GR32,0,2024-03-31,INR,19511039838926
RBI:TAX_REV_RN(1.0),N_A,AFY,2024,2023,GR31,0,2024-03-31,INR,34567442600000
RBI:TAX_REV_RN(1.0),N_A,AFY,2023,2022,GR3,0,2023-03-31,INR,48090436436907
RBI:TAX_REV_RN(1.0),N_A,AFY,2023,2022,GR31,0,2023-03-31,INR,30461916400000
RBI:TAX_REV_RN(1.0),N_A,AFY,2023,2022,GR3201,0,2023-03-31,INR,2797387490998
RBI:TAX_REV_RN(1.0),N_A,AFY,2023,2022,GR3101,0,2023-03-31,INR,16598114600000
RBI:TAX_REV_RN(1.0),N_A,AFY,2023,2022,GR3202,0,2023-03-31,INR,14831132545909
RBI:TAX_REV_RN(1.0),N_A,AFY,2023,2022,GR3102,0,2023-03-31,INR,13863801800000
RBI:TAX_REV_RN(1.0),N_A,AFY,2023,2022,GR32,0,2023-03-31,INR,17628520036907
RBI:TAX_REV_RN(1.0),N_A,AFY,2022,2021,GR31,0,2022-03-31,INR,27031850800000
RBI:TAX_REV_RN(1.0),N_A,AFY,2022,2021,GR3,0,2022-03-31,INR,41604137856823
RBI:TAX_REV_RN(1.0),N_A,AFY,2022,2021,GR3202,0,2022-03-31,INR,13348860736570
RBI:TAX_REV_RN(1.0),N_A,AFY,2022,2021,GR3201,0,2022-03-31,INR,1223426320253
RBI:TAX_REV_RN(1.0),N_A,AFY,2022,2021,GR3101,0,2022-03-31,INR,14082933600000
RBI:TAX_REV_RN(1.0),N_A,AFY,2022,2021,GR3102,0,2022-03-31,INR,12948917200000
RBI:TAX_REV_RN(1.0),N_A,AFY,2022,2021,GR32,0,2022-03-31,INR,14572287056823
RBI:TAX_REV_RN(1.0),N_A,AFY,2021,2020,GR3,0,2021-03-31,INR,31933900000000
RBI:TAX_REV_RN(1.0),N_A,AFY,2021,2020,GR3202,0,2021-03-31,INR,10021770000000
RBI:TAX_REV_RN(1.0),N_A,AFY,2021,2020,GR32,0,2021-03-31,INR,11721080000000
RBI:TAX_REV_RN(1.0),N_A,AFY,2021,2020,GR3101,0,2021-03-31,INR,9448750000000
RBI:TAX_REV_RN(1.0),N_A,AFY,2021,2020,GR3201,0,2021-03-31,INR,1699310000000
RBI:TAX_REV_RN(1.0),N_A,AFY,2021,2020,GR31,0,2021-03-31,INR,20212820000000
RBI:TAX_REV_RN(1.0),N_A,AFY,2021,2020,GR3102,0,2021-03-31,INR,10764070000000
RBI:TAX_REV_RN(1.0),N_A,AFY,2020,2019,GR3201,0,2020-03-31,INR,1666540934460.0002
RBI:TAX_REV_RN(1.0),N_A,AFY,2020,2019,GR3,0,2020-03-31,INR,32315817538250
RBI:TAX_REV_RN(1.0),N_A,AFY,2020,2019,GR32,0,2020-03-31,INR,12240024238250
RBI:TAX_REV_RN(1.0),N_A,AFY,2020,2019,GR3202,0,2020-03-31,INR,10573483303790
RBI:TAX_REV_RN(1.0),N_A,AFY,2020,2019,GR31,0,2020-03-31,INR,20075793300000
RBI:TAX_REV_RN(1.0),N_A,AFY,2020,2019,GR3102,0,2020-03-31,INR,9580302600000
RBI:TAX_REV_RN(1.0),N_A,AFY,2020,2019,GR3101,0,2020-03-31,INR,10495490700000
RBI:TAX_REV_RN(1.0),N_A,AFY,2019,2018,GR3,0,2019-03-31,INR,32789471686280
RBI:TAX_REV_RN(1.0),N_A,AFY,2019,2018,GR3201,0,2019-03-31,INR,1094677084470
RBI:TAX_REV_RN(1.0),N_A,AFY,2019,2018,GR3102,0,2019-03-31,INR,9420499300000
RBI:TAX_REV_RN(1.0),N_A,AFY,2019,2018,GR31,0,2019-03-31,INR,20786652700000
RBI:TAX_REV_RN(1.0),N_A,AFY,2019,2018,GR3101,0,2019-03-31,INR,11366153400000
RBI:TAX_REV_RN(1.0),N_A,AFY,2019,2018,GR32,0,2019-03-31,INR,12002818986280
RBI:TAX_REV_RN(1.0),N_A,AFY,2019,2018,GR3202,0,2019-03-31,INR,10908141901810
RBI:TAX_REV_RN(1.0),N_A,AFY,2018,2017,GR3101,0,2018-03-31,INR,10020370000000
RBI:TAX_REV_RN(1.0),N_A,AFY,2018,2017,GR31,0,2018-03-31,INR,19154935900000
RBI:TAX_REV_RN(1.0),N_A,AFY,2018,2017,GR32,0,2018-03-31,INR,10626403076229.998
RBI:TAX_REV_RN(1.0),N_A,AFY,2018,2017,GR3,0,2018-03-31,INR,29781340000000
RBI:TAX_REV_RN(1.0),N_A,AFY,2018,2017,GR3102,0,2018-03-31,INR,9134562600000
RBI:TAX_REV_RN(1.0),N_A,AFY,2018,2017,GR3202,0,2018-03-31,INR,9434882563910
RBI:TAX_REV_RN(1.0),N_A,AFY,2018,2017,GR3201,0,2018-03-31,INR,1191520512320
RBI:TAX_REV_RN(1.0),N_A,AFY,2017,2016,GR3,0,2017-03-31,INR,26221450200000
RBI:TAX_REV_RN(1.0),N_A,AFY,2017,2016,GR3201,0,2017-03-31,INR,1099140000000
RBI:TAX_REV_RN(1.0),N_A,AFY,2017,2016,GR3101,0,2017-03-31,INR,8497133800000
RBI:TAX_REV_RN(1.0),N_A,AFY,2017,2016,GR31,0,2017-03-31,INR,17158223799999.998
RBI:TAX_REV_RN(1.0),N_A,AFY,2017,2016,GR3102,0,2017-03-31,INR,8661090000000
RBI:TAX_REV_RN(1.0),N_A,AFY,2017,2016,GR3202,0,2017-03-31,INR,7964090000000
RBI:TAX_REV_RN(1.0),N_A,AFY,2017,2016,GR32,0,2017-03-31,INR,9063246400000
RBI:TAX_REV_RN(1.0),N_A,AFY,2016,2015,GR3,0,2016-03-31,INR,22971011500000
RBI:TAX_REV_RN(1.0),N_A,AFY,2016,2015,GR31,0,2016-03-31,INR,14499581100000.002
RBI:TAX_REV_RN(1.0),N_A,AFY,2016,2015,GR3201,0,2016-03-31,INR,881759299999.9999
RBI:TAX_REV_RN(1.0),N_A,AFY,2016,2015,GR3202,0,2016-03-31,INR,7589671100000
RBI:TAX_REV_RN(1.0),N_A,AFY,2016,2015,GR3101,0,2016-03-31,INR,7419447100000
RBI:TAX_REV_RN(1.0),N_A,AFY,2016,2015,GR3102,0,2016-03-31,INR,7080134000000
RBI:TAX_REV_RN(1.0),N_A,AFY,2016,2015,GR32,0,2016-03-31,INR,8471430400000
RBI:TAX_REV_RN(1.0),N_A,AFY,2015,2014,GR3102,0,2015-03-31,INR,5456797900000
RBI:TAX_REV_RN(1.0),N_A,AFY,2015,2014,GR3201,0,2015-03-31,INR,1076957000000
RBI:TAX_REV_RN(1.0),N_A,AFY,2015,2014,GR31,0,2015-03-31,INR,12414236500000
RBI:TAX_REV_RN(1.0),N_A,AFY,2015,2014,GR32,0,2015-03-31,INR,7793045500000
RBI:TAX_REV_RN(1.0),N_A,AFY,2015,2014,GR3202,0,2015-03-31,INR,6716088500000
RBI:TAX_REV_RN(1.0),N_A,AFY,2015,2014,GR3,0,2015-03-31,INR,20207282000000
RBI:TAX_REV_RN(1.0),N_A,AFY,2015,2014,GR3101,0,2015-03-31,INR,6957438600000
RBI:TAX_REV_RN(1.0),N_A,AFY,2014,2013,GR3,0,2014-03-31,INR,18465453700000
RBI:TAX_REV_RN(1.0),N_A,AFY,2014,2013,GR31,0,2014-03-31,INR,11340829300000
RBI:TAX_REV_RN(1.0),N_A,AFY,2014,2013,GR3102,0,2014-03-31,INR,4955411200000
RBI:TAX_REV_RN(1.0),N_A,AFY,2014,2013,GR3101,0,2014-03-31,INR,6385418100000.001
RBI:TAX_REV_RN(1.0),N_A,AFY,2014,2013,GR3201,0,2014-03-31,INR,882313100000
RBI:TAX_REV_RN(1.0),N_A,AFY,2014,2013,GR3202,0,2014-03-31,INR,6242311300000
RBI:TAX_REV_RN(1.0),N_A,AFY,2014,2013,GR32,0,2014-03-31,INR,7124624399999.999
RBI:TAX_REV_RN(1.0),N_A,AFY,2013,2012,GR32,0,2013-03-31,INR,6545339900000
RBI:TAX_REV_RN(1.0),N_A,AFY,2013,2012,GR3101,0,2013-03-31,INR,5586580500000
RBI:TAX_REV_RN(1.0),N_A,AFY,2013,2012,GR3202,0,2013-03-31,INR,5619655300000
RBI:TAX_REV_RN(1.0),N_A,AFY,2013,2012,GR3102,0,2013-03-31,INR,4747665600000
RBI:TAX_REV_RN(1.0),N_A,AFY,2013,2012,GR31,0,2013-03-31,INR,10334246100000
RBI:TAX_REV_RN(1.0),N_A,AFY,2013,2012,GR3201,0,2013-03-31,INR,925684600000.0001
RBI:TAX_REV_RN(1.0),N_A,AFY,2013,2012,GR3,0,2013-03-31,INR,16879586000000
RBI:TAX_REV_RN(1.0),N_A,AFY,2012,2011,GR3102,0,2012-03-31,INR,3912315000000
RBI:TAX_REV_RN(1.0),N_A,AFY,2012,2011,GR3,0,2012-03-31,INR,14427516900000
RBI:TAX_REV_RN(1.0),N_A,AFY,2012,2011,GR32,0,2012-03-31,INR,5575732500000
RBI:TAX_REV_RN(1.0),N_A,AFY,2012,2011,GR31,0,2012-03-31,INR,8851784400000
RBI:TAX_REV_RN(1.0),N_A,AFY,2012,2011,GR3201,0,2012-03-31,INR,772992700000
RBI:TAX_REV_RN(1.0),N_A,AFY,2012,2011,GR3101,0,2012-03-31,INR,4939469400000
RBI:TAX_REV_RN(1.0),N_A,AFY,2012,2011,GR3202,0,2012-03-31,INR,4802739800000
RBI:TAX_REV_RN(1.0),N_A,AFY,2011,2010,GR3201,0,2011-03-31,INR,627250000000
RBI:TAX_REV_RN(1.0),N_A,AFY,2011,2010,GR3101,0,2011-03-31,INR,4459940000000
RBI:TAX_REV_RN(1.0),N_A,AFY,2011,2010,GR31,0,2011-03-31,INR,7891720000000
RBI:TAX_REV_RN(1.0),N_A,AFY,2011,2010,GR3,0,2011-03-31,INR,12500668700000.002
RBI:TAX_REV_RN(1.0),N_A,AFY,2011,2010,GR3202,0,2011-03-31,INR,3981698700000
RBI:TAX_REV_RN(1.0),N_A,AFY,2011,2010,GR32,0,2011-03-31,INR,4608948700000
RBI:TAX_REV_RN(1.0),N_A,AFY,2011,2010,GR3102,0,2011-03-31,INR,3431780000000
RBI:TAX_REV_RN(1.0),N_A,AFY,2010,2009,GR3102,0,2010-03-31,INR,2438810000000
RBI:TAX_REV_RN(1.0),N_A,AFY,2010,2009,GR3201,0,2010-03-31,INR,473870000000
RBI:TAX_REV_RN(1.0),N_A,AFY,2010,2009,GR31,0,2010-03-31,INR,6213680000000
RBI:TAX_REV_RN(1.0),N_A,AFY,2010,2009,GR3101,0,2010-03-31,INR,3774870000000
RBI:TAX_REV_RN(1.0),N_A,AFY,2010,2009,GR3202,0,2010-03-31,INR,3158560000000
RBI:TAX_REV_RN(1.0),N_A,AFY,2010,2009,GR3,0,2010-03-31,INR,9846110000000
RBI:TAX_REV_RN(1.0),N_A,AFY,2010,2009,GR32,0,2010-03-31,INR,3632430000000
RBI:TAX_REV_RN(1.0),N_A,AFY,2009,2008,GR32,0,2009-03-31,INR,3228050000000
RBI:TAX_REV_RN(1.0),N_A,AFY,2009,2008,GR3102,0,2009-03-31,INR,2696450000000
RBI:TAX_REV_RN(1.0),N_A,AFY,2009,2008,GR3202,0,2009-03-31,INR,2786730000000
RBI:TAX_REV_RN(1.0),N_A,AFY,2009,2008,GR31,0,2009-03-31,INR,6034990000000
RBI:TAX_REV_RN(1.0),N_A,AFY,2009,2008,GR3101,0,2009-03-31,INR,3338540000000
RBI:TAX_REV_RN(1.0),N_A,AFY,2009,2008,GR3,0,2009-03-31,INR,9263040000000
RBI:TAX_REV_RN(1.0),N_A,AFY,2009,2008,GR3201,0,2009-03-31,INR,441320000000
RBI:TAX_REV_RN(1.0),N_A,AFY,2008,2007,GR31,0,2008-03-31,INR,5913470000000
RBI:TAX_REV_RN(1.0),N_A,AFY,2008,2007,GR3,0,2008-03-31,INR,8774960000000
RBI:TAX_REV_RN(1.0),N_A,AFY,2008,2007,GR32,0,2008-03-31,INR,2861490000000
RBI:TAX_REV_RN(1.0),N_A,AFY,2008,2007,GR3102,0,2008-03-31,INR,2791040000000
RBI:TAX_REV_RN(1.0),N_A,AFY,2008,2007,GR3202,0,2008-03-31,INR,2427030000000
RBI:TAX_REV_RN(1.0),N_A,AFY,2008,2007,GR3101,0,2008-03-31,INR,3122430000000
RBI:TAX_REV_RN(1.0),N_A,AFY,2008,2007,GR3201,0,2008-03-31,INR,434460000000
RBI:TAX_REV_RN(1.0),N_A,AFY,2007,2006,GR3202,0,2007-03-31,INR,2136824600000
RBI:TAX_REV_RN(1.0),N_A,AFY,2007,2006,GR32,0,2007-03-31,INR,2525110000000
RBI:TAX_REV_RN(1.0),N_A,AFY,2007,2006,GR3101,0,2007-03-31,INR,2302490000000
RBI:TAX_REV_RN(1.0),N_A,AFY,2007,2006,GR3,0,2007-03-31,INR,7240230000000
RBI:TAX_REV_RN(1.0),N_A,AFY,2007,2006,GR3201,0,2007-03-31,INR,388285400000
RBI:TAX_REV_RN(1.0),N_A,AFY,2007,2006,GR3102,0,2007-03-31,INR,2412630000000
RBI:TAX_REV_RN(1.0),N_A,AFY,2007,2006,GR31,0,2007-03-31,INR,4715120000000
RBI:TAX_REV_RN(1.0),N_A,AFY,2006,2005,GR32,0,2006-03-31,INR,2119470000000
RBI:TAX_REV_RN(1.0),N_A,AFY,2006,2005,GR3,0,2006-03-31,INR,5765940000000
RBI:TAX_REV_RN(1.0),N_A,AFY,2006,2005,GR3102,0,2006-03-31,INR,1993980000000
RBI:TAX_REV_RN(1.0),N_A,AFY,2006,2005,GR3201,0,2006-03-31,INR,301790100000
RBI:TAX_REV_RN(1.0),N_A,AFY,2006,2005,GR3202,0,2006-03-31,INR,1817679900000
RBI:TAX_REV_RN(1.0),N_A,AFY,2006,2005,GR31,0,2006-03-31,INR,3646470000000
RBI:TAX_REV_RN(1.0),N_A,AFY,2006,2005,GR3101,0,2006-03-31,INR,1652490000000
RBI:TAX_REV_RN(1.0),N_A,AFY,2005,2004,GR3102,0,2005-03-31,INR,1705460000000
RBI:TAX_REV_RN(1.0),N_A,AFY,2005,2004,GR3201,0,2005-03-31,INR,239810500000
RBI:TAX_REV_RN(1.0),N_A,AFY,2005,2004,GR3,0,2005-03-31,INR,4853750000000
RBI:TAX_REV_RN(1.0),N_A,AFY,2005,2004,GR31,0,2005-03-31,INR,3033930000000
RBI:TAX_REV_RN(1.0),N_A,AFY,2005,2004,GR32,0,2005-03-31,INR,1819820000000
RBI:TAX_REV_RN(1.0),N_A,AFY,2005,2004,GR3202,0,2005-03-31,INR,1580009500000
RBI:TAX_REV_RN(1.0),N_A,AFY,2005,2004,GR3101,0,2005-03-31,INR,1328470000000
RBI:TAX_REV_RN(1.0),N_A,AFY,2004,2003,GR32,0,2004-03-31,INR,1553510000000
RBI:TAX_REV_RN(1.0),N_A,AFY,2004,2003,GR31,0,2004-03-31,INR,2527480000000
RBI:TAX_REV_RN(1.0),N_A,AFY,2004,2003,GR3202,0,2004-03-31,INR,1351379300000
RBI:TAX_REV_RN(1.0),N_A,AFY,2004,2003,GR3201,0,2004-03-31,INR,202130700000
RBI:TAX_REV_RN(1.0),N_A,AFY,2004,2003,GR3101,0,2004-03-31,INR,1050900000000
RBI:TAX_REV_RN(1.0),N_A,AFY,2004,2003,GR3,0,2004-03-31,INR,4080990000000
RBI:TAX_REV_RN(1.0),N_A,AFY,2004,2003,GR3102,0,2004-03-31,INR,1476580000000
RBI:TAX_REV_RN(1.0),N_A,AFY,2003,2002,GR3101,0,2003-03-31,INR,830850000000
RBI:TAX_REV_RN(1.0),N_A,AFY,2003,2002,GR3,0,2003-03-31,INR,3520180000000
RBI:TAX_REV_RN(1.0),N_A,AFY,2003,2002,GR31,0,2003-03-31,INR,2146660000000
RBI:TAX_REV_RN(1.0),N_A,AFY,2003,2002,GR32,0,2003-03-31,INR,1373520000000
RBI:TAX_REV_RN(1.0),N_A,AFY,2003,2002,GR3201,0,2003-03-31,INR,172168600000
RBI:TAX_REV_RN(1.0),N_A,AFY,2003,2002,GR3202,0,2003-03-31,INR,1201351400000
RBI:TAX_REV_RN(1.0),N_A,AFY,2003,2002,GR3102,0,2003-03-31,INR,1315810000000
RBI:TAX_REV_RN(1.0),N_A,AFY,2002,2001,GR3201,0,2002-03-31,INR,156789100000
RBI:TAX_REV_RN(1.0),N_A,AFY,2002,2001,GR3,0,2002-03-31,INR,3089470000000
RBI:TAX_REV_RN(1.0),N_A,AFY,2002,2001,GR32,0,2002-03-31,INR,1225730000000
RBI:TAX_REV_RN(1.0),N_A,AFY,2002,2001,GR3202,0,2002-03-31,INR,1068940900000
RBI:TAX_REV_RN(1.0),N_A,AFY,2002,2001,GR3101,0,2002-03-31,INR,691970000000
RBI:TAX_REV_RN(1.0),N_A,AFY,2002,2001,GR3102,0,2002-03-31,INR,1171770000000
RBI:TAX_REV_RN(1.0),N_A,AFY,2002,2001,GR31,0,2002-03-31,INR,1863740000000
RBI:TAX_REV_RN(1.0),N_A,AFY,2001,2000,GR31,0,2001-03-31,INR,1883460000000
RBI:TAX_REV_RN(1.0),N_A,AFY,2001,2000,GR3102,0,2001-03-31,INR,1200400000000
RBI:TAX_REV_RN(1.0),N_A,AFY,2001,2000,GR3202,0,2001-03-31,INR,997692200000
RBI:TAX_REV_RN(1.0),N_A,AFY,2001,2000,GR3201,0,2001-03-31,INR,128567800000
RBI:TAX_REV_RN(1.0),N_A,AFY,2001,2000,GR32,0,2001-03-31,INR,1126260000000
RBI:TAX_REV_RN(1.0),N_A,AFY,2001,2000,GR3,0,2001-03-31,INR,3009720000000
RBI:TAX_REV_RN(1.0),N_A,AFY,2001,2000,GR3101,0,2001-03-31,INR,683060000000
RBI:TAX_REV_RN(1.0),N_A,AFY,2000,1999,GR32,0,2000-03-31,INR,997920000000
RBI:TAX_REV_RN(1.0),N_A,AFY,2000,1999,GR3201,0,2000-03-31,INR,129790000000
RBI:TAX_REV_RN(1.0),N_A,AFY,2000,1999,GR3202,0,2000-03-31,INR,868130000000
RBI:TAX_REV_RN(1.0),N_A,AFY,2000,1999,GR3102,0,2000-03-31,INR,1137940000000
RBI:TAX_REV_RN(1.0),N_A,AFY,2000,1999,GR3101,0,2000-03-31,INR,579580000000
RBI:TAX_REV_RN(1.0),N_A,AFY,2000,1999,GR31,0,2000-03-31,INR,1717520000000
RBI:TAX_REV_RN(1.0),N_A,AFY,2000,1999,GR3,0,2000-03-31,INR,2715440000000
RBI:TAX_REV_RN(1.0),N_A,AFY,1999,1998,GR3,0,1999-03-31,INR,2299710000000
RBI:TAX_REV_RN(1.0),N_A,AFY,1999,1998,GR32,0,1999-03-31,INR,861830000000
RBI:TAX_REV_RN(1.0),N_A,AFY,1999,1998,GR3202,0,1999-03-31,INR,755300000000
RBI:TAX_REV_RN(1.0),N_A,AFY,1999,1998,GR3201,0,1999-03-31,INR,106530000000
RBI:TAX_REV_RN(1.0),N_A,AFY,1999,1998,GR3102,0,1999-03-31,INR,971970000000
RBI:TAX_REV_RN(1.0),N_A,AFY,1999,1998,GR3101,0,1999-03-31,INR,465910000000
RBI:TAX_REV_RN(1.0),N_A,AFY,1999,1998,GR31,0,1999-03-31,INR,1437880000000
RBI:TAX_REV_RN(1.0),N_A,AFY,1998,1997,GR32,0,1998-03-31,INR,751520000000
RBI:TAX_REV_RN(1.0),N_A,AFY,1998,1997,GR31,0,1998-03-31,INR,1392200000000
RBI:TAX_REV_RN(1.0),N_A,AFY,1998,1997,GR3101,0,1998-03-31,INR,482740000000
RBI:TAX_REV_RN(1.0),N_A,AFY,1998,1997,GR3201,0,1998-03-31,INR,63520000000
RBI:TAX_REV_RN(1.0),N_A,AFY,1998,1997,GR3102,0,1998-03-31,INR,909460000000
RBI:TAX_REV_RN(1.0),N_A,AFY,1998,1997,GR3,0,1998-03-31,INR,2143720000000
RBI:TAX_REV_RN(1.0),N_A,AFY,1998,1997,GR3202,0,1998-03-31,INR,688000000000
RBI:TAX_REV_RN(1.0),N_A,AFY,1997,1996,GR3201,0,1997-03-31,INR,82880000000
RBI:TAX_REV_RN(1.0),N_A,AFY,1997,1996,GR3101,0,1997-03-31,INR,388910000000
RBI:TAX_REV_RN(1.0),N_A,AFY,1997,1996,GR31,0,1997-03-31,INR,1287620000000
RBI:TAX_REV_RN(1.0),N_A,AFY,1997,1996,GR3,0,1997-03-31,INR,1973050000000
RBI:TAX_REV_RN(1.0),N_A,AFY,1997,1996,GR3202,0,1997-03-31,INR,602550000000
RBI:TAX_REV_RN(1.0),N_A,AFY,1997,1996,GR32,0,1997-03-31,INR,685430000000
RBI:TAX_REV_RN(1.0),N_A,AFY,1997,1996,GR3102,0,1997-03-31,INR,898710000000
RBI:TAX_REV_RN(1.0),N_A,AFY,1996,1995,GR3102,0,1996-03-31,INR,776610000000
RBI:TAX_REV_RN(1.0),N_A,AFY,1996,1995,GR3101,0,1996-03-31,INR,335630000000
RBI:TAX_REV_RN(1.0),N_A,AFY,1996,1995,GR31,0,1996-03-31,INR,1112240000000
RBI:TAX_REV_RN(1.0),N_A,AFY,1996,1995,GR3,0,1996-03-31,INR,1727400000000
RBI:TAX_REV_RN(1.0),N_A,AFY,1996,1995,GR3202,0,1996-03-31,INR,536030000000
RBI:TAX_REV_RN(1.0),N_A,AFY,1996,1995,GR3201,0,1996-03-31,INR,79130000000
RBI:TAX_REV_RN(1.0),N_A,AFY,1996,1995,GR32,0,1996-03-31,INR,615160000000
RBI:TAX_REV_RN(1.0),N_A,AFY,1995,1994,GR3102,0,1995-03-31,INR,653280000000
RBI:TAX_REV_RN(1.0),N_A,AFY,1995,1994,GR3201,0,1995-03-31,INR,69020000000
RBI:TAX_REV_RN(1.0),N_A,AFY,1995,1994,GR3202,0,1995-03-31,INR,470900000000
RBI:TAX_REV_RN(1.0),N_A,AFY,1995,1994,GR31,0,1995-03-31,INR,922940000000
RBI:TAX_REV_RN(1.0),N_A,AFY,1995,1994,GR3101,0,1995-03-31,INR,269660000000
RBI:TAX_REV_RN(1.0),N_A,AFY,1995,1994,GR3,0,1995-03-31,INR,1462860000000
RBI:TAX_REV_RN(1.0),N_A,AFY,1995,1994,GR32,0,1995-03-31,INR,539920000000
RBI:TAX_REV_RN(1.0),N_A,AFY,1994,1993,GR31,0,1994-03-31,INR,757430000000
RBI:TAX_REV_RN(1.0),N_A,AFY,1994,1993,GR3201,0,1994-03-31,INR,50120000000
RBI:TAX_REV_RN(1.0),N_A,AFY,1994,1993,GR3101,0,1994-03-31,INR,202980000000
RBI:TAX_REV_RN(1.0),N_A,AFY,1994,1993,GR3,0,1994-03-31,INR,1217700000000
RBI:TAX_REV_RN(1.0),N_A,AFY,1994,1993,GR3202,0,1994-03-31,INR,410150000000
RBI:TAX_REV_RN(1.0),N_A,AFY,1994,1993,GR32,0,1994-03-31,INR,460270000000
RBI:TAX_REV_RN(1.0),N_A,AFY,1994,1993,GR3102,0,1994-03-31,INR,554450000000
RBI:TAX_REV_RN(1.0),N_A,AFY,1993,1992,GR3102,0,1993-03-31,INR,565050000000
RBI:TAX_REV_RN(1.0),N_A,AFY,1993,1992,GR3202,0,1993-03-31,INR,355730000000
RBI:TAX_REV_RN(1.0),N_A,AFY,1993,1992,GR3,0,1993-03-31,INR,1145620000000
RBI:TAX_REV_RN(1.0),N_A,AFY,1993,1992,GR3101,0,1993-03-31,INR,181310000000
RBI:TAX_REV_RN(1.0),N_A,AFY,1993,1992,GR32,0,1993-03-31,INR,399260000000
RBI:TAX_REV_RN(1.0),N_A,AFY,1993,1992,GR31,0,1993-03-31,INR,746360000000
RBI:TAX_REV_RN(1.0),N_A,AFY,1993,1992,GR3201,0,1993-03-31,INR,43530000000
RBI:TAX_REV_RN(1.0),N_A,AFY,1992,1991,GR3201,0,1992-03-31,INR,38400000000
RBI:TAX_REV_RN(1.0),N_A,AFY,1992,1991,GR32,0,1992-03-31,INR,354080000000
RBI:TAX_REV_RN(1.0),N_A,AFY,1992,1991,GR3102,0,1992-03-31,INR,521540000000
RBI:TAX_REV_RN(1.0),N_A,AFY,1992,1991,GR3202,0,1992-03-31,INR,315680000000
RBI:TAX_REV_RN(1.0),N_A,AFY,1992,1991,GR31,0,1992-03-31,INR,673610000000
RBI:TAX_REV_RN(1.0),N_A,AFY,1992,1991,GR3,0,1992-03-31,INR,1027690000000
RBI:TAX_REV_RN(1.0),N_A,AFY,1992,1991,GR3101,0,1992-03-31,INR,152070000000
RBI:TAX_REV_RN(1.0),N_A,AFY,1991,1990,GR3,0,1991-03-31,INR,876270000000
RBI:TAX_REV_RN(1.0),N_A,AFY,1991,1990,GR3201,0,1991-03-31,INR,32430000000
RBI:TAX_REV_RN(1.0),N_A,AFY,1991,1990,GR3102,0,1991-03-31,INR,465520000000
RBI:TAX_REV_RN(1.0),N_A,AFY,1991,1990,GR32,0,1991-03-31,INR,300510000000
RBI:TAX_REV_RN(1.0),N_A,AFY,1991,1990,GR3101,0,1991-03-31,INR,110240000000
RBI:TAX_REV_RN(1.0),N_A,AFY,1991,1990,GR31,0,1991-03-31,INR,575760000000
RBI:TAX_REV_RN(1.0),N_A,AFY,1991,1990,GR3202,0,1991-03-31,INR,268080000000
RBI:TAX_REV_RN(1.0),N_A,AFY,1990,1989,GR32,0,1990-03-31,INR,258610000000
RBI:TAX_REV_RN(1.0),N_A,AFY,1990,1989,GR3102,0,1990-03-31,INR,416310000000
RBI:TAX_REV_RN(1.0),N_A,AFY,1990,1989,GR3201,0,1990-03-31,INR,30230000000
RBI:TAX_REV_RN(1.0),N_A,AFY,1990,1989,GR31,0,1990-03-31,INR,516360000000
RBI:TAX_REV_RN(1.0),N_A,AFY,1990,1989,GR3,0,1990-03-31,INR,774970000000
RBI:TAX_REV_RN(1.0),N_A,AFY,1990,1989,GR3202,0,1990-03-31,INR,228380000000
RBI:TAX_REV_RN(1.0),N_A,AFY,1990,1989,GR3101,0,1990-03-31,INR,100050000000
RBI:TAX_REV_RN(1.0),N_A,AFY,1989,1988,GR31,0,1989-03-31,INR,444740000000
RBI:TAX_REV_RN(1.0),N_A,AFY,1989,1988,GR32,0,1989-03-31,INR,224680000000
RBI:TAX_REV_RN(1.0),N_A,AFY,1989,1988,GR3202,0,1989-03-31,INR,200280000000
RBI:TAX_REV_RN(1.0),N_A,AFY,1989,1988,GR3201,0,1989-03-31,INR,24400000000
RBI:TAX_REV_RN(1.0),N_A,AFY,1989,1988,GR3101,0,1989-03-31,INR,88250000000
RBI:TAX_REV_RN(1.0),N_A,AFY,1989,1988,GR3102,0,1989-03-31,INR,356490000000
RBI:TAX_REV_RN(1.0),N_A,AFY,1989,1988,GR3,0,1989-03-31,INR,669420000000
RBI:TAX_REV_RN(1.0),N_A,AFY,1988,1987,GR3101,0,1988-03-31,INR,67480000000
RBI:TAX_REV_RN(1.0),N_A,AFY,1988,1987,GR3202,0,1988-03-31,INR,174670000000
RBI:TAX_REV_RN(1.0),N_A,AFY,1988,1987,GR3102,0,1988-03-31,INR,309180000000
RBI:TAX_REV_RN(1.0),N_A,AFY,1988,1987,GR3201,0,1988-03-31,INR,19170000000
RBI:TAX_REV_RN(1.0),N_A,AFY,1988,1987,GR32,0,1988-03-31,INR,193840000000
RBI:TAX_REV_RN(1.0),N_A,AFY,1988,1987,GR3,0,1988-03-31,INR,570500000000
RBI:TAX_REV_RN(1.0),N_A,AFY,1988,1987,GR31,0,1988-03-31,INR,376660000000
RBI:TAX_REV_RN(1.0),N_A,AFY,1987,1986,GR3101,0,1987-03-31,INR,62360000000
RBI:TAX_REV_RN(1.0),N_A,AFY,1987,1986,GR31,0,1987-03-31,INR,328380000000
RBI:TAX_REV_RN(1.0),N_A,AFY,1987,1986,GR3102,0,1987-03-31,INR,266020000000
RBI:TAX_REV_RN(1.0),N_A,AFY,1987,1986,GR3201,0,1987-03-31,INR,16860000000
RBI:TAX_REV_RN(1.0),N_A,AFY,1987,1986,GR32,0,1987-03-31,INR,166200000000
RBI:TAX_REV_RN(1.0),N_A,AFY,1987,1986,GR3202,0,1987-03-31,INR,149340000000
RBI:TAX_REV_RN(1.0),N_A,AFY,1987,1986,GR3,0,1987-03-31,INR,494580000000
RBI:TAX_REV_RN(1.0),N_A,AFY,1986,1985,GR3102,0,1986-03-31,INR,231070000000
RBI:TAX_REV_RN(1.0),N_A,AFY,1986,1985,GR32,0,1986-03-31,INR,143200000000
RBI:TAX_REV_RN(1.0),N_A,AFY,1986,1985,GR3,0,1986-03-31,INR,429900000000
RBI:TAX_REV_RN(1.0),N_A,AFY,1986,1985,GR3201,0,1986-03-31,INR,14010000000
RBI:TAX_REV_RN(1.0),N_A,AFY,1986,1985,GR31,0,1986-03-31,INR,286700000000
RBI:TAX_REV_RN(1.0),N_A,AFY,1986,1985,GR3202,0,1986-03-31,INR,129190000000
RBI:TAX_REV_RN(1.0),N_A,AFY,1986,1985,GR3101,0,1986-03-31,INR,55630000000
