DATAFLOW,AUDST,DAILY_AVG_TO_RN,FREQ,RANGE_RT_RN,REPYEAREND,REPYEARSTART,UNIT_MULT,TIME_PERIOD,UNIT_MEASURE,OBS_VALUE
RBI:INT_RATE_RN(1.0),N_A,STATE_GOVT_SEC,A,N_A,2025,2024,0,2025-03-31,PT,7.166666666666667
RBI:INT_RATE_RN(1.0),N_A,CGOVT_SEC,A,N_A,2025,2024,0,2025-03-31,PT,6.97
RBI:INT_RATE_RN(1.0),N_A,CGOVT_SEC,A,N_A,2024,2023,0,2024-03-31,PT,7.233333333333334
RBI:INT_RATE_RN(1.0),N_A,STATE_GOVT_SEC,A,N_A,2024,2023,0,2024-03-31,PT,7.496666666666666
RBI:INT_RATE_RN(1.0),N_A,CGOVT_SEC,A,N_A,2023,2022,0,2023-03-31,PT,6.81
RBI:INT_RATE_RN(1.0),N_A,STATE_GOVT_SEC,A,N_A,2023,2022,0,2023-03-31,PT,7.580000000000001
RBI:INT_RATE_RN(1.0),N_A,CGOVT_SEC,A,N_A,2022,2021,0,2022-03-31,PT,5.920000000000001
RBI:INT_RATE_RN(1.0),N_A,STATE_GOVT_SEC,A,N_A,2022,2021,0,2022-03-31,PT,6.383333333333334
RBI:INT_RATE_RN(1.0),N_A,STATE_GOVT_SEC,A,N_A,2021,2020,0,2021-03-31,PT,6.553333333333334
RBI:INT_RATE_RN(1.0),N_A,CGOVT_SEC,A,N_A,2021,2020,0,2021-03-31,PT,5.593333333333334
RBI:INT_RATE_RN(1.0),N_A,CGOVT_SEC,A,N_A,2020,2019,0,2020-03-31,PT,6.7346
RBI:INT_RATE_RN(1.0),N_A,STATE_GOVT_SEC,A,N_A,2020,2019,0,2020-03-31,PT,7.082233333333334
RBI:INT_RATE_RN(1.0),N_A,CGOVT_SEC,A,N_A,2019,2018,0,2019-03-31,PT,7.59
RBI:INT_RATE_RN(1.0),N_A,STATE_GOVT_SEC,A,N_A,2019,2018,0,2019-03-31,PT,8.103333333333333
RBI:INT_RATE_RN(1.0),N_A,STATE_GOVT_SEC,A,N_A,2018,2017,0,2018-03-31,PT,7.6433333333333335
RBI:INT_RATE_RN(1.0),N_A,CGOVT_SEC,A,N_A,2018,2017,0,2018-03-31,PT,7.02
RBI:INT_RATE_RN(1.0),N_A,STATE_GOVT_SEC,A,N_A,2017,2016,0,2017-03-31,PT,7.396666666666667
RBI:INT_RATE_RN(1.0),N_A,CGOVT_SEC,A,N_A,2017,2016,0,2017-03-31,PT,7.053333333333334
RBI:INT_RATE_RN(1.0),N_A,CGOVT_SEC,A,N_A,2016,2015,0,2016-03-31,PT,7.8999999999999995
RBI:INT_RATE_RN(1.0),N_A,STATE_GOVT_SEC,A,N_A,2016,2015,0,2016-03-31,PT,8.37
RBI:INT_RATE_RN(1.0),N_A,STATE_GOVT_SEC,A,N_A,2015,2014,0,2015-03-31,PT,8.746666666666668
RBI:INT_RATE_RN(1.0),N_A,CGOVT_SEC,A,N_A,2015,2014,0,2015-03-31,PT,8.526666666666666
RBI:INT_RATE_RN(1.0),N_A,CGOVT_SEC,A,N_A,2014,2013,0,2014-03-31,PT,8.336666666666668
RBI:INT_RATE_RN(1.0),N_A,STATE_GOVT_SEC,A,N_A,2014,2013,0,2014-03-31,PT,8.896666666666667
RBI:INT_RATE_RN(1.0),N_A,CGOVT_SEC,A,N_A,2013,2012,0,2013-03-31,PT,8.346666666666666
RBI:INT_RATE_RN(1.0),N_A,STATE_GOVT_SEC,A,N_A,2013,2012,0,2013-03-31,PT,8.856666666666667
RBI:INT_RATE_RN(1.0),N_A,CGOVT_SEC,A,N_A,2012,2011,0,2012-03-31,PT,8.776666666666667
RBI:INT_RATE_RN(1.0),N_A,STATE_GOVT_SEC,A,N_A,2012,2011,0,2012-03-31,PT,8.88
RBI:INT_RATE_RN(1.0),N_A,STATE_GOVT_SEC,A,N_A,2011,2010,0,2011-03-31,PT,8.340000000000002
RBI:INT_RATE_RN(1.0),N_A,CGOVT_SEC,A,N_A,2011,2010,0,2011-03-31,PT,7.523333333333333
RBI:INT_RATE_RN(1.0),N_A,STATE_GOVT_SEC,A,N_A,2010,2009,0,2010-03-31,PT,7.91
RBI:INT_RATE_RN(1.0),N_A,CGOVT_SEC,A,N_A,2010,2009,0,2010-03-31,PT,7.243333333333333
RBI:INT_RATE_RN(1.0),N_A,CGOVT_SEC,A,N_A,2009,2008,0,2009-03-31,PT,8.063333333333334
RBI:INT_RATE_RN(1.0),N_A,STATE_GOVT_SEC,A,N_A,2009,2008,0,2009-03-31,PT,7.8566666666666665
RBI:INT_RATE_RN(1.0),N_A,CGOVT_SEC,A,N_A,2008,2007,0,2008-03-31,PT,8.103333333333333
RBI:INT_RATE_RN(1.0),N_A,STATE_GOVT_SEC,A,N_A,2008,2007,0,2008-03-31,PT,8.33
RBI:INT_RATE_RN(1.0),N_A,STATE_GOVT_SEC,A,N_A,2007,2006,0,2007-03-31,PT,8.136666666666668
RBI:INT_RATE_RN(1.0),N_A,CGOVT_SEC,A,N_A,2007,2006,0,2007-03-31,PT,7.8999999999999995
RBI:INT_RATE_RN(1.0),N_A,CGOVT_SEC,A,N_A,2006,2005,0,2006-03-31,PT,7.276666666666666
RBI:INT_RATE_RN(1.0),N_A,STATE_GOVT_SEC,A,N_A,2006,2005,0,2006-03-31,PT,7.6000000000000005
RBI:INT_RATE_RN(1.0),N_A,CGOVT_SEC,A,N_A,2005,2004,0,2005-03-31,PT,6.280000000000001
RBI:INT_RATE_RN(1.0),N_A,STATE_GOVT_SEC,A,N_A,2005,2004,0,2005-03-31,PT,6.47
RBI:INT_RATE_RN(1.0),N_A,CGOVT_SEC,A,N_A,2004,2003,0,2004-03-31,PT,5.56
RBI:INT_RATE_RN(1.0),N_A,STATE_GOVT_SEC,A,N_A,2004,2003,0,2004-03-31,PT,6.103333333333334
RBI:INT_RATE_RN(1.0),N_A,CGOVT_SEC,A,N_A,2003,2002,0,2003-03-31,PT,7.510000000000001
RBI:INT_RATE_RN(1.0),N_A,STATE_GOVT_SEC,A,N_A,2003,2002,0,2003-03-31,PT,7.363333333333333
RBI:INT_RATE_RN(1.0),N_A,CGOVT_SEC,A,N_A,2002,2001,0,2002-03-31,PT,9.14
RBI:INT_RATE_RN(1.0),N_A,STATE_GOVT_SEC,A,N_A,2002,2001,0,2002-03-31,PT,9.176666666666668
RBI:INT_RATE_RN(1.0),N_A,STATE_GOVT_SEC,A,N_A,2001,2000,0,2001-03-31,PT,11.163333333333334
RBI:INT_RATE_RN(1.0),N_A,CGOVT_SEC,A,N_A,2001,2000,0,2001-03-31,PT,10.706666666666669
RBI:INT_RATE_RN(1.0),N_A,CGOVT_SEC,A,N_A,2000,1999,0,2000-03-31,PT,11.65
RBI:INT_RATE_RN(1.0),N_A,STATE_GOVT_SEC,A,N_A,2000,1999,0,2000-03-31,PT,11.713333333333333
RBI:INT_RATE_RN(1.0),N_A,CGOVT_SEC,A,N_A,1999,1998,0,1999-03-31,PT,11.853333333333333
RBI:INT_RATE_RN(1.0),N_A,STATE_GOVT_SEC,A,N_A,1999,1998,0,1999-03-31,PT,12.333333333333334
RBI:INT_RATE_RN(1.0),N_A,STATE_GOVT_SEC,A,N_A,1998,1997,0,1998-03-31,PT,12.723333333333334
RBI:INT_RATE_RN(1.0),N_A,CGOVT_SEC,A,N_A,1998,1997,0,1998-03-31,PT,11.969999999999999
RBI:INT_RATE_RN(1.0),N_A,STATE_GOVT_SEC,A,N_A,1997,1996,0,1997-03-31,PT,13.806666666666667
RBI:INT_RATE_RN(1.0),N_A,CGOVT_SEC,A,N_A,1997,1996,0,1997-03-31,PT,13.646666666666667
RBI:INT_RATE_RN(1.0),N_A,CGOVT_SEC,A,N_A,1996,1995,0,1996-03-31,PT,13.666666666666666
RBI:INT_RATE_RN(1.0),N_A,STATE_GOVT_SEC,A,N_A,1996,1995,0,1996-03-31,PT,14.0
RBI:INT_RATE_RN(1.0),N_A,STATE_GOVT_SEC,A,N_A,1995,1994,0,1995-03-31,PT,12.5
RBI:INT_RATE_RN(1.0),N_A,CGOVT_SEC,A,N_A,1995,1994,0,1995-03-31,PT,11.87
RBI:INT_RATE_RN(1.0),N_A,STATE_GOVT_SEC,A,N_A,1994,1993,0,1994-03-31,PT,13.5
RBI:INT_RATE_RN(1.0),N_A,CGOVT_SEC,A,N_A,1994,1993,0,1994-03-31,PT,12.676666666666668
RBI:INT_RATE_RN(1.0),N_A,STATE_GOVT_SEC,A,N_A,1993,1992,0,1993-03-31,PT,13.0
RBI:INT_RATE_RN(1.0),N_A,CGOVT_SEC,A,N_A,1993,1992,0,1993-03-31,PT,12.403333333333334
RBI:INT_RATE_RN(1.0),N_A,STATE_GOVT_SEC,A,N_A,1992,1991,0,1992-03-31,PT,11.780000000000001
RBI:INT_RATE_RN(1.0),N_A,CGOVT_SEC,A,N_A,1992,1991,0,1992-03-31,PT,11.593333333333334
RBI:INT_RATE_RN(1.0),N_A,STATE_GOVT_SEC,A,N_A,1991,1990,0,1991-03-31,PT,11.5
RBI:INT_RATE_RN(1.0),N_A,CGOVT_SEC,A,N_A,1991,1990,0,1991-03-31,PT,11.136666666666665
RBI:INT_RATE_RN(1.0),N_A,STATE_GOVT_SEC,A,N_A,1990,1989,0,1990-03-31,PT,11.5
RBI:INT_RATE_RN(1.0),N_A,CGOVT_SEC,A,N_A,1990,1989,0,1990-03-31,PT,11.163333333333334
RBI:INT_RATE_RN(1.0),N_A,CGOVT_SEC,A,N_A,1989,1988,0,1989-03-31,PT,10.966666666666667
RBI:INT_RATE_RN(1.0),N_A,STATE_GOVT_SEC,A,N_A,1989,1988,0,1989-03-31,PT,11.5
RBI:INT_RATE_RN(1.0),N_A,STATE_GOVT_SEC,A,N_A,1988,1987,0,1988-03-31,PT,11.0
RBI:INT_RATE_RN(1.0),N_A,CGOVT_SEC,A,N_A,1988,1987,0,1988-03-31,PT,11.083333333333334
RBI:INT_RATE_RN(1.0),N_A,CGOVT_SEC,A,N_A,1987,1986,0,1987-03-31,PT,10.96
RBI:INT_RATE_RN(1.0),N_A,STATE_GOVT_SEC,A,N_A,1987,1986,0,1987-03-31,PT,11.0
RBI:INT_RATE_RN(1.0),N_A,CGOVT_SEC,A,N_A,1986,1985,0,1986-03-31,PT,10.526666666666666
RBI:INT_RATE_RN(1.0),N_A,STATE_GOVT_SEC,A,N_A,1986,1985,0,1986-03-31,PT,9.75
