DATAFLOW,AUDST,FREQ,NRI_DEP_OS_RN,REPYEAREND,REPYEARSTART,UNIT_MULT,TIME_PERIOD,UNIT_MEASURE,OBS_VALUE
RBI:NRI_DEPOSITS_OUTS_A_RN(1.0),N_A,AFY,TTL,2025,2024,0,2025-03-31,INR,14093295401044.04
RBI:NRI_DEPOSITS_OUTS_A_RN(1.0),N_A,AFY,FXD_DEP_OVRS_NRO,2025,2024,0,2025-03-31,USD,31134941205.28
RBI:NRI_DEPOSITS_OUTS_A_RN(1.0),N_A,AFY,FXD_DEP_OVRS_NRERA,2025,2024,0,2025-03-31,INR,8620847517501.319
RBI:NRI_DEPOSITS_OUTS_A_RN(1.0),N_A,AFY,FXD_DEP_OVRS_NRERA,2025,2024,0,2025-03-31,USD,100732723670.112
RBI:NRI_DEPOSITS_OUTS_A_RN(1.0),N_A,AFY,TTL,2025,2024,0,2025-03-31,USD,164677084051.489
RBI:NRI_DEPOSITS_OUTS_A_RN(1.0),N_A,AFY,FXD_DEP_OVRS_FCNRB,2025,2024,0,2025-03-31,USD,32809419176.097
RBI:NRI_DEPOSITS_OUTS_A_RN(1.0),N_A,AFY,FXD_DEP_OVRS_FCNRB,2025,2024,0,2025-03-31,INR,2807876026277.1997
RBI:NRI_DEPOSITS_OUTS_A_RN(1.0),N_A,AFY,FXD_DEP_OVRS_NRO,2025,2024,0,2025-03-31,INR,2664571857265.52
RBI:NRI_DEPOSITS_OUTS_A_RN(1.0),N_A,AFY,TTL,2024,2023,0,2024-03-31,INR,12662718024000
RBI:NRI_DEPOSITS_OUTS_A_RN(1.0),N_A,AFY,FXD_DEP_OVRS_NRERA,2024,2023,0,2024-03-31,INR,8222636671000
RBI:NRI_DEPOSITS_OUTS_A_RN(1.0),N_A,AFY,FXD_DEP_OVRS_NRO,2024,2023,0,2024-03-31,INR,2294593686000
RBI:NRI_DEPOSITS_OUTS_A_RN(1.0),N_A,AFY,FXD_DEP_OVRS_NRERA,2024,2023,0,2024-03-31,USD,98623630069
RBI:NRI_DEPOSITS_OUTS_A_RN(1.0),N_A,AFY,FXD_DEP_OVRS_FCNRB,2024,2023,0,2024-03-31,INR,2145487667000
RBI:NRI_DEPOSITS_OUTS_A_RN(1.0),N_A,AFY,FXD_DEP_OVRS_NRO,2024,2023,0,2024-03-31,USD,27521726655
RBI:NRI_DEPOSITS_OUTS_A_RN(1.0),N_A,AFY,TTL,2024,2023,0,2024-03-31,USD,151878681745
RBI:NRI_DEPOSITS_OUTS_A_RN(1.0),N_A,AFY,FXD_DEP_OVRS_FCNRB,2024,2023,0,2024-03-31,USD,25733325021
RBI:NRI_DEPOSITS_OUTS_A_RN(1.0),N_A,AFY,TTL,2023,2022,0,2023-03-31,USD,138878732755
RBI:NRI_DEPOSITS_OUTS_A_RN(1.0),N_A,AFY,FXD_DEP_OVRS_NRO,2023,2022,0,2023-03-31,INR,1948424604000
RBI:NRI_DEPOSITS_OUTS_A_RN(1.0),N_A,AFY,FXD_DEP_OVRS_NRERA,2023,2022,0,2023-03-31,USD,95816837962
RBI:NRI_DEPOSITS_OUTS_A_RN(1.0),N_A,AFY,FXD_DEP_OVRS_FCNRB,2023,2022,0,2023-03-31,INR,1591990894000
RBI:NRI_DEPOSITS_OUTS_A_RN(1.0),N_A,AFY,FXD_DEP_OVRS_NRO,2023,2022,0,2023-03-31,USD,23698589998
RBI:NRI_DEPOSITS_OUTS_A_RN(1.0),N_A,AFY,TTL,2023,2022,0,2023-03-31,INR,11418178883000
RBI:NRI_DEPOSITS_OUTS_A_RN(1.0),N_A,AFY,FXD_DEP_OVRS_FCNRB,2023,2022,0,2023-03-31,USD,19363304795
RBI:NRI_DEPOSITS_OUTS_A_RN(1.0),N_A,AFY,FXD_DEP_OVRS_NRERA,2023,2022,0,2023-03-31,INR,7877763385000
RBI:NRI_DEPOSITS_OUTS_A_RN(1.0),N_A,AFY,FXD_DEP_OVRS_FCNRB,2022,2021,0,2022-03-31,USD,16918123699
RBI:NRI_DEPOSITS_OUTS_A_RN(1.0),N_A,AFY,TTL,2022,2021,0,2022-03-31,INR,10590414806000
RBI:NRI_DEPOSITS_OUTS_A_RN(1.0),N_A,AFY,FXD_DEP_OVRS_NRERA,2022,2021,0,2022-03-31,INR,7678814980000
RBI:NRI_DEPOSITS_OUTS_A_RN(1.0),N_A,AFY,FXD_DEP_OVRS_FCNRB,2022,2021,0,2022-03-31,INR,1288790519000
RBI:NRI_DEPOSITS_OUTS_A_RN(1.0),N_A,AFY,FXD_DEP_OVRS_NRERA,2022,2021,0,2022-03-31,USD,100800820445
RBI:NRI_DEPOSITS_OUTS_A_RN(1.0),N_A,AFY,FXD_DEP_OVRS_NRO,2022,2021,0,2022-03-31,INR,1622809307000
RBI:NRI_DEPOSITS_OUTS_A_RN(1.0),N_A,AFY,TTL,2022,2021,0,2022-03-31,USD,139021776677
RBI:NRI_DEPOSITS_OUTS_A_RN(1.0),N_A,AFY,FXD_DEP_OVRS_NRO,2022,2021,0,2022-03-31,USD,21302832533
RBI:NRI_DEPOSITS_OUTS_A_RN(1.0),N_A,AFY,FXD_DEP_OVRS_FCNRB,2021,2020,0,2021-03-31,USD,20473079818
RBI:NRI_DEPOSITS_OUTS_A_RN(1.0),N_A,AFY,FXD_DEP_OVRS_NRO,2021,2020,0,2021-03-31,INR,1364280643000
RBI:NRI_DEPOSITS_OUTS_A_RN(1.0),N_A,AFY,TTL,2021,2020,0,2021-03-31,USD,141894620230
RBI:NRI_DEPOSITS_OUTS_A_RN(1.0),N_A,AFY,FXD_DEP_OVRS_FCNRB,2021,2020,0,2021-03-31,INR,1482345155000
RBI:NRI_DEPOSITS_OUTS_A_RN(1.0),N_A,AFY,TTL,2021,2020,0,2021-03-31,INR,10273823220000
RBI:NRI_DEPOSITS_OUTS_A_RN(1.0),N_A,AFY,FXD_DEP_OVRS_NRO,2021,2020,0,2021-03-31,USD,18842458117
RBI:NRI_DEPOSITS_OUTS_A_RN(1.0),N_A,AFY,FXD_DEP_OVRS_NRERA,2021,2020,0,2021-03-31,INR,7427197422000
RBI:NRI_DEPOSITS_OUTS_A_RN(1.0),N_A,AFY,FXD_DEP_OVRS_NRERA,2021,2020,0,2021-03-31,USD,102579082295
RBI:NRI_DEPOSITS_OUTS_A_RN(1.0),N_A,AFY,FXD_DEP_OVRS_NRO,2020,2019,0,2020-03-31,USD,15969435982
RBI:NRI_DEPOSITS_OUTS_A_RN(1.0),N_A,AFY,FXD_DEP_OVRS_NRERA,2020,2019,0,2020-03-31,USD,90367051964
RBI:NRI_DEPOSITS_OUTS_A_RN(1.0),N_A,AFY,TTL,2020,2019,0,2020-03-31,USD,130580543266
RBI:NRI_DEPOSITS_OUTS_A_RN(1.0),N_A,AFY,FXD_DEP_OVRS_FCNRB,2020,2019,0,2020-03-31,USD,24244055320
RBI:NRI_DEPOSITS_OUTS_A_RN(1.0),N_A,AFY,FXD_DEP_OVRS_NRO,2020,2019,0,2020-03-31,INR,1195206885000
RBI:NRI_DEPOSITS_OUTS_A_RN(1.0),N_A,AFY,FXD_DEP_OVRS_FCNRB,2020,2019,0,2020-03-31,INR,1814507530000
RBI:NRI_DEPOSITS_OUTS_A_RN(1.0),N_A,AFY,TTL,2020,2019,0,2020-03-31,INR,9773091832000
RBI:NRI_DEPOSITS_OUTS_A_RN(1.0),N_A,AFY,FXD_DEP_OVRS_NRERA,2020,2019,0,2020-03-31,INR,6763377417000
RBI:NRI_DEPOSITS_OUTS_A_RN(1.0),N_A,AFY,FXD_DEP_OVRS_NRERA,2019,2018,0,2019-03-31,USD,92016566914
RBI:NRI_DEPOSITS_OUTS_A_RN(1.0),N_A,AFY,FXD_DEP_OVRS_NRERA,2019,2018,0,2019-03-31,INR,6364905555000
RBI:NRI_DEPOSITS_OUTS_A_RN(1.0),N_A,AFY,FXD_DEP_OVRS_NRO,2019,2018,0,2019-03-31,INR,1053903108000.0001
RBI:NRI_DEPOSITS_OUTS_A_RN(1.0),N_A,AFY,TTL,2019,2018,0,2019-03-31,INR,9021519924000
RBI:NRI_DEPOSITS_OUTS_A_RN(1.0),N_A,AFY,FXD_DEP_OVRS_NRO,2019,2018,0,2019-03-31,USD,15236132731
RBI:NRI_DEPOSITS_OUTS_A_RN(1.0),N_A,AFY,FXD_DEP_OVRS_FCNRB,2019,2018,0,2019-03-31,USD,23170176952
RBI:NRI_DEPOSITS_OUTS_A_RN(1.0),N_A,AFY,TTL,2019,2018,0,2019-03-31,USD,130422876597
RBI:NRI_DEPOSITS_OUTS_A_RN(1.0),N_A,AFY,FXD_DEP_OVRS_FCNRB,2019,2018,0,2019-03-31,INR,1602711261000
RBI:NRI_DEPOSITS_OUTS_A_RN(1.0),N_A,AFY,FXD_DEP_OVRS_FCNRB,2018,2017,0,2018-03-31,INR,1432635392000
RBI:NRI_DEPOSITS_OUTS_A_RN(1.0),N_A,AFY,TTL,2018,2017,0,2018-03-31,INR,8207371694000
RBI:NRI_DEPOSITS_OUTS_A_RN(1.0),N_A,AFY,FXD_DEP_OVRS_NRO,2018,2017,0,2018-03-31,INR,918481442000
RBI:NRI_DEPOSITS_OUTS_A_RN(1.0),N_A,AFY,FXD_DEP_OVRS_NRERA,2018,2017,0,2018-03-31,USD,90035143233
RBI:NRI_DEPOSITS_OUTS_A_RN(1.0),N_A,AFY,TTL,2018,2017,0,2018-03-31,USD,126181647435
RBI:NRI_DEPOSITS_OUTS_A_RN(1.0),N_A,AFY,FXD_DEP_OVRS_FCNRB,2018,2017,0,2018-03-31,USD,22025600969
RBI:NRI_DEPOSITS_OUTS_A_RN(1.0),N_A,AFY,FXD_DEP_OVRS_NRERA,2018,2017,0,2018-03-31,INR,5856254860000
RBI:NRI_DEPOSITS_OUTS_A_RN(1.0),N_A,AFY,FXD_DEP_OVRS_NRO,2018,2017,0,2018-03-31,USD,14120903233
RBI:NRI_DEPOSITS_OUTS_A_RN(1.0),N_A,AFY,TTL,2017,2016,0,2017-03-31,USD,116867238032
RBI:NRI_DEPOSITS_OUTS_A_RN(1.0),N_A,AFY,FXD_DEP_OVRS_FCNRB,2017,2016,0,2017-03-31,USD,21001852291
RBI:NRI_DEPOSITS_OUTS_A_RN(1.0),N_A,AFY,FXD_DEP_OVRS_NRERA,2017,2016,0,2017-03-31,USD,83213433047
RBI:NRI_DEPOSITS_OUTS_A_RN(1.0),N_A,AFY,FXD_DEP_OVRS_NRERA,2017,2016,0,2017-03-31,INR,5395442500000
RBI:NRI_DEPOSITS_OUTS_A_RN(1.0),N_A,AFY,FXD_DEP_OVRS_NRO,2017,2016,0,2017-03-31,USD,12651952694
RBI:NRI_DEPOSITS_OUTS_A_RN(1.0),N_A,AFY,FXD_DEP_OVRS_NRO,2017,2016,0,2017-03-31,INR,820334900000
RBI:NRI_DEPOSITS_OUTS_A_RN(1.0),N_A,AFY,TTL,2017,2016,0,2017-03-31,INR,7577508100000
RBI:NRI_DEPOSITS_OUTS_A_RN(1.0),N_A,AFY,FXD_DEP_OVRS_FCNRB,2017,2016,0,2017-03-31,INR,1361730700000
RBI:NRI_DEPOSITS_OUTS_A_RN(1.0),N_A,AFY,FXD_DEP_OVRS_FCNRB,2016,2015,0,2016-03-31,USD,45315873420
RBI:NRI_DEPOSITS_OUTS_A_RN(1.0),N_A,AFY,FXD_DEP_OVRS_NRO,2016,2015,0,2016-03-31,USD,10144885871
RBI:NRI_DEPOSITS_OUTS_A_RN(1.0),N_A,AFY,FXD_DEP_OVRS_FCNRB,2016,2015,0,2016-03-31,INR,3005933300000
RBI:NRI_DEPOSITS_OUTS_A_RN(1.0),N_A,AFY,TTL,2016,2015,0,2016-03-31,INR,8419556400000
RBI:NRI_DEPOSITS_OUTS_A_RN(1.0),N_A,AFY,FXD_DEP_OVRS_NRERA,2016,2015,0,2016-03-31,INR,4740683400000
RBI:NRI_DEPOSITS_OUTS_A_RN(1.0),N_A,AFY,FXD_DEP_OVRS_NRO,2016,2015,0,2016-03-31,INR,672939700000
RBI:NRI_DEPOSITS_OUTS_A_RN(1.0),N_A,AFY,FXD_DEP_OVRS_NRERA,2016,2015,0,2016-03-31,USD,71467847779
RBI:NRI_DEPOSITS_OUTS_A_RN(1.0),N_A,AFY,TTL,2016,2015,0,2016-03-31,USD,126928607070
RBI:NRI_DEPOSITS_OUTS_A_RN(1.0),N_A,AFY,TTL,2015,2014,0,2015-03-31,USD,115162571872
RBI:NRI_DEPOSITS_OUTS_A_RN(1.0),N_A,AFY,TTL,2015,2014,0,2015-03-31,INR,7209971600000
RBI:NRI_DEPOSITS_OUTS_A_RN(1.0),N_A,AFY,FXD_DEP_OVRS_NRERA,2015,2014,0,2015-03-31,USD,62745831529
RBI:NRI_DEPOSITS_OUTS_A_RN(1.0),N_A,AFY,FXD_DEP_OVRS_NRO,2015,2014,0,2015-03-31,USD,9593052986
RBI:NRI_DEPOSITS_OUTS_A_RN(1.0),N_A,AFY,FXD_DEP_OVRS_NRERA,2015,2014,0,2015-03-31,INR,3928322000000
RBI:NRI_DEPOSITS_OUTS_A_RN(1.0),N_A,AFY,FXD_DEP_OVRS_NRO,2015,2014,0,2015-03-31,INR,600591300000
RBI:NRI_DEPOSITS_OUTS_A_RN(1.0),N_A,AFY,FXD_DEP_OVRS_FCNRB,2015,2014,0,2015-03-31,USD,42823687357
RBI:NRI_DEPOSITS_OUTS_A_RN(1.0),N_A,AFY,FXD_DEP_OVRS_FCNRB,2015,2014,0,2015-03-31,INR,2681058300000
RBI:NRI_DEPOSITS_OUTS_A_RN(1.0),N_A,AFY,TTL,2014,2013,0,2014-03-31,USD,103844089329
RBI:NRI_DEPOSITS_OUTS_A_RN(1.0),N_A,AFY,FXD_DEP_OVRS_NRO,2014,2013,0,2014-03-31,INR,547737200000
RBI:NRI_DEPOSITS_OUTS_A_RN(1.0),N_A,AFY,FXD_DEP_OVRS_FCNRB,2014,2013,0,2014-03-31,INR,2513537400000
RBI:NRI_DEPOSITS_OUTS_A_RN(1.0),N_A,AFY,FXD_DEP_OVRS_FCNRB,2014,2013,0,2014-03-31,USD,41822724867
RBI:NRI_DEPOSITS_OUTS_A_RN(1.0),N_A,AFY,FXD_DEP_OVRS_NRERA,2014,2013,0,2014-03-31,INR,3179734400000
RBI:NRI_DEPOSITS_OUTS_A_RN(1.0),N_A,AFY,FXD_DEP_OVRS_NRERA,2014,2013,0,2014-03-31,USD,52907570407
RBI:NRI_DEPOSITS_OUTS_A_RN(1.0),N_A,AFY,TTL,2014,2013,0,2014-03-31,INR,6241009000000
RBI:NRI_DEPOSITS_OUTS_A_RN(1.0),N_A,AFY,FXD_DEP_OVRS_NRO,2014,2013,0,2014-03-31,USD,9113794055
RBI:NRI_DEPOSITS_OUTS_A_RN(1.0),N_A,AFY,FXD_DEP_OVRS_NRERA,2013,2012,0,2013-03-31,USD,45924463083
RBI:NRI_DEPOSITS_OUTS_A_RN(1.0),N_A,AFY,TTL,2013,2012,0,2013-03-31,USD,70823031366
RBI:NRI_DEPOSITS_OUTS_A_RN(1.0),N_A,AFY,TTL,2013,2012,0,2013-03-31,INR,3852020000000
RBI:NRI_DEPOSITS_OUTS_A_RN(1.0),N_A,AFY,FXD_DEP_OVRS_FCNRB,2013,2012,0,2013-03-31,USD,15188217167
RBI:NRI_DEPOSITS_OUTS_A_RN(1.0),N_A,AFY,FXD_DEP_OVRS_NRO,2013,2012,0,2013-03-31,USD,9710351116
RBI:NRI_DEPOSITS_OUTS_A_RN(1.0),N_A,AFY,FXD_DEP_OVRS_NRERA,2013,2012,0,2013-03-31,INR,2497800000000
RBI:NRI_DEPOSITS_OUTS_A_RN(1.0),N_A,AFY,FXD_DEP_OVRS_FCNRB,2013,2012,0,2013-03-31,INR,826080000000
RBI:NRI_DEPOSITS_OUTS_A_RN(1.0),N_A,AFY,FXD_DEP_OVRS_NRO,2013,2012,0,2013-03-31,INR,528140000000
RBI:NRI_DEPOSITS_OUTS_A_RN(1.0),N_A,AFY,TTL,2012,2011,0,2012-03-31,USD,58608360000
RBI:NRI_DEPOSITS_OUTS_A_RN(1.0),N_A,AFY,FXD_DEP_OVRS_NRO,2012,2011,0,2012-03-31,INR,625800000000
RBI:NRI_DEPOSITS_OUTS_A_RN(1.0),N_A,AFY,FXD_DEP_OVRS_NRO,2012,2011,0,2012-03-31,USD,12232210000
RBI:NRI_DEPOSITS_OUTS_A_RN(1.0),N_A,AFY,TTL,2012,2011,0,2012-03-31,INR,2998400000000
RBI:NRI_DEPOSITS_OUTS_A_RN(1.0),N_A,AFY,FXD_DEP_OVRS_FCNRB,2012,2011,0,2012-03-31,USD,14968010000
RBI:NRI_DEPOSITS_OUTS_A_RN(1.0),N_A,AFY,FXD_DEP_OVRS_NRERA,2012,2011,0,2012-03-31,INR,1606840000000
RBI:NRI_DEPOSITS_OUTS_A_RN(1.0),N_A,AFY,FXD_DEP_OVRS_FCNRB,2012,2011,0,2012-03-31,INR,765760000000
RBI:NRI_DEPOSITS_OUTS_A_RN(1.0),N_A,AFY,FXD_DEP_OVRS_NRERA,2012,2011,0,2012-03-31,USD,31408140000
RBI:NRI_DEPOSITS_OUTS_A_RN(1.0),N_A,AFY,FXD_DEP_OVRS_NRO,2011,2010,0,2011-03-31,USD,9707000000
RBI:NRI_DEPOSITS_OUTS_A_RN(1.0),N_A,AFY,FXD_DEP_OVRS_FCNRB,2011,2010,0,2011-03-31,INR,696580000000
RBI:NRI_DEPOSITS_OUTS_A_RN(1.0),N_A,AFY,FXD_DEP_OVRS_NRERA,2011,2010,0,2011-03-31,USD,26378000000
RBI:NRI_DEPOSITS_OUTS_A_RN(1.0),N_A,AFY,TTL,2011,2010,0,2011-03-31,INR,2308120000000
RBI:NRI_DEPOSITS_OUTS_A_RN(1.0),N_A,AFY,FXD_DEP_OVRS_FCNRB,2011,2010,0,2011-03-31,USD,15597000000
RBI:NRI_DEPOSITS_OUTS_A_RN(1.0),N_A,AFY,FXD_DEP_OVRS_NRO,2011,2010,0,2011-03-31,INR,433520000000
RBI:NRI_DEPOSITS_OUTS_A_RN(1.0),N_A,AFY,TTL,2011,2010,0,2011-03-31,USD,51682000000
RBI:NRI_DEPOSITS_OUTS_A_RN(1.0),N_A,AFY,FXD_DEP_OVRS_NRERA,2011,2010,0,2011-03-31,INR,1178020000000
RBI:NRI_DEPOSITS_OUTS_A_RN(1.0),N_A,AFY,FXD_DEP_OVRS_NRERA,2010,2009,0,2010-03-31,INR,1189840000000
RBI:NRI_DEPOSITS_OUTS_A_RN(1.0),N_A,AFY,FXD_DEP_OVRS_NRERA,2010,2009,0,2010-03-31,USD,26251000000
RBI:NRI_DEPOSITS_OUTS_A_RN(1.0),N_A,AFY,FXD_DEP_OVRS_FCNRB,2010,2009,0,2010-03-31,INR,646250000000
RBI:NRI_DEPOSITS_OUTS_A_RN(1.0),N_A,AFY,TTL,2010,2009,0,2010-03-31,USD,47890000000
RBI:NRI_DEPOSITS_OUTS_A_RN(1.0),N_A,AFY,FXD_DEP_OVRS_NRO,2010,2009,0,2010-03-31,USD,7381000000
RBI:NRI_DEPOSITS_OUTS_A_RN(1.0),N_A,AFY,FXD_DEP_OVRS_NRO,2010,2009,0,2010-03-31,INR,334530000000
RBI:NRI_DEPOSITS_OUTS_A_RN(1.0),N_A,AFY,FXD_DEP_OVRS_FCNRB,2010,2009,0,2010-03-31,USD,14258000000
RBI:NRI_DEPOSITS_OUTS_A_RN(1.0),N_A,AFY,TTL,2010,2009,0,2010-03-31,INR,2170620000000
RBI:NRI_DEPOSITS_OUTS_A_RN(1.0),N_A,AFY,TTL,2009,2008,0,2009-03-31,USD,41554000000
RBI:NRI_DEPOSITS_OUTS_A_RN(1.0),N_A,AFY,FXD_DEP_OVRS_NRO,2009,2008,0,2009-03-31,USD,4773000000
RBI:NRI_DEPOSITS_OUTS_A_RN(1.0),N_A,AFY,FXD_DEP_OVRS_FCNRB,2009,2008,0,2009-03-31,USD,13211000000
RBI:NRI_DEPOSITS_OUTS_A_RN(1.0),N_A,AFY,FXD_DEP_OVRS_NRERA,2009,2008,0,2009-03-31,INR,1191810000000
RBI:NRI_DEPOSITS_OUTS_A_RN(1.0),N_A,AFY,TTL,2009,2008,0,2009-03-31,INR,2101180000000
RBI:NRI_DEPOSITS_OUTS_A_RN(1.0),N_A,AFY,FXD_DEP_OVRS_NRERA,2009,2008,0,2009-03-31,USD,23570000000
RBI:NRI_DEPOSITS_OUTS_A_RN(1.0),N_A,AFY,FXD_DEP_OVRS_FCNRB,2009,2008,0,2009-03-31,INR,668030000000
RBI:NRI_DEPOSITS_OUTS_A_RN(1.0),N_A,AFY,FXD_DEP_OVRS_NRO,2009,2008,0,2009-03-31,INR,241340000000
RBI:NRI_DEPOSITS_OUTS_A_RN(1.0),N_A,AFY,FXD_DEP_OVRS_NRERA,2008,2007,0,2008-03-31,INR,1068240000000
RBI:NRI_DEPOSITS_OUTS_A_RN(1.0),N_A,AFY,FXD_DEP_OVRS_FCNRB,2008,2007,0,2008-03-31,USD,14168000000
RBI:NRI_DEPOSITS_OUTS_A_RN(1.0),N_A,AFY,TTL,2008,2007,0,2008-03-31,INR,1746230000000
RBI:NRI_DEPOSITS_OUTS_A_RN(1.0),N_A,AFY,FXD_DEP_OVRS_NRO,2008,2007,0,2008-03-31,INR,111480000000
RBI:NRI_DEPOSITS_OUTS_A_RN(1.0),N_A,AFY,TTL,2008,2007,0,2008-03-31,USD,43672000000
RBI:NRI_DEPOSITS_OUTS_A_RN(1.0),N_A,AFY,FXD_DEP_OVRS_NRO,2008,2007,0,2008-03-31,USD,2788000000
RBI:NRI_DEPOSITS_OUTS_A_RN(1.0),N_A,AFY,FXD_DEP_OVRS_NRERA,2008,2007,0,2008-03-31,USD,26716000000
RBI:NRI_DEPOSITS_OUTS_A_RN(1.0),N_A,AFY,FXD_DEP_OVRS_FCNRB,2008,2007,0,2008-03-31,INR,566510000000
RBI:NRI_DEPOSITS_OUTS_A_RN(1.0),N_A,AFY,TTL,2007,2006,0,2007-03-31,INR,1797880000000
RBI:NRI_DEPOSITS_OUTS_A_RN(1.0),N_A,AFY,FXD_DEP_OVRS_NRERA,2007,2006,0,2007-03-31,USD,24495000000
RBI:NRI_DEPOSITS_OUTS_A_RN(1.0),N_A,AFY,FXD_DEP_OVRS_NRERA,2007,2006,0,2007-03-31,INR,1067860000000
RBI:NRI_DEPOSITS_OUTS_A_RN(1.0),N_A,AFY,FXD_DEP_OVRS_NRO,2007,2006,0,2007-03-31,USD,1616000000
RBI:NRI_DEPOSITS_OUTS_A_RN(1.0),N_A,AFY,FXD_DEP_OVRS_FCNRB,2007,2006,0,2007-03-31,INR,659550000000
RBI:NRI_DEPOSITS_OUTS_A_RN(1.0),N_A,AFY,FXD_DEP_OVRS_FCNRB,2007,2006,0,2007-03-31,USD,15129000000
RBI:NRI_DEPOSITS_OUTS_A_RN(1.0),N_A,AFY,FXD_DEP_OVRS_NRO,2007,2006,0,2007-03-31,INR,70470000000
RBI:NRI_DEPOSITS_OUTS_A_RN(1.0),N_A,AFY,TTL,2007,2006,0,2007-03-31,USD,41240000000
RBI:NRI_DEPOSITS_OUTS_A_RN(1.0),N_A,AFY,FXD_DEP_OVRS_FCNRB,2006,2005,0,2006-03-31,INR,582720000000
RBI:NRI_DEPOSITS_OUTS_A_RN(1.0),N_A,AFY,TTL,2006,2005,0,2006-03-31,USD,36282000000
RBI:NRI_DEPOSITS_OUTS_A_RN(1.0),N_A,AFY,FXD_DEP_OVRS_NRERA,2006,2005,0,2006-03-31,USD,22070000000
RBI:NRI_DEPOSITS_OUTS_A_RN(1.0),N_A,AFY,FXD_DEP_OVRS_NRO,2006,2005,0,2006-03-31,INR,51190000000
RBI:NRI_DEPOSITS_OUTS_A_RN(1.0),N_A,AFY,FXD_DEP_OVRS_FCNRB,2006,2005,0,2006-03-31,USD,13064000000
RBI:NRI_DEPOSITS_OUTS_A_RN(1.0),N_A,AFY,TTL,2006,2005,0,2006-03-31,INR,1618340000000
RBI:NRI_DEPOSITS_OUTS_A_RN(1.0),N_A,AFY,FXD_DEP_OVRS_NRERA,2006,2005,0,2006-03-31,INR,984430000000
RBI:NRI_DEPOSITS_OUTS_A_RN(1.0),N_A,AFY,FXD_DEP_OVRS_NRO,2006,2005,0,2006-03-31,USD,1148000000
RBI:NRI_DEPOSITS_OUTS_A_RN(1.0),N_A,AFY,FXD_DEP_OVRS_NRNRRD,2005,2004,0,2005-03-31,INR,10150000000
RBI:NRI_DEPOSITS_OUTS_A_RN(1.0),N_A,AFY,TTL,2005,2004,0,2005-03-31,USD,32975000000
RBI:NRI_DEPOSITS_OUTS_A_RN(1.0),N_A,AFY,TTL,2005,2004,0,2005-03-31,INR,1442820000000
RBI:NRI_DEPOSITS_OUTS_A_RN(1.0),N_A,AFY,FXD_DEP_OVRS_NRERA,2005,2004,0,2005-03-31,INR,931590000000
RBI:NRI_DEPOSITS_OUTS_A_RN(1.0),N_A,AFY,FXD_DEP_OVRS_NRNRRD,2005,2004,0,2005-03-31,USD,232000000
RBI:NRI_DEPOSITS_OUTS_A_RN(1.0),N_A,AFY,FXD_DEP_OVRS_FCNRB,2005,2004,0,2005-03-31,USD,11452000000
RBI:NRI_DEPOSITS_OUTS_A_RN(1.0),N_A,AFY,FXD_DEP_OVRS_FCNRB,2005,2004,0,2005-03-31,INR,501080000000
RBI:NRI_DEPOSITS_OUTS_A_RN(1.0),N_A,AFY,FXD_DEP_OVRS_NRERA,2005,2004,0,2005-03-31,USD,21291000000
RBI:NRI_DEPOSITS_OUTS_A_RN(1.0),N_A,AFY,FXD_DEP_OVRS_FCNRB,2004,2003,0,2004-03-31,USD,10961000000
RBI:NRI_DEPOSITS_OUTS_A_RN(1.0),N_A,AFY,TTL,2004,2003,0,2004-03-31,USD,33266000000
RBI:NRI_DEPOSITS_OUTS_A_RN(1.0),N_A,AFY,FXD_DEP_OVRS_NRERA,2004,2003,0,2004-03-31,USD,20559000000
RBI:NRI_DEPOSITS_OUTS_A_RN(1.0),N_A,AFY,TTL,2004,2003,0,2004-03-31,INR,1504440000000
RBI:NRI_DEPOSITS_OUTS_A_RN(1.0),N_A,AFY,FXD_DEP_OVRS_NRNRRD,2004,2003,0,2004-03-31,USD,1746000000
RBI:NRI_DEPOSITS_OUTS_A_RN(1.0),N_A,AFY,FXD_DEP_OVRS_NRERA,2004,2003,0,2004-03-31,INR,929770000000
RBI:NRI_DEPOSITS_OUTS_A_RN(1.0),N_A,AFY,FXD_DEP_OVRS_FCNRB,2004,2003,0,2004-03-31,INR,495720000000
RBI:NRI_DEPOSITS_OUTS_A_RN(1.0),N_A,AFY,FXD_DEP_OVRS_NRNRRD,2004,2003,0,2004-03-31,INR,78950000000
RBI:NRI_DEPOSITS_OUTS_A_RN(1.0),N_A,AFY,FXD_DEP_OVRS_NRNRRD,2003,2002,0,2003-03-31,USD,3407000000
RBI:NRI_DEPOSITS_OUTS_A_RN(1.0),N_A,AFY,FXD_DEP_OVRS_NRERA,2003,2002,0,2003-03-31,INR,711840000000
RBI:NRI_DEPOSITS_OUTS_A_RN(1.0),N_A,AFY,FXD_DEP_OVRS_FCNRB,2003,2002,0,2003-03-31,INR,486510000000
RBI:NRI_DEPOSITS_OUTS_A_RN(1.0),N_A,AFY,FXD_DEP_OVRS_NRERA,2003,2002,0,2003-03-31,USD,14923000000
RBI:NRI_DEPOSITS_OUTS_A_RN(1.0),N_A,AFY,TTL,2003,2002,0,2003-03-31,INR,1360880000000
RBI:NRI_DEPOSITS_OUTS_A_RN(1.0),N_A,AFY,FXD_DEP_OVRS_FCNRB,2003,2002,0,2003-03-31,USD,10199000000
RBI:NRI_DEPOSITS_OUTS_A_RN(1.0),N_A,AFY,FXD_DEP_OVRS_NRNRRD,2003,2002,0,2003-03-31,INR,162530000000
RBI:NRI_DEPOSITS_OUTS_A_RN(1.0),N_A,AFY,TTL,2003,2002,0,2003-03-31,USD,28529000000
RBI:NRI_DEPOSITS_OUTS_A_RN(1.0),N_A,AFY,FXD_DEP_OVRS_FCNRB,2002,2001,0,2002-03-31,USD,9673000000
RBI:NRI_DEPOSITS_OUTS_A_RN(1.0),N_A,AFY,FXD_DEP_OVRS_NRNRRD,2002,2001,0,2002-03-31,INR,343920000000
RBI:NRI_DEPOSITS_OUTS_A_RN(1.0),N_A,AFY,TTL,2002,2001,0,2002-03-31,INR,1227720000000
RBI:NRI_DEPOSITS_OUTS_A_RN(1.0),N_A,AFY,FXD_DEP_OVRS_NRERA,2002,2001,0,2002-03-31,INR,412050000000
RBI:NRI_DEPOSITS_OUTS_A_RN(1.0),N_A,AFY,FXD_DEP_OVRS_FCNRB,2002,2001,0,2002-03-31,INR,471750000000
RBI:NRI_DEPOSITS_OUTS_A_RN(1.0),N_A,AFY,FXD_DEP_OVRS_NRNRRD,2002,2001,0,2002-03-31,USD,7052000000
RBI:NRI_DEPOSITS_OUTS_A_RN(1.0),N_A,AFY,TTL,2002,2001,0,2002-03-31,USD,25174000000
RBI:NRI_DEPOSITS_OUTS_A_RN(1.0),N_A,AFY,FXD_DEP_OVRS_NRERA,2002,2001,0,2002-03-31,USD,8449000000
RBI:NRI_DEPOSITS_OUTS_A_RN(1.0),N_A,AFY,FXD_DEP_OVRS_NRERA,2001,2000,0,2001-03-31,INR,333570000000
RBI:NRI_DEPOSITS_OUTS_A_RN(1.0),N_A,AFY,FXD_DEP_OVRS_FCNRB,2001,2000,0,2001-03-31,USD,9076000000
RBI:NRI_DEPOSITS_OUTS_A_RN(1.0),N_A,AFY,TTL,2001,2000,0,2001-03-31,USD,23072000000
RBI:NRI_DEPOSITS_OUTS_A_RN(1.0),N_A,AFY,FXD_DEP_OVRS_FCNRB,2001,2000,0,2001-03-31,INR,423570000000
RBI:NRI_DEPOSITS_OUTS_A_RN(1.0),N_A,AFY,FXD_DEP_OVRS_NRERA,2001,2000,0,2001-03-31,USD,7147000000
RBI:NRI_DEPOSITS_OUTS_A_RN(1.0),N_A,AFY,FXD_DEP_OVRS_NRNRRD,2001,2000,0,2001-03-31,USD,6849000000
RBI:NRI_DEPOSITS_OUTS_A_RN(1.0),N_A,AFY,TTL,2001,2000,0,2001-03-31,INR,1076800000000
RBI:NRI_DEPOSITS_OUTS_A_RN(1.0),N_A,AFY,FXD_DEP_OVRS_NRNRRD,2001,2000,0,2001-03-31,INR,319660000000
RBI:NRI_DEPOSITS_OUTS_A_RN(1.0),N_A,AFY,FXD_DEP_OVRS_FCNRB,2000,1999,0,2000-03-31,USD,8172000000
RBI:NRI_DEPOSITS_OUTS_A_RN(1.0),N_A,AFY,FXD_DEP_OVRS_NRNRRD,2000,1999,0,2000-03-31,USD,6754000000
RBI:NRI_DEPOSITS_OUTS_A_RN(1.0),N_A,AFY,FXD_DEP_OVRS_FCNRB,2000,1999,0,2000-03-31,INR,356320000000
RBI:NRI_DEPOSITS_OUTS_A_RN(1.0),N_A,AFY,FXD_DEP_OVRS_NRNRRD,2000,1999,0,2000-03-31,INR,294470000000
RBI:NRI_DEPOSITS_OUTS_A_RN(1.0),N_A,AFY,FXD_DEP_OVRS_NRERA,2000,1999,0,2000-03-31,INR,294650000000
RBI:NRI_DEPOSITS_OUTS_A_RN(1.0),N_A,AFY,TTL,2000,1999,0,2000-03-31,USD,21684000000
RBI:NRI_DEPOSITS_OUTS_A_RN(1.0),N_A,AFY,TTL,2000,1999,0,2000-03-31,INR,945440000000
RBI:NRI_DEPOSITS_OUTS_A_RN(1.0),N_A,AFY,FXD_DEP_OVRS_NRERA,2000,1999,0,2000-03-31,USD,6758000000
RBI:NRI_DEPOSITS_OUTS_A_RN(1.0),N_A,AFY,FXD_DEP_OVRS_NRERA,1999,1998,0,1999-03-31,INR,256290000000
RBI:NRI_DEPOSITS_OUTS_A_RN(1.0),N_A,AFY,TTL,1999,1998,0,1999-03-31,USD,20498000000
RBI:NRI_DEPOSITS_OUTS_A_RN(1.0),N_A,AFY,FXD_DEP_OVRS_NRNRRD,1999,1998,0,1999-03-31,INR,280580000000
RBI:NRI_DEPOSITS_OUTS_A_RN(1.0),N_A,AFY,FXD_DEP_OVRS_FCNRB,1999,1998,0,1999-03-31,INR,332220000000
RBI:NRI_DEPOSITS_OUTS_A_RN(1.0),N_A,AFY,FXD_DEP_OVRS_NRERA,1999,1998,0,1999-03-31,USD,6045000000
RBI:NRI_DEPOSITS_OUTS_A_RN(1.0),N_A,AFY,FXD_DEP_OVRS_FCNRB,1999,1998,0,1999-03-31,USD,7835000000
RBI:NRI_DEPOSITS_OUTS_A_RN(1.0),N_A,AFY,TTL,1999,1998,0,1999-03-31,INR,869090000000
RBI:NRI_DEPOSITS_OUTS_A_RN(1.0),N_A,AFY,FXD_DEP_OVRS_NRNRRD,1999,1998,0,1999-03-31,USD,6618000000
RBI:NRI_DEPOSITS_OUTS_A_RN(1.0),N_A,AFY,FXD_DEP_OVRS_NRNRRD,1998,1997,0,1998-03-31,USD,6262000000
RBI:NRI_DEPOSITS_OUTS_A_RN(1.0),N_A,AFY,FXD_DEP_OVRS_NRNRRD,1998,1997,0,1998-03-31,INR,247350000000
RBI:NRI_DEPOSITS_OUTS_A_RN(1.0),N_A,AFY,FXD_DEP_OVRS_FCNRA,1998,1997,0,1998-03-31,INR,40000000
RBI:NRI_DEPOSITS_OUTS_A_RN(1.0),N_A,AFY,FXD_DEP_OVRS_FCON,1998,1997,0,1998-03-31,USD,2000000.0
RBI:NRI_DEPOSITS_OUTS_A_RN(1.0),N_A,AFY,TTL,1998,1997,0,1998-03-31,INR,804600000000
RBI:NRI_DEPOSITS_OUTS_A_RN(1.0),N_A,AFY,FXD_DEP_OVRS_NRERA,1998,1997,0,1998-03-31,USD,5637000000
RBI:NRI_DEPOSITS_OUTS_A_RN(1.0),N_A,AFY,FXD_DEP_OVRS_FCNRA,1998,1997,0,1998-03-31,USD,1000000.0
RBI:NRI_DEPOSITS_OUTS_A_RN(1.0),N_A,AFY,FXD_DEP_OVRS_FCON,1998,1997,0,1998-03-31,INR,90000000
RBI:NRI_DEPOSITS_OUTS_A_RN(1.0),N_A,AFY,FXD_DEP_OVRS_FCNRB,1998,1997,0,1998-03-31,INR,334450000000
RBI:NRI_DEPOSITS_OUTS_A_RN(1.0),N_A,AFY,FXD_DEP_OVRS_NRERA,1998,1997,0,1998-03-31,INR,222670000000
RBI:NRI_DEPOSITS_OUTS_A_RN(1.0),N_A,AFY,FXD_DEP_OVRS_FCNRB,1998,1997,0,1998-03-31,USD,8467000000
RBI:NRI_DEPOSITS_OUTS_A_RN(1.0),N_A,AFY,TTL,1998,1997,0,1998-03-31,USD,20369000000
RBI:NRI_DEPOSITS_OUTS_A_RN(1.0),N_A,AFY,FXD_DEP_OVRS_NRERA,1997,1996,0,1997-03-31,INR,178860000000
RBI:NRI_DEPOSITS_OUTS_A_RN(1.0),N_A,AFY,FXD_DEP_OVRS_NRERA,1997,1996,0,1997-03-31,USD,4983000000
RBI:NRI_DEPOSITS_OUTS_A_RN(1.0),N_A,AFY,FXD_DEP_OVRS_NRNRRD,1997,1996,0,1997-03-31,INR,201160000000
RBI:NRI_DEPOSITS_OUTS_A_RN(1.0),N_A,AFY,FXD_DEP_OVRS_FCON,1997,1996,0,1997-03-31,USD,4000000.0
RBI:NRI_DEPOSITS_OUTS_A_RN(1.0),N_A,AFY,FXD_DEP_OVRS_FCNRA,1997,1996,0,1997-03-31,USD,2306000000
RBI:NRI_DEPOSITS_OUTS_A_RN(1.0),N_A,AFY,TTL,1997,1996,0,1997-03-31,USD,20393000000
RBI:NRI_DEPOSITS_OUTS_A_RN(1.0),N_A,AFY,FXD_DEP_OVRS_NRNRRD,1997,1996,0,1997-03-31,USD,5604000000
RBI:NRI_DEPOSITS_OUTS_A_RN(1.0),N_A,AFY,FXD_DEP_OVRS_FCON,1997,1996,0,1997-03-31,INR,140000000
RBI:NRI_DEPOSITS_OUTS_A_RN(1.0),N_A,AFY,TTL,1997,1996,0,1997-03-31,INR,732040000000
RBI:NRI_DEPOSITS_OUTS_A_RN(1.0),N_A,AFY,FXD_DEP_OVRS_FCNRB,1997,1996,0,1997-03-31,USD,7496000000
RBI:NRI_DEPOSITS_OUTS_A_RN(1.0),N_A,AFY,FXD_DEP_OVRS_FCNRB,1997,1996,0,1997-03-31,INR,269060000000
RBI:NRI_DEPOSITS_OUTS_A_RN(1.0),N_A,AFY,FXD_DEP_OVRS_FCNRA,1997,1996,0,1997-03-31,INR,82820000000
RBI:NRI_DEPOSITS_OUTS_A_RN(1.0),N_A,AFY,FXD_DEP_OVRS_FCON,1996,1995,0,1996-03-31,USD,13000000
RBI:NRI_DEPOSITS_OUTS_A_RN(1.0),N_A,AFY,FXD_DEP_OVRS_FCNRA,1996,1995,0,1996-03-31,INR,146160000000
RBI:NRI_DEPOSITS_OUTS_A_RN(1.0),N_A,AFY,FXD_DEP_OVRS_NRNRRD,1996,1995,0,1996-03-31,USD,3542000000
RBI:NRI_DEPOSITS_OUTS_A_RN(1.0),N_A,AFY,FXD_DEP_OVRS_FCNRA,1996,1995,0,1996-03-31,USD,4255000000
RBI:NRI_DEPOSITS_OUTS_A_RN(1.0),N_A,AFY,FXD_DEP_OVRS_NRNRRD,1996,1995,0,1996-03-31,INR,121660000000
RBI:NRI_DEPOSITS_OUTS_A_RN(1.0),N_A,AFY,FXD_DEP_OVRS_FCNRB,1996,1995,0,1996-03-31,INR,196480000000
RBI:NRI_DEPOSITS_OUTS_A_RN(1.0),N_A,AFY,FXD_DEP_OVRS_FCON,1996,1995,0,1996-03-31,INR,450000000
RBI:NRI_DEPOSITS_OUTS_A_RN(1.0),N_A,AFY,FXD_DEP_OVRS_FCNRB,1996,1995,0,1996-03-31,USD,5720000000
RBI:NRI_DEPOSITS_OUTS_A_RN(1.0),N_A,AFY,TTL,1996,1995,0,1996-03-31,USD,17446000000
RBI:NRI_DEPOSITS_OUTS_A_RN(1.0),N_A,AFY,FXD_DEP_OVRS_NRERA,1996,1995,0,1996-03-31,USD,3916000000
RBI:NRI_DEPOSITS_OUTS_A_RN(1.0),N_A,AFY,FXD_DEP_OVRS_NRERA,1996,1995,0,1996-03-31,INR,134520000000
RBI:NRI_DEPOSITS_OUTS_A_RN(1.0),N_A,AFY,TTL,1996,1995,0,1996-03-31,INR,599270000000
RBI:NRI_DEPOSITS_OUTS_A_RN(1.0),N_A,AFY,FXD_DEP_OVRS_FCNRB,1995,1994,0,1995-03-31,USD,3063000000
RBI:NRI_DEPOSITS_OUTS_A_RN(1.0),N_A,AFY,FXD_DEP_OVRS_FCNRA,1995,1994,0,1995-03-31,INR,222070000000
RBI:NRI_DEPOSITS_OUTS_A_RN(1.0),N_A,AFY,FXD_DEP_OVRS_FCNRB,1995,1994,0,1995-03-31,INR,96480000000
RBI:NRI_DEPOSITS_OUTS_A_RN(1.0),N_A,AFY,TTL,1995,1994,0,1995-03-31,USD,17166000000
RBI:NRI_DEPOSITS_OUTS_A_RN(1.0),N_A,AFY,FXD_DEP_OVRS_NRNRRD,1995,1994,0,1995-03-31,INR,78310000000
RBI:NRI_DEPOSITS_OUTS_A_RN(1.0),N_A,AFY,FXD_DEP_OVRS_FCON,1995,1994,0,1995-03-31,INR,320000000
RBI:NRI_DEPOSITS_OUTS_A_RN(1.0),N_A,AFY,TTL,1995,1994,0,1995-03-31,INR,540660000000
RBI:NRI_DEPOSITS_OUTS_A_RN(1.0),N_A,AFY,FXD_DEP_OVRS_FCNRA,1995,1994,0,1995-03-31,USD,7051000000
RBI:NRI_DEPOSITS_OUTS_A_RN(1.0),N_A,AFY,FXD_DEP_OVRS_FCON,1995,1994,0,1995-03-31,USD,10000000
RBI:NRI_DEPOSITS_OUTS_A_RN(1.0),N_A,AFY,FXD_DEP_OVRS_NRERA,1995,1994,0,1995-03-31,INR,143480000000
RBI:NRI_DEPOSITS_OUTS_A_RN(1.0),N_A,AFY,FXD_DEP_OVRS_NRERA,1995,1994,0,1995-03-31,USD,4556000000
RBI:NRI_DEPOSITS_OUTS_A_RN(1.0),N_A,AFY,FXD_DEP_OVRS_NRNRRD,1995,1994,0,1995-03-31,USD,2486000000
RBI:NRI_DEPOSITS_OUTS_A_RN(1.0),N_A,AFY,FXD_DEP_OVRS_NRERA,1994,1993,0,1994-03-31,INR,110530000000
RBI:NRI_DEPOSITS_OUTS_A_RN(1.0),N_A,AFY,FXD_DEP_OVRS_NRNRRD,1994,1993,0,1994-03-31,INR,55010000000
RBI:NRI_DEPOSITS_OUTS_A_RN(1.0),N_A,AFY,FXD_DEP_OVRS_FCBOD,1994,1993,0,1994-03-31,INR,16720000000
RBI:NRI_DEPOSITS_OUTS_A_RN(1.0),N_A,AFY,FXD_DEP_OVRS_NRNRRD,1994,1993,0,1994-03-31,USD,1754000000
RBI:NRI_DEPOSITS_OUTS_A_RN(1.0),N_A,AFY,FXD_DEP_OVRS_FCNRB,1994,1993,0,1994-03-31,USD,1108000000
RBI:NRI_DEPOSITS_OUTS_A_RN(1.0),N_A,AFY,FXD_DEP_OVRS_FCNRA,1994,1993,0,1994-03-31,USD,9300000000
RBI:NRI_DEPOSITS_OUTS_A_RN(1.0),N_A,AFY,TTL,1994,1993,0,1994-03-31,INR,509160000000
RBI:NRI_DEPOSITS_OUTS_A_RN(1.0),N_A,AFY,FXD_DEP_OVRS_FCBOD,1994,1993,0,1994-03-31,USD,533000000
RBI:NRI_DEPOSITS_OUTS_A_RN(1.0),N_A,AFY,FXD_DEP_OVRS_FCON,1994,1993,0,1994-03-31,INR,380000000
RBI:NRI_DEPOSITS_OUTS_A_RN(1.0),N_A,AFY,FXD_DEP_OVRS_FCNRB,1994,1993,0,1994-03-31,INR,34760000000
RBI:NRI_DEPOSITS_OUTS_A_RN(1.0),N_A,AFY,FXD_DEP_OVRS_NRERA,1994,1993,0,1994-03-31,USD,3523000000
RBI:NRI_DEPOSITS_OUTS_A_RN(1.0),N_A,AFY,FXD_DEP_OVRS_FCON,1994,1993,0,1994-03-31,USD,12000000
RBI:NRI_DEPOSITS_OUTS_A_RN(1.0),N_A,AFY,TTL,1994,1993,0,1994-03-31,USD,16230000000
RBI:NRI_DEPOSITS_OUTS_A_RN(1.0),N_A,AFY,FXD_DEP_OVRS_FCNRA,1994,1993,0,1994-03-31,INR,291760000000
RBI:NRI_DEPOSITS_OUTS_A_RN(1.0),N_A,AFY,FXD_DEP_OVRS_NRERA,1993,1992,0,1993-03-31,USD,2740000000
RBI:NRI_DEPOSITS_OUTS_A_RN(1.0),N_A,AFY,FXD_DEP_OVRS_NRNRRD,1993,1992,0,1993-03-31,USD,621000000
RBI:NRI_DEPOSITS_OUTS_A_RN(1.0),N_A,AFY,FXD_DEP_OVRS_FCNRA,1993,1992,0,1993-03-31,INR,331630000000
RBI:NRI_DEPOSITS_OUTS_A_RN(1.0),N_A,AFY,FXD_DEP_OVRS_NRERA,1993,1992,0,1993-03-31,INR,86160000000
RBI:NRI_DEPOSITS_OUTS_A_RN(1.0),N_A,AFY,FXD_DEP_OVRS_FCBOD,1993,1992,0,1993-03-31,USD,1037000000
RBI:NRI_DEPOSITS_OUTS_A_RN(1.0),N_A,AFY,FXD_DEP_OVRS_NRNRRD,1993,1992,0,1993-03-31,INR,19520000000
RBI:NRI_DEPOSITS_OUTS_A_RN(1.0),N_A,AFY,FXD_DEP_OVRS_FCBOD,1993,1992,0,1993-03-31,INR,32610000000
RBI:NRI_DEPOSITS_OUTS_A_RN(1.0),N_A,AFY,TTL,1993,1992,0,1993-03-31,USD,15015000000
RBI:NRI_DEPOSITS_OUTS_A_RN(1.0),N_A,AFY,TTL,1993,1992,0,1993-03-31,INR,469920000000
RBI:NRI_DEPOSITS_OUTS_A_RN(1.0),N_A,AFY,FXD_DEP_OVRS_FCNRA,1993,1992,0,1993-03-31,USD,10617000000
RBI:NRI_DEPOSITS_OUTS_A_RN(1.0),N_A,AFY,FXD_DEP_OVRS_FCBOD,1992,1991,0,1992-03-31,INR,18950000000
RBI:NRI_DEPOSITS_OUTS_A_RN(1.0),N_A,AFY,FXD_DEP_OVRS_FCNRA,1992,1991,0,1992-03-31,USD,9792000000
RBI:NRI_DEPOSITS_OUTS_A_RN(1.0),N_A,AFY,TTL,1992,1991,0,1992-03-31,USD,13549000000
RBI:NRI_DEPOSITS_OUTS_A_RN(1.0),N_A,AFY,FXD_DEP_OVRS_FCNRA,1992,1991,0,1992-03-31,INR,305760000000
RBI:NRI_DEPOSITS_OUTS_A_RN(1.0),N_A,AFY,FXD_DEP_OVRS_FCBOD,1992,1991,0,1992-03-31,USD,732000000
RBI:NRI_DEPOSITS_OUTS_A_RN(1.0),N_A,AFY,FXD_DEP_OVRS_NRERA,1992,1991,0,1992-03-31,USD,3025000000
RBI:NRI_DEPOSITS_OUTS_A_RN(1.0),N_A,AFY,TTL,1992,1991,0,1992-03-31,INR,403040000000
RBI:NRI_DEPOSITS_OUTS_A_RN(1.0),N_A,AFY,FXD_DEP_OVRS_NRERA,1992,1991,0,1992-03-31,INR,78330000000
RBI:NRI_DEPOSITS_OUTS_A_RN(1.0),N_A,AFY,FXD_DEP_OVRS_NRERA,1991,1990,0,1991-03-31,INR,70400000000
RBI:NRI_DEPOSITS_OUTS_A_RN(1.0),N_A,AFY,FXD_DEP_OVRS_FCNRA,1991,1990,0,1991-03-31,INR,198450000000
RBI:NRI_DEPOSITS_OUTS_A_RN(1.0),N_A,AFY,TTL,1991,1990,0,1991-03-31,USD,13986000000
RBI:NRI_DEPOSITS_OUTS_A_RN(1.0),N_A,AFY,TTL,1991,1990,0,1991-03-31,INR,274000000000
RBI:NRI_DEPOSITS_OUTS_A_RN(1.0),N_A,AFY,FXD_DEP_OVRS_FCNRA,1991,1990,0,1991-03-31,USD,10103000000
RBI:NRI_DEPOSITS_OUTS_A_RN(1.0),N_A,AFY,FXD_DEP_OVRS_FCBOD,1991,1990,0,1991-03-31,USD,265000000
RBI:NRI_DEPOSITS_OUTS_A_RN(1.0),N_A,AFY,FXD_DEP_OVRS_FCBOD,1991,1990,0,1991-03-31,INR,5150000000
RBI:NRI_DEPOSITS_OUTS_A_RN(1.0),N_A,AFY,FXD_DEP_OVRS_NRERA,1991,1990,0,1991-03-31,USD,3618000000
