DATAFLOW,AUDST,EAR_EXP_FC_RN,FREQ,REF_TIME_RN,REPYEAREND,REPYEARSTART,UNIT_MULT,TIME_PERIOD,UNIT_MEASURE,OBS_VALUE
RBI:EAR_EXP_FC_PVT_RN(1.0),N_A,EAR_FC_EG,AFY,CURR_YR,2012,2011,0,2012-03-31,INR,17125700000
RBI:EAR_EXP_FC_PVT_RN(1.0),N_A,EAR_FC_EG,AFY,PREV_TO_PREV,2012,2011,0,2012-03-31,INR,13423400000
RBI:EAR_EXP_FC_PVT_RN(1.0),N_A,EAR_FC_EG,AFY,PREV_YR,2012,2011,0,2012-03-31,INR,16780600000
RBI:EAR_EXP_FC_PVT_RN(1.0),N_A,EAR_FC_OTH,AFY,CURR_YR,2012,2011,0,2012-03-31,INR,12411000000
RBI:EAR_EXP_FC_PVT_RN(1.0),N_A,EAR_FC_OTH,AFY,PREV_TO_PREV,2012,2011,0,2012-03-31,INR,6535900000
RBI:EAR_EXP_FC_PVT_RN(1.0),N_A,EAR_FC_OTH,AFY,PREV_YR,2012,2011,0,2012-03-31,INR,8289900000
RBI:EAR_EXP_FC_PVT_RN(1.0),N_A,EAR_FRG_CURR,AFY,CURR_YR,2012,2011,0,2012-03-31,INR,29536700000
RBI:EAR_EXP_FC_PVT_RN(1.0),N_A,EAR_FRG_CURR,AFY,PREV_TO_PREV,2012,2011,0,2012-03-31,INR,19959300000
RBI:EAR_EXP_FC_PVT_RN(1.0),N_A,EAR_FRG_CURR,AFY,PREV_YR,2012,2011,0,2012-03-31,INR,25070500000
RBI:EAR_EXP_FC_PVT_RN(1.0),N_A,EXP_CG,AFY,CURR_YR,2012,2011,0,2012-03-31,INR,1322200000
RBI:EAR_EXP_FC_PVT_RN(1.0),N_A,EXP_CG,AFY,PREV_TO_PREV,2012,2011,0,2012-03-31,INR,1955600000
RBI:EAR_EXP_FC_PVT_RN(1.0),N_A,EXP_CG,AFY,PREV_YR,2012,2011,0,2012-03-31,INR,1633500000
RBI:EAR_EXP_FC_PVT_RN(1.0),N_A,EXP_CSP,AFY,CURR_YR,2012,2011,0,2012-03-31,INR,1667800000
RBI:EAR_EXP_FC_PVT_RN(1.0),N_A,EXP_CSP,AFY,PREV_TO_PREV,2012,2011,0,2012-03-31,INR,1618500000
RBI:EAR_EXP_FC_PVT_RN(1.0),N_A,EXP_CSP,AFY,PREV_YR,2012,2011,0,2012-03-31,INR,1834900000
RBI:EAR_EXP_FC_PVT_RN(1.0),N_A,EXP_FRG_CURR,AFY,CURR_YR,2012,2011,0,2012-03-31,INR,31728000000
RBI:EAR_EXP_FC_PVT_RN(1.0),N_A,EXP_FRG_CURR,AFY,PREV_TO_PREV,2012,2011,0,2012-03-31,INR,24311700000
RBI:EAR_EXP_FC_PVT_RN(1.0),N_A,EXP_FRG_CURR,AFY,PREV_YR,2012,2011,0,2012-03-31,INR,30711600000
RBI:EAR_EXP_FC_PVT_RN(1.0),N_A,EXP_OEFC,AFY,CURR_YR,2012,2011,0,2012-03-31,INR,6226100000
RBI:EAR_EXP_FC_PVT_RN(1.0),N_A,EXP_OEFC,AFY,PREV_TO_PREV,2012,2011,0,2012-03-31,INR,4717200000
RBI:EAR_EXP_FC_PVT_RN(1.0),N_A,EXP_OEFC,AFY,PREV_YR,2012,2011,0,2012-03-31,INR,4620700000
RBI:EAR_EXP_FC_PVT_RN(1.0),N_A,EXP_RM,AFY,CURR_YR,2012,2011,0,2012-03-31,INR,14911900000
RBI:EAR_EXP_FC_PVT_RN(1.0),N_A,EXP_RM,AFY,PREV_TO_PREV,2012,2011,0,2012-03-31,INR,11711400000
RBI:EAR_EXP_FC_PVT_RN(1.0),N_A,EXP_RM,AFY,PREV_YR,2012,2011,0,2012-03-31,INR,16324600000
RBI:EAR_EXP_FC_PVT_RN(1.0),N_A,EXP_VAL_IMP,AFY,CURR_YR,2012,2011,0,2012-03-31,INR,25501900000
RBI:EAR_EXP_FC_PVT_RN(1.0),N_A,EXP_VAL_IMP,AFY,PREV_TO_PREV,2012,2011,0,2012-03-31,INR,19594500000
RBI:EAR_EXP_FC_PVT_RN(1.0),N_A,EXP_VAL_IMP,AFY,PREV_YR,2012,2011,0,2012-03-31,INR,26090900000
RBI:EAR_EXP_FC_PVT_RN(1.0),N_A,EXP_VAL_IMP_OTH,AFY,CURR_YR,2012,2011,0,2012-03-31,INR,7600000000
RBI:EAR_EXP_FC_PVT_RN(1.0),N_A,EXP_VAL_IMP_OTH,AFY,PREV_TO_PREV,2012,2011,0,2012-03-31,INR,4309000000
RBI:EAR_EXP_FC_PVT_RN(1.0),N_A,EXP_VAL_IMP_OTH,AFY,PREV_YR,2012,2011,0,2012-03-31,INR,6297900000
RBI:EAR_EXP_FC_PVT_RN(1.0),N_A,NET_INF_OF_FC,AFY,CURR_YR,2012,2011,0,2012-03-31,INR,-2191300000
RBI:EAR_EXP_FC_PVT_RN(1.0),N_A,NET_INF_OF_FC,AFY,PREV_TO_PREV,2012,2011,0,2012-03-31,INR,-4352400000
RBI:EAR_EXP_FC_PVT_RN(1.0),N_A,NET_INF_OF_FC,AFY,PREV_YR,2012,2011,0,2012-03-31,INR,-5641100000
RBI:EAR_EXP_FC_PVT_RN(1.0),N_A,EAR_FC_EG,AFY,CURR_YR,2013,2012,0,2013-03-31,INR,213605000000
RBI:EAR_EXP_FC_PVT_RN(1.0),N_A,EAR_FC_EG,AFY,PREV_TO_PREV,2013,2012,0,2013-03-31,INR,150065000000
RBI:EAR_EXP_FC_PVT_RN(1.0),N_A,EAR_FC_EG,AFY,PREV_YR,2013,2012,0,2013-03-31,INR,192037000000
RBI:EAR_EXP_FC_PVT_RN(1.0),N_A,EAR_FC_OTH,AFY,CURR_YR,2013,2012,0,2013-03-31,INR,141409000000
RBI:EAR_EXP_FC_PVT_RN(1.0),N_A,EAR_FC_OTH,AFY,PREV_TO_PREV,2013,2012,0,2013-03-31,INR,104023000000
RBI:EAR_EXP_FC_PVT_RN(1.0),N_A,EAR_FC_OTH,AFY,PREV_YR,2013,2012,0,2013-03-31,INR,114946000000
RBI:EAR_EXP_FC_PVT_RN(1.0),N_A,EAR_FRG_CURR,AFY,CURR_YR,2013,2012,0,2013-03-31,INR,355014000000
RBI:EAR_EXP_FC_PVT_RN(1.0),N_A,EAR_FRG_CURR,AFY,PREV_TO_PREV,2013,2012,0,2013-03-31,INR,254088000000
RBI:EAR_EXP_FC_PVT_RN(1.0),N_A,EAR_FRG_CURR,AFY,PREV_YR,2013,2012,0,2013-03-31,INR,306983000000
RBI:EAR_EXP_FC_PVT_RN(1.0),N_A,EXP_CG,AFY,CURR_YR,2013,2012,0,2013-03-31,INR,51406000000
RBI:EAR_EXP_FC_PVT_RN(1.0),N_A,EXP_CG,AFY,PREV_TO_PREV,2013,2012,0,2013-03-31,INR,14732000000
RBI:EAR_EXP_FC_PVT_RN(1.0),N_A,EXP_CG,AFY,PREV_YR,2013,2012,0,2013-03-31,INR,24140000000
RBI:EAR_EXP_FC_PVT_RN(1.0),N_A,EXP_CSP,AFY,CURR_YR,2013,2012,0,2013-03-31,INR,26222000000
RBI:EAR_EXP_FC_PVT_RN(1.0),N_A,EXP_CSP,AFY,PREV_TO_PREV,2013,2012,0,2013-03-31,INR,15817000000
RBI:EAR_EXP_FC_PVT_RN(1.0),N_A,EXP_CSP,AFY,PREV_YR,2013,2012,0,2013-03-31,INR,31262000000
RBI:EAR_EXP_FC_PVT_RN(1.0),N_A,EXP_FRG_CURR,AFY,CURR_YR,2013,2012,0,2013-03-31,INR,296982000000
RBI:EAR_EXP_FC_PVT_RN(1.0),N_A,EXP_FRG_CURR,AFY,PREV_TO_PREV,2013,2012,0,2013-03-31,INR,234656000000
RBI:EAR_EXP_FC_PVT_RN(1.0),N_A,EXP_FRG_CURR,AFY,PREV_YR,2013,2012,0,2013-03-31,INR,282133000000
RBI:EAR_EXP_FC_PVT_RN(1.0),N_A,EXP_OEFC,AFY,CURR_YR,2013,2012,0,2013-03-31,INR,41215000000
RBI:EAR_EXP_FC_PVT_RN(1.0),N_A,EXP_OEFC,AFY,PREV_TO_PREV,2013,2012,0,2013-03-31,INR,43831000000
RBI:EAR_EXP_FC_PVT_RN(1.0),N_A,EXP_OEFC,AFY,PREV_YR,2013,2012,0,2013-03-31,INR,44816000000
RBI:EAR_EXP_FC_PVT_RN(1.0),N_A,EXP_RM,AFY,CURR_YR,2013,2012,0,2013-03-31,INR,151852000000
RBI:EAR_EXP_FC_PVT_RN(1.0),N_A,EXP_RM,AFY,PREV_TO_PREV,2013,2012,0,2013-03-31,INR,127725000000
RBI:EAR_EXP_FC_PVT_RN(1.0),N_A,EXP_RM,AFY,PREV_YR,2013,2012,0,2013-03-31,INR,138601000000
RBI:EAR_EXP_FC_PVT_RN(1.0),N_A,EXP_VAL_IMP,AFY,CURR_YR,2013,2012,0,2013-03-31,INR,255767000000
RBI:EAR_EXP_FC_PVT_RN(1.0),N_A,EXP_VAL_IMP,AFY,PREV_TO_PREV,2013,2012,0,2013-03-31,INR,190825000000
RBI:EAR_EXP_FC_PVT_RN(1.0),N_A,EXP_VAL_IMP,AFY,PREV_YR,2013,2012,0,2013-03-31,INR,237316000000
RBI:EAR_EXP_FC_PVT_RN(1.0),N_A,EXP_VAL_IMP_OTH,AFY,CURR_YR,2013,2012,0,2013-03-31,INR,26287000000
RBI:EAR_EXP_FC_PVT_RN(1.0),N_A,EXP_VAL_IMP_OTH,AFY,PREV_TO_PREV,2013,2012,0,2013-03-31,INR,32551000000
RBI:EAR_EXP_FC_PVT_RN(1.0),N_A,EXP_VAL_IMP_OTH,AFY,PREV_YR,2013,2012,0,2013-03-31,INR,43313000000
RBI:EAR_EXP_FC_PVT_RN(1.0),N_A,NET_INF_OF_FC,AFY,CURR_YR,2013,2012,0,2013-03-31,INR,58032000000
RBI:EAR_EXP_FC_PVT_RN(1.0),N_A,NET_INF_OF_FC,AFY,PREV_TO_PREV,2013,2012,0,2013-03-31,INR,19431000000
RBI:EAR_EXP_FC_PVT_RN(1.0),N_A,NET_INF_OF_FC,AFY,PREV_YR,2013,2012,0,2013-03-31,INR,24851000000
RBI:EAR_EXP_FC_PVT_RN(1.0),N_A,EAR_FC_EG,AFY,CURR_YR,2015,2014,0,2015-03-31,INR,907353000000
RBI:EAR_EXP_FC_PVT_RN(1.0),N_A,EAR_FC_EG,AFY,PREV_TO_PREV,2015,2014,0,2015-03-31,INR,775590000000
RBI:EAR_EXP_FC_PVT_RN(1.0),N_A,EAR_FC_EG,AFY,PREV_YR,2015,2014,0,2015-03-31,INR,716111000000
RBI:EAR_EXP_FC_PVT_RN(1.0),N_A,EAR_FC_OTH,AFY,CURR_YR,2015,2014,0,2015-03-31,INR,732839000000
RBI:EAR_EXP_FC_PVT_RN(1.0),N_A,EAR_FC_OTH,AFY,PREV_TO_PREV,2015,2014,0,2015-03-31,INR,482376000000
RBI:EAR_EXP_FC_PVT_RN(1.0),N_A,EAR_FC_OTH,AFY,PREV_YR,2015,2014,0,2015-03-31,INR,588105000000
RBI:EAR_EXP_FC_PVT_RN(1.0),N_A,EAR_FRG_CURR,AFY,CURR_YR,2015,2014,0,2015-03-31,INR,1640192000000
RBI:EAR_EXP_FC_PVT_RN(1.0),N_A,EAR_FRG_CURR,AFY,PREV_TO_PREV,2015,2014,0,2015-03-31,INR,1257966000000
RBI:EAR_EXP_FC_PVT_RN(1.0),N_A,EAR_FRG_CURR,AFY,PREV_YR,2015,2014,0,2015-03-31,INR,1304216000000
RBI:EAR_EXP_FC_PVT_RN(1.0),N_A,EXP_CG,AFY,CURR_YR,2015,2014,0,2015-03-31,INR,67666000000
RBI:EAR_EXP_FC_PVT_RN(1.0),N_A,EXP_CG,AFY,PREV_TO_PREV,2015,2014,0,2015-03-31,INR,85481000000
RBI:EAR_EXP_FC_PVT_RN(1.0),N_A,EXP_CG,AFY,PREV_YR,2015,2014,0,2015-03-31,INR,101199000000
RBI:EAR_EXP_FC_PVT_RN(1.0),N_A,EXP_CSP,AFY,CURR_YR,2015,2014,0,2015-03-31,INR,207037000000
RBI:EAR_EXP_FC_PVT_RN(1.0),N_A,EXP_CSP,AFY,PREV_TO_PREV,2015,2014,0,2015-03-31,INR,86613000000
RBI:EAR_EXP_FC_PVT_RN(1.0),N_A,EXP_CSP,AFY,PREV_YR,2015,2014,0,2015-03-31,INR,104165000000
RBI:EAR_EXP_FC_PVT_RN(1.0),N_A,EXP_FRG_CURR,AFY,CURR_YR,2015,2014,0,2015-03-31,INR,1296450000000
RBI:EAR_EXP_FC_PVT_RN(1.0),N_A,EXP_FRG_CURR,AFY,PREV_TO_PREV,2015,2014,0,2015-03-31,INR,1086260000000
RBI:EAR_EXP_FC_PVT_RN(1.0),N_A,EXP_FRG_CURR,AFY,PREV_YR,2015,2014,0,2015-03-31,INR,1145175000000
RBI:EAR_EXP_FC_PVT_RN(1.0),N_A,EXP_OEFC,AFY,CURR_YR,2015,2014,0,2015-03-31,INR,277748000000
RBI:EAR_EXP_FC_PVT_RN(1.0),N_A,EXP_OEFC,AFY,PREV_TO_PREV,2015,2014,0,2015-03-31,INR,190491000000
RBI:EAR_EXP_FC_PVT_RN(1.0),N_A,EXP_OEFC,AFY,PREV_YR,2015,2014,0,2015-03-31,INR,259744000000
RBI:EAR_EXP_FC_PVT_RN(1.0),N_A,EXP_RM,AFY,CURR_YR,2015,2014,0,2015-03-31,INR,743396000000
RBI:EAR_EXP_FC_PVT_RN(1.0),N_A,EXP_RM,AFY,PREV_TO_PREV,2015,2014,0,2015-03-31,INR,723675000000
RBI:EAR_EXP_FC_PVT_RN(1.0),N_A,EXP_RM,AFY,PREV_YR,2015,2014,0,2015-03-31,INR,680068000000
RBI:EAR_EXP_FC_PVT_RN(1.0),N_A,EXP_VAL_IMP,AFY,CURR_YR,2015,2014,0,2015-03-31,INR,1018702000000
RBI:EAR_EXP_FC_PVT_RN(1.0),N_A,EXP_VAL_IMP,AFY,PREV_TO_PREV,2015,2014,0,2015-03-31,INR,895769000000
RBI:EAR_EXP_FC_PVT_RN(1.0),N_A,EXP_VAL_IMP,AFY,PREV_YR,2015,2014,0,2015-03-31,INR,885431000000
RBI:EAR_EXP_FC_PVT_RN(1.0),N_A,EXP_VAL_IMP_OTH,AFY,CURR_YR,2015,2014,0,2015-03-31,INR,603000000
RBI:EAR_EXP_FC_PVT_RN(1.0),N_A,EXP_VAL_IMP_OTH,AFY,PREV_TO_PREV,2015,2014,0,2015-03-31,INR,0.0
RBI:EAR_EXP_FC_PVT_RN(1.0),N_A,EXP_VAL_IMP_OTH,AFY,PREV_YR,2015,2014,0,2015-03-31,INR,-1000000.0
RBI:EAR_EXP_FC_PVT_RN(1.0),N_A,NET_INF_OF_FC,AFY,CURR_YR,2015,2014,0,2015-03-31,INR,343743000000
RBI:EAR_EXP_FC_PVT_RN(1.0),N_A,NET_INF_OF_FC,AFY,PREV_TO_PREV,2015,2014,0,2015-03-31,INR,171706000000
RBI:EAR_EXP_FC_PVT_RN(1.0),N_A,NET_INF_OF_FC,AFY,PREV_YR,2015,2014,0,2015-03-31,INR,159041000000
RBI:EAR_EXP_FC_PVT_RN(1.0),N_A,EAR_FC_EG,AFY,CURR_YR,2016,2015,0,2016-03-31,INR,1382598000000
RBI:EAR_EXP_FC_PVT_RN(1.0),N_A,EAR_FC_EG,AFY,PREV_TO_PREV,2016,2015,0,2016-03-31,INR,1072475000000
RBI:EAR_EXP_FC_PVT_RN(1.0),N_A,EAR_FC_EG,AFY,PREV_YR,2016,2015,0,2016-03-31,INR,1268550000000
RBI:EAR_EXP_FC_PVT_RN(1.0),N_A,EAR_FC_OTH,AFY,CURR_YR,2016,2015,0,2016-03-31,INR,1139141000000
RBI:EAR_EXP_FC_PVT_RN(1.0),N_A,EAR_FC_OTH,AFY,PREV_TO_PREV,2016,2015,0,2016-03-31,INR,934840000000
RBI:EAR_EXP_FC_PVT_RN(1.0),N_A,EAR_FC_OTH,AFY,PREV_YR,2016,2015,0,2016-03-31,INR,1121215000000
RBI:EAR_EXP_FC_PVT_RN(1.0),N_A,EAR_FRG_CURR,AFY,CURR_YR,2016,2015,0,2016-03-31,INR,2521739000000
RBI:EAR_EXP_FC_PVT_RN(1.0),N_A,EAR_FRG_CURR,AFY,PREV_TO_PREV,2016,2015,0,2016-03-31,INR,2007315000000
RBI:EAR_EXP_FC_PVT_RN(1.0),N_A,EAR_FRG_CURR,AFY,PREV_YR,2016,2015,0,2016-03-31,INR,2389765000000
RBI:EAR_EXP_FC_PVT_RN(1.0),N_A,EXP_CG,AFY,CURR_YR,2016,2015,0,2016-03-31,INR,108488000000
RBI:EAR_EXP_FC_PVT_RN(1.0),N_A,EXP_CG,AFY,PREV_TO_PREV,2016,2015,0,2016-03-31,INR,107660000000
RBI:EAR_EXP_FC_PVT_RN(1.0),N_A,EXP_CG,AFY,PREV_YR,2016,2015,0,2016-03-31,INR,133243000000
RBI:EAR_EXP_FC_PVT_RN(1.0),N_A,EXP_CSP,AFY,CURR_YR,2016,2015,0,2016-03-31,INR,114756000000
RBI:EAR_EXP_FC_PVT_RN(1.0),N_A,EXP_CSP,AFY,PREV_TO_PREV,2016,2015,0,2016-03-31,INR,154803000000
RBI:EAR_EXP_FC_PVT_RN(1.0),N_A,EXP_CSP,AFY,PREV_YR,2016,2015,0,2016-03-31,INR,276297000000
RBI:EAR_EXP_FC_PVT_RN(1.0),N_A,EXP_FRG_CURR,AFY,CURR_YR,2016,2015,0,2016-03-31,INR,2740435000000
RBI:EAR_EXP_FC_PVT_RN(1.0),N_A,EXP_FRG_CURR,AFY,PREV_TO_PREV,2016,2015,0,2016-03-31,INR,2675667000000
RBI:EAR_EXP_FC_PVT_RN(1.0),N_A,EXP_FRG_CURR,AFY,PREV_YR,2016,2015,0,2016-03-31,INR,3228474000000
RBI:EAR_EXP_FC_PVT_RN(1.0),N_A,EXP_OEFC,AFY,CURR_YR,2016,2015,0,2016-03-31,INR,1578693000000
RBI:EAR_EXP_FC_PVT_RN(1.0),N_A,EXP_OEFC,AFY,PREV_TO_PREV,2016,2015,0,2016-03-31,INR,1523008000000
RBI:EAR_EXP_FC_PVT_RN(1.0),N_A,EXP_OEFC,AFY,PREV_YR,2016,2015,0,2016-03-31,INR,1865601000000
RBI:EAR_EXP_FC_PVT_RN(1.0),N_A,EXP_RM,AFY,CURR_YR,2016,2015,0,2016-03-31,INR,938497000000
RBI:EAR_EXP_FC_PVT_RN(1.0),N_A,EXP_RM,AFY,PREV_TO_PREV,2016,2015,0,2016-03-31,INR,890196000000
RBI:EAR_EXP_FC_PVT_RN(1.0),N_A,EXP_RM,AFY,PREV_YR,2016,2015,0,2016-03-31,INR,953334000000
RBI:EAR_EXP_FC_PVT_RN(1.0),N_A,EXP_VAL_IMP,AFY,CURR_YR,2016,2015,0,2016-03-31,INR,1161742000000
RBI:EAR_EXP_FC_PVT_RN(1.0),N_A,EXP_VAL_IMP,AFY,PREV_TO_PREV,2016,2015,0,2016-03-31,INR,1152659000000
RBI:EAR_EXP_FC_PVT_RN(1.0),N_A,EXP_VAL_IMP,AFY,PREV_YR,2016,2015,0,2016-03-31,INR,1362873000000
RBI:EAR_EXP_FC_PVT_RN(1.0),N_A,EXP_VAL_IMP_OTH,AFY,CURR_YR,2016,2015,0,2016-03-31,INR,1000000.0
RBI:EAR_EXP_FC_PVT_RN(1.0),N_A,EXP_VAL_IMP_OTH,AFY,PREV_TO_PREV,2016,2015,0,2016-03-31,INR,0.0
RBI:EAR_EXP_FC_PVT_RN(1.0),N_A,EXP_VAL_IMP_OTH,AFY,PREV_YR,2016,2015,0,2016-03-31,INR,-1000000.0
RBI:EAR_EXP_FC_PVT_RN(1.0),N_A,NET_INF_OF_FC,AFY,CURR_YR,2016,2015,0,2016-03-31,INR,-218696000000
RBI:EAR_EXP_FC_PVT_RN(1.0),N_A,NET_INF_OF_FC,AFY,PREV_TO_PREV,2016,2015,0,2016-03-31,INR,-668352000000
RBI:EAR_EXP_FC_PVT_RN(1.0),N_A,NET_INF_OF_FC,AFY,PREV_YR,2016,2015,0,2016-03-31,INR,-838709000000
RBI:EAR_EXP_FC_PVT_RN(1.0),N_A,EAR_FC_EG,AFY,CURR_YR,2017,2016,0,2017-03-31,INR,1155659000000
RBI:EAR_EXP_FC_PVT_RN(1.0),N_A,EAR_FC_EG,AFY,PREV_TO_PREV,2017,2016,0,2017-03-31,INR,1773319000000
RBI:EAR_EXP_FC_PVT_RN(1.0),N_A,EAR_FC_EG,AFY,PREV_YR,2017,2016,0,2017-03-31,INR,1096484000000
RBI:EAR_EXP_FC_PVT_RN(1.0),N_A,EAR_FC_OTH,AFY,CURR_YR,2017,2016,0,2017-03-31,INR,729663000000
RBI:EAR_EXP_FC_PVT_RN(1.0),N_A,EAR_FC_OTH,AFY,PREV_TO_PREV,2017,2016,0,2017-03-31,INR,532466000000
RBI:EAR_EXP_FC_PVT_RN(1.0),N_A,EAR_FC_OTH,AFY,PREV_YR,2017,2016,0,2017-03-31,INR,716722000000
RBI:EAR_EXP_FC_PVT_RN(1.0),N_A,EAR_FRG_CURR,AFY,CURR_YR,2017,2016,0,2017-03-31,INR,1885322000000
RBI:EAR_EXP_FC_PVT_RN(1.0),N_A,EAR_FRG_CURR,AFY,PREV_TO_PREV,2017,2016,0,2017-03-31,INR,2305785000000
RBI:EAR_EXP_FC_PVT_RN(1.0),N_A,EAR_FRG_CURR,AFY,PREV_YR,2017,2016,0,2017-03-31,INR,1813206000000
RBI:EAR_EXP_FC_PVT_RN(1.0),N_A,EXP_CG,AFY,CURR_YR,2017,2016,0,2017-03-31,INR,101649000000
RBI:EAR_EXP_FC_PVT_RN(1.0),N_A,EXP_CG,AFY,PREV_TO_PREV,2017,2016,0,2017-03-31,INR,55301000000
RBI:EAR_EXP_FC_PVT_RN(1.0),N_A,EXP_CG,AFY,PREV_YR,2017,2016,0,2017-03-31,INR,116159000000
RBI:EAR_EXP_FC_PVT_RN(1.0),N_A,EXP_CSP,AFY,CURR_YR,2017,2016,0,2017-03-31,INR,150439000000
RBI:EAR_EXP_FC_PVT_RN(1.0),N_A,EXP_CSP,AFY,PREV_TO_PREV,2017,2016,0,2017-03-31,INR,181816000000
RBI:EAR_EXP_FC_PVT_RN(1.0),N_A,EXP_CSP,AFY,PREV_YR,2017,2016,0,2017-03-31,INR,169592000000
RBI:EAR_EXP_FC_PVT_RN(1.0),N_A,EXP_FRG_CURR,AFY,CURR_YR,2017,2016,0,2017-03-31,INR,3136279000000
RBI:EAR_EXP_FC_PVT_RN(1.0),N_A,EXP_FRG_CURR,AFY,PREV_TO_PREV,2017,2016,0,2017-03-31,INR,1994338000000
RBI:EAR_EXP_FC_PVT_RN(1.0),N_A,EXP_FRG_CURR,AFY,PREV_YR,2017,2016,0,2017-03-31,INR,2935461000000
RBI:EAR_EXP_FC_PVT_RN(1.0),N_A,EXP_OEFC,AFY,CURR_YR,2017,2016,0,2017-03-31,INR,1809196000000
RBI:EAR_EXP_FC_PVT_RN(1.0),N_A,EXP_OEFC,AFY,PREV_TO_PREV,2017,2016,0,2017-03-31,INR,1101409000000
RBI:EAR_EXP_FC_PVT_RN(1.0),N_A,EXP_OEFC,AFY,PREV_YR,2017,2016,0,2017-03-31,INR,1666618000000
RBI:EAR_EXP_FC_PVT_RN(1.0),N_A,EXP_RM,AFY,CURR_YR,2017,2016,0,2017-03-31,INR,1074995000000
RBI:EAR_EXP_FC_PVT_RN(1.0),N_A,EXP_RM,AFY,PREV_TO_PREV,2017,2016,0,2017-03-31,INR,655811000000
RBI:EAR_EXP_FC_PVT_RN(1.0),N_A,EXP_RM,AFY,PREV_YR,2017,2016,0,2017-03-31,INR,983091000000
RBI:EAR_EXP_FC_PVT_RN(1.0),N_A,EXP_VAL_IMP,AFY,CURR_YR,2017,2016,0,2017-03-31,INR,1327084000000
RBI:EAR_EXP_FC_PVT_RN(1.0),N_A,EXP_VAL_IMP,AFY,PREV_TO_PREV,2017,2016,0,2017-03-31,INR,892928000000
RBI:EAR_EXP_FC_PVT_RN(1.0),N_A,EXP_VAL_IMP,AFY,PREV_YR,2017,2016,0,2017-03-31,INR,1268842000000
RBI:EAR_EXP_FC_PVT_RN(1.0),N_A,EXP_VAL_IMP_OTH,AFY,CURR_YR,2017,2016,0,2017-03-31,INR,1000000.0
RBI:EAR_EXP_FC_PVT_RN(1.0),N_A,EXP_VAL_IMP_OTH,AFY,PREV_TO_PREV,2017,2016,0,2017-03-31,INR,0.0
RBI:EAR_EXP_FC_PVT_RN(1.0),N_A,EXP_VAL_IMP_OTH,AFY,PREV_YR,2017,2016,0,2017-03-31,INR,0.0
RBI:EAR_EXP_FC_PVT_RN(1.0),N_A,NET_INF_OF_FC,AFY,CURR_YR,2017,2016,0,2017-03-31,INR,-1250957000000
RBI:EAR_EXP_FC_PVT_RN(1.0),N_A,NET_INF_OF_FC,AFY,PREV_TO_PREV,2017,2016,0,2017-03-31,INR,311448000000
RBI:EAR_EXP_FC_PVT_RN(1.0),N_A,NET_INF_OF_FC,AFY,PREV_YR,2017,2016,0,2017-03-31,INR,-1122255000000
RBI:EAR_EXP_FC_PVT_RN(1.0),N_A,EAR_FC_EG,AFY,CURR_YR,2018,2017,0,2018-03-31,INR,541906000000
RBI:EAR_EXP_FC_PVT_RN(1.0),N_A,EAR_FC_EG,AFY,PREV_TO_PREV,2018,2017,0,2018-03-31,INR,576407000000
RBI:EAR_EXP_FC_PVT_RN(1.0),N_A,EAR_FC_EG,AFY,PREV_YR,2018,2017,0,2018-03-31,INR,543872000000
RBI:EAR_EXP_FC_PVT_RN(1.0),N_A,EAR_FC_OTH,AFY,CURR_YR,2018,2017,0,2018-03-31,INR,464320000000
RBI:EAR_EXP_FC_PVT_RN(1.0),N_A,EAR_FC_OTH,AFY,PREV_TO_PREV,2018,2017,0,2018-03-31,INR,379058000000
RBI:EAR_EXP_FC_PVT_RN(1.0),N_A,EAR_FC_OTH,AFY,PREV_YR,2018,2017,0,2018-03-31,INR,414534000000
RBI:EAR_EXP_FC_PVT_RN(1.0),N_A,EAR_FRG_CURR,AFY,CURR_YR,2018,2017,0,2018-03-31,INR,1006226000000
RBI:EAR_EXP_FC_PVT_RN(1.0),N_A,EAR_FRG_CURR,AFY,PREV_TO_PREV,2018,2017,0,2018-03-31,INR,955465000000
RBI:EAR_EXP_FC_PVT_RN(1.0),N_A,EAR_FRG_CURR,AFY,PREV_YR,2018,2017,0,2018-03-31,INR,958406000000
RBI:EAR_EXP_FC_PVT_RN(1.0),N_A,EXP_CG,AFY,CURR_YR,2018,2017,0,2018-03-31,INR,62040000000
RBI:EAR_EXP_FC_PVT_RN(1.0),N_A,EXP_CG,AFY,PREV_TO_PREV,2018,2017,0,2018-03-31,INR,42144000000
RBI:EAR_EXP_FC_PVT_RN(1.0),N_A,EXP_CG,AFY,PREV_YR,2018,2017,0,2018-03-31,INR,48571000000
RBI:EAR_EXP_FC_PVT_RN(1.0),N_A,EXP_CSP,AFY,CURR_YR,2018,2017,0,2018-03-31,INR,89125000000
RBI:EAR_EXP_FC_PVT_RN(1.0),N_A,EXP_CSP,AFY,PREV_TO_PREV,2018,2017,0,2018-03-31,INR,78565000000
RBI:EAR_EXP_FC_PVT_RN(1.0),N_A,EXP_CSP,AFY,PREV_YR,2018,2017,0,2018-03-31,INR,83750000000
RBI:EAR_EXP_FC_PVT_RN(1.0),N_A,EXP_FRG_CURR,AFY,CURR_YR,2018,2017,0,2018-03-31,INR,2075357000000
RBI:EAR_EXP_FC_PVT_RN(1.0),N_A,EXP_FRG_CURR,AFY,PREV_TO_PREV,2018,2017,0,2018-03-31,INR,1735910000000
RBI:EAR_EXP_FC_PVT_RN(1.0),N_A,EXP_FRG_CURR,AFY,PREV_YR,2018,2017,0,2018-03-31,INR,1884958000000
RBI:EAR_EXP_FC_PVT_RN(1.0),N_A,EXP_OEFC,AFY,CURR_YR,2018,2017,0,2018-03-31,INR,1199457000000
RBI:EAR_EXP_FC_PVT_RN(1.0),N_A,EXP_OEFC,AFY,PREV_TO_PREV,2018,2017,0,2018-03-31,INR,985756000000
RBI:EAR_EXP_FC_PVT_RN(1.0),N_A,EXP_OEFC,AFY,PREV_YR,2018,2017,0,2018-03-31,INR,1068646000000
RBI:EAR_EXP_FC_PVT_RN(1.0),N_A,EXP_RM,AFY,CURR_YR,2018,2017,0,2018-03-31,INR,724735000000
RBI:EAR_EXP_FC_PVT_RN(1.0),N_A,EXP_RM,AFY,PREV_TO_PREV,2018,2017,0,2018-03-31,INR,629445000000
RBI:EAR_EXP_FC_PVT_RN(1.0),N_A,EXP_RM,AFY,PREV_YR,2018,2017,0,2018-03-31,INR,683991000000
RBI:EAR_EXP_FC_PVT_RN(1.0),N_A,EXP_VAL_IMP,AFY,CURR_YR,2018,2017,0,2018-03-31,INR,875901000000
RBI:EAR_EXP_FC_PVT_RN(1.0),N_A,EXP_VAL_IMP,AFY,PREV_TO_PREV,2018,2017,0,2018-03-31,INR,750155000000
RBI:EAR_EXP_FC_PVT_RN(1.0),N_A,EXP_VAL_IMP,AFY,PREV_YR,2018,2017,0,2018-03-31,INR,816312000000
RBI:EAR_EXP_FC_PVT_RN(1.0),N_A,EXP_VAL_IMP_OTH,AFY,CURR_YR,2018,2017,0,2018-03-31,INR,1000000.0
RBI:EAR_EXP_FC_PVT_RN(1.0),N_A,EXP_VAL_IMP_OTH,AFY,PREV_TO_PREV,2018,2017,0,2018-03-31,INR,1000000.0
RBI:EAR_EXP_FC_PVT_RN(1.0),N_A,EXP_VAL_IMP_OTH,AFY,PREV_YR,2018,2017,0,2018-03-31,INR,0.0
RBI:EAR_EXP_FC_PVT_RN(1.0),N_A,NET_INF_OF_FC,AFY,CURR_YR,2018,2017,0,2018-03-31,INR,-1069131000000
RBI:EAR_EXP_FC_PVT_RN(1.0),N_A,NET_INF_OF_FC,AFY,PREV_TO_PREV,2018,2017,0,2018-03-31,INR,-780445000000
RBI:EAR_EXP_FC_PVT_RN(1.0),N_A,NET_INF_OF_FC,AFY,PREV_YR,2018,2017,0,2018-03-31,INR,-926552000000
RBI:EAR_EXP_FC_PVT_RN(1.0),N_A,EAR_FC_EG,AFY,CURR_YR,2019,2018,0,2019-03-31,INR,1051860000000
RBI:EAR_EXP_FC_PVT_RN(1.0),N_A,EAR_FC_EG,AFY,PREV_TO_PREV,2019,2018,0,2019-03-31,INR,1161710000000
RBI:EAR_EXP_FC_PVT_RN(1.0),N_A,EAR_FC_EG,AFY,PREV_YR,2019,2018,0,2019-03-31,INR,853450000000
RBI:EAR_EXP_FC_PVT_RN(1.0),N_A,EAR_FC_OTH,AFY,CURR_YR,2019,2018,0,2019-03-31,INR,1313870000000
RBI:EAR_EXP_FC_PVT_RN(1.0),N_A,EAR_FC_OTH,AFY,PREV_TO_PREV,2019,2018,0,2019-03-31,INR,1298230000000
RBI:EAR_EXP_FC_PVT_RN(1.0),N_A,EAR_FC_OTH,AFY,PREV_YR,2019,2018,0,2019-03-31,INR,1234170000000
RBI:EAR_EXP_FC_PVT_RN(1.0),N_A,EAR_FRG_CURR,AFY,CURR_YR,2019,2018,0,2019-03-31,INR,2365730000000
RBI:EAR_EXP_FC_PVT_RN(1.0),N_A,EAR_FRG_CURR,AFY,PREV_TO_PREV,2019,2018,0,2019-03-31,INR,2459940000000
RBI:EAR_EXP_FC_PVT_RN(1.0),N_A,EAR_FRG_CURR,AFY,PREV_YR,2019,2018,0,2019-03-31,INR,2087620000000
RBI:EAR_EXP_FC_PVT_RN(1.0),N_A,EXP_CG,AFY,CURR_YR,2019,2018,0,2019-03-31,INR,105810000000
RBI:EAR_EXP_FC_PVT_RN(1.0),N_A,EXP_CG,AFY,PREV_TO_PREV,2019,2018,0,2019-03-31,INR,114060000000
RBI:EAR_EXP_FC_PVT_RN(1.0),N_A,EXP_CG,AFY,PREV_YR,2019,2018,0,2019-03-31,INR,98340000000
RBI:EAR_EXP_FC_PVT_RN(1.0),N_A,EXP_CSP,AFY,CURR_YR,2019,2018,0,2019-03-31,INR,191920000000
RBI:EAR_EXP_FC_PVT_RN(1.0),N_A,EXP_CSP,AFY,PREV_TO_PREV,2019,2018,0,2019-03-31,INR,184180000000
RBI:EAR_EXP_FC_PVT_RN(1.0),N_A,EXP_CSP,AFY,PREV_YR,2019,2018,0,2019-03-31,INR,156210000000
RBI:EAR_EXP_FC_PVT_RN(1.0),N_A,EXP_FRG_CURR,AFY,CURR_YR,2019,2018,0,2019-03-31,INR,4178680000000
RBI:EAR_EXP_FC_PVT_RN(1.0),N_A,EXP_FRG_CURR,AFY,PREV_TO_PREV,2019,2018,0,2019-03-31,INR,3407510000000
RBI:EAR_EXP_FC_PVT_RN(1.0),N_A,EXP_FRG_CURR,AFY,PREV_YR,2019,2018,0,2019-03-31,INR,3709010000000
RBI:EAR_EXP_FC_PVT_RN(1.0),N_A,EXP_OEFC,AFY,CURR_YR,2019,2018,0,2019-03-31,INR,2990210000000
RBI:EAR_EXP_FC_PVT_RN(1.0),N_A,EXP_OEFC,AFY,PREV_TO_PREV,2019,2018,0,2019-03-31,INR,2307330000000
RBI:EAR_EXP_FC_PVT_RN(1.0),N_A,EXP_OEFC,AFY,PREV_YR,2019,2018,0,2019-03-31,INR,2665090000000
RBI:EAR_EXP_FC_PVT_RN(1.0),N_A,EXP_RM,AFY,CURR_YR,2019,2018,0,2019-03-31,INR,890740000000
RBI:EAR_EXP_FC_PVT_RN(1.0),N_A,EXP_RM,AFY,PREV_TO_PREV,2019,2018,0,2019-03-31,INR,801930000000
RBI:EAR_EXP_FC_PVT_RN(1.0),N_A,EXP_RM,AFY,PREV_YR,2019,2018,0,2019-03-31,INR,789370000000
RBI:EAR_EXP_FC_PVT_RN(1.0),N_A,EXP_VAL_IMP,AFY,CURR_YR,2019,2018,0,2019-03-31,INR,1188470000000
RBI:EAR_EXP_FC_PVT_RN(1.0),N_A,EXP_VAL_IMP,AFY,PREV_TO_PREV,2019,2018,0,2019-03-31,INR,1100170000000
RBI:EAR_EXP_FC_PVT_RN(1.0),N_A,EXP_VAL_IMP,AFY,PREV_YR,2019,2018,0,2019-03-31,INR,1043920000000
RBI:EAR_EXP_FC_PVT_RN(1.0),N_A,EXP_VAL_IMP_OTH,AFY,CURR_YR,2019,2018,0,2019-03-31,INR,0.0
RBI:EAR_EXP_FC_PVT_RN(1.0),N_A,EXP_VAL_IMP_OTH,AFY,PREV_TO_PREV,2019,2018,0,2019-03-31,INR,0.0
RBI:EAR_EXP_FC_PVT_RN(1.0),N_A,EXP_VAL_IMP_OTH,AFY,PREV_YR,2019,2018,0,2019-03-31,INR,0.0
RBI:EAR_EXP_FC_PVT_RN(1.0),N_A,NET_INF_OF_FC,AFY,CURR_YR,2019,2018,0,2019-03-31,INR,-1812950000000
RBI:EAR_EXP_FC_PVT_RN(1.0),N_A,NET_INF_OF_FC,AFY,PREV_TO_PREV,2019,2018,0,2019-03-31,INR,-947570000000
RBI:EAR_EXP_FC_PVT_RN(1.0),N_A,NET_INF_OF_FC,AFY,PREV_YR,2019,2018,0,2019-03-31,INR,-1621400000000
